行权价,上涨触发%,下跌触发%,平仓时间,累计盈亏$,交易天数,日均盈亏$
±3,3.25,1.25,14:00,1239.0,50,24.78
±3,2.0,1.25,13:30,1201.0,50,24.02
±3,3.0,1.25,14:00,1174.0,50,23.48
±3,2.0,1.25,13:00,1144.0,50,22.88
±3,2.0,1.25,14:00,1099.0,50,21.98
±3,3.0,1.25,13:30,1096.0,50,21.92
±4,2.0,1.25,13:00,1093.0,50,21.86
±3,2.75,1.25,14:00,1076.0,50,21.52
±3,3.25,1.25,13:30,1068.0,50,21.36
±3,4.75,1.25,14:00,1009.0,50,20.18
±3,4.0,1.25,14:00,1009.0,50,20.18
±3,5.0,1.25,14:00,1009.0,50,20.18
±3,3.75,1.25,14:00,1009.0,50,20.18
±3,3.5,1.25,14:00,1009.0,50,20.18
±3,4.25,1.25,14:00,1009.0,50,20.18
±3,4.5,1.25,14:00,1009.0,50,20.18
±4,2.75,1.25,13:00,1000.0,50,20.0
±3,2.75,1.25,13:30,998.0,50,19.96
±3,1.75,1.25,13:30,997.0,50,19.94
±3,2.75,1.25,13:00,982.0,50,19.64
±3,3.0,1.25,13:00,943.0,50,18.86
±3,3.25,1.25,13:00,943.0,50,18.86
±4,2.75,1.25,14:00,939.0,50,18.78
±3,1.75,1.25,14:00,928.0,50,18.56
±4,3.25,1.25,14:00,923.0,50,18.46
±4,2.0,1.25,13:30,923.0,50,18.46
±4,3.25,1.25,13:30,905.0,50,18.1
±4,2.0,1.25,14:00,902.0,50,18.04
±4,3.0,1.25,14:00,901.0,50,18.02
±3,1.75,1.25,13:00,899.0,50,17.98
±4,3.25,1.25,13:00,878.0,50,17.56
±4,3.0,1.25,13:00,878.0,50,17.56
±3,2.5,1.25,14:00,875.0,50,17.5
±3,4.5,1.25,13:00,860.0,50,17.2
±3,3.5,1.25,13:00,860.0,50,17.2
±3,5.0,1.25,13:00,860.0,50,17.2
±3,4.0,1.25,13:00,860.0,50,17.2
±3,4.25,1.25,13:00,860.0,50,17.2
±3,4.75,1.25,13:00,860.0,50,17.2
±3,3.75,1.25,13:00,860.0,50,17.2
±3,3.75,1.25,13:30,837.0,50,16.74
±3,4.75,1.25,13:30,837.0,50,16.74
±3,3.5,1.25,13:30,837.0,50,16.74
±3,4.25,1.25,13:30,837.0,50,16.74
±3,5.0,1.25,13:30,837.0,50,16.74
±3,4.5,1.25,13:30,837.0,50,16.74
±3,4.0,1.25,13:30,837.0,50,16.74
±4,1.75,1.25,13:00,827.0,50,16.54
±3,2.5,1.25,13:30,797.0,50,15.94
±4,2.0,0.5,13:00,794.0,50,15.88
±4,2.75,1.25,13:30,789.0,50,15.78
±4,4.25,1.25,13:00,784.0,50,15.68
±4,4.0,1.25,13:00,784.0,50,15.68
±4,5.0,1.25,13:00,784.0,50,15.68
±4,4.75,1.25,13:00,784.0,50,15.68
±4,3.75,1.25,13:00,784.0,50,15.68
±4,3.5,1.25,13:00,784.0,50,15.68
±4,4.5,1.25,13:00,784.0,50,15.68
±3,2.5,1.25,13:00,781.0,50,15.62
±4,1.75,1.25,14:00,780.0,50,15.6
±4,2.0,0.75,13:00,764.0,50,15.28
±3,2.0,0.75,13:30,752.0,50,15.04
±4,3.0,1.25,13:30,751.0,50,15.02
±4,1.75,1.25,13:30,739.0,50,14.78
±3,3.25,0.5,14:00,737.0,50,14.74
±3,2.0,0.5,13:30,733.0,50,14.66
±3,3.25,0.75,14:00,731.0,50,14.62
±3,2.0,0.5,13:00,719.0,50,14.38
±3,2.0,0.75,13:00,713.0,50,14.26
±3,2.0,1.25,10:30,713.0,50,14.26
±3,2.0,1.0,13:00,710.0,50,14.2
±4,2.75,0.5,13:00,701.0,50,14.02
±4,4.0,1.25,14:00,694.0,50,13.88
±4,4.25,1.25,14:00,694.0,50,13.88
±4,4.5,1.25,14:00,694.0,50,13.88
±4,3.5,1.25,14:00,694.0,50,13.88
±4,5.0,1.25,14:00,694.0,50,13.88
±4,3.75,1.25,14:00,694.0,50,13.88
±4,4.75,1.25,14:00,694.0,50,13.88
±4,2.0,1.0,13:00,689.0,50,13.78
±3,2.25,1.25,14:00,679.0,50,13.58
±3,3.0,0.5,14:00,672.0,50,13.44
±4,2.75,0.75,13:00,671.0,50,13.42
±3,3.0,0.75,14:00,666.0,50,13.32
±3,2.75,1.25,10:30,657.0,50,13.14
±3,3.0,1.25,10:30,657.0,50,13.14
±3,2.25,1.25,10:30,657.0,50,13.14
±3,3.25,1.25,10:30,657.0,50,13.14
±3,2.5,1.25,10:30,657.0,50,13.14
±3,2.0,1.0,13:30,653.0,50,13.06
±3,3.0,0.75,13:30,647.0,50,12.94
±4,4.25,1.25,13:30,635.0,50,12.7
±4,3.75,1.25,13:30,635.0,50,12.7
±4,5.0,1.25,13:30,635.0,50,12.7
±4,3.5,1.25,13:30,635.0,50,12.7
±4,4.5,1.25,13:30,635.0,50,12.7
±4,4.0,1.25,13:30,635.0,50,12.7
±3,1.75,1.25,11:00,635.0,50,12.7
±4,4.75,1.25,13:30,635.0,50,12.7
±4,2.0,1.25,10:30,634.0,50,12.68
±3,3.25,1.0,14:00,633.0,50,12.66
±4,2.5,1.25,13:00,632.0,50,12.64
±4,2.25,1.25,13:00,632.0,50,12.64
±3,3.0,0.5,13:30,628.0,50,12.56
±3,3.25,0.75,13:30,619.0,50,12.38
±3,2.0,2.0,10:30,615.0,50,12.3
±4,3.0,1.25,10:30,609.0,50,12.18
±4,3.25,1.25,10:30,609.0,50,12.18
±4,2.5,1.25,10:30,609.0,50,12.18
±4,2.25,1.25,10:30,609.0,50,12.18
±4,2.75,1.25,10:30,609.0,50,12.18
±3,2.25,1.25,13:30,601.0,50,12.02
±3,3.25,0.5,13:30,600.0,50,12.0
±3,2.0,0.5,14:00,597.0,50,11.94
±4,2.75,1.0,13:00,596.0,50,11.92
±3,2.0,0.75,14:00,591.0,50,11.82
±4,2.0,0.5,13:30,588.0,50,11.76
±3,2.25,1.25,13:00,585.0,50,11.7
±4,3.0,0.5,13:00,579.0,50,11.58
±4,3.25,0.5,13:00,579.0,50,11.58
±4,2.0,0.75,13:30,576.0,50,11.52
±3,2.75,0.5,14:00,574.0,50,11.48
±4,2.5,1.25,14:00,571.0,50,11.42
±4,2.25,1.25,14:00,571.0,50,11.42
±4,3.25,0.5,13:30,570.0,50,11.4
±3,3.0,1.0,14:00,568.0,50,11.36
±3,2.75,0.75,14:00,568.0,50,11.36
±4,2.75,0.5,14:00,564.0,50,11.28
±3,3.25,2.0,10:30,559.0,50,11.18
±3,2.75,2.0,10:30,559.0,50,11.18
±3,3.0,2.0,10:30,559.0,50,11.18
±3,2.5,2.0,10:30,559.0,50,11.18
±3,2.25,2.0,10:30,559.0,50,11.18
±4,3.25,0.75,13:30,558.0,50,11.16
±3,2.75,0.5,13:00,557.0,50,11.14
±3,1.75,1.25,10:30,555.0,50,11.1
±3,2.75,0.75,13:00,551.0,50,11.02
±4,3.0,0.75,13:00,549.0,50,10.98
±3,2.75,0.75,13:30,549.0,50,10.98
±4,3.25,0.75,13:00,549.0,50,10.98
±3,1.75,0.75,13:30,548.0,50,10.96
±4,3.25,0.5,14:00,548.0,50,10.96
±3,3.0,1.0,13:30,548.0,50,10.96
±3,2.75,1.0,13:00,548.0,50,10.96
±4,1.75,1.25,11:00,541.0,50,10.82
±3,2.75,0.5,13:30,530.0,50,10.6
±3,1.75,0.5,13:30,529.0,50,10.58
±4,1.75,0.5,13:00,528.0,50,10.56
±4,2.0,0.5,14:00,527.0,50,10.54
±4,3.0,0.5,14:00,526.0,50,10.52
±3,3.25,1.0,13:30,520.0,50,10.4
±4,2.75,0.75,14:00,519.0,50,10.38
±3,3.0,0.5,13:00,518.0,50,10.36
±3,3.25,0.5,13:00,518.0,50,10.36
±3,3.25,0.75,13:00,512.0,50,10.24
±3,3.0,0.75,13:00,512.0,50,10.24
±3,3.25,1.0,13:00,509.0,50,10.18
±3,3.0,1.0,13:00,509.0,50,10.18
±3,4.25,0.5,14:00,507.0,50,10.14
±3,5.0,0.5,14:00,507.0,50,10.14
±3,4.0,0.5,14:00,507.0,50,10.14
±3,4.5,0.5,14:00,507.0,50,10.14
±3,4.75,0.5,14:00,507.0,50,10.14
±3,3.75,0.5,14:00,507.0,50,10.14
±3,3.5,0.5,14:00,507.0,50,10.14
±4,3.25,0.75,14:00,503.0,50,10.06
±3,2.0,1.0,10:30,502.0,50,10.04
±3,3.5,0.75,14:00,501.0,50,10.02
±3,3.75,0.75,14:00,501.0,50,10.02
±3,4.0,0.75,14:00,501.0,50,10.02
±3,4.5,0.75,14:00,501.0,50,10.02
±3,4.75,0.75,14:00,501.0,50,10.02
±3,4.25,0.75,14:00,501.0,50,10.02
±3,5.0,0.75,14:00,501.0,50,10.02
±4,2.0,0.75,10:30,501.0,50,10.02
±3,2.0,0.75,10:30,500.0,50,10.0
±3,1.75,0.5,11:00,499.0,50,9.98
±4,1.75,0.75,13:00,498.0,50,9.96
±4,2.0,2.0,10:30,497.0,50,9.94
±3,2.0,1.0,14:00,493.0,50,9.86
±4,1.75,1.25,10:30,488.0,50,9.76
±4,4.25,0.5,13:00,485.0,50,9.7
±3,2.0,1.25,11:00,485.0,50,9.7
±4,4.5,0.5,13:00,485.0,50,9.7
±4,3.5,0.5,13:00,485.0,50,9.7
±4,4.0,0.5,13:00,485.0,50,9.7
±4,4.75,0.5,13:00,485.0,50,9.7
±4,5.0,0.5,13:00,485.0,50,9.7
±4,3.75,0.5,13:00,485.0,50,9.7
±3,2.0,1.25,12:30,482.0,50,9.64
±4,2.0,0.75,14:00,482.0,50,9.64
±4,3.0,0.75,14:00,481.0,50,9.62
±4,2.75,0.75,10:30,476.0,50,9.52
±4,3.25,0.75,10:30,476.0,50,9.52
±4,2.25,0.75,10:30,476.0,50,9.52
±4,2.5,0.75,10:30,476.0,50,9.52
±4,3.0,0.75,10:30,476.0,50,9.52
±4,3.0,1.0,13:00,474.0,50,9.48
±4,3.25,1.0,13:00,474.0,50,9.48
±3,1.75,0.5,13:00,474.0,50,9.48
±4,2.75,2.0,10:30,472.0,50,9.44
±4,3.25,2.0,10:30,472.0,50,9.44
±4,3.0,2.0,10:30,472.0,50,9.44
±4,2.25,2.0,10:30,472.0,50,9.44
±4,2.5,2.0,10:30,472.0,50,9.44
±3,2.75,1.0,14:00,470.0,50,9.4
±3,1.75,0.75,13:00,468.0,50,9.36
±3,1.5,1.25,13:30,465.0,50,9.3
±3,1.75,1.0,13:00,465.0,50,9.3
±4,1.75,0.5,11:00,464.0,50,9.28
±3,1.75,2.0,10:30,457.0,50,9.14
±4,4.5,0.75,13:00,455.0,50,9.1
±3,2.0,1.5,13:30,455.0,50,9.1
±4,4.25,0.75,13:00,455.0,50,9.1
±4,3.5,0.75,13:00,455.0,50,9.1
±4,4.75,0.75,13:00,455.0,50,9.1
±4,5.0,0.75,13:00,455.0,50,9.1
±4,3.75,0.75,13:00,455.0,50,9.1
±4,4.0,0.75,13:00,455.0,50,9.1
±4,2.75,0.5,13:30,454.0,50,9.08
±3,2.75,1.0,13:30,450.0,50,9.0
±4,2.0,0.5,12:30,449.0,50,8.98
±3,1.75,1.0,13:30,449.0,50,8.98
±3,2.25,1.0,10:30,446.0,50,8.92
±3,1.5,1.25,11:00,446.0,50,8.92
±3,2.75,1.0,10:30,446.0,50,8.92
±3,3.0,1.0,10:30,446.0,50,8.92
±3,2.5,1.0,10:30,446.0,50,8.92
±3,3.25,1.0,10:30,446.0,50,8.92
±3,2.75,0.75,10:30,444.0,50,8.88
±3,3.0,0.75,10:30,444.0,50,8.88
±3,3.25,0.75,10:30,444.0,50,8.88
±3,2.5,0.75,10:30,444.0,50,8.88
±3,2.25,0.75,10:30,444.0,50,8.88
±4,2.0,1.25,12:30,442.0,50,8.84
±4,2.75,0.75,13:30,442.0,50,8.84
±4,2.0,1.0,10:30,438.0,50,8.76
±3,4.5,0.5,13:00,435.0,50,8.7
±3,4.0,0.5,13:00,435.0,50,8.7
±3,3.5,0.5,13:00,435.0,50,8.7
±3,5.0,0.5,13:00,435.0,50,8.7
±3,3.75,0.5,13:00,435.0,50,8.7
±3,4.75,0.5,13:00,435.0,50,8.7
±3,4.25,0.5,13:00,435.0,50,8.7
±4,2.0,1.0,13:30,433.0,50,8.66
±3,3.5,0.75,13:00,429.0,50,8.58
±3,4.5,0.75,13:00,429.0,50,8.58
±3,3.75,0.75,13:00,429.0,50,8.58
±3,4.75,0.75,13:00,429.0,50,8.58
±3,4.0,0.75,13:00,429.0,50,8.58
±3,5.0,0.75,13:00,429.0,50,8.58
±3,4.25,0.75,13:00,429.0,50,8.58
±3,3.5,1.0,13:00,426.0,50,8.52
±3,3.75,1.0,13:00,426.0,50,8.52
±3,4.5,1.0,13:00,426.0,50,8.52
±3,1.75,0.5,14:00,426.0,50,8.52
±3,4.75,1.0,13:00,426.0,50,8.52
±3,5.0,1.0,13:00,426.0,50,8.52
±3,4.25,1.0,13:00,426.0,50,8.52
±3,4.0,1.0,13:00,426.0,50,8.52
±4,2.0,0.5,10:30,425.0,50,8.5
±4,1.75,1.0,13:00,423.0,50,8.46
±4,2.5,1.25,13:30,421.0,50,8.42
±4,2.25,1.25,13:30,421.0,50,8.42
±3,2.0,0.5,12:30,420.0,50,8.4
±3,1.75,0.75,14:00,420.0,50,8.4
±3,1.75,1.25,12:00,420.0,50,8.4
±3,2.0,0.5,10:30,418.0,50,8.36
±4,3.0,0.5,13:30,416.0,50,8.32
±3,2.25,1.25,11:00,415.0,50,8.3
±3,2.75,1.25,11:00,415.0,50,8.3
±4,3.25,1.0,13:30,415.0,50,8.3
±3,3.0,1.25,11:00,415.0,50,8.3
±3,3.25,1.25,11:00,415.0,50,8.3
±3,2.5,1.25,11:00,415.0,50,8.3
±4,3.0,1.0,10:30,413.0,50,8.26
±4,2.75,1.0,10:30,413.0,50,8.26
±4,2.5,1.0,10:30,413.0,50,8.26
±4,2.25,1.0,10:30,413.0,50,8.26
±4,3.25,1.0,10:30,413.0,50,8.26
±4,1.75,1.25,12:00,410.0,50,8.2
±4,1.75,0.5,14:00,405.0,50,8.1
±4,1.75,0.5,13:30,404.0,50,8.08
±4,3.0,0.75,13:30,404.0,50,8.08
±3,3.75,1.0,14:00,403.0,50,8.06
±3,4.25,1.0,14:00,403.0,50,8.06
±3,4.0,1.0,14:00,403.0,50,8.06
±3,3.5,1.0,14:00,403.0,50,8.06
±3,5.0,1.0,14:00,403.0,50,8.06
±4,2.75,1.0,14:00,403.0,50,8.06
±3,4.5,1.0,14:00,403.0,50,8.06
±3,4.75,1.0,14:00,403.0,50,8.06
±4,2.25,0.5,10:30,400.0,50,8.0
±4,2.75,0.5,10:30,400.0,50,8.0
±4,3.25,0.5,10:30,400.0,50,8.0
±4,3.0,0.5,10:30,400.0,50,8.0
±3,1.5,1.25,13:00,400.0,50,8.0
±4,2.5,0.5,10:30,400.0,50,8.0
±4,1.75,0.5,12:00,399.0,50,7.98
±3,2.0,4.5,10:30,394.0,50,7.88
±3,2.0,3.25,10:30,394.0,50,7.88
±3,2.0,4.0,10:30,394.0,50,7.88
±3,2.0,3.5,10:30,394.0,50,7.88
±3,2.0,3.0,10:30,394.0,50,7.88
±3,2.0,2.75,10:30,394.0,50,7.88
±3,2.0,3.75,10:30,394.0,50,7.88
±3,2.0,4.25,10:30,394.0,50,7.88
±3,2.0,4.75,10:30,394.0,50,7.88
±3,2.0,5.0,10:30,394.0,50,7.88
±4,1.75,0.75,13:30,392.0,50,7.84
±3,3.5,0.75,13:30,388.0,50,7.76
±3,4.5,0.75,13:30,388.0,50,7.76
±3,4.0,0.75,13:30,388.0,50,7.76
±3,4.75,0.75,13:30,388.0,50,7.76
±3,4.25,0.75,13:30,388.0,50,7.76
±3,3.75,0.75,13:30,388.0,50,7.76
±3,5.0,0.75,13:30,388.0,50,7.76
±4,3.25,1.0,14:00,387.0,50,7.74
±4,2.0,1.25,11:00,386.0,50,7.72
±4,4.5,1.0,13:00,380.0,50,7.6
±4,3.75,1.0,13:00,380.0,50,7.6
±4,4.25,1.0,13:00,380.0,50,7.6
±4,4.75,1.0,13:00,380.0,50,7.6
±4,5.0,1.0,13:00,380.0,50,7.6
±4,4.0,1.0,13:00,380.0,50,7.6
±4,3.5,1.0,13:00,380.0,50,7.6
±3,1.5,1.25,10:30,378.0,50,7.56
±3,4.25,1.25,10:30,375.0,50,7.5
±3,4.0,1.25,10:30,375.0,50,7.5
±3,4.5,1.25,10:30,375.0,50,7.5
±3,4.75,1.25,10:30,375.0,50,7.5
±3,3.5,1.25,10:30,375.0,50,7.5
±3,3.75,1.25,10:30,375.0,50,7.5
±3,5.0,1.25,10:30,375.0,50,7.5
±3,2.5,0.5,14:00,373.0,50,7.46
±3,1.75,1.25,12:30,371.0,50,7.42
±3,4.5,0.5,13:30,369.0,50,7.38
±3,3.75,0.5,13:30,369.0,50,7.38
±3,4.25,0.5,13:30,369.0,50,7.38
±3,5.0,0.5,13:30,369.0,50,7.38
±3,4.0,0.5,13:30,369.0,50,7.38
±3,3.5,0.5,13:30,369.0,50,7.38
±3,4.75,0.5,13:30,369.0,50,7.38
±3,2.5,0.75,14:00,367.0,50,7.34
±4,2.0,1.0,14:00,366.0,50,7.32
±4,1.5,1.25,11:00,366.0,50,7.32
±4,3.0,1.0,14:00,365.0,50,7.3
±3,2.25,0.5,10:30,362.0,50,7.24
±3,3.25,0.5,10:30,362.0,50,7.24
±3,2.5,0.5,10:30,362.0,50,7.24
±3,2.75,0.5,10:30,362.0,50,7.24
±3,3.0,0.5,10:30,362.0,50,7.24
±4,1.75,0.75,14:00,360.0,50,7.2
±4,1.5,1.25,13:00,360.0,50,7.2
±4,3.0,1.25,11:00,358.0,50,7.16
±4,2.25,1.25,11:00,358.0,50,7.16
±4,2.75,1.25,11:00,358.0,50,7.16
±4,3.25,1.25,11:00,358.0,50,7.16
±4,2.5,1.25,11:00,358.0,50,7.16
±3,2.5,0.5,13:00,356.0,50,7.12
±4,2.0,5.0,10:30,355.0,50,7.1
±4,2.0,3.75,10:30,355.0,50,7.1
±4,2.0,3.0,10:30,355.0,50,7.1
±4,2.0,4.0,10:30,355.0,50,7.1
±4,2.0,4.5,10:30,355.0,50,7.1
±4,2.0,3.25,10:30,355.0,50,7.1
±4,2.0,3.5,10:30,355.0,50,7.1
±4,2.0,4.75,10:30,355.0,50,7.1
±4,2.0,4.25,10:30,355.0,50,7.1
±4,1.75,0.75,10:30,355.0,50,7.1
±4,2.0,2.75,10:30,355.0,50,7.1
±3,1.75,0.5,12:00,352.0,50,7.04
±4,1.75,2.0,10:30,351.0,50,7.02
±3,2.5,0.75,13:00,350.0,50,7.0
±3,3.0,1.5,13:30,350.0,50,7.0
±3,2.0,0.5,11:00,349.0,50,6.98
±3,2.5,0.75,13:30,348.0,50,6.96
±3,2.5,1.0,13:00,347.0,50,6.94
±3,1.75,1.0,10:30,344.0,50,6.88
±3,2.0,2.5,10:30,344.0,50,6.88
±3,1.75,0.75,10:30,342.0,50,6.84
±3,1.5,1.25,14:00,342.0,50,6.84
±3,2.25,3.0,10:30,338.0,50,6.76
±3,2.75,4.5,10:30,338.0,50,6.76
±3,3.25,2.75,10:30,338.0,50,6.76
±3,3.0,3.25,10:30,338.0,50,6.76
±3,3.0,3.0,10:30,338.0,50,6.76
±3,3.0,3.75,10:30,338.0,50,6.76
±3,2.75,4.25,10:30,338.0,50,6.76
±3,2.75,3.5,10:30,338.0,50,6.76
±3,2.75,4.75,10:30,338.0,50,6.76
±3,2.75,4.0,10:30,338.0,50,6.76
±3,2.75,3.75,10:30,338.0,50,6.76
±3,3.0,4.5,10:30,338.0,50,6.76
±3,3.0,5.0,10:30,338.0,50,6.76
±3,2.75,3.0,10:30,338.0,50,6.76
±3,3.25,3.0,10:30,338.0,50,6.76
±3,2.75,3.25,10:30,338.0,50,6.76
±3,3.0,2.75,10:30,338.0,50,6.76
±3,3.0,4.75,10:30,338.0,50,6.76
±3,3.0,4.25,10:30,338.0,50,6.76
±3,2.25,5.0,10:30,338.0,50,6.76
±3,2.25,4.5,10:30,338.0,50,6.76
±3,2.25,4.0,10:30,338.0,50,6.76
±3,3.25,5.0,10:30,338.0,50,6.76
±3,2.25,4.25,10:30,338.0,50,6.76
±3,2.5,4.75,10:30,338.0,50,6.76
±3,2.25,3.75,10:30,338.0,50,6.76
±3,2.25,3.25,10:30,338.0,50,6.76
±3,2.25,3.5,10:30,338.0,50,6.76
±3,3.25,4.75,10:30,338.0,50,6.76
±3,3.25,4.0,10:30,338.0,50,6.76
±3,2.75,2.75,10:30,338.0,50,6.76
±3,2.25,2.75,10:30,338.0,50,6.76
±3,3.25,3.5,10:30,338.0,50,6.76
±3,2.5,3.75,10:30,338.0,50,6.76
±4,1.75,0.5,12:30,338.0,50,6.76
±3,2.25,4.75,10:30,338.0,50,6.76
±3,3.25,3.75,10:30,338.0,50,6.76
±3,3.25,4.25,10:30,338.0,50,6.76
±3,3.25,4.5,10:30,338.0,50,6.76
±3,2.5,4.25,10:30,338.0,50,6.76
±3,2.5,3.25,10:30,338.0,50,6.76
±3,2.5,3.5,10:30,338.0,50,6.76
±3,3.25,3.25,10:30,338.0,50,6.76
±3,2.5,2.75,10:30,338.0,50,6.76
±3,2.5,4.0,10:30,338.0,50,6.76
±3,2.5,5.0,10:30,338.0,50,6.76
±3,2.5,4.5,10:30,338.0,50,6.76
±3,2.75,5.0,10:30,338.0,50,6.76
±3,2.5,3.0,10:30,338.0,50,6.76
±3,3.0,4.0,10:30,338.0,50,6.76
±3,3.0,3.5,10:30,338.0,50,6.76
±4,2.25,0.5,13:00,333.0,50,6.66
±4,2.5,0.5,13:00,333.0,50,6.66
±4,1.75,1.25,12:30,331.0,50,6.62
±4,3.25,4.5,10:30,330.0,50,6.6
±4,3.25,2.75,10:30,330.0,50,6.6
±4,3.25,3.0,10:30,330.0,50,6.6
±4,3.25,5.0,10:30,330.0,50,6.6
±4,2.75,4.0,10:30,330.0,50,6.6
±4,2.75,4.25,10:30,330.0,50,6.6
±4,2.75,4.5,10:30,330.0,50,6.6
±4,2.75,4.75,10:30,330.0,50,6.6
±4,3.25,3.75,10:30,330.0,50,6.6
±4,2.75,3.5,10:30,330.0,50,6.6
±4,2.75,3.75,10:30,330.0,50,6.6
±4,2.5,4.0,10:30,330.0,50,6.6
±4,2.5,3.75,10:30,330.0,50,6.6
±4,2.75,3.0,10:30,330.0,50,6.6
±4,2.5,3.0,10:30,330.0,50,6.6
±4,2.5,3.25,10:30,330.0,50,6.6
±4,2.75,5.0,10:30,330.0,50,6.6
±4,2.75,2.75,10:30,330.0,50,6.6
±4,2.75,3.25,10:30,330.0,50,6.6
±4,3.25,3.25,10:30,330.0,50,6.6
±4,3.25,3.5,10:30,330.0,50,6.6
±4,3.25,4.25,10:30,330.0,50,6.6
±4,3.25,4.75,10:30,330.0,50,6.6
±4,3.25,4.0,10:30,330.0,50,6.6
±4,2.25,3.5,10:30,330.0,50,6.6
±4,2.25,4.5,10:30,330.0,50,6.6
±4,2.25,4.25,10:30,330.0,50,6.6
±4,2.25,4.75,10:30,330.0,50,6.6
±4,2.25,5.0,10:30,330.0,50,6.6
±4,3.0,4.75,10:30,330.0,50,6.6
±4,3.0,4.5,10:30,330.0,50,6.6
±4,2.5,4.25,10:30,330.0,50,6.6
±4,2.5,3.5,10:30,330.0,50,6.6
±4,3.0,2.75,10:30,330.0,50,6.6
±4,3.0,3.0,10:30,330.0,50,6.6
±4,2.5,5.0,10:30,330.0,50,6.6
±4,2.5,2.75,10:30,330.0,50,6.6
±4,2.5,4.5,10:30,330.0,50,6.6
±4,2.25,3.75,10:30,330.0,50,6.6
±4,2.25,3.0,10:30,330.0,50,6.6
±4,2.25,2.75,10:30,330.0,50,6.6
±4,2.25,4.0,10:30,330.0,50,6.6
±4,2.25,3.25,10:30,330.0,50,6.6
±4,3.0,5.0,10:30,330.0,50,6.6
±4,2.5,4.75,10:30,330.0,50,6.6
±4,3.0,3.75,10:30,330.0,50,6.6
±4,3.0,3.5,10:30,330.0,50,6.6
±4,3.0,4.0,10:30,330.0,50,6.6
±4,3.0,4.25,10:30,330.0,50,6.6
±4,3.0,3.25,10:30,330.0,50,6.6
±3,2.5,0.5,13:30,329.0,50,6.58
±3,3.25,1.5,13:30,322.0,50,6.44
±3,1.75,1.0,14:00,322.0,50,6.44
±3,1.75,1.25,14:30,321.0,50,6.42
±4,1.5,1.25,10:30,320.0,50,6.4
±4,4.5,0.5,14:00,319.0,50,6.38
±4,3.5,0.5,14:00,319.0,50,6.38
±4,4.25,0.5,14:00,319.0,50,6.38
±4,4.75,0.5,14:00,319.0,50,6.38
±4,4.0,0.5,14:00,319.0,50,6.38
±4,3.75,0.5,14:00,319.0,50,6.38
±4,5.0,0.5,14:00,319.0,50,6.38
±3,2.0,1.5,13:00,318.0,50,6.36
±3,1.5,0.5,11:00,310.0,50,6.2
±3,1.75,0.5,12:30,309.0,50,6.18
±4,2.0,0.5,11:00,309.0,50,6.18
±4,2.5,0.75,13:00,303.0,50,6.06
±4,2.25,0.75,13:00,303.0,50,6.06
±4,5.0,0.5,13:30,300.0,50,6.0
±4,4.25,0.5,13:30,300.0,50,6.0
±4,3.5,0.5,13:30,300.0,50,6.0
±4,4.0,0.5,13:30,300.0,50,6.0
±4,3.75,0.5,13:30,300.0,50,6.0
±4,4.5,0.5,13:30,300.0,50,6.0
±4,4.75,0.5,13:30,300.0,50,6.0
±4,2.0,0.75,12:30,299.0,50,5.98
±4,2.75,1.0,13:30,299.0,50,5.98
±4,1.75,1.0,10:30,292.0,50,5.84
±4,5.0,1.25,10:30,292.0,50,5.84
±4,3.5,1.25,10:30,292.0,50,5.84
±4,4.0,1.25,10:30,292.0,50,5.84
±4,4.75,1.25,10:30,292.0,50,5.84
±4,4.5,1.25,10:30,292.0,50,5.84
±4,4.25,1.25,10:30,292.0,50,5.84
±4,3.75,1.25,10:30,292.0,50,5.84
±4,2.0,2.5,10:30,290.0,50,5.8
±3,5.0,1.0,13:30,289.0,50,5.78
±4,1.5,0.5,11:00,289.0,50,5.78
±3,4.25,1.0,13:30,289.0,50,5.78
±3,4.75,1.0,13:30,289.0,50,5.78
±3,4.0,1.0,13:30,289.0,50,5.78
±3,3.75,1.0,13:30,289.0,50,5.78
±3,3.5,1.0,13:30,289.0,50,5.78
±3,4.5,1.0,13:30,289.0,50,5.78
±4,4.25,0.75,13:30,288.0,50,5.76
±3,3.25,2.5,10:30,288.0,50,5.76
±3,2.75,2.5,10:30,288.0,50,5.76
±4,4.0,0.75,13:30,288.0,50,5.76
±4,4.75,0.75,13:30,288.0,50,5.76
±4,5.0,0.75,13:30,288.0,50,5.76
±3,2.5,2.5,10:30,288.0,50,5.76
±4,4.5,0.75,13:30,288.0,50,5.76
±3,2.25,2.5,10:30,288.0,50,5.76
±3,3.0,2.5,10:30,288.0,50,5.76
±4,3.5,0.75,13:30,288.0,50,5.76
±4,3.75,0.75,13:30,288.0,50,5.76
±4,1.5,1.25,14:00,284.0,50,5.68
±3,2.0,1.25,12:00,282.0,50,5.64
±4,2.25,0.5,11:00,281.0,50,5.62
±4,3.0,0.5,11:00,281.0,50,5.62
±4,2.5,0.5,11:00,281.0,50,5.62
±4,2.75,0.5,11:00,281.0,50,5.62
±4,3.25,0.5,11:00,281.0,50,5.62
±3,2.0,1.75,10:30,280.0,50,5.6
±3,1.5,2.0,10:30,280.0,50,5.6
±3,2.25,0.5,11:00,279.0,50,5.58
±4,1.75,0.5,10:30,279.0,50,5.58
±3,2.5,0.5,11:00,279.0,50,5.58
±3,3.25,0.5,11:00,279.0,50,5.58
±3,3.0,0.5,11:00,279.0,50,5.58
±3,2.75,0.5,11:00,279.0,50,5.58
±3,4.25,2.0,10:30,277.0,50,5.54
±3,4.5,2.0,10:30,277.0,50,5.54
±3,3.5,2.0,10:30,277.0,50,5.54
±3,3.75,2.0,10:30,277.0,50,5.54
±3,4.75,2.0,10:30,277.0,50,5.54
±3,5.0,2.0,10:30,277.0,50,5.54
±3,4.0,2.0,10:30,277.0,50,5.54
±3,1.75,1.0,11:00,276.0,50,5.52
±4,1.75,0.75,12:00,276.0,50,5.52
±4,3.75,0.75,14:00,274.0,50,5.48
±4,4.0,0.75,14:00,274.0,50,5.48
±4,4.25,0.75,14:00,274.0,50,5.48
±4,4.5,0.75,14:00,274.0,50,5.48
±4,4.75,0.75,14:00,274.0,50,5.48
±4,5.0,0.75,14:00,274.0,50,5.48
±4,3.5,0.75,14:00,274.0,50,5.48
±4,2.0,1.25,12:00,271.0,50,5.42
±3,2.5,1.0,14:00,269.0,50,5.38
±4,1.5,1.25,13:30,268.0,50,5.36
±4,2.25,2.5,10:30,265.0,50,5.3
±4,3.25,2.5,10:30,265.0,50,5.3
±4,2.75,2.5,10:30,265.0,50,5.3
±4,2.5,2.5,10:30,265.0,50,5.3
±4,3.0,2.5,10:30,265.0,50,5.3
±3,2.0,0.75,12:30,262.0,50,5.24
±4,3.0,1.0,13:30,261.0,50,5.22
±3,1.75,0.5,10:30,260.0,50,5.2
±4,2.0,0.5,12:00,260.0,50,5.2
±3,2.0,1.5,10:30,255.0,50,5.1
±3,2.75,1.5,13:30,252.0,50,5.04
±4,1.75,0.75,11:00,251.0,50,5.02
±3,1.75,1.5,13:30,251.0,50,5.02
±3,1.75,0.75,11:00,249.0,50,4.98
±3,2.5,1.0,13:30,249.0,50,4.98
±4,1.75,1.0,13:30,249.0,50,4.98
±3,1.25,1.25,10:30,246.0,50,4.92
±4,1.75,1.0,14:00,244.0,50,4.88
±4,2.0,1.5,13:00,239.0,50,4.78
±3,1.75,3.0,10:30,236.0,50,4.72
±3,1.75,4.25,10:30,236.0,50,4.72
±3,1.75,3.75,10:30,236.0,50,4.72
±3,1.75,3.25,10:30,236.0,50,4.72
±3,1.75,2.75,10:30,236.0,50,4.72
±3,1.75,4.5,10:30,236.0,50,4.72
±3,1.75,3.5,10:30,236.0,50,4.72
±3,1.75,5.0,10:30,236.0,50,4.72
±3,1.75,4.75,10:30,236.0,50,4.72
±3,1.75,4.0,10:30,236.0,50,4.72
±4,2.0,1.75,10:30,229.0,50,4.58
±3,3.25,1.5,14:00,228.0,50,4.56
±4,2.25,1.0,13:00,228.0,50,4.56
±4,2.5,1.0,13:00,228.0,50,4.56
±3,1.75,1.25,11:30,227.0,50,4.54
±3,2.75,1.75,10:30,224.0,50,4.48
±3,3.0,1.75,10:30,224.0,50,4.48
±3,2.5,1.75,10:30,224.0,50,4.48
±3,3.25,1.75,10:30,224.0,50,4.48
±3,2.25,1.75,10:30,224.0,50,4.48
±4,1.75,1.25,14:30,218.0,50,4.36
±3,1.75,0.75,12:00,218.0,50,4.36
±3,2.0,1.25,11:30,214.0,50,4.28
±3,2.0,0.5,12:00,214.0,50,4.28
±4,1.75,1.0,11:00,212.0,50,4.24
±3,3.0,1.25,14:30,211.0,50,4.22
±4,1.75,4.75,10:30,209.0,50,4.18
±4,1.75,4.5,10:30,209.0,50,4.18
±4,1.75,2.75,10:30,209.0,50,4.18
±4,1.75,5.0,10:30,209.0,50,4.18
±4,1.75,3.5,10:30,209.0,50,4.18
±4,1.75,4.0,10:30,209.0,50,4.18
±4,1.75,4.25,10:30,209.0,50,4.18
±4,1.75,3.0,10:30,209.0,50,4.18
±4,1.75,3.25,10:30,209.0,50,4.18
±4,1.75,3.75,10:30,209.0,50,4.18
±4,1.75,1.25,11:30,206.0,50,4.12
±3,1.5,1.25,11:30,206.0,50,4.12
±4,3.25,1.75,10:30,204.0,50,4.08
±4,3.0,1.75,10:30,204.0,50,4.08
±4,2.5,1.75,10:30,204.0,50,4.08
±4,2.25,1.75,10:30,204.0,50,4.08
±4,2.75,1.75,10:30,204.0,50,4.08
±3,3.25,1.5,10:30,199.0,50,3.98
±3,3.0,1.5,10:30,199.0,50,3.98
±3,2.25,1.5,10:30,199.0,50,3.98
±3,2.75,1.5,10:30,199.0,50,3.98
±3,2.5,1.5,10:30,199.0,50,3.98
±4,2.25,0.5,14:00,196.0,50,3.92
±4,2.5,0.5,14:00,196.0,50,3.92
±4,1.25,1.25,10:30,193.0,50,3.86
±4,1.5,1.25,11:30,188.0,50,3.76
±4,1.75,0.75,12:30,188.0,50,3.76
±4,1.5,0.75,10:30,187.0,50,3.74
±3,1.75,2.5,10:30,186.0,50,3.72
±4,1.5,2.0,10:30,183.0,50,3.66
±4,1.75,0.5,11:30,180.0,50,3.6
±3,2.25,0.5,14:00,177.0,50,3.54
±3,1.25,1.25,11:00,172.0,50,3.44
±3,2.25,0.75,14:00,171.0,50,3.42
±4,2.0,1.25,11:30,171.0,50,3.42
±3,2.0,2.25,10:30,168.0,50,3.36
±3,1.5,1.0,10:30,167.0,50,3.34
±3,2.25,1.25,11:30,165.0,50,3.3
±3,3.25,1.25,11:30,165.0,50,3.3
±3,3.0,1.25,11:30,165.0,50,3.3
±3,2.5,1.25,11:30,165.0,50,3.3
±3,2.75,1.25,11:30,165.0,50,3.3
±3,1.5,0.75,10:30,165.0,50,3.3
±3,4.5,1.0,10:30,164.0,50,3.28
±3,4.25,1.0,10:30,164.0,50,3.28
±3,4.75,1.0,10:30,164.0,50,3.28
±3,3.5,1.0,10:30,164.0,50,3.28
±3,3.75,1.0,10:30,164.0,50,3.28
±3,5.0,1.0,10:30,164.0,50,3.28
±3,4.0,1.0,10:30,164.0,50,3.28
±3,3.0,1.5,14:00,163.0,50,3.26
±3,3.25,2.0,14:00,163.0,50,3.26
±3,4.5,0.75,10:30,162.0,50,3.24
±3,4.25,0.75,10:30,162.0,50,3.24
±3,3.75,0.75,10:30,162.0,50,3.24
±4,1.5,0.5,11:30,162.0,50,3.24
±3,4.0,0.75,10:30,162.0,50,3.24
±3,3.5,0.75,10:30,162.0,50,3.24
±3,4.75,0.75,10:30,162.0,50,3.24
±3,5.0,0.75,10:30,162.0,50,3.24
±3,2.0,1.0,12:30,160.0,50,3.2
±3,2.25,0.5,13:00,160.0,50,3.2
±4,4.25,0.75,10:30,159.0,50,3.18
±4,4.5,0.75,10:30,159.0,50,3.18
±4,5.0,0.75,10:30,159.0,50,3.18
±4,4.0,0.75,10:30,159.0,50,3.18
±4,4.75,0.75,10:30,159.0,50,3.18
±4,3.75,0.75,10:30,159.0,50,3.18
±4,3.5,0.75,10:30,159.0,50,3.18
±4,3.75,1.0,14:00,158.0,50,3.16
±4,4.5,1.0,14:00,158.0,50,3.16
±4,5.0,1.0,14:00,158.0,50,3.16
±4,4.0,1.0,14:00,158.0,50,3.16
±4,4.75,1.0,14:00,158.0,50,3.16
±4,3.5,1.0,14:00,158.0,50,3.16
±4,4.25,1.0,14:00,158.0,50,3.16
±3,3.25,1.25,14:30,156.0,50,3.12
±3,2.75,1.5,13:00,156.0,50,3.12
±4,4.25,2.0,10:30,155.0,50,3.1
±4,5.0,2.0,10:30,155.0,50,3.1
±4,4.5,2.0,10:30,155.0,50,3.1
±4,4.75,2.0,10:30,155.0,50,3.1
±4,3.5,2.0,10:30,155.0,50,3.1
±4,3.75,2.0,10:30,155.0,50,3.1
±4,4.0,2.0,10:30,155.0,50,3.1
±3,2.25,0.75,13:00,154.0,50,3.08
±4,2.0,1.5,10:30,153.0,50,3.06
±3,2.25,0.75,13:30,152.0,50,3.04
±4,3.25,1.25,14:30,151.0,50,3.02
±4,2.25,0.75,14:00,151.0,50,3.02
±4,2.5,0.75,14:00,151.0,50,3.02
±3,2.25,1.0,13:00,151.0,50,3.02
±4,2.0,2.25,10:30,151.0,50,3.02
±3,1.75,0.75,12:30,151.0,50,3.02
±3,1.25,2.0,10:30,148.0,50,2.96
±4,2.75,1.5,13:00,146.0,50,2.92
±4,4.0,1.0,13:30,145.0,50,2.9
±4,5.0,1.0,13:30,145.0,50,2.9
±4,2.0,0.5,11:30,145.0,50,2.9
±4,4.5,1.0,13:30,145.0,50,2.9
±4,4.25,1.0,13:30,145.0,50,2.9
±4,3.5,1.0,13:30,145.0,50,2.9
±4,4.75,1.0,13:30,145.0,50,2.9
±4,3.75,1.0,13:30,145.0,50,2.9
±4,1.75,2.5,10:30,144.0,50,2.88
±3,1.75,0.5,11:30,140.0,50,2.8
±4,2.0,1.0,12:30,137.0,50,2.74
±4,2.0,0.75,12:00,137.0,50,2.74
±3,2.25,0.5,13:30,133.0,50,2.66
±4,3.25,1.5,10:30,128.0,50,2.56
±4,2.5,1.5,10:30,128.0,50,2.56
±4,2.25,1.5,10:30,128.0,50,2.56
±4,3.0,1.5,10:30,128.0,50,2.56
±4,2.75,1.5,10:30,128.0,50,2.56
±4,2.0,1.5,13:30,128.0,50,2.56
±3,2.0,0.5,11:30,127.0,50,2.54
±4,2.75,2.25,10:30,126.0,50,2.52
±4,2.5,2.25,10:30,126.0,50,2.52
±4,2.25,2.25,10:30,126.0,50,2.52
±3,2.0,1.0,11:00,126.0,50,2.52
±4,3.25,2.25,10:30,126.0,50,2.52
±4,3.0,2.25,10:30,126.0,50,2.52
±4,1.5,1.0,10:30,124.0,50,2.48
±4,3.25,1.25,15:00,124.0,50,2.48
±3,2.0,1.25,14:30,124.0,50,2.48
±3,1.75,1.75,10:30,122.0,50,2.44
±3,2.0,2.0,13:30,119.0,50,2.38
±3,1.5,0.5,11:30,119.0,50,2.38
±3,3.25,1.5,13:00,117.0,50,2.34
±3,3.0,1.5,13:00,117.0,50,2.34
±3,2.75,1.25,14:30,113.0,50,2.26
±3,2.5,2.25,10:30,112.0,50,2.24
±3,3.0,2.25,10:30,112.0,50,2.24
±3,3.25,2.25,10:30,112.0,50,2.24
±3,2.75,2.25,10:30,112.0,50,2.24
±3,2.25,2.25,10:30,112.0,50,2.24
±4,1.5,0.5,10:30,111.0,50,2.22
±4,3.25,1.5,13:30,110.0,50,2.2
±3,3.25,1.25,15:00,108.0,50,2.16
±4,2.25,1.25,11:30,100.0,50,2.0
±4,3.25,1.25,11:30,100.0,50,2.0
±4,3.0,1.25,11:30,100.0,50,2.0
±4,2.5,1.25,11:30,100.0,50,2.0
±4,2.75,1.25,11:30,100.0,50,2.0
±3,2.0,0.75,11:00,99.0,50,1.98
±4,1.75,1.0,12:00,98.0,50,1.96
±3,3.0,2.0,14:00,98.0,50,1.96
±3,1.75,1.5,10:30,97.0,50,1.94
±4,4.75,1.0,10:30,96.0,50,1.92
±4,5.0,1.0,10:30,96.0,50,1.92
±4,2.0,0.75,11:00,96.0,50,1.92
±4,4.5,1.0,10:30,96.0,50,1.92
±4,4.25,1.0,10:30,96.0,50,1.92
±4,1.25,1.25,11:00,96.0,50,1.92
±4,3.75,1.0,10:30,96.0,50,1.92
±4,4.0,1.0,10:30,96.0,50,1.92
±4,3.5,1.0,10:30,96.0,50,1.92
±3,1.75,1.0,12:00,92.0,50,1.84
±3,4.75,1.5,13:30,91.0,50,1.82
±3,3.75,1.5,13:30,91.0,50,1.82
±3,3.5,1.5,13:30,91.0,50,1.82
±3,4.25,1.5,13:30,91.0,50,1.82
±3,4.0,1.5,13:30,91.0,50,1.82
±3,5.0,1.5,13:30,91.0,50,1.82
±3,4.5,1.5,13:30,91.0,50,1.82
±3,2.0,1.5,14:00,88.0,50,1.76
±3,1.5,1.0,11:00,87.0,50,1.74
±4,2.5,0.5,13:30,86.0,50,1.72
±4,2.25,0.5,13:30,86.0,50,1.72
±4,1.75,1.75,10:30,83.0,50,1.66
±4,3.75,0.5,10:30,83.0,50,1.66
±3,1.5,0.5,10:30,83.0,50,1.66
±4,4.5,0.5,10:30,83.0,50,1.66
±4,4.0,0.5,10:30,83.0,50,1.66
±4,5.0,0.5,10:30,83.0,50,1.66
±4,4.75,0.5,10:30,83.0,50,1.66
±4,3.5,0.5,10:30,83.0,50,1.66
±4,4.25,0.5,10:30,83.0,50,1.66
±3,3.75,0.5,10:30,80.0,50,1.6
±3,2.0,0.75,12:00,80.0,50,1.6
±3,4.75,0.5,10:30,80.0,50,1.6
±3,4.5,0.5,10:30,80.0,50,1.6
±3,4.0,0.5,10:30,80.0,50,1.6
±3,3.5,0.5,10:30,80.0,50,1.6
±3,5.0,0.5,10:30,80.0,50,1.6
±3,4.25,0.5,10:30,80.0,50,1.6
±3,3.0,0.5,11:30,78.0,50,1.56
±3,2.75,0.5,11:30,78.0,50,1.56
±3,2.25,0.5,11:30,78.0,50,1.56
±3,2.5,0.5,11:30,78.0,50,1.56
±3,3.25,0.5,11:30,78.0,50,1.56
±4,1.5,0.75,11:00,76.0,50,1.52
±4,3.0,0.5,11:30,74.0,50,1.48
±4,2.75,0.5,11:30,74.0,50,1.48
±4,2.5,0.5,11:30,74.0,50,1.48
±4,2.25,0.5,11:30,74.0,50,1.48
±4,2.25,0.75,13:30,74.0,50,1.48
±4,3.25,0.5,11:30,74.0,50,1.48
±4,2.5,0.75,13:30,74.0,50,1.48
±4,1.75,0.75,11:30,73.0,50,1.46
±3,2.25,1.0,14:00,73.0,50,1.46
±3,1.75,1.5,13:00,73.0,50,1.46
±4,2.75,1.25,14:30,72.0,50,1.44
±4,2.75,0.75,11:00,68.0,50,1.36
±4,3.0,0.75,11:00,68.0,50,1.36
±4,2.25,0.75,11:00,68.0,50,1.36
±4,3.25,0.75,11:00,68.0,50,1.36
±4,2.5,0.75,11:00,68.0,50,1.36
±3,2.75,1.5,14:00,65.0,50,1.3
±4,1.5,0.5,13:00,61.0,50,1.22
±4,1.25,0.75,10:30,60.0,50,1.2
±3,1.5,0.75,11:00,60.0,50,1.2
±3,1.5,3.0,10:30,59.0,50,1.18
±3,1.5,4.0,10:30,59.0,50,1.18
±3,1.5,4.25,10:30,59.0,50,1.18
±3,1.5,3.25,10:30,59.0,50,1.18
±3,1.5,2.75,10:30,59.0,50,1.18
±3,1.5,3.75,10:30,59.0,50,1.18
±3,1.5,3.5,10:30,59.0,50,1.18
±3,1.5,5.0,10:30,59.0,50,1.18
±3,1.5,4.75,10:30,59.0,50,1.18
±3,1.5,4.5,10:30,59.0,50,1.18
±4,2.0,1.0,11:00,57.0,50,1.14
±3,4.25,4.5,10:30,56.0,50,1.12
±3,3.5,5.0,10:30,56.0,50,1.12
±3,4.25,4.25,10:30,56.0,50,1.12
±3,3.75,5.0,10:30,56.0,50,1.12
±3,3.75,4.25,10:30,56.0,50,1.12
±3,3.75,4.75,10:30,56.0,50,1.12
±3,3.5,4.0,10:30,56.0,50,1.12
±3,3.75,4.5,10:30,56.0,50,1.12
±3,4.0,4.5,10:30,56.0,50,1.12
±3,3.5,4.75,10:30,56.0,50,1.12
±3,4.0,4.75,10:30,56.0,50,1.12
±3,4.25,5.0,10:30,56.0,50,1.12
±3,3.5,3.5,10:30,56.0,50,1.12
±3,3.5,3.25,10:30,56.0,50,1.12
±3,2.5,1.0,11:00,56.0,50,1.12
±3,4.5,3.5,10:30,56.0,50,1.12
±3,4.0,3.5,10:30,56.0,50,1.12
±3,4.0,3.75,10:30,56.0,50,1.12
±3,4.0,4.25,10:30,56.0,50,1.12
±3,4.0,4.0,10:30,56.0,50,1.12
±3,4.5,2.75,10:30,56.0,50,1.12
±3,4.5,3.0,10:30,56.0,50,1.12
±3,4.5,3.25,10:30,56.0,50,1.12
±3,5.0,4.75,10:30,56.0,50,1.12
±3,4.25,4.0,10:30,56.0,50,1.12
±3,4.0,2.75,10:30,56.0,50,1.12
±3,3.75,2.75,10:30,56.0,50,1.12
±3,3.75,3.0,10:30,56.0,50,1.12
±3,4.0,3.0,10:30,56.0,50,1.12
±3,4.0,3.25,10:30,56.0,50,1.12
±3,4.5,3.75,10:30,56.0,50,1.12
±3,4.5,4.0,10:30,56.0,50,1.12
±3,3.5,3.75,10:30,56.0,50,1.12
±3,4.5,4.25,10:30,56.0,50,1.12
±3,3.75,3.25,10:30,56.0,50,1.12
±3,4.75,2.75,10:30,56.0,50,1.12
±4,1.25,2.0,10:30,56.0,50,1.12
±3,4.75,4.25,10:30,56.0,50,1.12
±3,4.75,4.5,10:30,56.0,50,1.12
±3,4.75,4.75,10:30,56.0,50,1.12
±3,4.75,5.0,10:30,56.0,50,1.12
±3,4.75,3.5,10:30,56.0,50,1.12
±3,4.75,4.0,10:30,56.0,50,1.12
±3,4.75,3.75,10:30,56.0,50,1.12
±3,5.0,5.0,10:30,56.0,50,1.12
±3,3.75,4.0,10:30,56.0,50,1.12
±3,3.5,4.25,10:30,56.0,50,1.12
±3,3.5,4.5,10:30,56.0,50,1.12
±3,4.25,4.75,10:30,56.0,50,1.12
±3,5.0,3.75,10:30,56.0,50,1.12
±3,3.25,1.0,11:00,56.0,50,1.12
±3,5.0,3.25,10:30,56.0,50,1.12
±3,4.5,4.75,10:30,56.0,50,1.12
±3,5.0,4.5,10:30,56.0,50,1.12
±3,4.5,4.5,10:30,56.0,50,1.12
±3,4.5,5.0,10:30,56.0,50,1.12
±3,5.0,4.25,10:30,56.0,50,1.12
±3,5.0,4.0,10:30,56.0,50,1.12
±3,4.75,3.25,10:30,56.0,50,1.12
±3,4.75,3.0,10:30,56.0,50,1.12
±3,4.0,5.0,10:30,56.0,50,1.12
±3,5.0,3.0,10:30,56.0,50,1.12
±3,5.0,3.5,10:30,56.0,50,1.12
±3,2.25,1.0,11:00,56.0,50,1.12
±3,3.0,1.0,11:00,56.0,50,1.12
±3,5.0,2.75,10:30,56.0,50,1.12
±3,3.5,2.75,10:30,56.0,50,1.12
±3,2.75,1.0,11:00,56.0,50,1.12
±3,4.25,3.0,10:30,56.0,50,1.12
±3,4.25,2.75,10:30,56.0,50,1.12
±3,4.25,3.5,10:30,56.0,50,1.12
±3,4.25,3.25,10:30,56.0,50,1.12
±3,3.5,3.0,10:30,56.0,50,1.12
±3,4.25,3.75,10:30,56.0,50,1.12
±3,3.75,3.5,10:30,56.0,50,1.12
±3,3.75,3.75,10:30,56.0,50,1.12
±4,1.5,0.75,11:30,55.0,50,1.1
±3,2.25,1.0,13:30,53.0,50,1.06
±3,2.5,1.5,13:30,51.0,50,1.02
±3,1.75,1.0,12:30,49.0,50,0.98
±4,1.5,4.75,10:30,41.0,50,0.82
±4,1.5,3.25,10:30,41.0,50,0.82
±4,1.5,4.25,10:30,41.0,50,0.82
±4,1.5,3.0,10:30,41.0,50,0.82
±4,1.5,4.0,10:30,41.0,50,0.82
±4,1.5,3.75,10:30,41.0,50,0.82
±4,1.5,5.0,10:30,41.0,50,0.82
±4,1.5,2.75,10:30,41.0,50,0.82
±4,1.5,4.5,10:30,41.0,50,0.82
±4,1.5,3.5,10:30,41.0,50,0.82
±4,2.0,1.25,14:30,40.0,50,0.8
±3,1.75,1.25,15:00,40.0,50,0.8
±4,2.0,0.75,11:30,38.0,50,0.76
±4,1.5,1.0,11:00,37.0,50,0.74
±3,1.25,0.5,11:00,36.0,50,0.72
±3,1.25,1.0,10:30,35.0,50,0.7
±4,2.5,1.0,14:00,35.0,50,0.7
±4,2.25,1.0,14:00,35.0,50,0.7
±3,4.5,1.5,13:00,34.0,50,0.68
±3,3.75,1.5,13:00,34.0,50,0.68
±3,3.5,1.5,13:00,34.0,50,0.68
±3,4.75,1.5,13:00,34.0,50,0.68
±3,4.0,1.5,13:00,34.0,50,0.68
±4,3.0,1.25,14:30,34.0,50,0.68
±3,4.25,1.5,13:00,34.0,50,0.68
±3,5.0,1.5,13:00,34.0,50,0.68
±3,1.25,0.75,10:30,33.0,50,0.66
±4,1.5,0.75,13:00,31.0,50,0.62
±3,3.25,0.75,11:00,29.0,50,0.58
±4,3.0,1.0,11:00,29.0,50,0.58
±4,2.75,1.0,11:00,29.0,50,0.58
±4,3.25,1.0,11:00,29.0,50,0.58
±3,2.75,0.75,11:00,29.0,50,0.58
±3,2.5,0.75,11:00,29.0,50,0.58
±3,2.25,0.75,11:00,29.0,50,0.58
±4,2.5,1.0,11:00,29.0,50,0.58
±4,2.25,1.0,11:00,29.0,50,0.58
±3,3.0,0.75,11:00,29.0,50,0.58
±4,1.75,1.0,12:30,26.0,50,0.52
±4,3.0,1.5,13:00,24.0,50,0.48
±4,1.5,0.5,12:30,24.0,50,0.48
±4,3.25,1.5,13:00,24.0,50,0.48
±3,2.0,2.0,14:00,23.0,50,0.46
±3,2.75,1.25,10:00,22.0,50,0.44
±3,3.0,1.25,10:00,22.0,50,0.44
±3,2.0,1.25,10:00,22.0,50,0.44
±3,2.25,1.25,10:00,22.0,50,0.44
±3,3.25,1.25,10:00,22.0,50,0.44
±3,2.5,1.25,10:00,22.0,50,0.44
±4,2.75,1.25,10:00,21.0,50,0.42
±4,2.0,1.25,10:00,21.0,50,0.42
±4,2.25,1.25,10:00,21.0,50,0.42
±4,3.25,1.25,10:00,21.0,50,0.42
±4,3.0,1.25,10:00,21.0,50,0.42
±4,2.5,1.25,10:00,21.0,50,0.42
±3,3.0,1.25,15:00,19.0,50,0.38
±4,1.5,1.25,12:00,19.0,50,0.38
±4,1.25,0.5,11:00,19.0,50,0.38
±4,1.5,1.25,12:30,17.0,50,0.34
±3,1.5,0.75,13:30,16.0,50,0.32
±3,3.0,2.0,13:30,14.0,50,0.28
±4,3.5,2.75,10:30,13.0,50,0.26
±4,4.5,3.75,10:30,13.0,50,0.26
±4,5.0,4.5,10:30,13.0,50,0.26
±4,3.5,3.0,10:30,13.0,50,0.26
±4,4.5,4.0,10:30,13.0,50,0.26
±4,4.25,4.5,10:30,13.0,50,0.26
±4,3.75,3.0,10:30,13.0,50,0.26
±4,3.5,4.75,10:30,13.0,50,0.26
±4,3.5,5.0,10:30,13.0,50,0.26
±4,4.75,3.0,10:30,13.0,50,0.26
±4,4.75,4.25,10:30,13.0,50,0.26
±4,4.75,4.75,10:30,13.0,50,0.26
±4,4.75,4.5,10:30,13.0,50,0.26
±4,4.75,4.0,10:30,13.0,50,0.26
±4,4.75,3.5,10:30,13.0,50,0.26
±4,3.5,4.0,10:30,13.0,50,0.26
±4,3.5,3.5,10:30,13.0,50,0.26
±4,3.5,3.75,10:30,13.0,50,0.26
±4,4.75,3.75,10:30,13.0,50,0.26
±4,3.5,4.25,10:30,13.0,50,0.26
±4,5.0,2.75,10:30,13.0,50,0.26
±4,5.0,4.75,10:30,13.0,50,0.26
±4,3.5,3.25,10:30,13.0,50,0.26
±4,3.75,2.75,10:30,13.0,50,0.26
±4,4.75,5.0,10:30,13.0,50,0.26
±4,4.25,4.75,10:30,13.0,50,0.26
±4,4.25,5.0,10:30,13.0,50,0.26
±4,4.25,4.0,10:30,13.0,50,0.26
±4,4.25,4.25,10:30,13.0,50,0.26
±4,4.5,4.25,10:30,13.0,50,0.26
±4,4.0,5.0,10:30,13.0,50,0.26
±4,4.0,4.75,10:30,13.0,50,0.26
±4,3.5,4.5,10:30,13.0,50,0.26
±4,4.5,5.0,10:30,13.0,50,0.26
±4,4.5,4.5,10:30,13.0,50,0.26
±4,4.5,4.75,10:30,13.0,50,0.26
±4,3.75,3.75,10:30,13.0,50,0.26
±4,3.75,3.5,10:30,13.0,50,0.26
±4,4.75,3.25,10:30,13.0,50,0.26
±4,4.5,3.0,10:30,13.0,50,0.26
±4,3.75,5.0,10:30,13.0,50,0.26
±4,3.75,4.75,10:30,13.0,50,0.26
±4,3.75,4.5,10:30,13.0,50,0.26
±4,4.0,4.25,10:30,13.0,50,0.26
±4,4.0,4.5,10:30,13.0,50,0.26
±4,4.75,2.75,10:30,13.0,50,0.26
±4,3.75,4.0,10:30,13.0,50,0.26
±4,4.25,3.25,10:30,13.0,50,0.26
±4,4.25,3.0,10:30,13.0,50,0.26
±4,4.25,2.75,10:30,13.0,50,0.26
±4,3.75,3.25,10:30,13.0,50,0.26
±4,3.75,4.25,10:30,13.0,50,0.26
±4,4.25,3.5,10:30,13.0,50,0.26
±4,4.25,3.75,10:30,13.0,50,0.26
±4,4.5,3.25,10:30,13.0,50,0.26
±4,4.0,3.75,10:30,13.0,50,0.26
±4,4.0,4.0,10:30,13.0,50,0.26
±4,4.5,2.75,10:30,13.0,50,0.26
±4,4.5,3.5,10:30,13.0,50,0.26
±4,4.0,3.5,10:30,13.0,50,0.26
±4,4.0,3.0,10:30,13.0,50,0.26
±4,4.0,3.25,10:30,13.0,50,0.26
±4,4.0,2.75,10:30,13.0,50,0.26
±4,5.0,3.0,10:30,13.0,50,0.26
±4,5.0,3.25,10:30,13.0,50,0.26
±4,5.0,3.5,10:30,13.0,50,0.26
±4,5.0,3.75,10:30,13.0,50,0.26
±4,5.0,4.0,10:30,13.0,50,0.26
±4,5.0,4.25,10:30,13.0,50,0.26
±4,5.0,5.0,10:30,13.0,50,0.26
±3,1.75,2.25,10:30,10.0,50,0.2
±3,1.5,2.5,10:30,9.0,50,0.18
±4,1.5,0.5,12:00,8.0,50,0.16
±4,1.75,1.5,10:30,7.0,50,0.14
±3,1.75,0.75,11:30,7.0,50,0.14
±3,3.75,2.5,10:30,6.0,50,0.12
±3,5.0,2.5,10:30,6.0,50,0.12
±3,3.5,2.5,10:30,6.0,50,0.12
±3,4.5,2.5,10:30,6.0,50,0.12
±3,4.75,2.5,10:30,6.0,50,0.12
±3,4.0,2.5,10:30,6.0,50,0.12
±3,4.25,2.5,10:30,6.0,50,0.12
±4,1.75,2.25,10:30,5.0,50,0.1
±3,1.75,2.0,11:00,1.0,50,0.02
±3,2.75,2.0,14:00,0.0,50,0.0
±3,1.5,1.25,12:30,-1.0,50,-0.02
±3,3.5,1.5,14:00,-2.0,50,-0.04
±3,5.0,1.5,14:00,-2.0,50,-0.04
±3,3.75,1.5,14:00,-2.0,50,-0.04
±3,4.75,1.5,14:00,-2.0,50,-0.04
±3,4.25,1.5,14:00,-2.0,50,-0.04
±3,4.5,1.5,14:00,-2.0,50,-0.04
±3,4.0,1.5,14:00,-2.0,50,-0.04
±4,1.25,1.0,10:30,-3.0,50,-0.06
±3,1.5,0.5,13:30,-3.0,50,-0.06
±4,2.75,1.5,13:30,-6.0,50,-0.12
±3,2.0,0.75,11:30,-6.0,50,-0.12
±3,1.5,1.25,12:00,-8.0,50,-0.16
±4,1.75,1.25,15:00,-10.0,50,-0.2
±3,1.5,0.75,11:30,-14.0,50,-0.28
±3,3.25,2.0,13:30,-14.0,50,-0.28
±4,1.25,0.5,10:30,-16.0,50,-0.32
±4,2.75,1.25,15:00,-17.0,50,-0.34
±4,1.5,2.5,10:30,-24.0,50,-0.48
±3,1.5,0.5,13:00,-25.0,50,-0.5
±4,1.75,1.5,13:00,-27.0,50,-0.54
±3,1.5,0.75,13:00,-31.0,50,-0.62
±4,2.75,0.75,11:30,-33.0,50,-0.66
±4,2.5,0.75,11:30,-33.0,50,-0.66
±4,3.0,0.75,11:30,-33.0,50,-0.66
±4,3.25,0.75,11:30,-33.0,50,-0.66
±4,2.25,0.75,11:30,-33.0,50,-0.66
±3,1.5,1.0,13:00,-34.0,50,-0.68
±4,2.0,1.0,12:00,-41.0,50,-0.82
±4,3.0,1.5,13:30,-44.0,50,-0.88
±4,1.5,1.0,13:00,-44.0,50,-0.88
±3,2.5,1.5,13:00,-45.0,50,-0.9
±3,2.0,1.0,12:00,-46.0,50,-0.92
±3,1.25,0.5,10:30,-49.0,50,-0.98
±4,4.0,2.5,10:30,-52.0,50,-1.04
±4,4.5,2.5,10:30,-52.0,50,-1.04
±4,4.25,2.5,10:30,-52.0,50,-1.04
±4,3.5,2.5,10:30,-52.0,50,-1.04
±4,3.75,2.5,10:30,-52.0,50,-1.04
±4,4.75,2.5,10:30,-52.0,50,-1.04
±4,5.0,2.5,10:30,-52.0,50,-1.04
±4,1.75,0.5,14:30,-53.0,50,-1.06
±3,3.0,0.75,11:30,-55.0,50,-1.1
±3,1.5,1.75,10:30,-55.0,50,-1.1
±3,3.25,0.75,11:30,-55.0,50,-1.1
±3,2.75,0.75,11:30,-55.0,50,-1.1
±4,3.0,1.25,15:00,-55.0,50,-1.1
±3,2.25,0.75,11:30,-55.0,50,-1.1
±3,2.5,0.75,11:30,-55.0,50,-1.1
±4,1.75,1.5,13:30,-56.0,50,-1.12
±4,1.75,1.0,11:30,-58.0,50,-1.16
±3,4.25,1.75,10:30,-58.0,50,-1.16
±3,3.5,1.75,10:30,-58.0,50,-1.16
±3,4.0,1.75,10:30,-58.0,50,-1.16
±3,4.75,1.75,10:30,-58.0,50,-1.16
±3,5.0,1.75,10:30,-58.0,50,-1.16
±3,4.5,1.75,10:30,-58.0,50,-1.16
±3,3.75,1.75,10:30,-58.0,50,-1.16
±3,1.75,0.5,14:30,-62.0,50,-1.24
±3,1.5,0.5,12:30,-63.0,50,-1.26
±3,1.0,1.25,10:30,-63.0,50,-1.26
±4,2.75,1.5,14:00,-65.0,50,-1.3
±4,1.0,1.25,10:30,-65.0,50,-1.3
±3,1.75,1.0,11:30,-66.0,50,-1.32
±3,3.75,2.0,14:00,-67.0,50,-1.34
±3,3.5,2.0,14:00,-67.0,50,-1.34
±3,4.5,2.0,14:00,-67.0,50,-1.34
±3,4.75,2.0,14:00,-67.0,50,-1.34
±3,5.0,2.0,14:00,-67.0,50,-1.34
±3,4.25,2.0,14:00,-67.0,50,-1.34
±4,1.5,0.5,13:30,-67.0,50,-1.34
±3,4.0,2.0,14:00,-67.0,50,-1.34
±4,2.5,1.0,13:30,-69.0,50,-1.38
±4,2.25,1.0,13:30,-69.0,50,-1.38
±4,4.75,1.5,13:00,-70.0,50,-1.4
±4,4.0,1.5,13:00,-70.0,50,-1.4
±4,4.5,1.5,13:00,-70.0,50,-1.4
±4,5.0,1.5,13:00,-70.0,50,-1.4
±4,3.75,1.5,13:00,-70.0,50,-1.4
±4,3.5,1.5,13:00,-70.0,50,-1.4
±4,4.25,1.5,13:00,-70.0,50,-1.4
±3,1.25,5.0,10:30,-73.0,50,-1.46
±3,1.25,3.0,10:30,-73.0,50,-1.46
±3,1.25,4.0,10:30,-73.0,50,-1.46
±3,1.25,3.75,10:30,-73.0,50,-1.46
±3,1.25,4.75,10:30,-73.0,50,-1.46
±3,1.25,4.5,10:30,-73.0,50,-1.46
±3,1.25,4.25,10:30,-73.0,50,-1.46
±3,1.25,3.5,10:30,-73.0,50,-1.46
±3,1.25,3.25,10:30,-73.0,50,-1.46
±3,1.25,2.75,10:30,-73.0,50,-1.46
±4,3.25,1.0,10:00,-75.0,50,-1.5
±4,2.5,1.0,10:00,-75.0,50,-1.5
±4,2.0,1.0,10:00,-75.0,50,-1.5
±4,2.25,1.0,10:00,-75.0,50,-1.5
±4,3.0,1.0,10:00,-75.0,50,-1.5
±4,2.75,1.0,10:00,-75.0,50,-1.5
±3,1.5,0.5,12:00,-76.0,50,-1.52
±4,1.5,1.0,11:30,-76.0,50,-1.52
±3,3.25,1.0,10:00,-78.0,50,-1.56
±3,2.25,1.0,10:00,-78.0,50,-1.56
±3,2.0,1.0,10:00,-78.0,50,-1.56
±3,2.5,1.0,10:00,-78.0,50,-1.56
±3,2.75,1.0,10:00,-78.0,50,-1.56
±3,3.0,1.0,10:00,-78.0,50,-1.56
±3,2.0,1.0,11:30,-79.0,50,-1.58
±3,2.75,1.25,15:00,-79.0,50,-1.58
±4,1.5,0.75,13:30,-79.0,50,-1.58
±3,1.5,1.5,10:30,-80.0,50,-1.6
±4,3.25,1.5,14:00,-81.0,50,-1.62
±3,4.75,1.5,10:30,-83.0,50,-1.66
±3,1.75,1.5,14:00,-83.0,50,-1.66
±3,3.5,1.5,10:30,-83.0,50,-1.66
±3,3.75,1.5,10:30,-83.0,50,-1.66
±3,5.0,1.5,10:30,-83.0,50,-1.66
±3,1.5,1.0,13:30,-83.0,50,-1.66
±3,4.5,1.5,10:30,-83.0,50,-1.66
±3,4.25,1.5,10:30,-83.0,50,-1.66
±3,4.0,1.5,10:30,-83.0,50,-1.66
±3,2.75,2.0,13:30,-84.0,50,-1.68
±4,1.5,1.75,10:30,-85.0,50,-1.7
±3,2.0,2.0,13:00,-85.0,50,-1.7
±3,1.75,2.0,13:30,-85.0,50,-1.7
±4,1.25,4.25,10:30,-86.0,50,-1.72
±4,1.25,4.5,10:30,-86.0,50,-1.72
±4,1.25,3.0,10:30,-86.0,50,-1.72
±4,1.25,3.25,10:30,-86.0,50,-1.72
±4,1.25,5.0,10:30,-86.0,50,-1.72
±4,1.25,3.75,10:30,-86.0,50,-1.72
±4,1.25,4.0,10:30,-86.0,50,-1.72
±4,1.25,3.5,10:30,-86.0,50,-1.72
±4,1.25,4.75,10:30,-86.0,50,-1.72
±4,1.25,2.75,10:30,-86.0,50,-1.72
±3,1.5,1.0,11:30,-87.0,50,-1.74
±3,2.5,1.25,14:30,-88.0,50,-1.76
±4,1.5,0.5,14:00,-91.0,50,-1.82
±4,1.75,1.25,10:00,-91.0,50,-1.82
±4,2.0,1.0,11:30,-93.0,50,-1.86
±3,1.75,1.25,10:00,-96.0,50,-1.92
±4,2.0,0.75,10:00,-98.0,50,-1.96
±4,2.25,0.75,10:00,-98.0,50,-1.96
±4,3.25,0.75,10:00,-98.0,50,-1.96
±4,2.5,0.75,10:00,-98.0,50,-1.96
±4,3.0,0.75,10:00,-98.0,50,-1.96
±4,2.75,0.75,10:00,-98.0,50,-1.96
±4,2.0,1.5,14:00,-102.0,50,-2.04
±4,3.0,1.5,14:00,-103.0,50,-2.06
±3,0.5,1.25,13:30,-104.0,50,-2.08
±4,4.25,1.25,11:00,-110.0,50,-2.2
±4,4.75,1.25,11:00,-110.0,50,-2.2
±4,4.0,1.25,11:00,-110.0,50,-2.2
±4,5.0,1.25,11:00,-110.0,50,-2.2
±4,4.5,1.25,11:00,-110.0,50,-2.2
±4,3.5,1.25,11:00,-110.0,50,-2.2
±4,3.75,1.25,11:00,-110.0,50,-2.2
±4,3.75,1.75,10:30,-113.0,50,-2.26
±4,3.5,1.75,10:30,-113.0,50,-2.26
±4,4.5,1.75,10:30,-113.0,50,-2.26
±4,4.75,1.75,10:30,-113.0,50,-2.26
±4,5.0,1.75,10:30,-113.0,50,-2.26
±4,4.25,1.75,10:30,-113.0,50,-2.26
±4,4.0,1.75,10:30,-113.0,50,-2.26
±4,1.5,0.75,12:00,-115.0,50,-2.3
±4,2.75,2.0,14:00,-116.0,50,-2.32
±4,3.25,0.5,14:30,-120.0,50,-2.4
±4,2.75,0.5,12:30,-122.0,50,-2.44
±4,3.25,0.5,12:30,-122.0,50,-2.44
±4,2.25,0.5,12:30,-122.0,50,-2.44
±4,3.0,0.5,12:30,-122.0,50,-2.44
±4,2.5,0.5,12:30,-122.0,50,-2.44
±3,1.25,2.5,10:30,-123.0,50,-2.46
±3,2.5,1.25,12:30,-125.0,50,-2.5
±3,2.75,1.25,12:30,-125.0,50,-2.5
±3,3.0,1.25,12:30,-125.0,50,-2.5
±3,3.25,1.25,12:30,-125.0,50,-2.5
±3,2.25,1.25,12:30,-125.0,50,-2.5
±4,1.5,0.75,12:30,-126.0,50,-2.52
±3,3.0,1.0,11:30,-128.0,50,-2.56
±3,2.75,1.0,11:30,-128.0,50,-2.56
±3,3.25,1.0,11:30,-128.0,50,-2.56
±3,2.5,1.0,11:30,-128.0,50,-2.56
±3,2.25,1.0,11:30,-128.0,50,-2.56
±4,1.75,2.0,11:00,-129.0,50,-2.58
±4,3.0,1.25,12:30,-129.0,50,-2.58
±4,3.25,1.25,12:30,-129.0,50,-2.58
±4,2.75,1.25,12:30,-129.0,50,-2.58
±4,2.25,1.25,12:30,-129.0,50,-2.58
±4,2.5,1.25,12:30,-129.0,50,-2.58
±4,3.25,2.0,14:00,-132.0,50,-2.64
±3,3.75,1.25,14:30,-134.0,50,-2.68
±3,4.0,1.25,14:30,-134.0,50,-2.68
±3,5.0,1.25,14:30,-134.0,50,-2.68
±3,3.5,1.25,14:30,-134.0,50,-2.68
±3,4.75,1.25,14:30,-134.0,50,-2.68
±3,4.25,1.25,14:30,-134.0,50,-2.68
±3,4.5,1.25,14:30,-134.0,50,-2.68
±3,2.5,1.5,14:00,-136.0,50,-2.72
±4,1.5,0.75,14:00,-136.0,50,-2.72
±3,0.5,1.25,15:00,-137.0,50,-2.74
±3,1.25,1.25,13:30,-142.0,50,-2.84
±3,2.0,1.25,15:00,-142.0,50,-2.84
±4,2.0,2.0,13:00,-144.0,50,-2.88
±3,2.25,1.5,13:30,-145.0,50,-2.9
±3,1.75,2.0,14:00,-148.0,50,-2.96
±3,2.0,2.0,11:00,-149.0,50,-2.98
±4,2.0,1.25,15:00,-149.0,50,-2.98
±4,1.25,2.5,10:30,-151.0,50,-3.02
±3,0.5,1.25,14:30,-153.0,50,-3.06
±4,2.0,2.0,14:00,-153.0,50,-3.06
±4,3.0,2.0,14:00,-154.0,50,-3.08
±4,3.75,1.25,14:30,-159.0,50,-3.18
±4,4.25,1.25,14:30,-159.0,50,-3.18
±4,4.5,1.25,14:30,-159.0,50,-3.18
±4,5.0,1.25,14:30,-159.0,50,-3.18
±4,3.5,1.25,14:30,-159.0,50,-3.18
±4,4.75,1.25,14:30,-159.0,50,-3.18
±4,4.0,1.25,14:30,-159.0,50,-3.18
±4,4.5,1.5,13:30,-160.0,50,-3.2
±3,4.0,1.25,11:00,-160.0,50,-3.2
±4,4.0,1.5,13:30,-160.0,50,-3.2
±3,3.5,1.25,11:00,-160.0,50,-3.2
±3,4.75,1.25,11:00,-160.0,50,-3.2
±4,5.0,1.5,13:30,-160.0,50,-3.2
±3,1.5,0.5,14:00,-160.0,50,-3.2
±3,4.25,1.25,11:00,-160.0,50,-3.2
±4,3.5,1.5,13:30,-160.0,50,-3.2
±3,3.75,1.25,11:00,-160.0,50,-3.2
±4,4.75,1.5,13:30,-160.0,50,-3.2
±4,3.75,1.5,13:30,-160.0,50,-3.2
±3,5.0,1.25,11:00,-160.0,50,-3.2
±4,4.25,1.5,13:30,-160.0,50,-3.2
±3,4.5,1.25,11:00,-160.0,50,-3.2
±4,1.5,1.5,10:30,-161.0,50,-3.22
±3,1.0,2.0,10:30,-161.0,50,-3.22
±4,1.5,2.25,10:30,-163.0,50,-3.26
±4,3.25,1.0,11:30,-164.0,50,-3.28
±4,2.75,1.0,11:30,-164.0,50,-3.28
±4,2.5,1.0,11:30,-164.0,50,-3.28
±4,0.5,1.25,13:30,-164.0,50,-3.28
±4,2.25,1.0,11:30,-164.0,50,-3.28
±4,3.0,1.0,11:30,-164.0,50,-3.28
±3,1.5,0.75,14:00,-166.0,50,-3.32
±3,1.5,2.25,10:30,-167.0,50,-3.34
±4,0.5,1.25,15:00,-168.0,50,-3.36
±3,0.5,1.25,14:00,-168.0,50,-3.36
±3,4.25,2.25,10:30,-170.0,50,-3.4
±3,4.5,2.25,10:30,-170.0,50,-3.4
±3,3.75,2.25,10:30,-170.0,50,-3.4
±3,4.0,2.25,10:30,-170.0,50,-3.4
±3,5.0,2.25,10:30,-170.0,50,-3.4
±3,4.75,2.25,10:30,-170.0,50,-3.4
±3,3.5,2.25,10:30,-170.0,50,-3.4
±3,2.0,0.75,10:00,-172.0,50,-3.44
±4,2.25,0.5,10:00,-172.0,50,-3.44
±4,3.25,0.5,10:00,-172.0,50,-3.44
±4,3.0,0.5,10:00,-172.0,50,-3.44
±3,2.75,0.75,10:00,-172.0,50,-3.44
±3,3.0,0.5,14:30,-172.0,50,-3.44
±3,3.0,0.75,10:00,-172.0,50,-3.44
±3,2.5,0.75,10:00,-172.0,50,-3.44
±4,2.5,0.5,10:00,-172.0,50,-3.44
±3,2.25,0.75,10:00,-172.0,50,-3.44
±3,3.25,0.75,10:00,-172.0,50,-3.44
±4,2.0,0.5,10:00,-172.0,50,-3.44
±4,2.75,0.5,10:00,-172.0,50,-3.44
±3,1.5,1.25,14:30,-177.0,50,-3.54
±4,0.5,1.25,14:00,-181.0,50,-3.62
±3,2.0,1.75,13:30,-184.0,50,-3.68
±3,3.75,1.25,10:00,-184.0,50,-3.68
±3,5.0,1.25,10:00,-184.0,50,-3.68
±3,4.25,1.25,10:00,-184.0,50,-3.68
±3,4.5,1.25,10:00,-184.0,50,-3.68
±3,4.75,1.25,10:00,-184.0,50,-3.68
±3,3.5,1.25,10:00,-184.0,50,-3.68
±3,4.0,1.25,10:00,-184.0,50,-3.68
±4,5.0,1.25,10:00,-185.0,50,-3.7
±4,3.5,1.25,10:00,-185.0,50,-3.7
±4,4.75,1.25,10:00,-185.0,50,-3.7
±4,1.75,0.75,14:30,-185.0,50,-3.7
±4,4.25,1.25,10:00,-185.0,50,-3.7
±4,4.0,1.25,10:00,-185.0,50,-3.7
±4,4.5,1.25,10:00,-185.0,50,-3.7
±4,3.75,1.25,10:00,-185.0,50,-3.7
±3,1.75,0.75,14:30,-186.0,50,-3.72
±4,4.0,0.5,11:00,-187.0,50,-3.74
±3,2.75,0.5,12:30,-187.0,50,-3.74
±3,2.5,0.5,12:30,-187.0,50,-3.74
±4,5.0,0.5,11:00,-187.0,50,-3.74
±4,3.75,0.5,11:00,-187.0,50,-3.74
±3,1.25,1.75,10:30,-187.0,50,-3.74
±4,3.5,0.5,11:00,-187.0,50,-3.74
±4,4.75,0.5,11:00,-187.0,50,-3.74
±4,4.25,0.5,11:00,-187.0,50,-3.74
±4,4.5,0.5,11:00,-187.0,50,-3.74
±3,1.25,1.0,11:00,-187.0,50,-3.74
±4,1.75,1.0,10:00,-187.0,50,-3.74
±3,3.0,0.5,12:30,-187.0,50,-3.74
±3,3.25,0.5,12:30,-187.0,50,-3.74
±3,2.25,0.5,12:30,-187.0,50,-3.74
±3,1.5,2.0,11:00,-188.0,50,-3.76
±4,4.0,1.5,10:30,-189.0,50,-3.78
±4,5.0,1.5,10:30,-189.0,50,-3.78
±4,4.25,1.5,10:30,-189.0,50,-3.78
±4,3.75,1.5,10:30,-189.0,50,-3.78
±4,4.75,1.5,10:30,-189.0,50,-3.78
±4,4.5,1.5,10:30,-189.0,50,-3.78
±4,3.5,1.5,10:30,-189.0,50,-3.78
±4,1.5,1.25,14:30,-190.0,50,-3.8
±4,4.0,2.25,10:30,-191.0,50,-3.82
±4,4.25,2.25,10:30,-191.0,50,-3.82
±4,3.75,2.25,10:30,-191.0,50,-3.82
±4,4.75,2.25,10:30,-191.0,50,-3.82
±4,3.5,2.25,10:30,-191.0,50,-3.82
±4,5.0,2.25,10:30,-191.0,50,-3.82
±4,4.5,2.25,10:30,-191.0,50,-3.82
±4,0.5,1.25,14:30,-193.0,50,-3.86
±4,1.25,0.75,11:00,-194.0,50,-3.88
±3,1.75,1.0,10:00,-196.0,50,-3.92
±4,1.0,0.75,10:30,-198.0,50,-3.96
±4,2.75,0.5,14:30,-199.0,50,-3.98
±4,2.75,1.25,12:00,-199.0,50,-3.98
±4,2.5,1.25,12:00,-199.0,50,-3.98
±4,2.25,1.25,12:00,-199.0,50,-3.98
±4,3.25,1.25,12:00,-199.0,50,-3.98
±4,3.0,1.25,12:00,-199.0,50,-3.98
±3,3.75,1.25,11:30,-200.0,50,-4.0
±3,4.5,1.25,11:30,-200.0,50,-4.0
±3,5.0,1.25,11:30,-200.0,50,-4.0
±3,4.0,1.25,11:30,-200.0,50,-4.0
±3,4.75,1.25,11:30,-200.0,50,-4.0
±3,3.5,1.25,11:30,-200.0,50,-4.0
±3,4.25,1.25,11:30,-200.0,50,-4.0
±3,2.5,2.0,14:00,-201.0,50,-4.02
±4,1.0,2.0,10:30,-202.0,50,-4.04
±3,1.25,1.25,14:00,-204.0,50,-4.08
±3,1.5,0.75,12:00,-210.0,50,-4.2
±4,3.25,0.5,12:00,-210.0,50,-4.2
±4,2.25,0.5,12:00,-210.0,50,-4.2
±4,2.75,0.5,12:00,-210.0,50,-4.2
±4,1.75,0.75,10:00,-210.0,50,-4.2
±4,2.5,0.5,12:00,-210.0,50,-4.2
±4,3.0,0.5,12:00,-210.0,50,-4.2
±3,1.25,1.5,10:30,-212.0,50,-4.24
±4,1.25,1.75,10:30,-212.0,50,-4.24
±3,1.25,0.75,11:00,-214.0,50,-4.28
±3,3.0,2.0,11:00,-219.0,50,-4.38
±3,2.5,2.0,11:00,-219.0,50,-4.38
±3,2.75,2.0,11:00,-219.0,50,-4.38
±3,2.25,2.0,11:00,-219.0,50,-4.38
±3,3.25,2.0,11:00,-219.0,50,-4.38
±3,1.5,0.75,12:30,-221.0,50,-4.42
±4,2.5,1.5,13:00,-222.0,50,-4.44
±4,2.25,1.5,13:00,-222.0,50,-4.44
±4,1.5,1.0,13:30,-222.0,50,-4.44
±4,1.75,1.5,14:00,-224.0,50,-4.48
±3,3.25,0.5,14:30,-227.0,50,-4.54
±4,3.25,0.5,15:00,-228.0,50,-4.56
±3,2.5,1.25,12:00,-230.0,50,-4.6
±3,3.0,1.25,12:00,-230.0,50,-4.6
±3,2.25,1.25,12:00,-230.0,50,-4.6
±3,3.25,1.25,12:00,-230.0,50,-4.6
±3,2.75,1.25,12:00,-230.0,50,-4.6
±4,2.0,0.5,14:30,-231.0,50,-4.62
±4,1.25,1.0,11:00,-233.0,50,-4.66
±4,2.75,2.0,13:00,-237.0,50,-4.74
±4,3.0,0.5,14:30,-237.0,50,-4.74
±3,1.75,1.5,11:00,-238.0,50,-4.76
±3,2.25,1.5,13:00,-241.0,50,-4.82
±3,2.5,0.5,10:00,-245.0,50,-4.9
±3,4.0,2.0,13:30,-245.0,50,-4.9
±3,4.25,2.0,13:30,-245.0,50,-4.9
±3,2.25,0.5,10:00,-245.0,50,-4.9
±3,3.0,0.5,10:00,-245.0,50,-4.9
±3,2.75,0.5,10:00,-245.0,50,-4.9
±3,3.75,2.0,13:30,-245.0,50,-4.9
±3,2.0,0.5,10:00,-245.0,50,-4.9
±3,3.5,2.0,13:30,-245.0,50,-4.9
±3,4.75,2.0,13:30,-245.0,50,-4.9
±3,4.5,2.0,13:30,-245.0,50,-4.9
±3,3.25,0.5,10:00,-245.0,50,-4.9
±3,5.0,2.0,13:30,-245.0,50,-4.9
±4,1.0,1.25,10:00,-246.0,50,-4.92
±3,2.75,2.0,13:00,-247.0,50,-4.94
±4,3.25,0.75,14:30,-252.0,50,-5.04
±4,1.5,1.0,14:00,-252.0,50,-5.04
±4,1.5,1.25,10:00,-252.0,50,-5.04
±3,2.0,0.5,14:30,-259.0,50,-5.18
±4,1.0,1.0,10:30,-261.0,50,-5.22
±3,1.0,1.25,13:30,-263.0,50,-5.26
±3,1.5,1.0,14:00,-264.0,50,-5.28
±3,1.5,1.25,10:00,-264.0,50,-5.28
±3,1.75,1.0,14:30,-267.0,50,-5.34
±3,2.75,0.5,14:30,-270.0,50,-5.4
±3,1.0,1.25,10:00,-271.0,50,-5.42
±3,2.0,2.0,10:00,-271.0,50,-5.42
±3,3.0,2.0,10:00,-271.0,50,-5.42
±3,2.25,2.0,10:00,-271.0,50,-5.42
±3,3.25,2.0,10:00,-271.0,50,-5.42
±3,2.5,2.0,10:00,-271.0,50,-5.42
±3,2.75,2.0,10:00,-271.0,50,-5.42
±4,2.75,0.75,12:30,-272.0,50,-5.44
±4,2.5,0.75,12:30,-272.0,50,-5.44
±4,2.25,0.75,12:30,-272.0,50,-5.44
±4,3.25,0.75,12:30,-272.0,50,-5.44
±4,3.0,0.75,12:30,-272.0,50,-5.44
±4,1.0,0.5,10:30,-274.0,50,-5.48
±3,1.0,1.0,10:30,-274.0,50,-5.48
±4,1.75,2.0,14:00,-275.0,50,-5.5
±3,1.0,0.75,10:30,-276.0,50,-5.52
±3,2.5,1.25,15:00,-280.0,50,-5.6
±4,3.5,1.0,10:00,-281.0,50,-5.62
±4,5.0,1.0,10:00,-281.0,50,-5.62
±4,4.5,1.0,10:00,-281.0,50,-5.62
±4,4.0,1.0,10:00,-281.0,50,-5.62
±3,1.5,1.5,13:30,-281.0,50,-5.62
±4,4.75,1.0,10:00,-281.0,50,-5.62
±4,3.75,1.0,10:00,-281.0,50,-5.62
±4,4.25,1.0,10:00,-281.0,50,-5.62
±3,5.0,1.0,10:00,-284.0,50,-5.68
±3,4.25,1.0,10:00,-284.0,50,-5.68
±4,2.0,2.0,11:00,-284.0,50,-5.68
±3,2.25,1.25,14:30,-284.0,50,-5.68
±3,4.0,1.0,10:00,-284.0,50,-5.68
±3,4.5,1.0,10:00,-284.0,50,-5.68
±3,3.75,1.0,10:00,-284.0,50,-5.68
±3,3.5,1.0,10:00,-284.0,50,-5.68
±4,1.75,0.5,10:00,-284.0,50,-5.68
±3,4.75,1.0,10:00,-284.0,50,-5.68
±3,2.5,2.0,13:30,-285.0,50,-5.7
±4,2.0,2.0,13:30,-285.0,50,-5.7
±3,1.25,1.25,13:00,-286.0,50,-5.72
±3,3.25,2.0,13:00,-286.0,50,-5.72
±3,3.0,2.0,13:00,-286.0,50,-5.72
±3,5.0,0.5,11:30,-287.0,50,-5.74
±3,4.75,0.5,11:30,-287.0,50,-5.74
±3,4.25,0.5,11:30,-287.0,50,-5.74
±3,3.5,0.5,11:30,-287.0,50,-5.74
±3,3.75,0.5,11:30,-287.0,50,-5.74
±3,4.0,0.5,11:30,-287.0,50,-5.74
±3,4.5,0.5,11:30,-287.0,50,-5.74
±4,1.25,1.5,10:30,-288.0,50,-5.76
±4,1.5,1.0,12:30,-288.0,50,-5.76
±4,1.25,1.25,14:00,-289.0,50,-5.78
±3,1.0,1.25,11:00,-289.0,50,-5.78
±3,3.0,1.75,13:30,-289.0,50,-5.78
±4,1.25,2.25,10:30,-290.0,50,-5.8
±3,1.75,0.75,10:00,-290.0,50,-5.8
±4,1.25,1.25,13:30,-292.0,50,-5.84
±4,1.0,1.25,11:00,-293.0,50,-5.86
±4,1.5,1.0,12:00,-293.0,50,-5.86
±3,4.5,0.5,11:00,-296.0,50,-5.92
±3,4.0,0.5,11:00,-296.0,50,-5.92
±3,4.75,0.5,11:00,-296.0,50,-5.92
±3,3.0,0.75,14:30,-296.0,50,-5.92
±3,5.0,0.5,11:00,-296.0,50,-5.92
±4,2.25,1.25,14:30,-296.0,50,-5.92
±3,3.5,0.5,11:00,-296.0,50,-5.92
±3,4.25,0.5,11:00,-296.0,50,-5.92
±3,3.75,0.5,11:00,-296.0,50,-5.92
±4,2.5,1.25,14:30,-296.0,50,-5.92
±3,2.25,0.5,12:00,-298.0,50,-5.96
±3,2.5,0.5,12:00,-298.0,50,-5.96
±3,3.0,0.5,12:00,-298.0,50,-5.96
±3,2.75,0.5,12:00,-298.0,50,-5.96
±3,3.25,0.5,12:00,-298.0,50,-5.96
±4,3.75,1.25,11:30,-299.0,50,-5.98
±4,4.5,1.25,11:30,-299.0,50,-5.98
±4,3.5,1.25,11:30,-299.0,50,-5.98
±4,4.75,1.25,11:30,-299.0,50,-5.98
±4,4.0,1.25,11:30,-299.0,50,-5.98
±3,1.25,2.25,10:30,-299.0,50,-5.98
±4,4.25,1.25,11:30,-299.0,50,-5.98
±4,5.0,1.25,11:30,-299.0,50,-5.98
±4,1.75,1.0,14:30,-301.0,50,-6.02
±4,3.25,2.0,13:30,-303.0,50,-6.06
±4,4.75,0.75,10:00,-304.0,50,-6.08
±4,5.0,0.75,10:00,-304.0,50,-6.08
±4,3.5,0.75,10:00,-304.0,50,-6.08
±4,4.5,0.75,10:00,-304.0,50,-6.08
±4,1.5,2.0,11:00,-304.0,50,-6.08
±4,4.25,0.75,10:00,-304.0,50,-6.08
±4,3.75,0.75,10:00,-304.0,50,-6.08
±4,4.0,0.75,10:00,-304.0,50,-6.08
±4,3.5,1.5,14:00,-310.0,50,-6.2
±4,4.0,1.5,14:00,-310.0,50,-6.2
±4,4.5,1.5,14:00,-310.0,50,-6.2
±4,3.75,1.5,14:00,-310.0,50,-6.2
±4,4.75,1.5,14:00,-310.0,50,-6.2
±4,4.25,1.5,14:00,-310.0,50,-6.2
±4,5.0,1.5,14:00,-310.0,50,-6.2
±3,3.25,1.75,14:00,-311.0,50,-6.22
±4,3.0,2.0,11:00,-312.0,50,-6.24
±4,3.25,2.0,11:00,-312.0,50,-6.24
±4,2.25,2.0,11:00,-312.0,50,-6.24
±4,2.5,2.0,11:00,-312.0,50,-6.24
±4,2.75,2.0,11:00,-312.0,50,-6.24
±4,3.25,2.0,10:00,-314.0,50,-6.28
±4,3.0,2.0,10:00,-314.0,50,-6.28
±4,2.25,2.0,10:00,-314.0,50,-6.28
±4,2.5,2.0,10:00,-314.0,50,-6.28
±4,2.0,2.0,10:00,-314.0,50,-6.28
±4,2.75,2.0,10:00,-314.0,50,-6.28
±3,1.25,1.25,12:00,-317.0,50,-6.34
±3,3.25,1.75,13:30,-317.0,50,-6.34
±4,1.25,1.25,12:00,-323.0,50,-6.46
±3,1.5,1.0,12:30,-323.0,50,-6.46
±4,3.5,0.5,11:30,-325.0,50,-6.5
±4,5.0,0.5,11:30,-325.0,50,-6.5
±4,4.0,0.5,11:30,-325.0,50,-6.5
±4,4.5,0.5,11:30,-325.0,50,-6.5
±4,4.75,0.5,11:30,-325.0,50,-6.5
±4,3.75,0.5,11:30,-325.0,50,-6.5
±4,4.25,0.5,11:30,-325.0,50,-6.5
±3,1.75,2.0,13:00,-330.0,50,-6.6
±4,2.75,0.75,14:30,-331.0,50,-6.62
±4,1.25,1.25,13:00,-332.0,50,-6.64
±4,3.25,1.0,15:00,-332.0,50,-6.64
±3,2.25,1.5,14:00,-332.0,50,-6.64
±4,2.5,0.75,12:00,-333.0,50,-6.66
±4,2.25,0.75,12:00,-333.0,50,-6.66
±4,3.25,0.75,12:00,-333.0,50,-6.66
±4,2.75,0.75,12:00,-333.0,50,-6.66
±4,3.0,0.75,12:00,-333.0,50,-6.66
±3,1.75,1.75,11:00,-334.0,50,-6.68
±4,1.25,0.5,12:00,-334.0,50,-6.68
±3,1.5,1.0,12:00,-336.0,50,-6.72
±3,0.75,1.25,13:30,-340.0,50,-6.8
±3,4.75,1.25,12:30,-342.0,50,-6.84
±4,1.0,1.0,10:00,-342.0,50,-6.84
±3,3.75,1.25,12:30,-342.0,50,-6.84
±3,4.0,1.25,12:30,-342.0,50,-6.84
±3,4.5,1.25,12:30,-342.0,50,-6.84
±3,5.0,1.25,12:30,-342.0,50,-6.84
±4,1.0,1.25,13:30,-342.0,50,-6.84
±3,4.25,1.25,12:30,-342.0,50,-6.84
±3,3.5,1.25,12:30,-342.0,50,-6.84
±4,0.75,1.25,10:00,-343.0,50,-6.86
±4,1.0,4.5,10:30,-344.0,50,-6.88
±4,1.0,3.5,10:30,-344.0,50,-6.88
±4,1.0,2.75,10:30,-344.0,50,-6.88
±4,1.0,4.0,10:30,-344.0,50,-6.88
±4,1.0,4.25,10:30,-344.0,50,-6.88
±4,1.0,4.75,10:30,-344.0,50,-6.88
±4,1.0,3.25,10:30,-344.0,50,-6.88
±4,1.0,3.75,10:30,-344.0,50,-6.88
±4,1.0,5.0,10:30,-344.0,50,-6.88
±4,1.0,3.0,10:30,-344.0,50,-6.88
±3,3.25,0.75,12:30,-345.0,50,-6.9
±3,2.25,0.75,12:30,-345.0,50,-6.9
±3,2.75,0.75,12:30,-345.0,50,-6.9
±3,2.5,0.75,12:30,-345.0,50,-6.9
±3,3.0,0.75,12:30,-345.0,50,-6.9
±4,1.5,1.0,10:00,-348.0,50,-6.96
±3,3.25,0.75,14:30,-351.0,50,-7.02
±4,1.75,1.5,11:00,-353.0,50,-7.06
±4,3.25,0.75,15:00,-356.0,50,-7.12
±3,1.0,0.5,10:30,-358.0,50,-7.16
±4,3.0,2.0,13:00,-359.0,50,-7.18
±4,3.25,2.0,13:00,-359.0,50,-7.18
±4,3.75,2.0,14:00,-361.0,50,-7.22
±4,4.0,2.0,14:00,-361.0,50,-7.22
±4,5.0,2.0,14:00,-361.0,50,-7.22
±4,3.5,2.0,14:00,-361.0,50,-7.22
±4,4.75,2.0,14:00,-361.0,50,-7.22
±4,4.5,2.0,14:00,-361.0,50,-7.22
±4,4.25,2.0,14:00,-361.0,50,-7.22
±4,1.75,0.5,15:00,-362.0,50,-7.24
±3,1.75,0.5,10:00,-363.0,50,-7.26
±4,2.0,0.75,14:30,-363.0,50,-7.26
±3,1.5,1.0,10:00,-364.0,50,-7.28
±4,1.0,0.75,10:00,-365.0,50,-7.3
±3,1.25,1.25,11:30,-366.0,50,-7.32
±4,3.25,1.0,14:30,-368.0,50,-7.36
±4,2.75,0.5,15:00,-369.0,50,-7.38
±3,3.5,2.0,13:00,-369.0,50,-7.38
±3,3.75,2.0,13:00,-369.0,50,-7.38
±3,4.75,2.0,13:00,-369.0,50,-7.38
±3,5.0,2.0,13:00,-369.0,50,-7.38
±4,3.0,0.75,14:30,-369.0,50,-7.38
±3,4.0,2.0,13:00,-369.0,50,-7.38
±3,4.25,2.0,13:00,-369.0,50,-7.38
±3,4.5,2.0,13:00,-369.0,50,-7.38
±4,3.5,0.5,12:30,-370.0,50,-7.4
±3,0.75,1.25,10:00,-370.0,50,-7.4
±4,4.25,0.5,12:30,-370.0,50,-7.4
±4,5.0,0.5,12:30,-370.0,50,-7.4
±4,4.75,0.5,12:30,-370.0,50,-7.4
±4,3.75,0.5,12:30,-370.0,50,-7.4
±4,4.0,0.5,12:30,-370.0,50,-7.4
±4,4.5,0.5,12:30,-370.0,50,-7.4
±4,1.0,0.5,11:00,-370.0,50,-7.4
±4,1.5,0.75,10:00,-371.0,50,-7.42
±3,1.0,1.0,10:00,-371.0,50,-7.42
±4,0.75,1.25,10:30,-371.0,50,-7.42
±4,4.25,1.25,15:00,-374.0,50,-7.48
±4,3.5,1.25,15:00,-374.0,50,-7.48
±4,2.25,1.5,13:30,-374.0,50,-7.48
±4,4.75,1.25,15:00,-374.0,50,-7.48
±4,3.75,1.25,15:00,-374.0,50,-7.48
±4,2.5,1.5,13:30,-374.0,50,-7.48
±4,4.0,1.25,15:00,-374.0,50,-7.48
±4,4.5,1.25,15:00,-374.0,50,-7.48
±4,5.0,1.25,15:00,-374.0,50,-7.48
±3,3.0,1.75,14:00,-376.0,50,-7.52
±3,3.0,1.0,14:30,-377.0,50,-7.54
±4,4.5,1.25,12:30,-377.0,50,-7.54
±4,3.75,1.25,12:30,-377.0,50,-7.54
±4,3.5,1.25,12:30,-377.0,50,-7.54
±4,4.75,1.25,12:30,-377.0,50,-7.54
±4,5.0,1.25,12:30,-377.0,50,-7.54
±4,4.0,1.25,12:30,-377.0,50,-7.54
±4,4.25,1.25,12:30,-377.0,50,-7.54
±4,1.25,1.25,11:30,-377.0,50,-7.54
±3,4.5,0.75,10:00,-378.0,50,-7.56
±4,4.0,0.5,10:00,-378.0,50,-7.56
±3,4.25,0.75,10:00,-378.0,50,-7.56
±4,4.75,0.5,10:00,-378.0,50,-7.56
±3,3.5,0.75,10:00,-378.0,50,-7.56
±4,4.5,0.5,10:00,-378.0,50,-7.56
±3,3.75,0.75,10:00,-378.0,50,-7.56
±4,4.25,0.5,10:00,-378.0,50,-7.56
±3,4.75,0.75,10:00,-378.0,50,-7.56
±3,4.0,0.75,10:00,-378.0,50,-7.56
±4,3.5,0.5,10:00,-378.0,50,-7.56
±3,5.0,0.75,10:00,-378.0,50,-7.56
±4,3.75,0.5,10:00,-378.0,50,-7.56
±4,5.0,0.5,10:00,-378.0,50,-7.56
±3,1.0,3.5,10:30,-382.0,50,-7.64
±3,1.0,3.0,10:30,-382.0,50,-7.64
±3,1.0,5.0,10:30,-382.0,50,-7.64
±3,1.0,2.75,10:30,-382.0,50,-7.64
±3,1.0,4.0,10:30,-382.0,50,-7.64
±3,1.0,4.75,10:30,-382.0,50,-7.64
±3,1.0,3.75,10:30,-382.0,50,-7.64
±3,1.0,4.5,10:30,-382.0,50,-7.64
±3,1.0,3.25,10:30,-382.0,50,-7.64
±3,1.0,4.25,10:30,-382.0,50,-7.64
±3,0.5,1.25,13:00,-383.0,50,-7.66
±3,2.0,0.75,14:30,-383.0,50,-7.66
±3,1.25,0.5,12:00,-385.0,50,-7.7
±4,2.5,1.25,15:00,-385.0,50,-7.7
±4,2.25,1.25,15:00,-385.0,50,-7.7
±3,2.75,1.75,13:30,-387.0,50,-7.74
±4,0.5,1.25,13:00,-388.0,50,-7.76
±3,1.75,1.75,13:30,-388.0,50,-7.76
±3,2.0,1.5,11:00,-388.0,50,-7.76
±3,1.75,2.0,10:00,-389.0,50,-7.78
±3,3.25,1.0,15:00,-390.0,50,-7.8
±3,3.25,0.5,15:00,-392.0,50,-7.84
±3,2.75,0.75,14:30,-394.0,50,-7.88
±4,1.75,1.75,11:00,-397.0,50,-7.94
±3,2.25,2.0,14:00,-397.0,50,-7.94
±4,1.5,1.25,15:00,-398.0,50,-7.96
±4,3.5,0.75,11:00,-400.0,50,-8.0
±4,4.75,0.75,11:00,-400.0,50,-8.0
±4,4.0,0.75,11:00,-400.0,50,-8.0
±4,3.75,0.75,11:00,-400.0,50,-8.0
±3,0.75,1.25,10:30,-400.0,50,-8.0
±4,4.5,0.75,11:00,-400.0,50,-8.0
±4,5.0,0.75,11:00,-400.0,50,-8.0
±4,4.25,0.75,11:00,-400.0,50,-8.0
±4,1.25,0.5,11:30,-403.0,50,-8.06
±3,4.5,0.5,12:30,-404.0,50,-8.08
±3,3.5,0.5,12:30,-404.0,50,-8.08
±4,0.75,1.25,13:30,-404.0,50,-8.08
±3,3.75,0.5,12:30,-404.0,50,-8.08
±3,4.25,0.5,12:30,-404.0,50,-8.08
±3,4.75,0.5,12:30,-404.0,50,-8.08
±3,5.0,0.5,12:30,-404.0,50,-8.08
±3,4.0,0.5,12:30,-404.0,50,-8.08
±4,3.0,0.5,15:00,-407.0,50,-8.14
±4,1.0,2.5,10:30,-409.0,50,-8.18
±4,1.75,2.0,13:00,-410.0,50,-8.2
±4,2.0,1.75,13:00,-412.0,50,-8.24
±3,2.0,1.5,12:30,-415.0,50,-8.3
±4,2.75,2.0,13:30,-419.0,50,-8.38
±3,3.75,0.75,11:30,-420.0,50,-8.4
±3,4.5,0.75,11:30,-420.0,50,-8.4
±3,4.75,0.75,11:30,-420.0,50,-8.4
±3,2.0,1.75,13:00,-420.0,50,-8.4
±3,3.5,0.75,11:30,-420.0,50,-8.4
±3,5.0,0.75,11:30,-420.0,50,-8.4
±3,4.25,0.75,11:30,-420.0,50,-8.4
±3,4.0,0.75,11:30,-420.0,50,-8.4
±3,1.0,0.5,11:00,-425.0,50,-8.5
±3,1.5,1.5,13:00,-426.0,50,-8.52
±4,1.75,2.0,10:00,-426.0,50,-8.52
±3,1.5,1.5,11:00,-427.0,50,-8.54
±4,4.25,0.5,14:30,-430.0,50,-8.6
±4,5.0,0.5,14:30,-430.0,50,-8.6
±4,4.5,0.5,14:30,-430.0,50,-8.6
±4,4.75,0.5,14:30,-430.0,50,-8.6
±4,4.0,0.5,14:30,-430.0,50,-8.6
±4,3.75,0.5,14:30,-430.0,50,-8.6
±4,3.5,0.5,14:30,-430.0,50,-8.6
±3,2.5,0.75,12:00,-432.0,50,-8.64
±3,1.0,2.5,10:30,-432.0,50,-8.64
±4,5.0,0.75,11:30,-432.0,50,-8.64
±4,4.0,0.75,11:30,-432.0,50,-8.64
±4,3.75,0.75,11:30,-432.0,50,-8.64
±3,3.25,0.75,12:00,-432.0,50,-8.64
±4,4.25,0.75,11:30,-432.0,50,-8.64
±4,4.75,0.75,11:30,-432.0,50,-8.64
±3,2.75,0.75,12:00,-432.0,50,-8.64
±4,3.5,0.75,11:30,-432.0,50,-8.64
±3,2.25,0.75,12:00,-432.0,50,-8.64
±3,3.25,1.0,14:30,-432.0,50,-8.64
±3,3.0,0.75,12:00,-432.0,50,-8.64
±4,4.5,0.75,11:30,-432.0,50,-8.64
±4,2.5,1.5,14:00,-433.0,50,-8.66
±4,2.25,1.5,14:00,-433.0,50,-8.66
±4,3.25,1.0,12:30,-434.0,50,-8.68
±4,2.75,1.0,12:30,-434.0,50,-8.68
±4,3.0,1.0,12:30,-434.0,50,-8.68
±4,2.25,1.0,12:30,-434.0,50,-8.68
±4,2.5,1.0,12:30,-434.0,50,-8.68
±3,4.5,1.25,15:00,-439.0,50,-8.78
±3,3.75,1.25,15:00,-439.0,50,-8.78
±3,5.0,1.25,15:00,-439.0,50,-8.78
±3,4.75,1.25,15:00,-439.0,50,-8.78
±4,4.75,1.0,11:00,-439.0,50,-8.78
±4,4.0,1.0,11:00,-439.0,50,-8.78
±4,4.5,1.0,11:00,-439.0,50,-8.78
±3,3.5,1.25,15:00,-439.0,50,-8.78
±3,4.25,1.25,15:00,-439.0,50,-8.78
±4,4.25,1.0,11:00,-439.0,50,-8.78
±3,4.0,1.25,15:00,-439.0,50,-8.78
±4,5.0,1.0,11:00,-439.0,50,-8.78
±4,3.75,1.0,11:00,-439.0,50,-8.78
±4,3.5,1.0,11:00,-439.0,50,-8.78
±4,0.75,1.0,10:00,-439.0,50,-8.78
±4,1.0,0.5,10:00,-439.0,50,-8.78
±4,1.5,0.5,10:00,-445.0,50,-8.9
±3,2.25,1.0,12:30,-447.0,50,-8.94
±3,3.0,1.0,12:30,-447.0,50,-8.94
±3,3.25,1.0,12:30,-447.0,50,-8.94
±3,2.75,1.0,12:30,-447.0,50,-8.94
±4,2.75,1.0,14:30,-447.0,50,-8.94
±3,2.5,1.0,12:30,-447.0,50,-8.94
±3,2.5,2.0,13:00,-448.0,50,-8.96
±3,1.25,1.25,12:30,-450.0,50,-9.0
±3,3.75,0.5,10:00,-451.0,50,-9.02
±3,5.0,0.5,10:00,-451.0,50,-9.02
±3,4.75,0.5,10:00,-451.0,50,-9.02
±3,4.0,0.5,10:00,-451.0,50,-9.02
±3,2.0,1.75,14:00,-451.0,50,-9.02
±3,4.5,0.5,10:00,-451.0,50,-9.02
±3,4.25,0.5,10:00,-451.0,50,-9.02
±3,3.5,0.5,10:00,-451.0,50,-9.02
±3,1.25,0.5,11:30,-453.0,50,-9.06
±4,4.25,2.0,13:00,-453.0,50,-9.06
±4,4.75,2.0,13:00,-453.0,50,-9.06
±4,3.5,2.0,13:00,-453.0,50,-9.06
±4,3.75,2.0,13:00,-453.0,50,-9.06
±4,5.0,2.0,13:00,-453.0,50,-9.06
±4,4.0,2.0,13:00,-453.0,50,-9.06
±4,1.25,1.25,10:00,-453.0,50,-9.06
±4,4.5,2.0,13:00,-453.0,50,-9.06
±3,1.25,1.25,10:00,-454.0,50,-9.08
±4,5.0,1.25,12:00,-455.0,50,-9.1
±4,3.75,1.25,12:00,-455.0,50,-9.1
±4,4.0,1.25,12:00,-455.0,50,-9.1
±4,4.5,1.25,12:00,-455.0,50,-9.1
±3,1.5,1.25,15:00,-455.0,50,-9.1
±4,4.75,1.25,12:00,-455.0,50,-9.1
±4,3.5,1.25,12:00,-455.0,50,-9.1
±4,4.25,1.25,12:00,-455.0,50,-9.1
±4,1.25,0.75,12:00,-457.0,50,-9.14
±4,3.0,2.0,13:30,-457.0,50,-9.14
±3,1.75,1.0,15:00,-458.0,50,-9.16
±3,2.5,1.5,11:00,-458.0,50,-9.16
±3,1.5,0.75,10:00,-458.0,50,-9.16
±3,2.75,1.5,11:00,-458.0,50,-9.16
±3,3.0,1.5,11:00,-458.0,50,-9.16
±3,2.25,1.5,11:00,-458.0,50,-9.16
±3,3.25,1.5,11:00,-458.0,50,-9.16
±3,1.75,0.5,15:00,-460.0,50,-9.2
±4,1.5,0.5,14:30,-461.0,50,-9.22
±4,0.75,0.75,10:00,-462.0,50,-9.24
±3,1.25,2.0,11:00,-462.0,50,-9.24
±3,5.0,1.25,12:00,-463.0,50,-9.26
±3,4.75,1.25,12:00,-463.0,50,-9.26
±3,4.0,1.25,12:00,-463.0,50,-9.26
±3,3.75,1.25,12:00,-463.0,50,-9.26
±3,4.25,1.25,12:00,-463.0,50,-9.26
±3,4.5,1.25,12:00,-463.0,50,-9.26
±3,3.5,1.25,12:00,-463.0,50,-9.26
±3,2.0,1.0,14:30,-464.0,50,-9.28
±3,1.0,0.75,10:00,-465.0,50,-9.3
±4,4.5,0.5,12:00,-466.0,50,-9.32
±4,4.25,0.5,12:00,-466.0,50,-9.32
±4,1.75,1.0,15:00,-466.0,50,-9.32
±4,3.75,0.5,12:00,-466.0,50,-9.32
±4,3.5,0.5,12:00,-466.0,50,-9.32
±4,4.0,0.5,12:00,-466.0,50,-9.32
±4,4.75,0.5,12:00,-466.0,50,-9.32
±4,5.0,0.5,12:00,-466.0,50,-9.32
±4,0.75,1.25,14:00,-466.0,50,-9.32
±3,0.75,1.25,14:00,-467.0,50,-9.34
±4,1.75,2.0,13:30,-469.0,50,-9.38
±4,1.0,1.75,10:30,-470.0,50,-9.4
±3,0.75,1.0,10:00,-470.0,50,-9.4
±3,2.5,0.5,14:30,-471.0,50,-9.42
±4,2.75,1.0,15:00,-473.0,50,-9.46
±3,2.75,1.75,14:00,-474.0,50,-9.48
±3,2.75,1.0,14:30,-475.0,50,-9.5
±3,2.25,1.25,15:00,-476.0,50,-9.52
±3,4.25,2.0,10:00,-477.0,50,-9.54
±3,3.5,2.0,10:00,-477.0,50,-9.54
±3,4.5,2.0,10:00,-477.0,50,-9.54
±3,4.0,2.0,10:00,-477.0,50,-9.54
±3,4.75,2.0,10:00,-477.0,50,-9.54
±3,5.0,2.0,10:00,-477.0,50,-9.54
±3,3.75,2.0,10:00,-477.0,50,-9.54
±4,2.0,1.0,14:30,-479.0,50,-9.58
±3,3.0,1.0,15:00,-479.0,50,-9.58
±3,3.0,0.5,15:00,-481.0,50,-9.62
±4,1.25,0.5,12:30,-481.0,50,-9.62
±3,2.25,2.0,13:30,-481.0,50,-9.62
±4,2.25,2.0,14:00,-484.0,50,-9.68
±4,2.5,2.0,14:00,-484.0,50,-9.68
±3,2.0,1.75,11:00,-484.0,50,-9.68
±4,2.0,1.5,12:30,-485.0,50,-9.7
±4,3.0,1.0,14:30,-485.0,50,-9.7
±4,1.25,1.25,12:30,-488.0,50,-9.76
±4,1.75,0.75,15:00,-490.0,50,-9.8
±3,4.25,1.0,11:30,-493.0,50,-9.86
±3,4.75,1.0,11:30,-493.0,50,-9.86
±3,4.0,1.0,11:30,-493.0,50,-9.86
±3,3.5,1.0,11:30,-493.0,50,-9.86
±3,4.5,1.0,11:30,-493.0,50,-9.86
±3,3.75,1.0,11:30,-493.0,50,-9.86
±3,5.0,1.0,11:30,-493.0,50,-9.86
±4,2.25,1.75,10:00,-494.0,50,-9.88
±4,2.75,1.75,10:00,-494.0,50,-9.88
±4,1.5,1.5,13:00,-494.0,50,-9.88
±4,2.0,1.75,10:00,-494.0,50,-9.88
±4,2.5,1.75,10:00,-494.0,50,-9.88
±4,3.0,1.75,10:00,-494.0,50,-9.88
±4,3.25,1.75,10:00,-494.0,50,-9.88
±3,1.0,1.75,10:30,-496.0,50,-9.92
±4,2.75,0.75,15:00,-497.0,50,-9.94
±3,0.75,2.0,10:30,-498.0,50,-9.96
±3,3.25,0.75,15:00,-499.0,50,-9.98
±4,2.0,0.5,15:00,-501.0,50,-10.02
±4,0.75,0.75,10:30,-504.0,50,-10.08
±4,2.75,1.75,13:00,-505.0,50,-10.1
±4,0.75,2.0,10:30,-508.0,50,-10.16
±4,2.0,1.5,11:00,-508.0,50,-10.16
±4,1.25,0.75,11:30,-510.0,50,-10.2
±4,2.5,1.0,12:00,-511.0,50,-10.22
±4,3.25,1.0,12:00,-511.0,50,-10.22
±4,0.5,0.75,13:30,-511.0,50,-10.22
±4,3.0,1.0,15:00,-511.0,50,-10.22
±4,3.0,1.0,12:00,-511.0,50,-10.22
±4,2.25,1.0,12:00,-511.0,50,-10.22
±4,2.75,1.0,12:00,-511.0,50,-10.22
±3,1.25,0.5,12:30,-512.0,50,-10.24
±4,2.0,1.75,13:30,-513.0,50,-10.26
±3,5.0,0.5,14:30,-517.0,50,-10.34
±3,3.5,0.5,14:30,-517.0,50,-10.34
±3,4.5,0.5,14:30,-517.0,50,-10.34
±3,4.0,0.5,14:30,-517.0,50,-10.34
±3,4.25,0.5,14:30,-517.0,50,-10.34
±3,3.75,0.5,14:30,-517.0,50,-10.34
±3,4.75,0.5,14:30,-517.0,50,-10.34
±3,1.25,0.75,12:00,-519.0,50,-10.38
±3,3.75,1.0,11:00,-519.0,50,-10.38
±3,3.5,1.0,11:00,-519.0,50,-10.38
±3,4.0,1.0,11:00,-519.0,50,-10.38
±3,4.25,1.0,11:00,-519.0,50,-10.38
±3,5.0,1.0,11:00,-519.0,50,-10.38
±3,4.75,1.0,11:00,-519.0,50,-10.38
±3,4.5,1.0,11:00,-519.0,50,-10.38
±4,4.75,0.75,12:30,-520.0,50,-10.4
±4,4.25,0.75,12:30,-520.0,50,-10.4
±3,3.25,1.75,10:00,-520.0,50,-10.4
±3,3.0,1.75,10:00,-520.0,50,-10.4
±4,3.75,0.75,12:30,-520.0,50,-10.4
±3,2.0,1.75,10:00,-520.0,50,-10.4
±3,2.5,1.75,10:00,-520.0,50,-10.4
±4,5.0,0.75,12:30,-520.0,50,-10.4
±4,4.75,2.0,10:00,-520.0,50,-10.4
±4,4.0,2.0,10:00,-520.0,50,-10.4
±4,4.5,2.0,10:00,-520.0,50,-10.4
±4,4.25,2.0,10:00,-520.0,50,-10.4
±4,4.0,0.75,12:30,-520.0,50,-10.4
±4,3.75,2.0,10:00,-520.0,50,-10.4
±4,4.5,0.75,12:30,-520.0,50,-10.4
±4,3.5,0.75,12:30,-520.0,50,-10.4
±3,2.25,1.75,10:00,-520.0,50,-10.4
±4,3.5,2.0,10:00,-520.0,50,-10.4
±4,5.0,2.0,10:00,-520.0,50,-10.4
±3,2.75,1.75,10:00,-520.0,50,-10.4
±3,1.0,1.5,10:30,-521.0,50,-10.42
±3,1.5,1.75,11:00,-523.0,50,-10.46
±3,2.0,2.5,13:30,-524.0,50,-10.48
±4,0.5,1.25,10:30,-525.0,50,-10.5
±3,1.75,1.5,12:30,-526.0,50,-10.52
±4,1.5,1.5,13:30,-527.0,50,-10.54
±4,1.5,1.5,11:00,-528.0,50,-10.56
±3,1.5,0.5,10:00,-531.0,50,-10.62
±4,3.25,1.75,13:30,-531.0,50,-10.62
±3,4.5,0.5,12:00,-531.0,50,-10.62
±3,3.5,0.5,12:00,-531.0,50,-10.62
±3,4.0,0.5,12:00,-531.0,50,-10.62
±3,4.25,0.5,12:00,-531.0,50,-10.62
±3,3.75,0.5,12:00,-531.0,50,-10.62
±3,4.75,0.5,12:00,-531.0,50,-10.62
±3,5.0,0.5,12:00,-531.0,50,-10.62
±4,3.0,0.75,15:00,-535.0,50,-10.7
±4,2.0,1.5,10:00,-535.0,50,-10.7
±4,3.0,1.5,10:00,-535.0,50,-10.7
±4,2.75,1.5,10:00,-535.0,50,-10.7
±4,2.5,1.5,10:00,-535.0,50,-10.7
±4,3.25,1.5,10:00,-535.0,50,-10.7
±4,2.25,1.5,10:00,-535.0,50,-10.7
±4,2.75,1.5,11:00,-536.0,50,-10.72
±4,3.0,1.5,11:00,-536.0,50,-10.72
±4,2.5,1.5,11:00,-536.0,50,-10.72
±4,3.25,1.5,11:00,-536.0,50,-10.72
±4,0.75,0.5,10:00,-536.0,50,-10.72
±4,2.25,1.5,11:00,-536.0,50,-10.72
±3,1.0,0.5,10:00,-538.0,50,-10.76
±4,2.75,1.75,14:00,-539.0,50,-10.78
±3,4.0,1.75,14:00,-541.0,50,-10.82
±3,4.25,1.75,14:00,-541.0,50,-10.82
±3,4.75,1.75,14:00,-541.0,50,-10.82
±3,5.0,1.75,14:00,-541.0,50,-10.82
±3,4.5,1.75,14:00,-541.0,50,-10.82
±3,3.5,1.75,14:00,-541.0,50,-10.82
±3,3.75,1.75,14:00,-541.0,50,-10.82
±3,2.0,1.5,10:00,-544.0,50,-10.88
±3,3.0,1.5,10:00,-544.0,50,-10.88
±4,0.75,1.25,15:00,-544.0,50,-10.88
±3,3.25,1.5,10:00,-544.0,50,-10.88
±3,2.25,1.5,10:00,-544.0,50,-10.88
±3,2.75,1.5,10:00,-544.0,50,-10.88
±3,2.5,1.5,10:00,-544.0,50,-10.88
±3,4.0,0.75,11:00,-546.0,50,-10.92
±3,4.25,0.75,11:00,-546.0,50,-10.92
±3,3.5,0.75,11:00,-546.0,50,-10.92
±4,1.0,1.5,10:30,-546.0,50,-10.92
±3,5.0,0.75,11:00,-546.0,50,-10.92
±3,4.5,0.75,11:00,-546.0,50,-10.92
±3,3.75,0.75,11:00,-546.0,50,-10.92
±3,4.75,0.75,11:00,-546.0,50,-10.92
±4,1.0,2.25,10:30,-548.0,50,-10.96
±3,4.5,1.75,13:30,-548.0,50,-10.96
±3,3.5,1.75,13:30,-548.0,50,-10.96
±3,4.0,1.75,13:30,-548.0,50,-10.96
±3,3.75,1.75,13:30,-548.0,50,-10.96
±3,5.0,1.75,13:30,-548.0,50,-10.96
±3,4.25,1.75,13:30,-548.0,50,-10.96
±3,4.75,1.75,13:30,-548.0,50,-10.96
±4,1.25,1.0,10:00,-549.0,50,-10.98
±4,1.0,1.25,14:00,-549.0,50,-10.98
±4,2.0,1.75,11:00,-552.0,50,-11.04
±3,0.5,0.75,13:30,-553.0,50,-11.06
±3,3.25,1.75,11:00,-554.0,50,-11.08
±3,1.25,1.0,10:00,-554.0,50,-11.08
±3,2.75,1.75,11:00,-554.0,50,-11.08
±3,2.25,1.75,11:00,-554.0,50,-11.08
±3,3.0,1.75,11:00,-554.0,50,-11.08
±3,2.5,1.75,11:00,-554.0,50,-11.08
±4,3.25,1.75,14:00,-555.0,50,-11.1
±3,1.5,2.0,10:00,-557.0,50,-11.14
±3,2.5,1.0,12:00,-558.0,50,-11.16
±3,3.0,1.0,12:00,-558.0,50,-11.16
±3,2.25,1.0,12:00,-558.0,50,-11.16
±3,2.75,1.0,12:00,-558.0,50,-11.16
±3,3.25,1.0,12:00,-558.0,50,-11.16
±3,1.25,1.25,14:30,-560.0,50,-11.2
±3,1.5,0.5,14:30,-560.0,50,-11.2
±4,4.5,0.75,14:30,-562.0,50,-11.24
±3,4.0,0.75,12:30,-562.0,50,-11.24
±4,4.0,0.75,14:30,-562.0,50,-11.24
±4,3.5,0.75,14:30,-562.0,50,-11.24
±3,3.5,0.75,12:30,-562.0,50,-11.24
±4,5.0,0.75,14:30,-562.0,50,-11.24
±3,5.0,0.75,12:30,-562.0,50,-11.24
±3,4.25,0.75,12:30,-562.0,50,-11.24
±3,4.75,0.75,12:30,-562.0,50,-11.24
±3,3.75,0.75,12:30,-562.0,50,-11.24
±4,4.25,0.75,14:30,-562.0,50,-11.24
±4,3.75,0.75,14:30,-562.0,50,-11.24
±3,4.5,0.75,12:30,-562.0,50,-11.24
±4,4.75,0.75,14:30,-562.0,50,-11.24
±4,4.75,1.0,11:30,-563.0,50,-11.26
±4,4.5,1.0,11:30,-563.0,50,-11.26
±4,3.75,1.0,11:30,-563.0,50,-11.26
±4,3.5,1.0,11:30,-563.0,50,-11.26
±4,4.0,1.0,11:30,-563.0,50,-11.26
±4,5.0,1.0,11:30,-563.0,50,-11.26
±4,4.25,1.0,11:30,-563.0,50,-11.26
±3,1.0,2.0,10:00,-564.0,50,-11.28
±3,0.75,0.75,10:00,-564.0,50,-11.28
±3,0.75,1.25,15:00,-564.0,50,-11.28
±4,2.25,0.5,14:30,-567.0,50,-11.34
±4,2.5,0.5,14:30,-567.0,50,-11.34
±4,0.75,1.0,10:30,-567.0,50,-11.34
±3,1.75,0.75,15:00,-567.0,50,-11.34
±4,1.0,1.25,11:30,-568.0,50,-11.36
±3,1.0,1.25,14:00,-570.0,50,-11.4
±4,1.5,1.75,11:00,-572.0,50,-11.44
±4,1.25,0.75,10:00,-572.0,50,-11.44
±4,4.25,2.0,13:30,-573.0,50,-11.46
±4,3.5,2.0,13:30,-573.0,50,-11.46
±4,4.75,2.0,13:30,-573.0,50,-11.46
±4,3.75,2.0,13:30,-573.0,50,-11.46
±4,5.0,2.0,13:30,-573.0,50,-11.46
±4,4.5,2.0,13:30,-573.0,50,-11.46
±4,4.0,2.0,13:30,-573.0,50,-11.46
±4,1.25,2.0,11:00,-574.0,50,-11.48
±4,2.0,1.75,14:00,-576.0,50,-11.52
±4,3.0,1.75,14:00,-577.0,50,-11.54
±3,2.75,1.0,15:00,-577.0,50,-11.54
±3,2.75,0.5,15:00,-579.0,50,-11.58
±4,3.0,1.75,11:00,-580.0,50,-11.6
±4,2.75,1.75,11:00,-580.0,50,-11.6
±4,2.5,1.75,11:00,-580.0,50,-11.6
±4,3.25,1.75,11:00,-580.0,50,-11.6
±4,2.25,1.75,11:00,-580.0,50,-11.6
±4,0.75,0.5,10:30,-580.0,50,-11.6
±4,1.0,2.0,10:00,-581.0,50,-11.62
±3,2.75,1.75,13:00,-582.0,50,-11.64
±4,1.0,0.75,11:00,-583.0,50,-11.66
±3,1.25,0.75,11:30,-586.0,50,-11.72
±4,1.5,2.0,10:00,-587.0,50,-11.74
±3,0.5,1.25,10:30,-588.0,50,-11.76
±3,2.5,1.75,13:30,-588.0,50,-11.76
±3,3.0,0.75,15:00,-588.0,50,-11.76
±4,3.75,0.75,12:00,-589.0,50,-11.78
±4,4.75,0.75,12:00,-589.0,50,-11.78
±4,4.25,0.75,12:00,-589.0,50,-11.78
±4,4.5,0.75,12:00,-589.0,50,-11.78
±4,3.5,0.75,12:00,-589.0,50,-11.78
±4,5.0,0.75,12:00,-589.0,50,-11.78
±4,4.0,0.75,12:00,-589.0,50,-11.78
±3,1.25,0.75,13:30,-591.0,50,-11.82
±4,1.5,0.75,14:30,-593.0,50,-11.86
±4,1.0,0.5,11:30,-594.0,50,-11.88
±4,0.5,1.25,10:00,-594.0,50,-11.88
±3,2.5,0.75,14:30,-595.0,50,-11.9
±4,1.75,1.5,12:30,-596.0,50,-11.92
±4,0.5,0.75,14:30,-596.0,50,-11.92
±4,0.75,1.25,14:30,-598.0,50,-11.96
±3,1.0,1.25,11:30,-599.0,50,-11.98
±4,0.5,0.75,14:00,-601.0,50,-12.02
±4,1.0,1.25,15:00,-603.0,50,-12.06
±4,2.25,2.0,13:00,-605.0,50,-12.1
±4,2.5,2.0,13:00,-605.0,50,-12.1
±4,2.0,1.0,15:00,-605.0,50,-12.1
±4,1.75,1.75,10:00,-606.0,50,-12.12
±3,1.0,2.25,10:30,-608.0,50,-12.16
±3,1.25,0.5,13:30,-610.0,50,-12.2
±3,0.75,1.0,10:30,-611.0,50,-12.22
±4,0.5,0.75,15:00,-612.0,50,-12.24
±3,0.75,0.75,10:30,-613.0,50,-12.26
±4,1.0,1.25,13:00,-615.0,50,-12.3
±3,1.5,2.0,13:30,-617.0,50,-12.34
±3,3.25,2.5,14:00,-617.0,50,-12.34
±4,0.75,1.25,11:00,-620.0,50,-12.4
±4,0.75,1.25,13:00,-620.0,50,-12.4
±3,3.0,1.75,13:00,-621.0,50,-12.42
±3,3.25,1.75,13:00,-621.0,50,-12.42
±4,1.0,1.0,11:00,-622.0,50,-12.44
±3,1.75,1.75,14:00,-622.0,50,-12.44
±3,1.0,1.25,15:00,-624.0,50,-12.48
±4,0.5,1.0,15:00,-624.0,50,-12.48
±4,1.25,1.25,14:30,-625.0,50,-12.5
±3,0.75,1.25,13:00,-626.0,50,-12.52
±4,3.0,1.75,13:00,-627.0,50,-12.54
±4,3.25,1.75,13:00,-627.0,50,-12.54
±4,1.25,0.5,13:30,-627.0,50,-12.54
±3,3.0,2.5,13:30,-629.0,50,-12.58
±4,2.0,0.75,15:00,-629.0,50,-12.58
±4,1.25,0.75,12:30,-631.0,50,-12.62
±4,1.25,0.5,13:00,-631.0,50,-12.62
±4,1.0,1.25,14:30,-632.0,50,-12.64
±3,0.5,1.0,15:00,-635.0,50,-12.7
±4,1.25,1.0,12:00,-635.0,50,-12.7
±3,0.75,0.5,10:00,-637.0,50,-12.74
±3,1.75,1.75,10:00,-638.0,50,-12.76
±4,3.25,2.0,15:00,-639.0,50,-12.78
±4,1.25,0.75,13:30,-639.0,50,-12.78
±4,0.5,0.5,13:30,-640.0,50,-12.8
±3,2.0,1.0,15:00,-640.0,50,-12.8
±3,3.75,0.75,14:30,-641.0,50,-12.82
±3,5.0,0.75,14:30,-641.0,50,-12.82
±3,4.5,0.75,14:30,-641.0,50,-12.82
±3,3.5,0.75,14:30,-641.0,50,-12.82
±3,4.0,0.75,14:30,-641.0,50,-12.82
±3,4.25,0.75,14:30,-641.0,50,-12.82
±3,4.75,0.75,14:30,-641.0,50,-12.82
±4,1.25,1.0,11:30,-641.0,50,-12.82
±3,2.0,0.5,15:00,-642.0,50,-12.84
±3,2.25,2.0,13:00,-644.0,50,-12.88
±3,1.25,1.0,12:00,-645.0,50,-12.9
±4,1.25,0.5,10:00,-646.0,50,-12.92
±4,2.75,1.75,13:30,-647.0,50,-12.94
±4,1.75,1.5,10:00,-647.0,50,-12.94
±4,1.75,1.5,11:30,-647.0,50,-12.94
±3,1.0,1.0,11:00,-648.0,50,-12.96
±3,0.75,1.25,14:30,-648.0,50,-12.96
±3,1.25,0.75,10:00,-648.0,50,-12.96
±4,0.75,4.25,10:30,-650.0,50,-13.0
±4,0.75,2.75,10:30,-650.0,50,-13.0
±4,0.75,3.25,10:30,-650.0,50,-13.0
±4,0.75,3.0,10:30,-650.0,50,-13.0
±4,1.75,4.5,11:00,-650.0,50,-13.0
±4,1.75,2.75,11:00,-650.0,50,-13.0
±4,1.75,3.0,11:00,-650.0,50,-13.0
±4,1.75,3.75,11:00,-650.0,50,-13.0
±4,1.75,3.5,11:00,-650.0,50,-13.0
±4,0.75,3.75,10:30,-650.0,50,-13.0
±4,0.75,4.0,10:30,-650.0,50,-13.0
±4,1.75,3.25,11:00,-650.0,50,-13.0
±4,1.75,4.0,11:00,-650.0,50,-13.0
±4,0.75,3.5,10:30,-650.0,50,-13.0
±4,0.75,5.0,10:30,-650.0,50,-13.0
±4,0.75,4.5,10:30,-650.0,50,-13.0
±4,0.75,4.75,10:30,-650.0,50,-13.0
±4,1.75,4.25,11:00,-650.0,50,-13.0
±4,1.75,5.0,11:00,-650.0,50,-13.0
±4,1.75,4.75,11:00,-650.0,50,-13.0
±3,1.25,1.25,15:00,-651.0,50,-13.02
±3,0.5,1.0,13:30,-652.0,50,-13.04
±3,1.75,1.5,11:30,-652.0,50,-13.04
±4,0.5,1.0,13:30,-654.0,50,-13.08
±3,3.25,2.5,13:30,-657.0,50,-13.14
±3,1.0,1.25,13:00,-658.0,50,-13.16
±4,0.5,0.75,10:30,-658.0,50,-13.16
±3,1.25,1.0,11:30,-659.0,50,-13.18
±3,2.0,2.0,12:30,-660.0,50,-13.2
±3,0.5,0.75,14:30,-660.0,50,-13.2
±4,1.25,0.75,13:00,-661.0,50,-13.22
±4,0.5,2.0,10:30,-662.0,50,-13.24
±3,1.75,1.5,10:00,-662.0,50,-13.24
±3,0.75,1.25,11:00,-662.0,50,-13.24
±3,0.75,2.0,10:00,-663.0,50,-13.26
±3,1.0,1.25,14:30,-663.0,50,-13.26
±3,1.75,2.5,11:00,-663.0,50,-13.26
±3,0.5,1.25,10:00,-663.0,50,-13.26
±3,5.0,1.0,12:30,-664.0,50,-13.28
±3,4.25,1.0,12:30,-664.0,50,-13.28
±4,1.25,0.5,14:00,-664.0,50,-13.28
±3,4.75,1.0,12:30,-664.0,50,-13.28
±3,4.5,1.0,12:30,-664.0,50,-13.28
±3,3.75,1.0,12:30,-664.0,50,-13.28
±3,3.5,1.0,12:30,-664.0,50,-13.28
±3,4.0,1.0,12:30,-664.0,50,-13.28
±3,4.5,0.75,12:00,-665.0,50,-13.3
±4,1.25,1.25,15:00,-665.0,50,-13.3
±3,4.25,0.75,12:00,-665.0,50,-13.3
±3,3.5,0.75,12:00,-665.0,50,-13.3
±3,4.75,0.75,12:00,-665.0,50,-13.3
±3,3.75,0.75,12:00,-665.0,50,-13.3
±3,5.0,0.75,12:00,-665.0,50,-13.3
±3,2.0,1.5,11:30,-665.0,50,-13.3
±3,1.75,1.75,13:00,-665.0,50,-13.3
±4,1.5,1.5,11:30,-665.0,50,-13.3
±3,4.0,0.75,12:00,-665.0,50,-13.3
±4,1.0,1.25,12:00,-666.0,50,-13.32
±3,2.25,0.5,14:30,-667.0,50,-13.34
±3,1.5,1.5,14:00,-669.0,50,-13.38
±3,1.25,0.75,12:30,-670.0,50,-13.4
±4,0.5,0.5,14:00,-673.0,50,-13.46
±3,1.5,1.5,11:30,-673.0,50,-13.46
±4,2.0,2.5,13:00,-674.0,50,-13.48
±3,2.5,1.75,14:00,-675.0,50,-13.5
±3,1.0,0.75,11:00,-675.0,50,-13.5
±3,0.5,0.75,14:00,-676.0,50,-13.52
±3,2.5,1.0,14:30,-676.0,50,-13.52
±4,4.25,1.0,14:30,-678.0,50,-13.56
±4,1.75,1.75,13:00,-678.0,50,-13.56
±4,0.75,2.0,10:00,-678.0,50,-13.56
±4,4.0,1.0,14:30,-678.0,50,-13.56
±4,3.5,1.0,14:30,-678.0,50,-13.56
±4,0.5,0.5,14:30,-678.0,50,-13.56
±4,3.75,1.0,14:30,-678.0,50,-13.56
±4,4.5,1.0,14:30,-678.0,50,-13.56
±4,5.0,1.0,14:30,-678.0,50,-13.56
±4,4.75,1.0,14:30,-678.0,50,-13.56
±4,4.75,1.0,12:30,-682.0,50,-13.64
±3,3.0,2.5,14:00,-682.0,50,-13.64
±4,2.0,1.5,11:30,-682.0,50,-13.64
±4,4.5,1.0,12:30,-682.0,50,-13.64
±4,4.25,1.0,12:30,-682.0,50,-13.64
±4,4.0,1.0,12:30,-682.0,50,-13.64
±4,3.75,1.0,12:30,-682.0,50,-13.64
±4,3.5,1.0,12:30,-682.0,50,-13.64
±4,5.0,1.0,12:30,-682.0,50,-13.64
±3,1.5,0.75,14:30,-684.0,50,-13.68
±3,2.0,2.5,13:00,-684.0,50,-13.68
±4,3.0,1.75,13:30,-685.0,50,-13.7
±3,0.5,2.0,10:30,-686.0,50,-13.72
±3,1.0,0.5,11:30,-686.0,50,-13.72
±3,2.75,0.75,15:00,-686.0,50,-13.72
±4,1.0,1.25,12:30,-687.0,50,-13.74
±4,1.0,0.5,12:00,-688.0,50,-13.76
±4,1.0,0.75,13:30,-689.0,50,-13.78
±3,3.25,2.0,15:00,-689.0,50,-13.78
±3,3.0,4.25,10:00,-690.0,50,-13.8
±3,2.75,2.5,10:00,-690.0,50,-13.8
±3,3.0,2.5,10:00,-690.0,50,-13.8
±3,3.0,3.75,10:00,-690.0,50,-13.8
±3,3.0,5.0,10:00,-690.0,50,-13.8
±3,3.0,3.25,10:00,-690.0,50,-13.8
±3,1.25,1.0,13:30,-690.0,50,-13.8
±3,3.25,4.75,10:00,-690.0,50,-13.8
±3,3.0,4.0,10:00,-690.0,50,-13.8
±3,0.5,0.75,15:00,-690.0,50,-13.8
±3,3.0,3.0,10:00,-690.0,50,-13.8
±3,2.5,4.75,10:00,-690.0,50,-13.8
±3,2.75,2.25,10:00,-690.0,50,-13.8
±3,2.75,3.25,10:00,-690.0,50,-13.8
±3,2.75,2.75,10:00,-690.0,50,-13.8
±3,2.5,2.75,10:00,-690.0,50,-13.8
±3,2.5,2.25,10:00,-690.0,50,-13.8
±3,2.5,2.5,10:00,-690.0,50,-13.8
±3,2.5,3.0,10:00,-690.0,50,-13.8
±3,2.75,3.5,10:00,-690.0,50,-13.8
±4,0.5,1.0,10:00,-690.0,50,-13.8
±3,2.75,3.75,10:00,-690.0,50,-13.8
±3,2.75,3.0,10:00,-690.0,50,-13.8
±3,2.75,5.0,10:00,-690.0,50,-13.8
±3,2.75,4.25,10:00,-690.0,50,-13.8
±3,2.75,4.75,10:00,-690.0,50,-13.8
±3,2.75,4.0,10:00,-690.0,50,-13.8
±3,3.25,5.0,10:00,-690.0,50,-13.8
±3,2.75,4.5,10:00,-690.0,50,-13.8
±3,3.25,4.0,10:00,-690.0,50,-13.8
±3,2.25,3.0,10:00,-690.0,50,-13.8
±3,2.5,4.5,10:00,-690.0,50,-13.8
±3,2.25,2.75,10:00,-690.0,50,-13.8
±3,3.25,4.5,10:00,-690.0,50,-13.8
±3,2.5,5.0,10:00,-690.0,50,-13.8
±3,2.25,4.5,10:00,-690.0,50,-13.8
±3,2.25,3.75,10:00,-690.0,50,-13.8
±3,2.25,4.0,10:00,-690.0,50,-13.8
±3,2.25,4.25,10:00,-690.0,50,-13.8
±3,2.25,3.25,10:00,-690.0,50,-13.8
±3,3.25,4.25,10:00,-690.0,50,-13.8
±3,3.25,3.75,10:00,-690.0,50,-13.8
±3,3.25,3.25,10:00,-690.0,50,-13.8
±3,2.25,2.25,10:00,-690.0,50,-13.8
±3,2.25,2.5,10:00,-690.0,50,-13.8
±3,2.0,2.5,10:00,-690.0,50,-13.8
±3,2.0,3.5,10:00,-690.0,50,-13.8
±3,3.25,3.5,10:00,-690.0,50,-13.8
±3,3.25,2.75,10:00,-690.0,50,-13.8
±3,2.0,2.75,10:00,-690.0,50,-13.8
±3,3.25,2.5,10:00,-690.0,50,-13.8
±3,2.5,4.0,10:00,-690.0,50,-13.8
±3,2.5,4.25,10:00,-690.0,50,-13.8
±3,2.5,3.5,10:00,-690.0,50,-13.8
±3,2.5,3.75,10:00,-690.0,50,-13.8
±3,2.5,3.25,10:00,-690.0,50,-13.8
±3,2.0,2.25,10:00,-690.0,50,-13.8
±3,3.25,3.0,10:00,-690.0,50,-13.8
±3,2.25,4.75,10:00,-690.0,50,-13.8
±3,3.25,2.25,10:00,-690.0,50,-13.8
±3,2.0,4.5,10:00,-690.0,50,-13.8
±3,2.0,3.75,10:00,-690.0,50,-13.8
±3,2.0,5.0,10:00,-690.0,50,-13.8
±3,2.0,4.0,10:00,-690.0,50,-13.8
±3,2.0,4.25,10:00,-690.0,50,-13.8
±3,2.0,4.75,10:00,-690.0,50,-13.8
±3,2.0,3.25,10:00,-690.0,50,-13.8
±3,2.25,5.0,10:00,-690.0,50,-13.8
±3,2.0,3.0,10:00,-690.0,50,-13.8
±3,3.0,4.5,10:00,-690.0,50,-13.8
±3,3.0,2.75,10:00,-690.0,50,-13.8
±3,2.25,3.5,10:00,-690.0,50,-13.8
±3,3.0,4.75,10:00,-690.0,50,-13.8
±3,3.0,2.25,10:00,-690.0,50,-13.8
±3,3.0,3.5,10:00,-690.0,50,-13.8
±4,0.5,0.5,15:00,-694.0,50,-13.88
±3,0.75,0.5,10:30,-695.0,50,-13.9
±4,1.75,1.75,13:30,-697.0,50,-13.94
±4,0.75,0.5,11:00,-697.0,50,-13.94
±4,1.75,2.5,11:00,-698.0,50,-13.96
±4,1.75,1.75,14:00,-698.0,50,-13.96
±4,2.25,0.75,14:30,-699.0,50,-13.98
±4,2.5,0.75,14:30,-699.0,50,-13.98
±4,4.75,1.75,10:00,-700.0,50,-14.0
±4,4.5,1.75,10:00,-700.0,50,-14.0
±3,2.0,2.25,13:30,-700.0,50,-14.0
±4,4.0,1.75,10:00,-700.0,50,-14.0
±4,4.25,1.75,10:00,-700.0,50,-14.0
±4,3.75,1.75,10:00,-700.0,50,-14.0
±4,3.5,1.75,10:00,-700.0,50,-14.0
±4,5.0,1.75,10:00,-700.0,50,-14.0
±4,1.0,0.75,11:30,-701.0,50,-14.02
±3,1.25,1.5,11:00,-701.0,50,-14.02
±4,0.5,1.25,12:30,-701.0,50,-14.02
±3,4.0,1.75,13:00,-704.0,50,-14.08
±3,4.75,1.75,13:00,-704.0,50,-14.08
±3,3.5,1.75,13:00,-704.0,50,-14.08
±3,4.5,1.75,13:00,-704.0,50,-14.08
±3,3.75,1.75,13:00,-704.0,50,-14.08
±3,4.25,1.75,13:00,-704.0,50,-14.08
±3,5.0,1.75,13:00,-704.0,50,-14.08
±3,1.25,0.5,14:00,-706.0,50,-14.12
±4,0.5,1.25,11:00,-706.0,50,-14.12
±4,2.5,4.5,10:00,-708.0,50,-14.16
±4,2.5,3.25,10:00,-708.0,50,-14.16
±4,2.25,2.75,10:00,-708.0,50,-14.16
±4,2.25,3.75,10:00,-708.0,50,-14.16
±4,2.25,4.75,10:00,-708.0,50,-14.16
±4,2.25,4.0,10:00,-708.0,50,-14.16
±4,2.25,3.5,10:00,-708.0,50,-14.16
±4,2.5,3.0,10:00,-708.0,50,-14.16
±4,2.0,5.0,10:00,-708.0,50,-14.16
±4,2.25,3.0,10:00,-708.0,50,-14.16
±4,2.25,4.25,10:00,-708.0,50,-14.16
±4,2.25,4.5,10:00,-708.0,50,-14.16
±4,2.0,2.75,10:00,-708.0,50,-14.16
±4,2.0,4.75,10:00,-708.0,50,-14.16
±4,2.0,2.5,10:00,-708.0,50,-14.16
±4,2.5,3.5,10:00,-708.0,50,-14.16
±4,2.5,2.25,10:00,-708.0,50,-14.16
±4,2.5,2.75,10:00,-708.0,50,-14.16
±4,2.5,5.0,10:00,-708.0,50,-14.16
±4,2.75,4.5,10:00,-708.0,50,-14.16
±4,2.75,4.25,10:00,-708.0,50,-14.16
±4,2.75,3.0,10:00,-708.0,50,-14.16
±4,2.75,2.75,10:00,-708.0,50,-14.16
±4,2.5,4.0,10:00,-708.0,50,-14.16
±4,2.5,3.75,10:00,-708.0,50,-14.16
±4,2.5,4.25,10:00,-708.0,50,-14.16
±4,2.5,2.5,10:00,-708.0,50,-14.16
±4,3.0,3.0,10:00,-708.0,50,-14.16
±4,2.75,5.0,10:00,-708.0,50,-14.16
±4,2.75,4.75,10:00,-708.0,50,-14.16
±4,2.75,4.0,10:00,-708.0,50,-14.16
±4,2.0,3.25,10:00,-708.0,50,-14.16
±4,2.0,3.5,10:00,-708.0,50,-14.16
±4,2.0,3.75,10:00,-708.0,50,-14.16
±4,2.0,2.25,10:00,-708.0,50,-14.16
±4,2.0,4.0,10:00,-708.0,50,-14.16
±4,2.25,3.25,10:00,-708.0,50,-14.16
±4,2.0,4.25,10:00,-708.0,50,-14.16
±4,2.0,4.5,10:00,-708.0,50,-14.16
±4,2.0,3.0,10:00,-708.0,50,-14.16
±4,2.25,5.0,10:00,-708.0,50,-14.16
±4,2.25,2.5,10:00,-708.0,50,-14.16
±4,2.25,2.25,10:00,-708.0,50,-14.16
±4,3.25,2.75,10:00,-708.0,50,-14.16
±4,3.25,3.25,10:00,-708.0,50,-14.16
±4,3.25,3.0,10:00,-708.0,50,-14.16
±4,3.25,3.5,10:00,-708.0,50,-14.16
±4,3.25,2.25,10:00,-708.0,50,-14.16
±4,3.0,5.0,10:00,-708.0,50,-14.16
±4,3.25,2.5,10:00,-708.0,50,-14.16
±4,3.0,4.25,10:00,-708.0,50,-14.16
±4,3.0,3.75,10:00,-708.0,50,-14.16
±4,3.0,2.75,10:00,-708.0,50,-14.16
±4,3.25,3.75,10:00,-708.0,50,-14.16
±4,3.25,4.0,10:00,-708.0,50,-14.16
±4,0.75,1.25,11:30,-708.0,50,-14.16
±4,3.0,4.75,10:00,-708.0,50,-14.16
±4,3.0,4.5,10:00,-708.0,50,-14.16
±4,3.0,4.0,10:00,-708.0,50,-14.16
±4,3.25,4.75,10:00,-708.0,50,-14.16
±4,3.25,4.5,10:00,-708.0,50,-14.16
±4,3.25,5.0,10:00,-708.0,50,-14.16
±4,3.25,4.25,10:00,-708.0,50,-14.16
±4,2.75,3.5,10:00,-708.0,50,-14.16
±4,2.75,3.25,10:00,-708.0,50,-14.16
±4,3.0,3.25,10:00,-708.0,50,-14.16
±4,3.0,3.5,10:00,-708.0,50,-14.16
±4,3.0,2.5,10:00,-708.0,50,-14.16
±4,3.0,2.25,10:00,-708.0,50,-14.16
±4,2.75,2.25,10:00,-708.0,50,-14.16
±4,2.75,2.5,10:00,-708.0,50,-14.16
±4,2.75,3.75,10:00,-708.0,50,-14.16
±4,2.5,4.75,10:00,-708.0,50,-14.16
±4,1.25,0.75,14:00,-709.0,50,-14.18
±4,1.5,1.0,14:30,-709.0,50,-14.18
±3,1.25,0.5,13:00,-711.0,50,-14.22
±3,1.75,2.0,11:30,-711.0,50,-14.22
±4,0.5,1.0,14:30,-712.0,50,-14.24
±3,1.25,0.75,14:00,-712.0,50,-14.24
±3,1.0,0.75,13:30,-712.0,50,-14.24
±4,0.5,0.75,10:00,-713.0,50,-14.26
±3,2.25,1.5,11:30,-714.0,50,-14.28
±3,3.25,1.5,11:30,-714.0,50,-14.28
±3,3.0,1.5,11:30,-714.0,50,-14.28
±3,2.5,1.5,11:30,-714.0,50,-14.28
±3,2.75,1.5,11:30,-714.0,50,-14.28
±4,0.5,1.25,11:30,-715.0,50,-14.3
±4,0.75,2.5,10:30,-715.0,50,-14.3
±4,0.5,0.75,13:00,-717.0,50,-14.34
±3,1.25,0.75,13:00,-717.0,50,-14.34
±4,0.5,1.0,14:00,-717.0,50,-14.34
±3,1.0,1.25,12:00,-718.0,50,-14.36
±3,0.75,3.0,10:30,-719.0,50,-14.38
±3,0.75,3.75,10:30,-719.0,50,-14.38
±3,0.75,4.25,10:30,-719.0,50,-14.38
±3,0.75,5.0,10:30,-719.0,50,-14.38
±3,0.75,4.75,10:30,-719.0,50,-14.38
±3,0.75,4.5,10:30,-719.0,50,-14.38
±3,0.75,3.5,10:30,-719.0,50,-14.38
±3,0.75,4.0,10:30,-719.0,50,-14.38
±3,0.75,3.25,10:30,-719.0,50,-14.38
±3,0.75,2.75,10:30,-719.0,50,-14.38
±3,1.25,1.0,13:00,-720.0,50,-14.4
±4,1.5,1.5,14:00,-720.0,50,-14.4
±4,4.25,1.75,13:00,-721.0,50,-14.42
±4,0.5,1.0,10:30,-721.0,50,-14.42
±4,4.75,1.75,13:00,-721.0,50,-14.42
±4,4.5,1.75,13:00,-721.0,50,-14.42
±4,3.75,1.75,13:00,-721.0,50,-14.42
±4,3.5,1.75,13:00,-721.0,50,-14.42
±3,1.25,0.5,10:00,-721.0,50,-14.42
±4,4.0,1.75,13:00,-721.0,50,-14.42
±4,5.0,1.75,13:00,-721.0,50,-14.42
±3,3.75,1.0,14:30,-722.0,50,-14.44
±3,4.5,1.0,14:30,-722.0,50,-14.44
±3,3.5,1.0,14:30,-722.0,50,-14.44
±3,4.25,1.0,14:30,-722.0,50,-14.44
±3,5.0,1.0,14:30,-722.0,50,-14.44
±3,4.0,1.0,14:30,-722.0,50,-14.44
±3,4.75,1.0,14:30,-722.0,50,-14.44
±3,2.0,2.0,11:30,-724.0,50,-14.48
±4,3.75,0.5,15:00,-726.0,50,-14.52
±4,4.0,0.5,15:00,-726.0,50,-14.52
±3,4.5,1.75,10:00,-726.0,50,-14.52
±3,4.75,1.75,10:00,-726.0,50,-14.52
±4,3.5,0.5,15:00,-726.0,50,-14.52
±4,4.25,0.5,15:00,-726.0,50,-14.52
±4,5.0,0.5,15:00,-726.0,50,-14.52
±4,4.5,0.5,15:00,-726.0,50,-14.52
±3,3.5,1.75,10:00,-726.0,50,-14.52
±4,4.75,0.5,15:00,-726.0,50,-14.52
±3,4.0,1.75,10:00,-726.0,50,-14.52
±3,5.0,1.75,10:00,-726.0,50,-14.52
±3,4.25,1.75,10:00,-726.0,50,-14.52
±3,3.75,1.75,10:00,-726.0,50,-14.52
±3,2.75,2.5,13:30,-727.0,50,-14.54
±3,1.0,1.25,12:30,-728.0,50,-14.56
±3,1.75,2.5,13:30,-728.0,50,-14.56
±3,1.5,2.0,11:30,-732.0,50,-14.64
±3,1.5,2.0,14:00,-734.0,50,-14.68
±4,0.5,0.5,10:30,-734.0,50,-14.68
±4,0.75,0.5,11:30,-734.0,50,-14.68
±3,0.5,0.5,13:30,-734.0,50,-14.68
±4,1.25,1.0,13:00,-736.0,50,-14.72
±3,0.75,1.25,11:30,-736.0,50,-14.72
±4,2.25,0.5,15:00,-737.0,50,-14.74
±4,2.5,0.5,15:00,-737.0,50,-14.74
±3,1.75,2.0,14:30,-738.0,50,-14.76
±3,0.5,1.0,14:30,-741.0,50,-14.82
±4,4.0,1.5,10:00,-741.0,50,-14.82
±4,4.25,1.5,10:00,-741.0,50,-14.82
±4,4.75,1.5,10:00,-741.0,50,-14.82
±4,4.5,1.5,10:00,-741.0,50,-14.82
±4,3.5,1.5,10:00,-741.0,50,-14.82
±4,3.75,1.5,10:00,-741.0,50,-14.82
±4,5.0,1.5,10:00,-741.0,50,-14.82
±4,0.5,0.5,11:30,-741.0,50,-14.82
±4,1.75,2.0,11:30,-744.0,50,-14.88
±3,1.25,2.0,10:00,-747.0,50,-14.94
±3,2.0,0.75,15:00,-749.0,50,-14.98
±3,4.75,1.5,10:00,-750.0,50,-15.0
±3,5.0,1.5,10:00,-750.0,50,-15.0
±3,3.5,1.5,10:00,-750.0,50,-15.0
±3,4.5,1.5,10:00,-750.0,50,-15.0
±3,4.25,1.5,10:00,-750.0,50,-15.0
±3,4.0,1.5,10:00,-750.0,50,-15.0
±3,3.75,1.5,10:00,-750.0,50,-15.0
±4,1.5,0.5,15:00,-750.0,50,-15.0
±4,0.75,0.75,13:30,-751.0,50,-15.02
±4,1.0,0.5,12:30,-752.0,50,-15.04
±4,2.25,1.5,11:30,-753.0,50,-15.06
±4,3.0,1.5,11:30,-753.0,50,-15.06
±4,2.5,1.5,11:30,-753.0,50,-15.06
±4,2.75,1.5,11:30,-753.0,50,-15.06
±4,3.25,1.5,11:30,-753.0,50,-15.06
±3,2.0,2.5,14:00,-757.0,50,-15.14
±3,1.75,2.0,15:00,-757.0,50,-15.14
±4,1.0,1.75,10:00,-761.0,50,-15.22
±4,1.5,2.0,11:30,-762.0,50,-15.24
±3,0.5,1.25,12:30,-762.0,50,-15.24
±4,0.5,0.5,13:00,-762.0,50,-15.24
±3,0.5,1.0,10:00,-763.0,50,-15.26
±4,0.5,1.25,12:00,-764.0,50,-15.28
±4,1.0,0.5,13:30,-765.0,50,-15.3
±3,1.5,1.0,14:30,-765.0,50,-15.3
±4,4.25,1.0,12:00,-767.0,50,-15.34
±4,2.75,2.5,13:00,-767.0,50,-15.34
±4,3.75,1.0,12:00,-767.0,50,-15.34
±4,4.0,1.0,12:00,-767.0,50,-15.34
±4,3.5,1.0,12:00,-767.0,50,-15.34
±4,5.0,1.0,12:00,-767.0,50,-15.34
±4,4.75,1.0,12:00,-767.0,50,-15.34
±4,1.5,1.75,10:00,-767.0,50,-15.34
±4,4.5,1.0,12:00,-767.0,50,-15.34
±3,0.75,2.5,10:30,-769.0,50,-15.38
±4,1.5,2.0,14:00,-771.0,50,-15.42
±3,1.75,2.0,12:30,-771.0,50,-15.42
±4,0.75,1.25,12:00,-772.0,50,-15.44
±3,1.75,1.5,12:00,-772.0,50,-15.44
±3,1.25,1.0,12:30,-772.0,50,-15.44
±3,2.25,2.0,11:30,-773.0,50,-15.46
±3,3.25,2.0,11:30,-773.0,50,-15.46
±4,1.75,1.5,12:00,-773.0,50,-15.46
±3,2.5,2.0,11:30,-773.0,50,-15.46
±3,2.75,2.0,11:30,-773.0,50,-15.46
±4,1.75,2.0,15:00,-773.0,50,-15.46
±3,3.0,2.0,11:30,-773.0,50,-15.46
±3,0.5,1.0,14:00,-774.0,50,-15.48
±4,0.75,1.75,10:30,-776.0,50,-15.52
±3,2.5,1.0,15:00,-778.0,50,-15.56
±3,3.0,2.0,15:00,-778.0,50,-15.56
±4,2.0,2.0,12:30,-778.0,50,-15.56
±4,2.0,2.0,11:30,-779.0,50,-15.58
±4,4.0,2.0,11:00,-780.0,50,-15.6
±4,3.75,2.0,11:00,-780.0,50,-15.6
±4,4.25,2.0,11:00,-780.0,50,-15.6
±4,4.5,2.0,11:00,-780.0,50,-15.6
±4,4.75,2.0,11:00,-780.0,50,-15.6
±4,3.5,2.0,11:00,-780.0,50,-15.6
±3,2.5,0.5,15:00,-780.0,50,-15.6
±4,2.75,2.0,15:00,-780.0,50,-15.6
±3,2.75,2.5,14:00,-780.0,50,-15.6
±4,5.0,2.0,11:00,-780.0,50,-15.6
±4,1.25,1.0,13:30,-782.0,50,-15.64
±4,0.5,0.5,11:00,-783.0,50,-15.66
±3,2.5,1.75,13:00,-783.0,50,-15.66
±4,4.75,1.75,14:00,-784.0,50,-15.68
±4,4.5,1.75,14:00,-784.0,50,-15.68
±4,3.5,1.75,14:00,-784.0,50,-15.68
±4,3.75,1.75,14:00,-784.0,50,-15.68
±4,4.0,1.75,14:00,-784.0,50,-15.68
±3,2.25,1.75,13:30,-784.0,50,-15.68
±4,5.0,1.75,14:00,-784.0,50,-15.68
±3,0.5,0.5,14:00,-784.0,50,-15.68
±3,0.5,1.25,11:30,-784.0,50,-15.68
±4,4.25,1.75,14:00,-784.0,50,-15.68
±3,0.5,0.5,14:30,-785.0,50,-15.7
±4,0.5,0.5,12:30,-785.0,50,-15.7
±4,0.5,0.5,12:00,-786.0,50,-15.72
±4,2.5,2.0,13:30,-787.0,50,-15.74
±4,2.25,2.0,13:30,-787.0,50,-15.74
±4,0.5,0.5,10:00,-787.0,50,-15.74
±4,1.25,2.0,10:00,-788.0,50,-15.76
±3,0.75,0.75,13:30,-789.0,50,-15.78
±3,4.25,1.0,12:00,-791.0,50,-15.82
±3,5.0,1.0,12:00,-791.0,50,-15.82
±3,3.75,1.0,12:00,-791.0,50,-15.82
±3,2.25,0.75,14:30,-791.0,50,-15.82
±3,4.75,1.0,12:00,-791.0,50,-15.82
±3,3.5,1.0,12:00,-791.0,50,-15.82
±3,4.0,1.0,12:00,-791.0,50,-15.82
±3,4.5,1.0,12:00,-791.0,50,-15.82
±4,0.5,1.0,13:00,-792.0,50,-15.84
±4,1.25,1.0,12:30,-793.0,50,-15.86
±3,3.25,2.25,14:00,-793.0,50,-15.86
±4,0.75,0.5,12:00,-794.0,50,-15.88
±3,3.5,2.0,11:00,-794.0,50,-15.88
±3,5.0,2.0,11:00,-794.0,50,-15.88
±3,4.5,2.0,11:00,-794.0,50,-15.88
±3,4.0,2.0,11:00,-794.0,50,-15.88
±3,4.25,2.0,11:00,-794.0,50,-15.88
±3,4.75,2.0,11:00,-794.0,50,-15.88
±3,3.75,2.0,11:00,-794.0,50,-15.88
±4,1.75,2.0,14:30,-795.0,50,-15.9
±3,1.25,1.75,11:00,-797.0,50,-15.94
±3,0.75,0.5,11:00,-798.0,50,-15.96
±4,1.25,1.5,11:00,-798.0,50,-15.96
±3,0.5,1.0,10:30,-799.0,50,-15.98
±3,1.0,0.5,12:00,-799.0,50,-15.98
±4,1.0,0.75,12:00,-800.0,50,-16.0
±4,4.5,1.75,13:30,-801.0,50,-16.02
±4,3.5,1.75,13:30,-801.0,50,-16.02
±4,4.0,1.75,13:30,-801.0,50,-16.02
±4,5.0,1.75,13:30,-801.0,50,-16.02
±4,4.75,1.75,13:30,-801.0,50,-16.02
±3,0.5,0.75,10:30,-801.0,50,-16.02
±4,3.75,1.75,13:30,-801.0,50,-16.02
±4,4.25,1.75,13:30,-801.0,50,-16.02
±3,0.5,1.25,11:00,-802.0,50,-16.04
±4,1.0,1.5,10:00,-802.0,50,-16.04
±4,0.5,3.25,10:30,-804.0,50,-16.08
±4,0.5,3.5,10:30,-804.0,50,-16.08
±4,0.5,4.25,10:30,-804.0,50,-16.08
±4,0.5,3.0,10:30,-804.0,50,-16.08
±4,0.5,4.75,10:30,-804.0,50,-16.08
±4,0.5,5.0,10:30,-804.0,50,-16.08
±4,0.5,2.75,10:30,-804.0,50,-16.08
±4,0.5,4.5,10:30,-804.0,50,-16.08
±4,0.5,4.0,10:30,-804.0,50,-16.08
±4,0.5,3.75,10:30,-804.0,50,-16.08
±4,2.0,5.0,11:00,-805.0,50,-16.1
±4,2.0,2.75,11:00,-805.0,50,-16.1
±4,2.0,3.0,11:00,-805.0,50,-16.1
±4,2.0,3.25,11:00,-805.0,50,-16.1
±4,2.0,4.75,11:00,-805.0,50,-16.1
±4,2.0,3.75,11:00,-805.0,50,-16.1
±4,2.0,4.25,11:00,-805.0,50,-16.1
±4,2.0,4.0,11:00,-805.0,50,-16.1
±4,2.0,4.5,11:00,-805.0,50,-16.1
±3,3.0,2.25,13:30,-805.0,50,-16.1
±4,2.0,3.5,11:00,-805.0,50,-16.1
±3,1.5,1.75,10:00,-806.0,50,-16.12
±3,1.75,5.0,11:00,-808.0,50,-16.16
±3,1.75,4.75,10:00,-808.0,50,-16.16
±3,1.75,4.5,10:00,-808.0,50,-16.16
±3,1.75,5.0,10:00,-808.0,50,-16.16
±3,1.75,4.0,11:00,-808.0,50,-16.16
±3,1.75,2.75,11:00,-808.0,50,-16.16
±3,1.75,2.75,10:00,-808.0,50,-16.16
±3,1.75,3.25,10:00,-808.0,50,-16.16
±3,1.75,3.75,10:00,-808.0,50,-16.16
±3,1.75,2.5,10:00,-808.0,50,-16.16
±3,1.75,2.25,10:00,-808.0,50,-16.16
±3,1.75,4.25,10:00,-808.0,50,-16.16
±3,1.75,4.0,10:00,-808.0,50,-16.16
±3,1.75,3.75,11:00,-808.0,50,-16.16
±3,1.75,3.5,11:00,-808.0,50,-16.16
±3,1.75,3.0,10:00,-808.0,50,-16.16
±4,1.5,1.5,10:00,-808.0,50,-16.16
±3,1.75,3.0,11:00,-808.0,50,-16.16
±3,1.75,3.5,10:00,-808.0,50,-16.16
±3,1.75,4.75,11:00,-808.0,50,-16.16
±3,1.75,4.5,11:00,-808.0,50,-16.16
±3,1.75,4.25,11:00,-808.0,50,-16.16
±3,1.75,3.25,11:00,-808.0,50,-16.16
±3,1.25,1.0,14:00,-810.0,50,-16.2
±3,1.0,1.0,13:30,-811.0,50,-16.22
±3,1.0,1.75,10:00,-813.0,50,-16.26
±3,2.0,2.5,11:00,-813.0,50,-16.26
±4,2.0,2.25,13:00,-813.0,50,-16.26
±3,0.5,0.75,13:00,-814.0,50,-16.28
±4,2.25,1.0,14:30,-815.0,50,-16.3
±4,2.5,1.0,14:30,-815.0,50,-16.3
±3,0.5,0.5,15:00,-816.0,50,-16.32
±3,0.5,1.0,13:00,-817.0,50,-16.34
±3,0.75,1.25,12:00,-818.0,50,-16.36
±4,3.0,2.0,15:00,-818.0,50,-16.36
±3,1.0,0.75,11:30,-819.0,50,-16.38
±4,1.75,3.25,10:00,-820.0,50,-16.4
±4,1.75,2.75,10:00,-820.0,50,-16.4
±4,1.75,2.25,10:00,-820.0,50,-16.4
±4,1.75,4.0,10:00,-820.0,50,-16.4
±4,1.75,4.25,10:00,-820.0,50,-16.4
±4,1.75,4.5,10:00,-820.0,50,-16.4
±4,1.75,3.75,10:00,-820.0,50,-16.4
±4,1.75,3.5,10:00,-820.0,50,-16.4
±4,1.75,2.5,10:00,-820.0,50,-16.4
±4,1.75,5.0,10:00,-820.0,50,-16.4
±4,1.75,4.75,10:00,-820.0,50,-16.4
±4,1.75,3.0,10:00,-820.0,50,-16.4
±3,0.75,0.5,11:30,-823.0,50,-16.46
±4,0.75,1.25,12:30,-824.0,50,-16.48
±4,2.75,2.5,14:00,-824.0,50,-16.48
±4,1.25,1.0,14:00,-825.0,50,-16.5
±4,1.5,3.75,11:00,-825.0,50,-16.5
±4,1.5,3.5,11:00,-825.0,50,-16.5
±4,1.5,3.0,11:00,-825.0,50,-16.5
±4,1.5,2.75,11:00,-825.0,50,-16.5
±4,1.5,3.25,11:00,-825.0,50,-16.5
±4,1.5,5.0,11:00,-825.0,50,-16.5
±4,1.5,4.75,11:00,-825.0,50,-16.5
±4,1.5,4.5,11:00,-825.0,50,-16.5
±4,1.5,4.25,11:00,-825.0,50,-16.5
±4,1.5,4.0,11:00,-825.0,50,-16.5
±4,0.75,0.5,13:30,-827.0,50,-16.54
±3,1.5,2.0,13:00,-829.0,50,-16.58
±4,5.0,1.0,15:00,-830.0,50,-16.6
±4,4.25,1.0,15:00,-830.0,50,-16.6
±4,3.75,1.0,15:00,-830.0,50,-16.6
±4,4.5,1.0,15:00,-830.0,50,-16.6
±4,3.5,1.0,15:00,-830.0,50,-16.6
±3,1.5,1.5,10:00,-830.0,50,-16.6
±4,1.0,0.75,12:30,-830.0,50,-16.6
±4,4.0,1.0,15:00,-830.0,50,-16.6
±4,4.75,1.0,15:00,-830.0,50,-16.6
±4,1.0,1.0,11:30,-832.0,50,-16.64
±4,1.0,1.0,13:30,-832.0,50,-16.64
±4,3.25,2.75,11:00,-833.0,50,-16.66
±4,3.0,4.25,11:00,-833.0,50,-16.66
±4,3.0,4.0,11:00,-833.0,50,-16.66
±4,3.0,3.75,11:00,-833.0,50,-16.66
±4,3.0,2.75,11:00,-833.0,50,-16.66
±4,3.0,3.0,11:00,-833.0,50,-16.66
±4,3.0,5.0,11:00,-833.0,50,-16.66
±3,3.25,2.25,13:30,-833.0,50,-16.66
±4,3.0,4.5,11:00,-833.0,50,-16.66
±4,3.0,3.5,11:00,-833.0,50,-16.66
±4,2.25,5.0,11:00,-833.0,50,-16.66
±4,2.5,4.5,11:00,-833.0,50,-16.66
±4,2.25,4.5,11:00,-833.0,50,-16.66
±4,2.25,4.25,11:00,-833.0,50,-16.66
±4,2.75,4.5,11:00,-833.0,50,-16.66
±4,2.75,4.25,11:00,-833.0,50,-16.66
±4,2.75,4.0,11:00,-833.0,50,-16.66
±4,2.75,4.75,11:00,-833.0,50,-16.66
±4,2.75,3.75,11:00,-833.0,50,-16.66
±4,2.75,2.75,11:00,-833.0,50,-16.66
±4,2.25,4.0,11:00,-833.0,50,-16.66
±4,2.25,4.75,11:00,-833.0,50,-16.66
±4,2.5,4.25,11:00,-833.0,50,-16.66
±4,2.5,4.0,11:00,-833.0,50,-16.66
±4,2.5,2.75,11:00,-833.0,50,-16.66
±4,2.75,3.5,11:00,-833.0,50,-16.66
±4,2.5,5.0,11:00,-833.0,50,-16.66
±4,2.5,4.75,11:00,-833.0,50,-16.66
±4,2.5,3.25,11:00,-833.0,50,-16.66
±4,2.5,3.0,11:00,-833.0,50,-16.66
±4,3.25,3.5,11:00,-833.0,50,-16.66
±4,3.25,3.25,11:00,-833.0,50,-16.66
±4,2.0,2.5,13:30,-833.0,50,-16.66
±4,3.25,4.0,11:00,-833.0,50,-16.66
±4,3.25,3.0,11:00,-833.0,50,-16.66
±4,3.25,3.75,11:00,-833.0,50,-16.66
±4,2.75,3.0,11:00,-833.0,50,-16.66
±4,2.75,3.25,11:00,-833.0,50,-16.66
±4,2.25,3.0,11:00,-833.0,50,-16.66
±4,3.0,4.75,11:00,-833.0,50,-16.66
±4,3.0,3.25,11:00,-833.0,50,-16.66
±3,0.75,1.75,10:30,-833.0,50,-16.66
±4,3.25,4.25,11:00,-833.0,50,-16.66
±4,3.25,4.75,11:00,-833.0,50,-16.66
±4,3.25,5.0,11:00,-833.0,50,-16.66
±4,3.25,4.5,11:00,-833.0,50,-16.66
±4,2.75,5.0,11:00,-833.0,50,-16.66
±4,2.25,3.75,11:00,-833.0,50,-16.66
±4,2.25,3.25,11:00,-833.0,50,-16.66
±4,2.25,3.5,11:00,-833.0,50,-16.66
±4,2.5,3.5,11:00,-833.0,50,-16.66
±4,2.25,2.75,11:00,-833.0,50,-16.66
±4,2.5,3.75,11:00,-833.0,50,-16.66
±3,1.0,0.5,13:30,-834.0,50,-16.68
±3,1.0,1.5,10:00,-837.0,50,-16.74
±4,1.75,2.25,11:00,-837.0,50,-16.74
±3,1.75,2.25,11:00,-839.0,50,-16.78
±4,3.25,2.5,14:00,-840.0,50,-16.8
±4,2.25,1.0,15:00,-841.0,50,-16.82
±4,0.75,0.75,11:30,-841.0,50,-16.82
±4,2.5,1.0,15:00,-841.0,50,-16.82
±4,1.25,1.75,11:00,-842.0,50,-16.84
±4,0.5,0.75,12:30,-844.0,50,-16.88
±3,2.75,2.5,13:00,-846.0,50,-16.92
±3,4.25,2.5,14:00,-847.0,50,-16.94
±3,4.5,2.5,14:00,-847.0,50,-16.94
±3,4.75,2.5,14:00,-847.0,50,-16.94
±3,4.0,2.5,14:00,-847.0,50,-16.94
±3,5.0,2.5,14:00,-847.0,50,-16.94
±3,3.5,2.5,14:00,-847.0,50,-16.94
±3,3.75,2.5,14:00,-847.0,50,-16.94
±4,0.5,0.75,11:30,-848.0,50,-16.96
±3,3.0,2.0,14:30,-848.0,50,-16.96
±3,0.5,1.25,12:00,-849.0,50,-16.98
±4,2.75,2.0,11:30,-850.0,50,-17.0
±4,3.0,2.0,11:30,-850.0,50,-17.0
±4,3.25,2.0,11:30,-850.0,50,-17.0
±3,0.5,1.5,13:30,-850.0,50,-17.0
±4,2.25,2.0,11:30,-850.0,50,-17.0
±4,2.5,2.0,11:30,-850.0,50,-17.0
±4,3.25,2.5,13:30,-851.0,50,-17.02
±3,1.5,2.5,11:00,-852.0,50,-17.04
±4,0.75,1.5,10:30,-852.0,50,-17.04
±4,2.0,2.5,11:00,-853.0,50,-17.06
±4,5.0,0.75,15:00,-854.0,50,-17.08
±4,4.0,0.75,15:00,-854.0,50,-17.08
±4,3.5,0.75,15:00,-854.0,50,-17.08
±4,4.5,0.75,15:00,-854.0,50,-17.08
±4,3.75,0.75,15:00,-854.0,50,-17.08
±4,1.5,1.0,15:00,-854.0,50,-17.08
±4,4.25,0.75,15:00,-854.0,50,-17.08
±4,0.75,2.25,10:30,-854.0,50,-17.08
±4,4.75,0.75,15:00,-854.0,50,-17.08
±3,0.5,0.75,10:00,-857.0,50,-17.14
±3,0.75,1.5,10:30,-858.0,50,-17.16
±3,3.0,2.25,14:00,-858.0,50,-17.16
±4,0.75,1.75,10:00,-858.0,50,-17.16
±3,2.0,2.25,13:00,-860.0,50,-17.2
±3,0.75,1.25,12:30,-861.0,50,-17.22
±4,2.0,2.5,14:00,-861.0,50,-17.22
±4,3.0,2.5,14:00,-862.0,50,-17.24
±4,3.25,2.0,14:30,-862.0,50,-17.24
±4,2.5,0.75,15:00,-865.0,50,-17.3
±4,2.25,0.75,15:00,-865.0,50,-17.3
±4,0.5,2.5,10:30,-869.0,50,-17.38
±3,2.25,1.75,14:00,-871.0,50,-17.42
±3,0.5,0.5,11:30,-871.0,50,-17.42
±3,2.25,1.0,14:30,-872.0,50,-17.44
±4,2.25,1.75,13:00,-873.0,50,-17.46
±4,2.5,1.75,13:00,-873.0,50,-17.46
±4,1.5,2.5,11:00,-873.0,50,-17.46
±3,2.75,2.0,15:00,-876.0,50,-17.52
±3,1.0,0.5,12:30,-876.0,50,-17.52
±4,1.5,2.0,13:00,-877.0,50,-17.54
±4,1.5,0.75,15:00,-878.0,50,-17.56
±4,3.0,2.5,11:00,-881.0,50,-17.62
±4,2.5,2.5,11:00,-881.0,50,-17.62
±4,2.75,2.5,11:00,-881.0,50,-17.62
±4,3.25,2.5,11:00,-881.0,50,-17.62
±4,2.25,2.5,11:00,-881.0,50,-17.62
±3,3.25,2.5,11:00,-883.0,50,-17.66
±3,2.25,2.5,11:00,-883.0,50,-17.66
±3,2.75,2.5,11:00,-883.0,50,-17.66
±3,2.5,2.5,11:00,-883.0,50,-17.66
±3,3.0,2.5,11:00,-883.0,50,-17.66
±3,0.5,0.5,10:30,-883.0,50,-17.66
±3,3.0,2.5,13:00,-885.0,50,-17.7
±3,3.25,2.5,13:00,-885.0,50,-17.7
±4,0.75,0.75,14:00,-886.0,50,-17.72
±3,2.5,0.75,15:00,-887.0,50,-17.74
±3,3.5,2.5,13:30,-888.0,50,-17.76
±3,3.75,2.5,13:30,-888.0,50,-17.76
±3,4.75,2.5,13:30,-888.0,50,-17.76
±3,0.75,1.0,13:30,-888.0,50,-17.76
±3,4.0,2.5,13:30,-888.0,50,-17.76
±3,5.0,2.5,13:30,-888.0,50,-17.76
±3,4.5,2.5,13:30,-888.0,50,-17.76
±3,1.25,1.5,13:30,-888.0,50,-17.76
±3,4.25,2.5,13:30,-888.0,50,-17.76
±4,1.75,2.0,12:30,-889.0,50,-17.78
±4,0.75,0.5,12:30,-889.0,50,-17.78
±4,3.0,2.5,13:00,-889.0,50,-17.78
±4,3.25,2.5,13:00,-889.0,50,-17.78
±3,1.0,1.0,11:30,-892.0,50,-17.84
±3,0.5,0.5,13:00,-892.0,50,-17.84
±4,0.75,1.0,13:30,-894.0,50,-17.88
±3,5.0,3.0,10:00,-896.0,50,-17.92
±3,5.0,2.5,10:00,-896.0,50,-17.92
±3,4.75,3.75,10:00,-896.0,50,-17.92
±3,4.5,4.75,10:00,-896.0,50,-17.92
±3,5.0,3.5,10:00,-896.0,50,-17.92
±3,3.75,4.75,10:00,-896.0,50,-17.92
±3,4.5,5.0,10:00,-896.0,50,-17.92
±3,3.5,3.25,10:00,-896.0,50,-17.92
±3,4.0,2.25,10:00,-896.0,50,-17.92
±3,3.5,2.75,10:00,-896.0,50,-17.92
±3,4.5,3.0,10:00,-896.0,50,-17.92
±3,4.75,3.5,10:00,-896.0,50,-17.92
±3,3.75,3.0,10:00,-896.0,50,-17.92
±3,3.75,2.75,10:00,-896.0,50,-17.92
±3,5.0,4.0,10:00,-896.0,50,-17.92
±3,3.5,3.0,10:00,-896.0,50,-17.92
±3,3.5,2.25,10:00,-896.0,50,-17.92
±3,4.5,2.25,10:00,-896.0,50,-17.92
±3,4.5,2.75,10:00,-896.0,50,-17.92
±3,4.5,3.75,10:00,-896.0,50,-17.92
±3,4.5,3.5,10:00,-896.0,50,-17.92
±3,3.5,2.5,10:00,-896.0,50,-17.92
±3,3.75,3.25,10:00,-896.0,50,-17.92
±3,5.0,3.75,10:00,-896.0,50,-17.92
±3,5.0,4.5,10:00,-896.0,50,-17.92
±3,5.0,4.25,10:00,-896.0,50,-17.92
±3,4.75,3.0,10:00,-896.0,50,-17.92
±3,4.75,4.75,10:00,-896.0,50,-17.92
±3,3.75,4.5,10:00,-896.0,50,-17.92
±3,3.75,4.25,10:00,-896.0,50,-17.92
±3,4.0,4.25,10:00,-896.0,50,-17.92
±3,4.0,4.0,10:00,-896.0,50,-17.92
±3,3.75,2.5,10:00,-896.0,50,-17.92
±3,4.75,5.0,10:00,-896.0,50,-17.92
±3,4.0,5.0,10:00,-896.0,50,-17.92
±3,4.0,2.5,10:00,-896.0,50,-17.92
±3,4.25,2.25,10:00,-896.0,50,-17.92
±3,4.75,2.75,10:00,-896.0,50,-17.92
±3,4.75,2.5,10:00,-896.0,50,-17.92
±3,5.0,4.75,10:00,-896.0,50,-17.92
±3,4.25,5.0,10:00,-896.0,50,-17.92
±3,4.25,4.75,10:00,-896.0,50,-17.92
±3,3.5,4.0,10:00,-896.0,50,-17.92
±3,5.0,5.0,10:00,-896.0,50,-17.92
±3,4.25,4.0,10:00,-896.0,50,-17.92
±3,4.25,3.5,10:00,-896.0,50,-17.92
±3,4.0,3.5,10:00,-896.0,50,-17.92
±3,4.75,2.25,10:00,-896.0,50,-17.92
±3,4.25,3.0,10:00,-896.0,50,-17.92
±3,4.25,2.75,10:00,-896.0,50,-17.92
±3,4.25,3.25,10:00,-896.0,50,-17.92
±3,4.25,2.5,10:00,-896.0,50,-17.92
±3,4.0,3.75,10:00,-896.0,50,-17.92
±3,4.0,3.25,10:00,-896.0,50,-17.92
±3,4.25,4.5,10:00,-896.0,50,-17.92
±3,4.25,4.25,10:00,-896.0,50,-17.92
±3,3.5,3.5,10:00,-896.0,50,-17.92
±3,3.5,4.5,10:00,-896.0,50,-17.92
±3,4.75,4.0,10:00,-896.0,50,-17.92
±3,4.5,4.25,10:00,-896.0,50,-17.92
±3,4.5,4.0,10:00,-896.0,50,-17.92
±3,4.5,4.5,10:00,-896.0,50,-17.92
±4,1.25,0.5,14:30,-896.0,50,-17.92
±3,5.0,3.25,10:00,-896.0,50,-17.92
±3,5.0,2.75,10:00,-896.0,50,-17.92
±3,3.75,3.5,10:00,-896.0,50,-17.92
±3,3.75,3.75,10:00,-896.0,50,-17.92
±3,3.75,4.0,10:00,-896.0,50,-17.92
±3,5.0,2.25,10:00,-896.0,50,-17.92
±3,4.5,3.25,10:00,-896.0,50,-17.92
±3,4.5,2.5,10:00,-896.0,50,-17.92
±3,3.75,2.25,10:00,-896.0,50,-17.92
±3,4.0,4.75,10:00,-896.0,50,-17.92
±3,4.0,4.5,10:00,-896.0,50,-17.92
±3,3.5,5.0,10:00,-896.0,50,-17.92
±3,4.0,2.75,10:00,-896.0,50,-17.92
±3,3.5,4.25,10:00,-896.0,50,-17.92
±3,4.0,3.0,10:00,-896.0,50,-17.92
±3,3.5,3.75,10:00,-896.0,50,-17.92
±3,3.5,4.75,10:00,-896.0,50,-17.92
±3,4.75,3.25,10:00,-896.0,50,-17.92
±3,4.25,3.75,10:00,-896.0,50,-17.92
±3,3.75,5.0,10:00,-896.0,50,-17.92
±3,4.75,4.25,10:00,-896.0,50,-17.92
±3,4.75,4.5,10:00,-896.0,50,-17.92
±4,0.5,0.75,12:00,-898.0,50,-17.96
±3,1.5,1.5,12:30,-898.0,50,-17.96
±4,0.75,1.5,10:00,-899.0,50,-17.98
±3,0.75,0.5,12:00,-899.0,50,-17.98
±3,1.75,1.5,14:30,-900.0,50,-18.0
±3,2.75,2.25,13:30,-903.0,50,-18.06
±3,3.25,2.0,14:30,-903.0,50,-18.06
±3,1.75,2.25,13:30,-904.0,50,-18.08
±4,0.75,0.75,12:00,-906.0,50,-18.12
±4,2.75,2.25,13:00,-906.0,50,-18.12
±3,0.5,3.5,10:30,-907.0,50,-18.14
±3,0.5,2.75,10:30,-907.0,50,-18.14
±3,0.5,3.0,10:30,-907.0,50,-18.14
±4,0.75,0.5,14:00,-907.0,50,-18.14
±4,2.5,1.75,14:00,-907.0,50,-18.14
±4,2.25,1.75,14:00,-907.0,50,-18.14
±3,0.5,4.75,10:30,-907.0,50,-18.14
±3,0.5,5.0,10:30,-907.0,50,-18.14
±3,0.5,4.5,10:30,-907.0,50,-18.14
±3,0.5,3.25,10:30,-907.0,50,-18.14
±3,0.5,4.0,10:30,-907.0,50,-18.14
±3,0.5,4.25,10:30,-907.0,50,-18.14
±3,0.5,3.75,10:30,-907.0,50,-18.14
±4,1.5,1.5,12:30,-910.0,50,-18.2
±3,2.0,1.5,12:00,-910.0,50,-18.2
±4,0.75,0.75,11:00,-910.0,50,-18.2
±3,0.75,0.5,13:30,-911.0,50,-18.22
±4,2.0,2.0,15:00,-912.0,50,-18.24
±3,0.75,1.75,10:00,-912.0,50,-18.24
±4,2.0,1.5,12:00,-912.0,50,-18.24
±4,4.5,4.75,10:00,-914.0,50,-18.28
±4,4.5,3.5,10:00,-914.0,50,-18.28
±4,4.5,3.25,10:00,-914.0,50,-18.28
±4,4.75,3.0,10:00,-914.0,50,-18.28
±4,4.75,4.25,10:00,-914.0,50,-18.28
±4,5.0,5.0,10:00,-914.0,50,-18.28
±4,5.0,3.0,10:00,-914.0,50,-18.28
±4,5.0,3.25,10:00,-914.0,50,-18.28
±4,5.0,3.75,10:00,-914.0,50,-18.28
±4,5.0,4.0,10:00,-914.0,50,-18.28
±4,5.0,3.5,10:00,-914.0,50,-18.28
±4,5.0,4.25,10:00,-914.0,50,-18.28
±4,4.75,3.5,10:00,-914.0,50,-18.28
±4,4.75,4.5,10:00,-914.0,50,-18.28
±4,4.75,4.75,10:00,-914.0,50,-18.28
±4,4.75,5.0,10:00,-914.0,50,-18.28
±4,4.75,4.0,10:00,-914.0,50,-18.28
±4,4.75,3.75,10:00,-914.0,50,-18.28
±4,4.75,3.25,10:00,-914.0,50,-18.28
±4,4.5,3.0,10:00,-914.0,50,-18.28
±4,4.5,4.0,10:00,-914.0,50,-18.28
±4,4.5,4.25,10:00,-914.0,50,-18.28
±4,4.5,3.75,10:00,-914.0,50,-18.28
±4,4.5,2.25,10:00,-914.0,50,-18.28
±4,4.5,2.75,10:00,-914.0,50,-18.28
±4,4.5,2.5,10:00,-914.0,50,-18.28
±4,4.5,5.0,10:00,-914.0,50,-18.28
±4,4.5,4.5,10:00,-914.0,50,-18.28
±4,4.75,2.25,10:00,-914.0,50,-18.28
±4,4.75,2.5,10:00,-914.0,50,-18.28
±4,4.75,2.75,10:00,-914.0,50,-18.28
±4,4.25,2.75,10:00,-914.0,50,-18.28
±4,4.25,3.75,10:00,-914.0,50,-18.28
±4,4.25,4.0,10:00,-914.0,50,-18.28
±4,4.25,3.5,10:00,-914.0,50,-18.28
±4,4.25,3.25,10:00,-914.0,50,-18.28
±4,3.5,2.75,10:00,-914.0,50,-18.28
±4,3.5,3.0,10:00,-914.0,50,-18.28
±4,3.5,3.25,10:00,-914.0,50,-18.28
±4,4.25,4.25,10:00,-914.0,50,-18.28
±4,4.25,2.25,10:00,-914.0,50,-18.28
±4,4.25,5.0,10:00,-914.0,50,-18.28
±4,4.25,4.75,10:00,-914.0,50,-18.28
±4,4.25,4.5,10:00,-914.0,50,-18.28
±4,4.25,2.5,10:00,-914.0,50,-18.28
±4,4.25,3.0,10:00,-914.0,50,-18.28
±4,3.5,4.75,10:00,-914.0,50,-18.28
±4,3.5,5.0,10:00,-914.0,50,-18.28
±4,3.5,3.75,10:00,-914.0,50,-18.28
±4,3.5,4.0,10:00,-914.0,50,-18.28
±4,3.5,2.25,10:00,-914.0,50,-18.28
±4,3.5,4.5,10:00,-914.0,50,-18.28
±4,3.75,5.0,10:00,-914.0,50,-18.28
±4,3.75,2.25,10:00,-914.0,50,-18.28
±4,3.75,2.75,10:00,-914.0,50,-18.28
±4,3.75,2.5,10:00,-914.0,50,-18.28
±4,3.75,3.0,10:00,-914.0,50,-18.28
±4,4.0,3.0,10:00,-914.0,50,-18.28
±4,4.0,3.5,10:00,-914.0,50,-18.28
±4,4.0,3.25,10:00,-914.0,50,-18.28
±4,4.0,4.25,10:00,-914.0,50,-18.28
±4,4.0,4.5,10:00,-914.0,50,-18.28
±4,4.0,3.75,10:00,-914.0,50,-18.28
±4,4.0,4.0,10:00,-914.0,50,-18.28
±4,4.0,4.75,10:00,-914.0,50,-18.28
±4,4.0,5.0,10:00,-914.0,50,-18.28
±4,3.5,4.25,10:00,-914.0,50,-18.28
±4,3.5,3.5,10:00,-914.0,50,-18.28
±4,3.5,2.5,10:00,-914.0,50,-18.28
±4,4.0,2.75,10:00,-914.0,50,-18.28
±4,4.0,2.25,10:00,-914.0,50,-18.28
±4,3.75,4.5,10:00,-914.0,50,-18.28
±4,3.75,4.0,10:00,-914.0,50,-18.28
±4,3.75,3.75,10:00,-914.0,50,-18.28
±4,3.75,3.5,10:00,-914.0,50,-18.28
±4,3.75,3.25,10:00,-914.0,50,-18.28
±4,3.75,4.75,10:00,-914.0,50,-18.28
±4,4.0,2.5,10:00,-914.0,50,-18.28
±4,3.75,4.25,10:00,-914.0,50,-18.28
±4,5.0,2.75,10:00,-914.0,50,-18.28
±4,5.0,2.25,10:00,-914.0,50,-18.28
±4,5.0,2.5,10:00,-914.0,50,-18.28
±4,5.0,4.75,10:00,-914.0,50,-18.28
±4,5.0,4.5,10:00,-914.0,50,-18.28
±3,1.0,0.75,12:00,-920.0,50,-18.4
±3,1.5,1.75,13:30,-920.0,50,-18.4
±3,1.0,2.0,11:00,-923.0,50,-18.46
±3,0.5,0.5,12:30,-926.0,50,-18.52
±3,2.5,2.5,13:30,-928.0,50,-18.56
±3,1.75,2.5,14:00,-928.0,50,-18.56
±3,1.75,2.5,13:00,-929.0,50,-18.58
±4,0.5,2.0,10:00,-929.0,50,-18.58
±4,0.5,1.75,10:30,-930.0,50,-18.6
±3,0.5,0.5,10:00,-930.0,50,-18.6
±3,0.5,0.5,12:00,-930.0,50,-18.6
±4,0.5,2.0,15:00,-931.0,50,-18.62
±3,2.0,2.25,14:00,-933.0,50,-18.66
±3,0.5,2.0,15:00,-934.0,50,-18.68
±3,2.0,2.0,14:30,-935.0,50,-18.7
±3,0.75,1.5,10:00,-936.0,50,-18.72
±3,4.25,1.0,15:00,-937.0,50,-18.74
±3,3.5,1.0,15:00,-937.0,50,-18.74
±3,4.5,1.0,15:00,-937.0,50,-18.74
±3,5.0,1.0,15:00,-937.0,50,-18.74
±3,4.75,1.0,15:00,-937.0,50,-18.74
±3,4.0,1.0,15:00,-937.0,50,-18.74
±3,3.75,1.0,15:00,-937.0,50,-18.74
±3,0.5,0.5,11:00,-938.0,50,-18.76
±3,4.25,0.5,15:00,-939.0,50,-18.78
±3,3.5,0.5,15:00,-939.0,50,-18.78
±3,4.0,0.5,15:00,-939.0,50,-18.78
±3,3.75,0.5,15:00,-939.0,50,-18.78
±3,5.0,0.5,15:00,-939.0,50,-18.78
±3,2.0,2.0,15:00,-939.0,50,-18.78
±3,4.5,0.5,15:00,-939.0,50,-18.78
±3,4.75,0.5,15:00,-939.0,50,-18.78
±4,1.5,2.0,13:30,-940.0,50,-18.8
±4,1.75,2.5,13:00,-940.0,50,-18.8
±4,2.75,2.0,14:30,-941.0,50,-18.82
±4,1.0,0.5,13:00,-943.0,50,-18.86
±3,1.25,0.5,14:30,-943.0,50,-18.86
±4,1.0,0.75,13:00,-944.0,50,-18.88
±3,0.75,2.25,10:30,-945.0,50,-18.9
±3,2.75,2.0,14:30,-946.0,50,-18.92
±4,0.75,0.5,13:00,-948.0,50,-18.96
±3,1.0,0.75,12:30,-948.0,50,-18.96
±4,0.75,0.75,13:00,-949.0,50,-18.98
±4,0.75,1.0,11:00,-949.0,50,-18.98
±4,1.75,1.5,14:30,-951.0,50,-19.02
±3,1.5,1.0,15:00,-953.0,50,-19.06
±3,1.5,0.5,15:00,-955.0,50,-19.1
±3,0.5,2.0,10:00,-956.0,50,-19.12
±3,0.75,0.75,11:30,-956.0,50,-19.12
±3,2.75,2.25,14:00,-956.0,50,-19.12
±3,0.5,2.5,10:30,-957.0,50,-19.14
±3,2.0,4.25,11:00,-958.0,50,-19.16
±3,2.0,5.0,11:00,-958.0,50,-19.16
±3,2.0,3.0,11:00,-958.0,50,-19.16
±3,2.0,3.75,11:00,-958.0,50,-19.16
±3,2.0,3.25,11:00,-958.0,50,-19.16
±3,2.0,3.5,11:00,-958.0,50,-19.16
±3,2.0,4.5,11:00,-958.0,50,-19.16
±3,2.0,4.75,11:00,-958.0,50,-19.16
±3,2.0,4.0,11:00,-958.0,50,-19.16
±3,2.0,2.75,11:00,-958.0,50,-19.16
±4,0.5,1.5,13:30,-959.0,50,-19.18
±4,2.75,2.25,14:00,-963.0,50,-19.26
±4,1.0,2.0,11:00,-963.0,50,-19.26
±4,2.75,2.5,13:30,-967.0,50,-19.34
±4,0.75,0.75,12:30,-967.0,50,-19.34
±3,5.0,2.5,13:00,-968.0,50,-19.36
±3,3.75,2.5,13:00,-968.0,50,-19.36
±3,3.5,2.5,13:00,-968.0,50,-19.36
±3,4.25,2.5,13:00,-968.0,50,-19.36
±4,1.25,1.75,10:00,-968.0,50,-19.36
±3,4.0,2.5,13:00,-968.0,50,-19.36
±3,4.75,2.5,13:00,-968.0,50,-19.36
±3,4.5,2.5,13:00,-968.0,50,-19.36
±4,1.0,0.75,14:00,-969.0,50,-19.38
±4,1.0,0.5,14:00,-971.0,50,-19.42
±4,0.75,1.0,11:30,-972.0,50,-19.44
±4,2.0,2.25,13:30,-972.0,50,-19.44
±4,2.0,2.0,14:30,-973.0,50,-19.46
±3,2.25,1.0,15:00,-974.0,50,-19.48
±4,1.0,2.5,10:00,-975.0,50,-19.5
±4,1.0,2.75,10:00,-975.0,50,-19.5
±4,1.0,3.25,10:00,-975.0,50,-19.5
±4,1.0,4.25,10:00,-975.0,50,-19.5
±4,1.0,5.0,10:00,-975.0,50,-19.5
±4,1.0,4.75,10:00,-975.0,50,-19.5
±4,1.0,4.5,10:00,-975.0,50,-19.5
±4,1.0,3.75,10:00,-975.0,50,-19.5
±4,1.0,3.0,10:00,-975.0,50,-19.5
±3,0.75,0.75,14:00,-975.0,50,-19.5
±4,1.0,3.5,10:00,-975.0,50,-19.5
±4,1.0,2.25,10:00,-975.0,50,-19.5
±4,1.0,4.0,10:00,-975.0,50,-19.5
±3,1.5,4.25,10:00,-976.0,50,-19.52
±3,1.5,3.0,10:00,-976.0,50,-19.52
±3,1.5,4.0,10:00,-976.0,50,-19.52
±3,1.5,2.75,10:00,-976.0,50,-19.52
±3,1.5,2.5,10:00,-976.0,50,-19.52
±3,1.5,3.75,10:00,-976.0,50,-19.52
±3,1.5,3.25,10:00,-976.0,50,-19.52
±3,1.5,4.5,10:00,-976.0,50,-19.52
±3,2.25,0.5,15:00,-976.0,50,-19.52
±3,1.5,4.75,10:00,-976.0,50,-19.52
±3,1.5,2.25,10:00,-976.0,50,-19.52
±3,1.5,5.0,10:00,-976.0,50,-19.52
±3,1.5,3.5,10:00,-976.0,50,-19.52
±4,0.75,0.5,15:00,-977.0,50,-19.54
±4,1.0,1.0,12:00,-978.0,50,-19.56
±4,3.25,2.25,14:00,-979.0,50,-19.58
±3,2.25,1.75,13:00,-979.0,50,-19.58
±4,3.0,2.0,14:30,-979.0,50,-19.58
±4,0.5,1.0,11:30,-979.0,50,-19.58
±4,1.5,5.0,10:00,-981.0,50,-19.62
±4,1.5,3.75,10:00,-981.0,50,-19.62
±4,1.5,4.75,10:00,-981.0,50,-19.62
±4,1.5,2.25,10:00,-981.0,50,-19.62
±4,1.5,4.0,10:00,-981.0,50,-19.62
±4,1.5,3.0,10:00,-981.0,50,-19.62
±4,1.5,2.75,10:00,-981.0,50,-19.62
±4,1.5,2.5,10:00,-981.0,50,-19.62
±3,2.5,2.5,14:00,-981.0,50,-19.62
±4,1.5,4.25,10:00,-981.0,50,-19.62
±4,1.5,4.5,10:00,-981.0,50,-19.62
±4,1.5,3.25,10:00,-981.0,50,-19.62
±4,1.5,3.5,10:00,-981.0,50,-19.62
±3,0.5,0.75,12:30,-982.0,50,-19.64
±4,3.75,2.5,13:00,-983.0,50,-19.66
±4,4.75,2.5,13:00,-983.0,50,-19.66
±3,1.0,2.25,10:00,-983.0,50,-19.66
±4,4.25,2.5,13:00,-983.0,50,-19.66
±4,4.5,2.5,13:00,-983.0,50,-19.66
±4,4.0,2.5,13:00,-983.0,50,-19.66
±4,1.75,2.5,14:00,-983.0,50,-19.66
±3,1.0,4.75,10:00,-983.0,50,-19.66
±4,5.0,2.5,13:00,-983.0,50,-19.66
±3,1.0,3.0,10:00,-983.0,50,-19.66
±3,1.0,3.25,10:00,-983.0,50,-19.66
±3,1.0,4.5,10:00,-983.0,50,-19.66
±3,1.0,5.0,10:00,-983.0,50,-19.66
±3,1.0,4.0,10:00,-983.0,50,-19.66
±3,1.0,4.25,10:00,-983.0,50,-19.66
±3,1.0,2.75,10:00,-983.0,50,-19.66
±4,3.5,2.5,13:00,-983.0,50,-19.66
±3,1.0,3.5,10:00,-983.0,50,-19.66
±3,1.0,3.75,10:00,-983.0,50,-19.66
±3,1.0,2.5,10:00,-983.0,50,-19.66
±4,0.75,0.75,15:00,-988.0,50,-19.76
±3,2.0,2.25,11:00,-989.0,50,-19.78
±4,3.25,2.25,13:30,-990.0,50,-19.8
±4,2.0,2.25,11:00,-992.0,50,-19.84
±4,1.0,1.0,12:30,-992.0,50,-19.84
±4,0.75,0.5,14:30,-995.0,50,-19.9
±3,2.0,1.75,12:30,-995.0,50,-19.9
±4,0.5,0.75,11:00,-996.0,50,-19.92
±3,1.25,1.75,10:00,-996.0,50,-19.92
±3,1.5,5.0,11:00,-997.0,50,-19.94
±3,1.5,4.75,11:00,-997.0,50,-19.94
±3,1.5,4.0,11:00,-997.0,50,-19.94
±3,1.5,4.25,11:00,-997.0,50,-19.94
±3,1.5,3.75,11:00,-997.0,50,-19.94
±3,1.5,3.5,11:00,-997.0,50,-19.94
±3,1.5,4.5,11:00,-997.0,50,-19.94
±3,1.5,2.75,11:00,-997.0,50,-19.94
±3,1.5,3.25,11:00,-997.0,50,-19.94
±3,1.5,3.0,11:00,-997.0,50,-19.94
±4,0.75,1.0,15:00,-1000.0,50,-20.0
±4,2.0,2.25,14:00,-1000.0,50,-20.0
±4,3.0,2.25,14:00,-1001.0,50,-20.02
±4,0.75,0.75,14:30,-1001.0,50,-20.02
±4,0.75,1.0,14:00,-1002.0,50,-20.04
±4,4.25,1.5,11:00,-1004.0,50,-20.08
±4,4.5,1.5,11:00,-1004.0,50,-20.08
±4,3.5,1.5,11:00,-1004.0,50,-20.08
±4,3.75,1.5,11:00,-1004.0,50,-20.08
±4,4.75,1.5,11:00,-1004.0,50,-20.08
±4,4.0,1.5,11:00,-1004.0,50,-20.08
±3,0.5,0.75,11:30,-1004.0,50,-20.08
±4,5.0,1.5,11:00,-1004.0,50,-20.08
±4,3.0,2.5,13:30,-1005.0,50,-20.1
±4,0.5,1.5,10:30,-1006.0,50,-20.12
±4,0.5,1.0,12:30,-1006.0,50,-20.12
±4,0.5,2.25,10:30,-1008.0,50,-20.16
±3,0.75,0.5,12:30,-1009.0,50,-20.18
±4,1.25,1.5,10:00,-1009.0,50,-20.18
±3,1.0,1.5,13:30,-1009.0,50,-20.18
±3,3.0,1.5,14:30,-1010.0,50,-20.2
±4,1.5,2.25,11:00,-1012.0,50,-20.24
±4,1.75,1.75,11:30,-1012.0,50,-20.24
±4,2.5,1.75,13:30,-1015.0,50,-20.3
±4,2.25,1.75,13:30,-1015.0,50,-20.3
±4,1.75,2.5,13:30,-1017.0,50,-20.34
±4,1.25,0.5,15:00,-1017.0,50,-20.34
±4,3.25,1.5,14:30,-1018.0,50,-20.36
±4,1.0,1.0,13:00,-1019.0,50,-20.38
±4,2.5,2.25,11:00,-1020.0,50,-20.4
±4,2.25,2.25,11:00,-1020.0,50,-20.4
±4,3.25,2.25,11:00,-1020.0,50,-20.4
±4,3.0,2.25,11:00,-1020.0,50,-20.4
±4,1.0,0.5,14:30,-1020.0,50,-20.4
±3,1.25,1.5,10:00,-1020.0,50,-20.4
±3,0.75,0.75,12:00,-1020.0,50,-20.4
±4,2.75,2.25,11:00,-1020.0,50,-20.4
±3,0.5,1.75,10:30,-1021.0,50,-20.42
±3,0.75,1.0,11:00,-1021.0,50,-20.42
±3,2.25,1.5,12:30,-1022.0,50,-20.44
±3,3.0,1.5,12:30,-1022.0,50,-20.44
±3,2.5,1.5,12:30,-1022.0,50,-20.44
±3,3.25,1.5,12:30,-1022.0,50,-20.44
±3,2.75,1.5,12:30,-1022.0,50,-20.44
±3,2.75,2.25,13:00,-1022.0,50,-20.44
±3,4.75,2.25,14:00,-1023.0,50,-20.46
±3,4.25,2.25,14:00,-1023.0,50,-20.46
±3,4.5,2.25,14:00,-1023.0,50,-20.46
±3,3.5,2.25,14:00,-1023.0,50,-20.46
±3,5.0,2.25,14:00,-1023.0,50,-20.46
±3,3.75,2.25,14:00,-1023.0,50,-20.46
±3,4.0,2.25,14:00,-1023.0,50,-20.46
±4,0.75,1.0,13:00,-1024.0,50,-20.48
±3,1.5,2.25,11:00,-1028.0,50,-20.56
±3,3.25,4.75,11:00,-1028.0,50,-20.56
±3,2.5,4.0,11:00,-1028.0,50,-20.56
±3,2.5,4.5,11:00,-1028.0,50,-20.56
±3,2.5,2.75,11:00,-1028.0,50,-20.56
±3,2.5,3.0,11:00,-1028.0,50,-20.56
±3,2.75,4.75,11:00,-1028.0,50,-20.56
±3,3.25,3.75,11:00,-1028.0,50,-20.56
±3,2.75,2.75,11:00,-1028.0,50,-20.56
±3,2.75,3.5,11:00,-1028.0,50,-20.56
±3,2.75,3.0,11:00,-1028.0,50,-20.56
±4,1.25,0.75,14:30,-1028.0,50,-20.56
±3,2.75,4.5,11:00,-1028.0,50,-20.56
±3,3.25,3.25,11:00,-1028.0,50,-20.56
±3,3.25,2.75,11:00,-1028.0,50,-20.56
±3,3.25,3.0,11:00,-1028.0,50,-20.56
±3,2.75,4.25,11:00,-1028.0,50,-20.56
±3,3.25,5.0,11:00,-1028.0,50,-20.56
±3,2.5,5.0,11:00,-1028.0,50,-20.56
±3,2.5,4.75,11:00,-1028.0,50,-20.56
±3,3.0,3.0,11:00,-1028.0,50,-20.56
±3,2.5,4.25,11:00,-1028.0,50,-20.56
±3,3.25,4.5,11:00,-1028.0,50,-20.56
±3,3.0,4.75,11:00,-1028.0,50,-20.56
±3,3.0,4.5,11:00,-1028.0,50,-20.56
±3,3.0,4.25,11:00,-1028.0,50,-20.56
±3,2.5,3.5,11:00,-1028.0,50,-20.56
±3,3.0,2.75,11:00,-1028.0,50,-20.56
±3,2.5,3.75,11:00,-1028.0,50,-20.56
±3,2.25,5.0,11:00,-1028.0,50,-20.56
±3,2.25,4.25,11:00,-1028.0,50,-20.56
±3,2.25,3.75,11:00,-1028.0,50,-20.56
±3,2.75,5.0,11:00,-1028.0,50,-20.56
±3,2.25,4.0,11:00,-1028.0,50,-20.56
±3,2.25,4.75,11:00,-1028.0,50,-20.56
±3,3.0,3.75,11:00,-1028.0,50,-20.56
±3,2.25,4.5,11:00,-1028.0,50,-20.56
±3,2.5,3.25,11:00,-1028.0,50,-20.56
±4,3.25,2.25,13:00,-1028.0,50,-20.56
±3,3.0,3.25,11:00,-1028.0,50,-20.56
±4,3.0,2.25,13:00,-1028.0,50,-20.56
±3,3.0,3.5,11:00,-1028.0,50,-20.56
±3,2.25,3.25,11:00,-1028.0,50,-20.56
±3,3.0,5.0,11:00,-1028.0,50,-20.56
±3,2.25,3.0,11:00,-1028.0,50,-20.56
±3,2.25,3.5,11:00,-1028.0,50,-20.56
±3,2.25,2.75,11:00,-1028.0,50,-20.56
±3,3.0,4.0,11:00,-1028.0,50,-20.56
±3,2.75,3.25,11:00,-1028.0,50,-20.56
±3,3.25,4.25,11:00,-1028.0,50,-20.56
±3,2.75,4.0,11:00,-1028.0,50,-20.56
±3,2.75,3.75,11:00,-1028.0,50,-20.56
±3,3.25,4.0,11:00,-1028.0,50,-20.56
±3,3.25,3.5,11:00,-1028.0,50,-20.56
±3,0.75,1.0,11:30,-1029.0,50,-20.58
±4,1.5,1.75,11:30,-1030.0,50,-20.6
±3,4.5,1.5,11:00,-1033.0,50,-20.66
±3,5.0,1.5,11:00,-1033.0,50,-20.66
±3,3.75,1.5,11:00,-1033.0,50,-20.66
±3,4.25,1.5,11:00,-1033.0,50,-20.66
±3,3.5,1.5,11:00,-1033.0,50,-20.66
±3,4.75,1.5,11:00,-1033.0,50,-20.66
±3,4.0,1.5,11:00,-1033.0,50,-20.66
±4,1.0,0.75,14:30,-1035.0,50,-20.7
±4,0.5,1.0,11:00,-1035.0,50,-20.7
±3,0.75,0.5,14:00,-1038.0,50,-20.76
±3,1.75,2.0,12:00,-1042.0,50,-20.84
±3,4.75,0.75,15:00,-1046.0,50,-20.92
±3,3.5,0.75,15:00,-1046.0,50,-20.92
±4,2.0,1.75,12:30,-1046.0,50,-20.92
±3,4.25,0.75,15:00,-1046.0,50,-20.92
±3,1.0,1.0,12:00,-1046.0,50,-20.92
±3,1.75,1.75,11:30,-1046.0,50,-20.92
±3,3.75,0.75,15:00,-1046.0,50,-20.92
±3,4.5,0.75,15:00,-1046.0,50,-20.92
±3,5.0,0.75,15:00,-1046.0,50,-20.92
±3,4.0,0.75,15:00,-1046.0,50,-20.92
±3,0.5,1.5,10:30,-1046.0,50,-20.92
±4,2.0,1.75,11:30,-1047.0,50,-20.94
±3,2.5,2.5,13:00,-1047.0,50,-20.94
±4,3.75,1.75,11:00,-1048.0,50,-20.96
±4,5.0,1.75,11:00,-1048.0,50,-20.96
±4,3.5,1.75,11:00,-1048.0,50,-20.96
±4,4.0,1.75,11:00,-1048.0,50,-20.96
±4,4.25,1.75,11:00,-1048.0,50,-20.96
±4,4.5,1.75,11:00,-1048.0,50,-20.96
±3,0.75,0.75,11:00,-1048.0,50,-20.96
±4,4.75,1.75,11:00,-1048.0,50,-20.96
±3,1.0,1.0,12:30,-1050.0,50,-21.0
±3,0.5,0.75,12:00,-1051.0,50,-21.02
±4,3.25,1.5,12:30,-1056.0,50,-21.12
±4,2.25,1.5,12:30,-1056.0,50,-21.12
±4,3.0,1.5,12:30,-1056.0,50,-21.12
±4,2.75,1.5,12:30,-1056.0,50,-21.12
±4,2.5,1.5,12:30,-1056.0,50,-21.12
±3,0.75,0.75,13:00,-1057.0,50,-21.14
±3,2.25,2.25,11:00,-1059.0,50,-21.18
±3,2.5,2.25,11:00,-1059.0,50,-21.18
±4,1.0,1.0,15:00,-1059.0,50,-21.18
±3,3.0,2.25,11:00,-1059.0,50,-21.18
±3,2.0,1.75,11:30,-1059.0,50,-21.18
±3,2.75,2.25,11:00,-1059.0,50,-21.18
±3,3.25,2.25,11:00,-1059.0,50,-21.18
±3,0.75,1.0,13:00,-1060.0,50,-21.2
±3,3.0,2.25,13:00,-1061.0,50,-21.22
±3,3.25,2.25,13:00,-1061.0,50,-21.22
±3,0.75,1.0,15:00,-1062.0,50,-21.24
±3,1.5,0.75,15:00,-1062.0,50,-21.24
±3,3.5,2.25,13:30,-1064.0,50,-21.28
±3,4.0,2.25,13:30,-1064.0,50,-21.28
±3,5.0,2.25,13:30,-1064.0,50,-21.28
±3,3.75,2.25,13:30,-1064.0,50,-21.28
±3,4.75,2.25,13:30,-1064.0,50,-21.28
±3,4.25,2.25,13:30,-1064.0,50,-21.28
±3,4.5,2.25,13:30,-1064.0,50,-21.28
±3,3.25,1.5,14:30,-1065.0,50,-21.3
±3,1.25,0.75,14:30,-1067.0,50,-21.34
±3,1.5,1.75,11:30,-1067.0,50,-21.34
±4,4.75,2.5,14:00,-1069.0,50,-21.38
±4,5.0,2.5,14:00,-1069.0,50,-21.38
±4,3.5,2.5,14:00,-1069.0,50,-21.38
±4,4.0,2.5,14:00,-1069.0,50,-21.38
±4,4.25,2.5,14:00,-1069.0,50,-21.38
±4,4.5,2.5,14:00,-1069.0,50,-21.38
±4,3.75,2.5,14:00,-1069.0,50,-21.38
±4,0.75,4.75,10:00,-1072.0,50,-21.44
±4,0.75,5.0,10:00,-1072.0,50,-21.44
±4,0.75,4.5,10:00,-1072.0,50,-21.44
±4,0.75,4.0,10:00,-1072.0,50,-21.44
±4,0.75,4.25,10:00,-1072.0,50,-21.44
±4,0.75,3.25,10:00,-1072.0,50,-21.44
±4,0.75,2.75,10:00,-1072.0,50,-21.44
±4,0.75,3.5,10:00,-1072.0,50,-21.44
±4,0.75,3.75,10:00,-1072.0,50,-21.44
±4,0.75,2.5,10:00,-1072.0,50,-21.44
±4,0.75,2.25,10:00,-1072.0,50,-21.44
±4,0.75,3.0,10:00,-1072.0,50,-21.44
±3,0.75,1.0,14:00,-1073.0,50,-21.46
±4,0.5,1.0,12:00,-1076.0,50,-21.52
±3,0.5,1.0,11:30,-1077.0,50,-21.54
±3,2.5,2.0,15:00,-1077.0,50,-21.54
±3,1.0,0.75,14:00,-1078.0,50,-21.56
±3,3.5,1.5,11:30,-1079.0,50,-21.58
±3,4.25,1.5,11:30,-1079.0,50,-21.58
±3,4.5,1.5,11:30,-1079.0,50,-21.58
±4,1.75,2.25,13:00,-1079.0,50,-21.58
±3,5.0,1.5,11:30,-1079.0,50,-21.58
±3,4.0,1.5,11:30,-1079.0,50,-21.58
±3,4.75,1.5,11:30,-1079.0,50,-21.58
±3,3.75,1.5,11:30,-1079.0,50,-21.58
±3,0.75,0.75,12:30,-1081.0,50,-21.62
±3,0.75,3.5,10:00,-1082.0,50,-21.64
±3,0.75,3.25,10:00,-1082.0,50,-21.64
±3,0.75,2.75,10:00,-1082.0,50,-21.64
±3,0.75,4.25,10:00,-1082.0,50,-21.64
±3,0.75,5.0,10:00,-1082.0,50,-21.64
±3,0.75,4.5,10:00,-1082.0,50,-21.64
±3,0.75,4.75,10:00,-1082.0,50,-21.64
±3,0.75,3.75,10:00,-1082.0,50,-21.64
±3,0.75,4.0,10:00,-1082.0,50,-21.64
±3,0.75,2.25,10:00,-1082.0,50,-21.64
±3,0.75,3.0,10:00,-1082.0,50,-21.64
±3,0.75,2.5,10:00,-1082.0,50,-21.64
±4,1.0,0.75,15:00,-1083.0,50,-21.66
±3,2.25,0.75,15:00,-1083.0,50,-21.66
±3,0.75,0.5,13:00,-1083.0,50,-21.66
±4,1.75,2.0,12:00,-1083.0,50,-21.66
±3,0.5,1.0,12:30,-1084.0,50,-21.68
±4,0.75,1.0,12:00,-1084.0,50,-21.68
±4,1.0,1.0,14:00,-1085.0,50,-21.7
±3,0.75,1.5,13:30,-1086.0,50,-21.72
±4,1.25,1.5,13:30,-1087.0,50,-21.74
±3,1.0,0.75,13:00,-1089.0,50,-21.78
±3,1.0,1.0,13:00,-1092.0,50,-21.84
±4,1.0,0.5,15:00,-1094.0,50,-21.88
±4,1.25,3.75,11:00,-1095.0,50,-21.9
±4,1.25,4.25,11:00,-1095.0,50,-21.9
±4,1.25,3.0,11:00,-1095.0,50,-21.9
±4,1.25,4.0,11:00,-1095.0,50,-21.9
±4,1.25,4.75,11:00,-1095.0,50,-21.9
±4,1.25,4.5,11:00,-1095.0,50,-21.9
±4,1.25,3.5,11:00,-1095.0,50,-21.9
±4,1.25,3.25,11:00,-1095.0,50,-21.9
±4,1.25,2.75,11:00,-1095.0,50,-21.9
±4,1.25,5.0,11:00,-1095.0,50,-21.9
±3,2.0,1.5,14:30,-1097.0,50,-21.94
±4,2.75,1.5,14:30,-1097.0,50,-21.94
±3,2.5,2.25,13:30,-1104.0,50,-22.08
±3,1.75,2.25,14:00,-1104.0,50,-22.08
±3,1.75,2.25,13:00,-1105.0,50,-22.1
±4,2.75,2.25,13:30,-1106.0,50,-22.12
±3,1.75,1.75,12:30,-1106.0,50,-22.12
±3,2.75,1.5,14:30,-1108.0,50,-22.16
±3,2.5,1.75,11:30,-1108.0,50,-22.16
±3,3.25,1.75,11:30,-1108.0,50,-22.16
±3,2.25,1.75,11:30,-1108.0,50,-22.16
±3,2.75,1.75,11:30,-1108.0,50,-22.16
±3,3.0,1.75,11:30,-1108.0,50,-22.16
±4,0.5,1.75,10:00,-1109.0,50,-22.18
±3,1.25,1.5,13:00,-1112.0,50,-22.24
±3,1.0,0.5,13:00,-1115.0,50,-22.3
±4,0.75,1.0,14:30,-1117.0,50,-22.34
±3,0.75,0.75,15:00,-1117.0,50,-22.34
±4,2.25,1.75,11:30,-1118.0,50,-22.36
±4,3.0,1.75,11:30,-1118.0,50,-22.36
±4,2.75,1.75,11:30,-1118.0,50,-22.36
±4,3.25,1.75,11:30,-1118.0,50,-22.36
±4,2.5,1.75,11:30,-1118.0,50,-22.36
±4,5.0,2.5,13:30,-1121.0,50,-22.42
±4,1.25,1.0,15:00,-1121.0,50,-22.42
±4,3.5,2.5,13:30,-1121.0,50,-22.42
±4,4.0,2.5,13:30,-1121.0,50,-22.42
±4,4.25,2.5,13:30,-1121.0,50,-22.42
±4,4.5,2.5,13:30,-1121.0,50,-22.42
±4,3.75,2.5,13:30,-1121.0,50,-22.42
±4,4.75,2.5,13:30,-1121.0,50,-22.42
±4,5.0,2.25,13:00,-1122.0,50,-22.44
±4,1.75,2.25,14:00,-1122.0,50,-22.44
±3,1.0,0.5,14:00,-1122.0,50,-22.44
±3,1.0,1.0,15:00,-1122.0,50,-22.44
±4,4.0,2.25,13:00,-1122.0,50,-22.44
±4,4.25,2.25,13:00,-1122.0,50,-22.44
±4,4.5,2.25,13:00,-1122.0,50,-22.44
±4,4.75,2.25,13:00,-1122.0,50,-22.44
±4,3.5,2.25,13:00,-1122.0,50,-22.44
±4,3.75,2.25,13:00,-1122.0,50,-22.44
±3,2.25,2.5,13:30,-1124.0,50,-22.48
±3,1.25,2.5,11:00,-1126.0,50,-22.52
±3,0.75,0.5,15:00,-1127.0,50,-22.54
±3,3.75,1.75,11:00,-1129.0,50,-22.58
±3,4.75,1.75,11:00,-1129.0,50,-22.58
±3,4.0,1.75,11:00,-1129.0,50,-22.58
±3,4.25,1.75,11:00,-1129.0,50,-22.58
±4,0.75,1.0,12:30,-1129.0,50,-22.58
±3,5.0,1.75,11:00,-1129.0,50,-22.58
±4,2.0,1.5,14:30,-1129.0,50,-22.58
±3,4.5,1.75,11:00,-1129.0,50,-22.58
±3,3.5,1.75,11:00,-1129.0,50,-22.58
±3,0.5,2.25,10:30,-1133.0,50,-22.66
±4,2.25,2.5,13:00,-1135.0,50,-22.7
±4,3.0,1.5,14:30,-1135.0,50,-22.7
±4,2.5,2.5,13:00,-1135.0,50,-22.7
±4,4.25,2.0,15:00,-1137.0,50,-22.74
±4,4.5,2.0,15:00,-1137.0,50,-22.74
±4,5.0,2.0,15:00,-1137.0,50,-22.74
±4,4.75,2.0,15:00,-1137.0,50,-22.74
±4,4.0,2.0,15:00,-1137.0,50,-22.74
±4,3.75,2.0,15:00,-1137.0,50,-22.74
±4,1.0,1.5,13:30,-1137.0,50,-22.74
±4,3.5,2.0,15:00,-1137.0,50,-22.74
±3,3.5,2.0,11:30,-1138.0,50,-22.76
±3,4.25,2.0,11:30,-1138.0,50,-22.76
±3,5.0,2.0,11:30,-1138.0,50,-22.76
±3,4.75,2.0,11:30,-1138.0,50,-22.76
±3,3.75,2.0,11:30,-1138.0,50,-22.76
±3,4.5,2.0,11:30,-1138.0,50,-22.76
±3,4.0,2.0,11:30,-1138.0,50,-22.76
±4,1.25,2.5,11:00,-1143.0,50,-22.86
±3,1.5,2.0,12:30,-1143.0,50,-22.86
±3,4.25,2.25,13:00,-1144.0,50,-22.88
±4,1.25,1.0,14:30,-1144.0,50,-22.88
±3,3.5,2.25,13:00,-1144.0,50,-22.88
±3,4.5,2.25,13:00,-1144.0,50,-22.88
±3,4.0,2.25,13:00,-1144.0,50,-22.88
±3,3.75,2.25,13:00,-1144.0,50,-22.88
±4,3.0,2.25,13:30,-1144.0,50,-22.88
±3,4.75,2.25,13:00,-1144.0,50,-22.88
±3,5.0,2.25,13:00,-1144.0,50,-22.88
±4,1.5,1.75,13:00,-1145.0,50,-22.9
±4,1.25,0.75,15:00,-1145.0,50,-22.9
±3,0.75,1.0,12:00,-1146.0,50,-22.92
±3,2.5,2.0,14:30,-1147.0,50,-22.94
±4,2.5,2.0,15:00,-1148.0,50,-22.96
±4,2.25,2.0,15:00,-1148.0,50,-22.96
±3,1.25,1.0,14:30,-1148.0,50,-22.96
±3,1.25,1.0,15:00,-1149.0,50,-22.98
±4,0.5,1.5,10:00,-1150.0,50,-23.0
±4,1.0,1.0,14:30,-1151.0,50,-23.02
±3,1.25,0.5,15:00,-1151.0,50,-23.02
±4,4.75,1.5,11:30,-1152.0,50,-23.04
±4,5.0,1.5,11:30,-1152.0,50,-23.04
±4,4.5,1.5,11:30,-1152.0,50,-23.04
±4,4.0,1.5,11:30,-1152.0,50,-23.04
±4,4.25,1.5,11:30,-1152.0,50,-23.04
±4,3.75,1.5,11:30,-1152.0,50,-23.04
±4,3.5,1.5,11:30,-1152.0,50,-23.04
±3,1.75,1.75,14:30,-1154.0,50,-23.08
±3,0.75,0.75,14:30,-1155.0,50,-23.1
±4,1.75,2.25,13:30,-1156.0,50,-23.12
±3,2.5,2.25,14:00,-1157.0,50,-23.14
±4,1.75,1.75,12:30,-1157.0,50,-23.14
±4,1.5,2.0,15:00,-1161.0,50,-23.22
±3,0.5,1.0,11:00,-1161.0,50,-23.22
±3,1.0,1.5,11:00,-1162.0,50,-23.24
±3,0.75,0.5,14:30,-1163.0,50,-23.26
±4,1.5,1.5,12:00,-1164.0,50,-23.28
±3,1.5,1.75,13:00,-1164.0,50,-23.28
±4,3.25,1.5,15:00,-1165.0,50,-23.3
±3,1.25,5.0,10:00,-1166.0,50,-23.32
±3,1.25,2.5,10:00,-1166.0,50,-23.32
±3,1.25,4.75,10:00,-1166.0,50,-23.32
±3,1.25,3.0,10:00,-1166.0,50,-23.32
±3,1.25,3.75,10:00,-1166.0,50,-23.32
±3,1.25,4.25,10:00,-1166.0,50,-23.32
±3,1.25,3.5,10:00,-1166.0,50,-23.32
±3,1.25,4.0,10:00,-1166.0,50,-23.32
±3,1.25,4.5,10:00,-1166.0,50,-23.32
±3,1.25,2.75,10:00,-1166.0,50,-23.32
±3,1.25,2.25,10:00,-1166.0,50,-23.32
±3,1.25,3.25,10:00,-1166.0,50,-23.32
±4,1.5,1.75,13:30,-1168.0,50,-23.36
±3,1.0,0.75,14:30,-1170.0,50,-23.4
±4,4.5,2.0,14:30,-1172.0,50,-23.44
±4,5.0,2.0,14:30,-1172.0,50,-23.44
±4,3.5,2.0,14:30,-1172.0,50,-23.44
±4,4.75,2.0,14:30,-1172.0,50,-23.44
±4,4.25,2.0,14:30,-1172.0,50,-23.44
±4,4.0,2.0,14:30,-1172.0,50,-23.44
±4,3.75,2.0,14:30,-1172.0,50,-23.44
±3,1.0,1.0,14:00,-1176.0,50,-23.52
±3,2.25,2.5,14:00,-1177.0,50,-23.54
±3,0.5,1.0,12:00,-1177.0,50,-23.54
±3,0.5,1.5,14:00,-1179.0,50,-23.58
±3,2.0,2.0,12:00,-1180.0,50,-23.6
±4,1.25,4.25,10:00,-1182.0,50,-23.64
±4,1.25,4.0,10:00,-1182.0,50,-23.64
±4,1.25,4.5,10:00,-1182.0,50,-23.64
±4,1.25,3.5,10:00,-1182.0,50,-23.64
±4,1.25,3.25,10:00,-1182.0,50,-23.64
±4,1.25,4.75,10:00,-1182.0,50,-23.64
±4,1.25,3.0,10:00,-1182.0,50,-23.64
±4,1.25,2.5,10:00,-1182.0,50,-23.64
±4,1.25,2.25,10:00,-1182.0,50,-23.64
±4,1.25,2.75,10:00,-1182.0,50,-23.64
±4,1.25,3.75,10:00,-1182.0,50,-23.64
±4,1.25,5.0,10:00,-1182.0,50,-23.64
±3,1.0,0.5,14:30,-1182.0,50,-23.64
±3,0.75,1.0,12:30,-1183.0,50,-23.66
±4,0.5,1.5,14:00,-1185.0,50,-23.7
±3,0.5,2.0,13:30,-1186.0,50,-23.72
±4,1.25,1.5,13:00,-1186.0,50,-23.72
±4,1.0,1.5,11:00,-1187.0,50,-23.74
±3,0.5,0.75,11:00,-1188.0,50,-23.76
±4,3.25,1.75,15:00,-1189.0,50,-23.78
±4,2.25,2.5,14:00,-1192.0,50,-23.84
±4,2.5,2.5,14:00,-1192.0,50,-23.84
±3,5.0,2.0,14:30,-1193.0,50,-23.86
±3,4.25,2.0,14:30,-1193.0,50,-23.86
±3,4.5,2.0,14:30,-1193.0,50,-23.86
±3,3.5,2.0,14:30,-1193.0,50,-23.86
±3,4.0,2.0,14:30,-1193.0,50,-23.86
±3,4.75,2.0,14:30,-1193.0,50,-23.86
±3,3.75,2.0,14:30,-1193.0,50,-23.86
±4,1.5,1.75,14:00,-1194.0,50,-23.88
±4,0.75,1.5,13:30,-1199.0,50,-23.98
±3,1.5,1.5,12:00,-1200.0,50,-24.0
±4,1.5,2.0,14:30,-1203.0,50,-24.06
±4,1.5,2.0,12:30,-1203.0,50,-24.06
±3,0.5,1.75,10:00,-1205.0,50,-24.1
±4,0.5,2.0,14:30,-1206.0,50,-24.12
±4,5.0,2.25,14:00,-1208.0,50,-24.16
±4,3.5,2.25,14:00,-1208.0,50,-24.16
±4,4.5,2.25,14:00,-1208.0,50,-24.16
±4,4.0,2.25,14:00,-1208.0,50,-24.16
±4,4.75,2.25,14:00,-1208.0,50,-24.16
±4,4.25,2.25,14:00,-1208.0,50,-24.16
±3,1.5,1.75,14:00,-1208.0,50,-24.16
±4,3.75,2.25,14:00,-1208.0,50,-24.16
±3,0.5,1.5,13:00,-1209.0,50,-24.18
±3,0.5,2.0,14:30,-1212.0,50,-24.24
±3,1.25,1.5,14:00,-1215.0,50,-24.3
±4,1.75,1.75,14:30,-1219.0,50,-24.38
±4,2.0,2.0,12:00,-1222.0,50,-24.44
±3,2.5,2.25,13:00,-1223.0,50,-24.46
±3,1.25,2.0,13:30,-1224.0,50,-24.48
±3,0.5,1.5,10:00,-1229.0,50,-24.58
±4,1.25,1.5,11:30,-1230.0,50,-24.6
±4,1.0,1.75,11:00,-1231.0,50,-24.62
±3,1.0,0.75,15:00,-1231.0,50,-24.62
±3,1.5,2.0,14:30,-1236.0,50,-24.72
±3,4.0,2.0,15:00,-1236.0,50,-24.72
±3,5.0,2.0,15:00,-1236.0,50,-24.72
±3,0.75,1.0,14:30,-1236.0,50,-24.72
±3,4.75,2.0,15:00,-1236.0,50,-24.72
±3,3.5,2.0,15:00,-1236.0,50,-24.72
±3,4.5,2.0,15:00,-1236.0,50,-24.72
±4,0.5,2.0,14:00,-1236.0,50,-24.72
±3,4.25,2.0,15:00,-1236.0,50,-24.72
±3,3.75,2.0,15:00,-1236.0,50,-24.72
±3,3.75,1.5,12:30,-1239.0,50,-24.78
±3,4.0,1.5,12:30,-1239.0,50,-24.78
±3,3.5,1.5,12:30,-1239.0,50,-24.78
±3,5.0,1.5,12:30,-1239.0,50,-24.78
±3,4.25,1.5,12:30,-1239.0,50,-24.78
±3,4.75,1.5,12:30,-1239.0,50,-24.78
±3,4.5,1.5,12:30,-1239.0,50,-24.78
±4,0.5,1.5,13:00,-1242.0,50,-24.84
±3,2.25,2.5,13:00,-1243.0,50,-24.86
±3,0.5,2.0,14:00,-1244.0,50,-24.88
±3,1.25,1.5,11:30,-1245.0,50,-24.9
±3,3.25,1.75,15:00,-1247.0,50,-24.94
±4,2.0,3.5,13:00,-1249.0,50,-24.98
±4,2.0,4.75,13:00,-1249.0,50,-24.98
±4,2.0,4.5,13:00,-1249.0,50,-24.98
±4,2.0,5.0,13:00,-1249.0,50,-24.98
±4,2.0,2.75,13:00,-1249.0,50,-24.98
±4,2.0,4.25,13:00,-1249.0,50,-24.98
±4,2.0,4.0,13:00,-1249.0,50,-24.98
±4,2.0,3.25,13:00,-1249.0,50,-24.98
±4,2.0,3.0,13:00,-1249.0,50,-24.98
±4,2.0,3.75,13:00,-1249.0,50,-24.98
±4,3.5,2.0,11:30,-1249.0,50,-24.98
±4,3.75,2.0,11:30,-1249.0,50,-24.98
±4,4.0,2.0,11:30,-1249.0,50,-24.98
±4,4.5,2.0,11:30,-1249.0,50,-24.98
±4,4.25,2.0,11:30,-1249.0,50,-24.98
±4,4.75,2.0,11:30,-1249.0,50,-24.98
±4,5.0,2.0,11:30,-1249.0,50,-24.98
±3,1.0,1.0,14:30,-1251.0,50,-25.02
±3,1.5,2.0,15:00,-1252.0,50,-25.04
±3,3.25,1.5,15:00,-1256.0,50,-25.12
±3,1.25,0.75,15:00,-1258.0,50,-25.16
±3,1.0,1.75,11:00,-1258.0,50,-25.16
±3,1.5,2.5,13:30,-1260.0,50,-25.2
±4,4.0,2.25,13:30,-1260.0,50,-25.2
±4,3.5,2.25,13:30,-1260.0,50,-25.2
±4,5.0,2.25,13:30,-1260.0,50,-25.2
±4,3.75,2.25,13:30,-1260.0,50,-25.2
±4,4.5,2.25,13:30,-1260.0,50,-25.2
±4,4.75,2.25,13:30,-1260.0,50,-25.2
±4,4.25,2.25,13:30,-1260.0,50,-25.2
±3,3.0,1.75,14:30,-1264.0,50,-25.28
±3,3.0,2.0,12:30,-1267.0,50,-25.34
±3,2.25,2.0,12:30,-1267.0,50,-25.34
±3,3.25,2.0,12:30,-1267.0,50,-25.34
±3,2.75,2.0,12:30,-1267.0,50,-25.34
±3,2.5,2.0,12:30,-1267.0,50,-25.34
±3,1.25,4.0,11:00,-1271.0,50,-25.42
±3,1.25,4.75,11:00,-1271.0,50,-25.42
±3,1.25,5.0,11:00,-1271.0,50,-25.42
±3,1.25,3.25,11:00,-1271.0,50,-25.42
±3,1.25,3.0,11:00,-1271.0,50,-25.42
±3,1.25,3.75,11:00,-1271.0,50,-25.42
±3,1.25,4.25,11:00,-1271.0,50,-25.42
±3,1.25,4.5,11:00,-1271.0,50,-25.42
±3,1.25,3.5,11:00,-1271.0,50,-25.42
±3,1.25,2.75,11:00,-1271.0,50,-25.42
±3,2.25,2.0,15:00,-1273.0,50,-25.46
±4,2.25,2.25,13:00,-1274.0,50,-25.48
±4,2.5,2.25,13:00,-1274.0,50,-25.48
±3,2.0,3.0,13:00,-1280.0,50,-25.6
±3,2.0,4.0,13:00,-1280.0,50,-25.6
±3,2.0,3.5,13:00,-1280.0,50,-25.6
±3,2.0,4.75,13:00,-1280.0,50,-25.6
±3,2.0,3.75,13:00,-1280.0,50,-25.6
±3,2.0,3.25,13:00,-1280.0,50,-25.6
±3,1.25,2.0,14:00,-1280.0,50,-25.6
±3,2.0,4.25,13:00,-1280.0,50,-25.6
±3,2.0,5.0,13:00,-1280.0,50,-25.6
±3,2.0,2.75,13:00,-1280.0,50,-25.6
±3,2.0,4.5,13:00,-1280.0,50,-25.6
±4,1.25,2.25,11:00,-1282.0,50,-25.64
±4,3.25,1.75,14:30,-1286.0,50,-25.72
±4,0.75,2.0,11:00,-1290.0,50,-25.8
±3,1.0,0.5,15:00,-1291.0,50,-25.82
±4,1.25,1.5,14:00,-1293.0,50,-25.86
±3,0.75,2.0,11:00,-1296.0,50,-25.92
±4,1.75,1.5,15:00,-1299.0,50,-25.98
±3,2.25,2.25,13:30,-1300.0,50,-26.0
±4,5.0,4.25,11:00,-1301.0,50,-26.02
±4,5.0,4.75,11:00,-1301.0,50,-26.02
±4,5.0,4.5,11:00,-1301.0,50,-26.02
±4,5.0,3.75,11:00,-1301.0,50,-26.02
±4,4.75,5.0,11:00,-1301.0,50,-26.02
±4,4.75,4.0,11:00,-1301.0,50,-26.02
±4,5.0,3.0,11:00,-1301.0,50,-26.02
±4,3.75,4.5,11:00,-1301.0,50,-26.02
±4,3.75,4.0,11:00,-1301.0,50,-26.02
±4,3.5,5.0,11:00,-1301.0,50,-26.02
±4,3.5,4.75,11:00,-1301.0,50,-26.02
±4,3.5,3.75,11:00,-1301.0,50,-26.02
±4,4.0,3.0,11:00,-1301.0,50,-26.02
±4,3.75,4.75,11:00,-1301.0,50,-26.02
±4,3.75,3.75,11:00,-1301.0,50,-26.02
±4,5.0,3.25,11:00,-1301.0,50,-26.02
±4,3.75,5.0,11:00,-1301.0,50,-26.02
±4,3.75,3.25,11:00,-1301.0,50,-26.02
±4,3.75,3.0,11:00,-1301.0,50,-26.02
±4,3.75,2.75,11:00,-1301.0,50,-26.02
±4,4.0,3.75,11:00,-1301.0,50,-26.02
±4,4.0,4.0,11:00,-1301.0,50,-26.02
±4,4.0,3.25,11:00,-1301.0,50,-26.02
±4,4.0,3.5,11:00,-1301.0,50,-26.02
±4,3.75,4.25,11:00,-1301.0,50,-26.02
±4,3.75,3.5,11:00,-1301.0,50,-26.02
±4,4.0,2.75,11:00,-1301.0,50,-26.02
±4,4.25,3.5,11:00,-1301.0,50,-26.02
±4,3.5,3.0,11:00,-1301.0,50,-26.02
±4,3.5,2.75,11:00,-1301.0,50,-26.02
±4,3.5,3.25,11:00,-1301.0,50,-26.02
±4,3.5,3.5,11:00,-1301.0,50,-26.02
±4,3.5,4.0,11:00,-1301.0,50,-26.02
±4,3.5,4.25,11:00,-1301.0,50,-26.02
±4,3.5,4.5,11:00,-1301.0,50,-26.02
±4,5.0,2.75,11:00,-1301.0,50,-26.02
±4,4.5,4.75,11:00,-1301.0,50,-26.02
±4,4.75,3.25,11:00,-1301.0,50,-26.02
±4,4.75,4.75,11:00,-1301.0,50,-26.02
±4,4.75,4.5,11:00,-1301.0,50,-26.02
±4,5.0,4.0,11:00,-1301.0,50,-26.02
±4,5.0,3.5,11:00,-1301.0,50,-26.02
±4,5.0,5.0,11:00,-1301.0,50,-26.02
±4,4.5,4.25,11:00,-1301.0,50,-26.02
±4,4.75,2.75,11:00,-1301.0,50,-26.02
±4,4.25,4.25,11:00,-1301.0,50,-26.02
±4,4.25,4.0,11:00,-1301.0,50,-26.02
±4,4.25,3.75,11:00,-1301.0,50,-26.02
±4,4.0,4.75,11:00,-1301.0,50,-26.02
±4,4.0,4.5,11:00,-1301.0,50,-26.02
±4,4.0,5.0,11:00,-1301.0,50,-26.02
±4,4.0,4.25,11:00,-1301.0,50,-26.02
±4,4.25,4.5,11:00,-1301.0,50,-26.02
±4,4.5,3.75,11:00,-1301.0,50,-26.02
±4,4.25,5.0,11:00,-1301.0,50,-26.02
±4,4.25,4.75,11:00,-1301.0,50,-26.02
±4,4.5,2.75,11:00,-1301.0,50,-26.02
±4,4.5,3.0,11:00,-1301.0,50,-26.02
±4,4.75,3.5,11:00,-1301.0,50,-26.02
±4,4.75,4.25,11:00,-1301.0,50,-26.02
±4,4.5,3.25,11:00,-1301.0,50,-26.02
±4,4.5,4.5,11:00,-1301.0,50,-26.02
±4,4.5,4.0,11:00,-1301.0,50,-26.02
±4,4.5,5.0,11:00,-1301.0,50,-26.02
±4,4.5,3.5,11:00,-1301.0,50,-26.02
±4,4.25,3.25,11:00,-1301.0,50,-26.02
±4,4.25,3.0,11:00,-1301.0,50,-26.02
±4,4.25,2.75,11:00,-1301.0,50,-26.02
±4,4.75,3.75,11:00,-1301.0,50,-26.02
±4,4.75,3.0,11:00,-1301.0,50,-26.02
±3,1.25,2.25,11:00,-1302.0,50,-26.04
±3,2.0,2.5,12:30,-1303.0,50,-26.06
±4,5.0,1.5,12:30,-1304.0,50,-26.08
±4,4.75,1.5,12:30,-1304.0,50,-26.08
±4,4.0,1.5,12:30,-1304.0,50,-26.08
±4,3.75,1.5,12:30,-1304.0,50,-26.08
±3,1.25,2.0,11:30,-1304.0,50,-26.08
±4,3.5,1.5,12:30,-1304.0,50,-26.08
±4,4.25,1.5,12:30,-1304.0,50,-26.08
±4,4.5,1.5,12:30,-1304.0,50,-26.08
±4,2.75,1.5,15:00,-1306.0,50,-26.12
±4,0.75,2.0,15:00,-1307.0,50,-26.14
±4,2.25,2.0,14:30,-1309.0,50,-26.18
±3,2.5,1.5,14:30,-1309.0,50,-26.18
±4,2.5,2.0,14:30,-1309.0,50,-26.18
±3,1.75,1.75,15:00,-1315.0,50,-26.3
±3,3.25,1.75,14:30,-1319.0,50,-26.38
±4,1.75,1.75,15:00,-1323.0,50,-26.46
±4,0.5,5.0,10:00,-1323.0,50,-26.46
±4,0.5,4.25,10:00,-1323.0,50,-26.46
±4,0.5,4.75,10:00,-1323.0,50,-26.46
±4,0.5,4.5,10:00,-1323.0,50,-26.46
±4,0.5,4.0,10:00,-1323.0,50,-26.46
±4,0.5,2.25,10:00,-1323.0,50,-26.46
±4,0.5,2.75,10:00,-1323.0,50,-26.46
±4,0.5,2.5,10:00,-1323.0,50,-26.46
±4,0.5,3.5,10:00,-1323.0,50,-26.46
±4,0.5,3.25,10:00,-1323.0,50,-26.46
±4,0.5,3.75,10:00,-1323.0,50,-26.46
±4,0.5,3.0,10:00,-1323.0,50,-26.46
±3,1.75,1.5,15:00,-1324.0,50,-26.48
±4,1.25,2.0,11:30,-1327.0,50,-26.54
±4,4.5,1.5,14:30,-1328.0,50,-26.56
±4,4.0,1.5,14:30,-1328.0,50,-26.56
±4,4.25,1.5,14:30,-1328.0,50,-26.56
±4,5.0,1.5,14:30,-1328.0,50,-26.56
±4,3.5,1.5,14:30,-1328.0,50,-26.56
±4,3.75,1.5,14:30,-1328.0,50,-26.56
±4,4.75,1.5,14:30,-1328.0,50,-26.56
±4,2.75,1.75,15:00,-1330.0,50,-26.6
±4,2.5,2.25,14:00,-1331.0,50,-26.62
±4,2.25,2.25,14:00,-1331.0,50,-26.62
±4,2.5,2.5,13:30,-1335.0,50,-26.7
±4,2.25,2.5,13:30,-1335.0,50,-26.7
±3,3.0,1.75,15:00,-1336.0,50,-26.72
±4,2.75,4.25,13:00,-1342.0,50,-26.84
±4,2.75,3.75,13:00,-1342.0,50,-26.84
±4,2.75,2.75,13:00,-1342.0,50,-26.84
±4,2.75,5.0,13:00,-1342.0,50,-26.84
±4,2.75,3.5,13:00,-1342.0,50,-26.84
±4,2.75,4.5,13:00,-1342.0,50,-26.84
±4,2.75,3.0,13:00,-1342.0,50,-26.84
±4,2.75,3.25,13:00,-1342.0,50,-26.84
±4,2.75,4.0,13:00,-1342.0,50,-26.84
±4,2.75,4.75,13:00,-1342.0,50,-26.84
±3,2.25,2.0,14:30,-1343.0,50,-26.86
±4,1.25,2.0,14:00,-1344.0,50,-26.88
±4,3.0,1.5,15:00,-1344.0,50,-26.88
±3,1.0,2.0,13:30,-1345.0,50,-26.9
±3,3.0,1.5,15:00,-1345.0,50,-26.9
±3,1.25,1.5,12:30,-1347.0,50,-26.94
±4,4.25,2.5,11:00,-1349.0,50,-26.98
±4,2.5,2.0,12:30,-1349.0,50,-26.98
±4,3.25,2.0,12:30,-1349.0,50,-26.98
±4,2.75,2.0,12:30,-1349.0,50,-26.98
±4,4.0,2.5,11:00,-1349.0,50,-26.98
±4,2.25,2.0,12:30,-1349.0,50,-26.98
±4,4.75,2.5,11:00,-1349.0,50,-26.98
±4,3.0,2.0,12:30,-1349.0,50,-26.98
±4,3.75,2.5,11:00,-1349.0,50,-26.98
±4,3.5,2.5,11:00,-1349.0,50,-26.98
±4,4.5,2.5,11:00,-1349.0,50,-26.98
±4,5.0,2.5,11:00,-1349.0,50,-26.98
±4,1.75,1.75,12:00,-1351.0,50,-27.02
±3,2.0,1.75,14:30,-1351.0,50,-27.02
±3,2.25,2.25,14:00,-1353.0,50,-27.06
±3,4.75,1.5,14:30,-1355.0,50,-27.1
±3,4.5,1.5,14:30,-1355.0,50,-27.1
±3,3.5,1.5,14:30,-1355.0,50,-27.1
±3,4.25,1.5,14:30,-1355.0,50,-27.1
±3,4.0,1.5,14:30,-1355.0,50,-27.1
±3,3.75,1.5,14:30,-1355.0,50,-27.1
±3,5.0,1.5,14:30,-1355.0,50,-27.1
±3,2.0,5.0,13:30,-1358.0,50,-27.16
±3,2.0,2.75,13:30,-1358.0,50,-27.16
±3,2.0,3.0,13:30,-1358.0,50,-27.16
±3,2.0,3.75,13:30,-1358.0,50,-27.16
±3,2.0,3.5,13:30,-1358.0,50,-27.16
±3,2.0,3.25,13:30,-1358.0,50,-27.16
±3,2.0,4.0,13:30,-1358.0,50,-27.16
±3,2.0,4.25,13:30,-1358.0,50,-27.16
±3,2.0,4.75,13:30,-1358.0,50,-27.16
±3,2.0,4.5,13:30,-1358.0,50,-27.16
±4,1.5,1.5,14:30,-1359.0,50,-27.18
±3,0.75,2.0,15:00,-1361.0,50,-27.22
±3,2.75,1.75,14:30,-1362.0,50,-27.24
±4,0.5,1.5,14:30,-1362.0,50,-27.24
±4,2.75,1.75,14:30,-1365.0,50,-27.3
±4,1.0,2.0,15:00,-1366.0,50,-27.32
±4,3.0,1.75,15:00,-1368.0,50,-27.36
±4,0.5,2.0,13:30,-1372.0,50,-27.44
±3,0.5,1.5,14:30,-1374.0,50,-27.48
±3,0.5,4.5,10:00,-1375.0,50,-27.5
±3,0.5,2.5,10:00,-1375.0,50,-27.5
±3,0.5,4.0,10:00,-1375.0,50,-27.5
±3,0.5,3.0,10:00,-1375.0,50,-27.5
±3,0.5,4.75,10:00,-1375.0,50,-27.5
±3,0.5,2.75,10:00,-1375.0,50,-27.5
±3,0.5,3.5,10:00,-1375.0,50,-27.5
±3,0.5,5.0,10:00,-1375.0,50,-27.5
±3,0.5,2.25,10:00,-1375.0,50,-27.5
±3,0.5,3.75,10:00,-1375.0,50,-27.5
±3,0.5,3.25,10:00,-1375.0,50,-27.5
±3,0.5,4.25,10:00,-1375.0,50,-27.5
±4,2.0,2.5,12:30,-1376.0,50,-27.52
±4,0.5,2.0,11:00,-1376.0,50,-27.52
±3,1.75,1.75,12:00,-1377.0,50,-27.54
±4,2.5,1.5,12:00,-1382.0,50,-27.64
±4,3.0,1.5,12:00,-1382.0,50,-27.64
±4,3.25,1.5,12:00,-1382.0,50,-27.64
±4,2.75,1.5,12:00,-1382.0,50,-27.64
±4,2.25,1.5,12:00,-1382.0,50,-27.64
±4,2.0,1.75,14:30,-1397.0,50,-27.94
±3,1.5,1.5,14:30,-1398.0,50,-27.96
±4,3.0,1.75,14:30,-1403.0,50,-28.06
±4,1.5,2.5,13:00,-1407.0,50,-28.14
±3,1.75,2.5,12:30,-1414.0,50,-28.28
±4,1.25,1.5,12:30,-1415.0,50,-28.3
±3,2.25,2.25,13:00,-1419.0,50,-28.38
±3,1.0,2.0,15:00,-1421.0,50,-28.42
±4,1.0,1.5,11:30,-1421.0,50,-28.42
±3,2.25,1.5,12:00,-1422.0,50,-28.44
±3,2.5,1.5,12:00,-1422.0,50,-28.44
±3,2.75,1.5,12:00,-1422.0,50,-28.44
±3,3.0,1.5,12:00,-1422.0,50,-28.44
±3,0.75,2.0,13:30,-1422.0,50,-28.44
±3,3.25,1.5,12:00,-1422.0,50,-28.44
±3,1.5,2.5,13:00,-1428.0,50,-28.56
±4,1.25,2.0,15:00,-1428.0,50,-28.56
±3,2.75,1.75,15:00,-1434.0,50,-28.68
±3,1.5,2.25,13:30,-1436.0,50,-28.72
±3,0.5,2.0,11:00,-1436.0,50,-28.72
±4,2.0,1.5,15:00,-1438.0,50,-28.76
±3,2.75,3.75,13:00,-1442.0,50,-28.84
±3,2.75,3.0,13:00,-1442.0,50,-28.84
±3,2.75,4.25,13:00,-1442.0,50,-28.84
±3,2.75,3.25,13:00,-1442.0,50,-28.84
±3,2.75,4.5,13:00,-1442.0,50,-28.84
±3,2.75,5.0,13:00,-1442.0,50,-28.84
±3,2.75,4.75,13:00,-1442.0,50,-28.84
±3,2.75,2.75,13:00,-1442.0,50,-28.84
±3,2.75,4.0,13:00,-1442.0,50,-28.84
±3,2.75,3.5,13:00,-1442.0,50,-28.84
±3,2.75,1.5,15:00,-1443.0,50,-28.86
±3,1.25,2.0,15:00,-1448.0,50,-28.96
±3,0.75,1.5,13:00,-1452.0,50,-29.04
±4,0.5,1.5,15:00,-1457.0,50,-29.14
±3,4.25,2.5,11:00,-1458.0,50,-29.16
±3,4.75,2.5,11:00,-1458.0,50,-29.16
±3,4.5,2.5,11:00,-1458.0,50,-29.16
±3,4.0,2.5,11:00,-1458.0,50,-29.16
±3,3.5,2.5,11:00,-1458.0,50,-29.16
±3,5.0,2.5,11:00,-1458.0,50,-29.16
±3,3.75,2.5,11:00,-1458.0,50,-29.16
±4,2.0,1.75,15:00,-1462.0,50,-29.24
±3,3.0,5.0,13:30,-1463.0,50,-29.26
±3,3.0,4.5,13:30,-1463.0,50,-29.26
±3,3.0,3.25,13:30,-1463.0,50,-29.26
±3,3.0,4.25,13:30,-1463.0,50,-29.26
±3,3.0,3.75,13:30,-1463.0,50,-29.26
±3,3.0,3.5,13:30,-1463.0,50,-29.26
±3,3.0,4.0,13:30,-1463.0,50,-29.26
±3,3.0,4.75,13:30,-1463.0,50,-29.26
±3,3.0,2.75,13:30,-1463.0,50,-29.26
±3,3.0,3.0,13:30,-1463.0,50,-29.26
±4,3.0,3.0,13:00,-1464.0,50,-29.28
±4,3.25,4.5,13:00,-1464.0,50,-29.28
±4,3.0,3.25,13:00,-1464.0,50,-29.28
±4,3.0,2.75,13:00,-1464.0,50,-29.28
±4,3.0,3.75,13:00,-1464.0,50,-29.28
±4,3.0,4.25,13:00,-1464.0,50,-29.28
±4,3.25,4.0,13:00,-1464.0,50,-29.28
±4,3.0,4.75,13:00,-1464.0,50,-29.28
±4,3.25,5.0,13:00,-1464.0,50,-29.28
±4,3.25,4.75,13:00,-1464.0,50,-29.28
±4,3.0,5.0,13:00,-1464.0,50,-29.28
±4,3.0,4.0,13:00,-1464.0,50,-29.28
±4,3.25,4.25,13:00,-1464.0,50,-29.28
±4,3.0,3.5,13:00,-1464.0,50,-29.28
±4,3.0,4.5,13:00,-1464.0,50,-29.28
±4,3.25,3.5,13:00,-1464.0,50,-29.28
±4,3.25,2.75,13:00,-1464.0,50,-29.28
±4,3.25,3.25,13:00,-1464.0,50,-29.28
±4,3.25,3.75,13:00,-1464.0,50,-29.28
±4,3.25,3.0,13:00,-1464.0,50,-29.28
±4,2.5,1.5,14:30,-1465.0,50,-29.3
±4,2.25,1.5,14:30,-1465.0,50,-29.3
±4,1.0,1.5,13:00,-1469.0,50,-29.38
±4,0.75,1.5,14:00,-1470.0,50,-29.4
±3,1.5,2.0,12:00,-1470.0,50,-29.4
±4,1.5,1.75,12:30,-1471.0,50,-29.42
±3,4.25,1.75,11:30,-1473.0,50,-29.46
±3,3.5,1.75,11:30,-1473.0,50,-29.46
±3,3.75,1.75,11:30,-1473.0,50,-29.46
±3,4.0,1.75,11:30,-1473.0,50,-29.46
±3,4.5,1.75,11:30,-1473.0,50,-29.46
±3,4.75,1.75,11:30,-1473.0,50,-29.46
±3,5.0,1.75,11:30,-1473.0,50,-29.46
±4,2.5,2.25,13:30,-1474.0,50,-29.48
±4,1.5,2.0,12:00,-1474.0,50,-29.48
±4,0.75,1.5,13:00,-1474.0,50,-29.48
±4,2.25,2.25,13:30,-1474.0,50,-29.48
±3,1.5,1.75,12:30,-1478.0,50,-29.56
±3,0.75,1.5,14:00,-1478.0,50,-29.56
±3,1.0,1.5,11:30,-1478.0,50,-29.56
±3,2.0,2.25,12:30,-1479.0,50,-29.58
±4,1.5,2.5,14:00,-1479.0,50,-29.58
±3,3.25,3.75,13:00,-1481.0,50,-29.62
±3,3.25,4.25,13:00,-1481.0,50,-29.62
±3,3.25,4.75,13:00,-1481.0,50,-29.62
±3,3.0,4.0,13:00,-1481.0,50,-29.62
±3,3.0,3.0,13:00,-1481.0,50,-29.62
±4,0.5,1.75,15:00,-1481.0,50,-29.62
±3,3.25,3.25,13:00,-1481.0,50,-29.62
±3,3.0,4.25,13:00,-1481.0,50,-29.62
±3,3.0,3.75,13:00,-1481.0,50,-29.62
±3,3.25,4.5,13:00,-1481.0,50,-29.62
±3,3.0,3.25,13:00,-1481.0,50,-29.62
±3,3.25,5.0,13:00,-1481.0,50,-29.62
±3,3.25,2.75,13:00,-1481.0,50,-29.62
±3,3.0,5.0,13:00,-1481.0,50,-29.62
±3,3.25,4.0,13:00,-1481.0,50,-29.62
±3,3.0,4.75,13:00,-1481.0,50,-29.62
±3,3.25,3.0,13:00,-1481.0,50,-29.62
±3,3.25,3.5,13:00,-1481.0,50,-29.62
±3,3.0,4.5,13:00,-1481.0,50,-29.62
±3,3.0,2.75,13:00,-1481.0,50,-29.62
±3,3.0,3.5,13:00,-1481.0,50,-29.62
±4,1.0,3.0,11:00,-1484.0,50,-29.68
±4,1.0,3.25,11:00,-1484.0,50,-29.68
±4,1.0,3.75,11:00,-1484.0,50,-29.68
±4,1.0,4.25,11:00,-1484.0,50,-29.68
±4,1.0,5.0,11:00,-1484.0,50,-29.68
±4,1.0,4.5,11:00,-1484.0,50,-29.68
±3,4.25,2.0,12:30,-1484.0,50,-29.68
±3,1.0,1.5,13:00,-1484.0,50,-29.68
±4,1.0,3.5,11:00,-1484.0,50,-29.68
±3,4.5,2.0,12:30,-1484.0,50,-29.68
±4,1.0,4.0,11:00,-1484.0,50,-29.68
±3,5.0,2.0,12:30,-1484.0,50,-29.68
±4,1.0,2.75,11:00,-1484.0,50,-29.68
±3,4.75,2.0,12:30,-1484.0,50,-29.68
±4,1.0,4.75,11:00,-1484.0,50,-29.68
±3,4.0,2.0,12:30,-1484.0,50,-29.68
±3,3.5,2.0,12:30,-1484.0,50,-29.68
±3,3.75,2.0,12:30,-1484.0,50,-29.68
±4,1.75,2.5,12:30,-1487.0,50,-29.74
±4,4.75,2.25,11:00,-1488.0,50,-29.76
±4,1.5,2.5,13:30,-1488.0,50,-29.76
±4,5.0,2.25,11:00,-1488.0,50,-29.76
±4,4.5,2.25,11:00,-1488.0,50,-29.76
±4,4.25,2.25,11:00,-1488.0,50,-29.76
±4,3.75,2.25,11:00,-1488.0,50,-29.76
±4,3.5,2.25,11:00,-1488.0,50,-29.76
±4,4.0,2.25,11:00,-1488.0,50,-29.76
±3,0.5,1.75,13:30,-1489.0,50,-29.78
±4,2.0,1.75,12:00,-1490.0,50,-29.8
±3,3.25,3.5,13:30,-1491.0,50,-29.82
±3,3.25,4.0,13:30,-1491.0,50,-29.82
±3,3.25,5.0,13:30,-1491.0,50,-29.82
±3,3.25,3.75,13:30,-1491.0,50,-29.82
±3,3.25,4.25,13:30,-1491.0,50,-29.82
±3,3.25,4.75,13:30,-1491.0,50,-29.82
±3,3.25,4.5,13:30,-1491.0,50,-29.82
±3,3.25,2.75,13:30,-1491.0,50,-29.82
±3,3.25,3.25,13:30,-1491.0,50,-29.82
±3,3.25,3.0,13:30,-1491.0,50,-29.82
±3,0.5,1.75,15:00,-1492.0,50,-29.84
±4,1.75,2.5,11:30,-1495.0,50,-29.9
±3,2.0,1.75,15:00,-1497.0,50,-29.94
±4,1.25,2.0,13:30,-1500.0,50,-30.0
±3,0.5,1.5,15:00,-1501.0,50,-30.02
±3,2.25,1.5,14:30,-1505.0,50,-30.1
±3,2.0,1.5,15:00,-1506.0,50,-30.12
±4,1.25,1.5,12:00,-1506.0,50,-30.12
±3,1.25,1.5,12:00,-1509.0,50,-30.18
±4,1.5,2.5,11:30,-1513.0,50,-30.26
±4,0.75,1.5,11:00,-1514.0,50,-30.28
±3,1.5,2.5,14:00,-1514.0,50,-30.28
±3,1.25,2.0,13:00,-1515.0,50,-30.3
±4,1.75,3.75,13:00,-1515.0,50,-30.3
±4,1.75,4.0,13:00,-1515.0,50,-30.3
±4,1.75,4.5,13:00,-1515.0,50,-30.3
±4,1.75,3.5,13:00,-1515.0,50,-30.3
±4,1.75,2.75,13:00,-1515.0,50,-30.3
±4,1.75,3.0,13:00,-1515.0,50,-30.3
±4,1.75,4.75,13:00,-1515.0,50,-30.3
±4,2.0,2.25,12:30,-1515.0,50,-30.3
±4,1.75,3.25,13:00,-1515.0,50,-30.3
±3,2.0,1.75,12:00,-1515.0,50,-30.3
±4,1.75,4.25,13:00,-1515.0,50,-30.3
±4,1.75,5.0,13:00,-1515.0,50,-30.3
±4,4.0,1.75,11:30,-1517.0,50,-30.34
±4,5.0,1.75,11:30,-1517.0,50,-30.34
±4,4.5,1.75,11:30,-1517.0,50,-30.34
±4,4.25,1.75,11:30,-1517.0,50,-30.34
±4,4.75,1.75,11:30,-1517.0,50,-30.34
±4,3.75,1.75,11:30,-1517.0,50,-30.34
±4,3.5,1.75,11:30,-1517.0,50,-30.34
±4,1.0,2.0,11:30,-1518.0,50,-30.36
±4,0.75,2.0,14:00,-1521.0,50,-30.42
±3,1.75,3.0,13:00,-1525.0,50,-30.5
±3,1.75,3.5,13:00,-1525.0,50,-30.5
±3,1.75,5.0,13:00,-1525.0,50,-30.5
±3,1.75,3.25,13:00,-1525.0,50,-30.5
±3,1.75,4.5,13:00,-1525.0,50,-30.5
±3,1.75,2.75,13:00,-1525.0,50,-30.5
±3,1.75,4.25,13:00,-1525.0,50,-30.5
±3,1.75,4.0,13:00,-1525.0,50,-30.5
±3,1.75,3.75,13:00,-1525.0,50,-30.5
±3,1.75,4.75,13:00,-1525.0,50,-30.5
±3,1.25,1.75,13:30,-1527.0,50,-30.54
±4,2.0,2.5,11:30,-1530.0,50,-30.6
±4,1.0,2.5,11:00,-1532.0,50,-30.64
±3,0.75,1.5,11:00,-1535.0,50,-30.7
±3,1.0,2.0,11:30,-1537.0,50,-30.74
±3,1.75,2.5,11:30,-1539.0,50,-30.78
±3,0.75,2.0,14:00,-1543.0,50,-30.86
±4,1.5,2.25,13:00,-1546.0,50,-30.92
±4,1.0,2.0,13:30,-1550.0,50,-31.0
±3,2.0,2.5,11:30,-1552.0,50,-31.04
±4,1.0,1.5,14:00,-1553.0,50,-31.06
±3,3.25,4.0,14:00,-1555.0,50,-31.1
±3,3.25,3.75,14:00,-1555.0,50,-31.1
±3,3.25,5.0,14:00,-1555.0,50,-31.1
±3,3.25,3.5,14:00,-1555.0,50,-31.1
±3,3.25,3.0,14:00,-1555.0,50,-31.1
±3,3.25,2.75,14:00,-1555.0,50,-31.1
±3,3.25,4.25,14:00,-1555.0,50,-31.1
±3,3.25,4.5,14:00,-1555.0,50,-31.1
±3,3.25,3.25,14:00,-1555.0,50,-31.1
±3,3.25,4.75,14:00,-1555.0,50,-31.1
±4,4.0,3.0,13:00,-1558.0,50,-31.16
±4,3.75,3.25,13:00,-1558.0,50,-31.16
±4,4.5,4.25,13:00,-1558.0,50,-31.16
±4,4.5,3.25,13:00,-1558.0,50,-31.16
±4,4.5,4.75,13:00,-1558.0,50,-31.16
±4,4.0,3.25,13:00,-1558.0,50,-31.16
±4,4.0,4.0,13:00,-1558.0,50,-31.16
±4,4.5,5.0,13:00,-1558.0,50,-31.16
±4,4.75,4.75,13:00,-1558.0,50,-31.16
±4,3.5,4.5,13:00,-1558.0,50,-31.16
±4,3.5,4.25,13:00,-1558.0,50,-31.16
±4,4.0,4.75,13:00,-1558.0,50,-31.16
±4,3.5,4.0,13:00,-1558.0,50,-31.16
±4,3.5,3.75,13:00,-1558.0,50,-31.16
±4,3.75,4.0,13:00,-1558.0,50,-31.16
±4,3.75,3.75,13:00,-1558.0,50,-31.16
±4,4.5,3.0,13:00,-1558.0,50,-31.16
±4,4.5,3.75,13:00,-1558.0,50,-31.16
±4,5.0,4.5,13:00,-1558.0,50,-31.16
±4,5.0,3.75,13:00,-1558.0,50,-31.16
±4,4.0,2.75,13:00,-1558.0,50,-31.16
±4,3.5,3.5,13:00,-1558.0,50,-31.16
±4,3.75,5.0,13:00,-1558.0,50,-31.16
±4,3.75,4.75,13:00,-1558.0,50,-31.16
±4,3.75,3.5,13:00,-1558.0,50,-31.16
±4,4.5,3.5,13:00,-1558.0,50,-31.16
±4,4.5,4.5,13:00,-1558.0,50,-31.16
±4,3.75,2.75,13:00,-1558.0,50,-31.16
±4,4.5,2.75,13:00,-1558.0,50,-31.16
±4,3.75,4.5,13:00,-1558.0,50,-31.16
±4,3.75,4.25,13:00,-1558.0,50,-31.16
±4,4.75,3.75,13:00,-1558.0,50,-31.16
±4,4.75,3.25,13:00,-1558.0,50,-31.16
±4,4.25,4.0,13:00,-1558.0,50,-31.16
±4,4.25,5.0,13:00,-1558.0,50,-31.16
±4,4.75,3.0,13:00,-1558.0,50,-31.16
±4,4.0,4.25,13:00,-1558.0,50,-31.16
±4,4.75,4.5,13:00,-1558.0,50,-31.16
±4,3.5,4.75,13:00,-1558.0,50,-31.16
±4,3.5,5.0,13:00,-1558.0,50,-31.16
±4,4.75,4.0,13:00,-1558.0,50,-31.16
±4,4.75,4.25,13:00,-1558.0,50,-31.16
±4,5.0,3.0,13:00,-1558.0,50,-31.16
±4,5.0,3.5,13:00,-1558.0,50,-31.16
±4,5.0,4.0,13:00,-1558.0,50,-31.16
±4,4.75,5.0,13:00,-1558.0,50,-31.16
±4,5.0,5.0,13:00,-1558.0,50,-31.16
±4,3.5,2.75,13:00,-1558.0,50,-31.16
±4,4.75,3.5,13:00,-1558.0,50,-31.16
±4,3.5,3.0,13:00,-1558.0,50,-31.16
±4,4.0,5.0,13:00,-1558.0,50,-31.16
±4,4.25,3.25,13:00,-1558.0,50,-31.16
±4,4.25,2.75,13:00,-1558.0,50,-31.16
±4,4.25,3.0,13:00,-1558.0,50,-31.16
±4,4.0,4.5,13:00,-1558.0,50,-31.16
±4,4.0,3.75,13:00,-1558.0,50,-31.16
±4,5.0,2.75,13:00,-1558.0,50,-31.16
±4,4.75,2.75,13:00,-1558.0,50,-31.16
±4,4.25,3.5,13:00,-1558.0,50,-31.16
±4,4.25,3.75,13:00,-1558.0,50,-31.16
±4,5.0,3.25,13:00,-1558.0,50,-31.16
±4,4.25,4.25,13:00,-1558.0,50,-31.16
±4,4.25,4.5,13:00,-1558.0,50,-31.16
±4,4.25,4.75,13:00,-1558.0,50,-31.16
±4,3.75,3.0,13:00,-1558.0,50,-31.16
±4,0.75,1.75,11:00,-1558.0,50,-31.16
±4,4.0,3.5,13:00,-1558.0,50,-31.16
±4,4.5,4.0,13:00,-1558.0,50,-31.16
±4,5.0,4.75,13:00,-1558.0,50,-31.16
±4,3.5,3.25,13:00,-1558.0,50,-31.16
±4,5.0,4.25,13:00,-1558.0,50,-31.16
±3,1.5,2.5,11:30,-1560.0,50,-31.2
±3,2.75,4.5,13:30,-1561.0,50,-31.22
±3,2.75,3.25,13:30,-1561.0,50,-31.22
±3,2.75,3.0,13:30,-1561.0,50,-31.22
±3,2.75,2.75,13:30,-1561.0,50,-31.22
±3,2.75,3.75,13:30,-1561.0,50,-31.22
±3,2.75,3.5,13:30,-1561.0,50,-31.22
±3,2.75,4.0,13:30,-1561.0,50,-31.22
±3,2.75,4.75,13:30,-1561.0,50,-31.22
±4,0.75,1.5,11:30,-1561.0,50,-31.22
±3,2.75,4.25,13:30,-1561.0,50,-31.22
±3,2.75,5.0,13:30,-1561.0,50,-31.22
±3,1.75,3.0,13:30,-1562.0,50,-31.24
±3,1.75,3.5,13:30,-1562.0,50,-31.24
±3,1.75,4.75,13:30,-1562.0,50,-31.24
±3,1.75,2.75,13:30,-1562.0,50,-31.24
±3,1.75,4.5,13:30,-1562.0,50,-31.24
±3,1.75,5.0,13:30,-1562.0,50,-31.24
±3,1.75,4.25,13:30,-1562.0,50,-31.24
±3,1.75,3.25,13:30,-1562.0,50,-31.24
±3,1.75,3.75,13:30,-1562.0,50,-31.24
±3,1.75,4.0,13:30,-1562.0,50,-31.24
±3,2.5,1.75,14:30,-1563.0,50,-31.26
±3,4.0,4.5,13:00,-1564.0,50,-31.28
±3,4.0,3.75,13:00,-1564.0,50,-31.28
±3,4.5,4.5,13:00,-1564.0,50,-31.28
±3,5.0,4.25,13:00,-1564.0,50,-31.28
±3,4.75,3.25,13:00,-1564.0,50,-31.28
±3,3.5,4.25,13:00,-1564.0,50,-31.28
±3,3.75,3.25,13:00,-1564.0,50,-31.28
±3,4.75,4.25,13:00,-1564.0,50,-31.28
±3,3.75,4.75,13:00,-1564.0,50,-31.28
±3,3.75,3.0,13:00,-1564.0,50,-31.28
±3,5.0,3.0,13:00,-1564.0,50,-31.28
±3,5.0,5.0,13:00,-1564.0,50,-31.28
±3,4.0,2.75,13:00,-1564.0,50,-31.28
±3,4.25,4.75,13:00,-1564.0,50,-31.28
±3,4.25,4.5,13:00,-1564.0,50,-31.28
±3,3.5,5.0,13:00,-1564.0,50,-31.28
±3,3.75,4.0,13:00,-1564.0,50,-31.28
±3,4.0,4.25,13:00,-1564.0,50,-31.28
±3,3.75,2.75,13:00,-1564.0,50,-31.28
±3,4.75,2.75,13:00,-1564.0,50,-31.28
±3,4.25,3.25,13:00,-1564.0,50,-31.28
±3,4.25,5.0,13:00,-1564.0,50,-31.28
±3,4.0,4.75,13:00,-1564.0,50,-31.28
±3,4.5,5.0,13:00,-1564.0,50,-31.28
±3,4.5,2.75,13:00,-1564.0,50,-31.28
±3,4.25,4.25,13:00,-1564.0,50,-31.28
±3,3.5,4.75,13:00,-1564.0,50,-31.28
±3,4.0,3.5,13:00,-1564.0,50,-31.28
±3,3.75,4.25,13:00,-1564.0,50,-31.28
±3,4.0,4.0,13:00,-1564.0,50,-31.28
±3,4.25,4.0,13:00,-1564.0,50,-31.28
±3,4.0,5.0,13:00,-1564.0,50,-31.28
±3,4.5,3.75,13:00,-1564.0,50,-31.28
±3,5.0,3.5,13:00,-1564.0,50,-31.28
±3,5.0,3.25,13:00,-1564.0,50,-31.28
±3,4.25,3.5,13:00,-1564.0,50,-31.28
±3,3.5,3.25,13:00,-1564.0,50,-31.28
±3,3.75,3.75,13:00,-1564.0,50,-31.28
±3,3.5,4.5,13:00,-1564.0,50,-31.28
±3,4.5,4.75,13:00,-1564.0,50,-31.28
±3,3.5,3.0,13:00,-1564.0,50,-31.28
±3,3.5,3.5,13:00,-1564.0,50,-31.28
±3,3.5,3.75,13:00,-1564.0,50,-31.28
±3,4.25,3.0,13:00,-1564.0,50,-31.28
±3,4.5,3.5,13:00,-1564.0,50,-31.28
±3,4.25,3.75,13:00,-1564.0,50,-31.28
±3,3.75,3.5,13:00,-1564.0,50,-31.28
±3,5.0,4.75,13:00,-1564.0,50,-31.28
±3,4.5,4.0,13:00,-1564.0,50,-31.28
±3,3.5,4.0,13:00,-1564.0,50,-31.28
±3,4.25,2.75,13:00,-1564.0,50,-31.28
±3,4.0,3.25,13:00,-1564.0,50,-31.28
±3,5.0,2.75,13:00,-1564.0,50,-31.28
±3,3.75,5.0,13:00,-1564.0,50,-31.28
±3,4.5,3.25,13:00,-1564.0,50,-31.28
±3,4.5,3.0,13:00,-1564.0,50,-31.28
±3,4.75,3.0,13:00,-1564.0,50,-31.28
±3,4.75,3.75,13:00,-1564.0,50,-31.28
±3,4.75,4.0,13:00,-1564.0,50,-31.28
±3,4.0,3.0,13:00,-1564.0,50,-31.28
±3,4.75,4.75,13:00,-1564.0,50,-31.28
±3,4.75,5.0,13:00,-1564.0,50,-31.28
±3,5.0,4.0,13:00,-1564.0,50,-31.28
±3,5.0,3.75,13:00,-1564.0,50,-31.28
±3,5.0,4.5,13:00,-1564.0,50,-31.28
±3,4.75,3.5,13:00,-1564.0,50,-31.28
±3,3.5,2.75,13:00,-1564.0,50,-31.28
±3,4.5,4.25,13:00,-1564.0,50,-31.28
±3,4.75,4.5,13:00,-1564.0,50,-31.28
±3,3.75,4.5,13:00,-1564.0,50,-31.28
±4,0.5,1.5,11:30,-1568.0,50,-31.36
±4,1.25,2.0,13:00,-1569.0,50,-31.38
±3,1.0,1.5,14:00,-1581.0,50,-31.62
±3,1.0,2.5,11:00,-1587.0,50,-31.74
±4,3.25,2.5,15:00,-1587.0,50,-31.74
±3,1.75,2.25,12:30,-1590.0,50,-31.8
±4,1.75,2.5,14:30,-1590.0,50,-31.8
±3,1.25,2.0,12:30,-1592.0,50,-31.84
±4,1.25,1.75,11:30,-1595.0,50,-31.9
±4,4.0,1.75,14:30,-1596.0,50,-31.92
±4,3.75,1.75,14:30,-1596.0,50,-31.92
±4,4.75,1.75,14:30,-1596.0,50,-31.92
±4,3.5,1.75,14:30,-1596.0,50,-31.92
±4,4.5,1.75,14:30,-1596.0,50,-31.92
±4,5.0,1.75,14:30,-1596.0,50,-31.92
±4,4.25,1.75,14:30,-1596.0,50,-31.92
±4,4.25,2.0,12:30,-1597.0,50,-31.94
±4,4.5,2.0,12:30,-1597.0,50,-31.94
±4,3.75,2.0,12:30,-1597.0,50,-31.94
±4,4.75,2.0,12:30,-1597.0,50,-31.94
±4,3.5,2.0,12:30,-1597.0,50,-31.94
±4,5.0,2.0,12:30,-1597.0,50,-31.94
±4,4.0,2.0,12:30,-1597.0,50,-31.94
±4,0.5,1.75,13:30,-1600.0,50,-32.0
±4,0.5,1.5,11:00,-1600.0,50,-32.0
±4,2.75,2.5,11:30,-1601.0,50,-32.02
±4,2.25,2.5,11:30,-1601.0,50,-32.02
±4,3.25,2.5,11:30,-1601.0,50,-32.02
±3,2.25,2.5,11:30,-1601.0,50,-32.02
±4,3.0,2.5,11:30,-1601.0,50,-32.02
±3,2.5,2.5,11:30,-1601.0,50,-32.02
±3,3.25,2.5,11:30,-1601.0,50,-32.02
±3,2.75,2.5,11:30,-1601.0,50,-32.02
±3,3.0,2.5,11:30,-1601.0,50,-32.02
±4,2.5,2.5,11:30,-1601.0,50,-32.02
±3,1.75,2.5,14:30,-1602.0,50,-32.04
±3,2.25,1.75,12:30,-1602.0,50,-32.04
±3,3.25,1.75,12:30,-1602.0,50,-32.04
±3,3.0,1.75,12:30,-1602.0,50,-32.04
±3,2.75,1.75,12:30,-1602.0,50,-32.04
±3,2.5,1.75,12:30,-1602.0,50,-32.04
±3,4.25,5.0,11:00,-1603.0,50,-32.06
±3,4.75,3.25,11:00,-1603.0,50,-32.06
±3,4.5,5.0,11:00,-1603.0,50,-32.06
±3,3.75,5.0,11:00,-1603.0,50,-32.06
±3,5.0,2.75,11:00,-1603.0,50,-32.06
±3,3.5,5.0,11:00,-1603.0,50,-32.06
±3,4.75,4.75,11:00,-1603.0,50,-32.06
±3,4.5,4.5,11:00,-1603.0,50,-32.06
±3,3.75,4.0,11:00,-1603.0,50,-32.06
±3,3.75,4.75,11:00,-1603.0,50,-32.06
±3,4.0,3.5,11:00,-1603.0,50,-32.06
±3,5.0,4.25,11:00,-1603.0,50,-32.06
±3,5.0,4.5,11:00,-1603.0,50,-32.06
±3,3.5,2.75,11:00,-1603.0,50,-32.06
±3,4.75,5.0,11:00,-1603.0,50,-32.06
±3,4.0,4.5,11:00,-1603.0,50,-32.06
±3,5.0,4.0,11:00,-1603.0,50,-32.06
±3,5.0,3.75,11:00,-1603.0,50,-32.06
±3,4.5,3.0,11:00,-1603.0,50,-32.06
±3,4.0,5.0,11:00,-1603.0,50,-32.06
±3,4.0,2.75,11:00,-1603.0,50,-32.06
±3,4.75,3.5,11:00,-1603.0,50,-32.06
±3,3.75,2.75,11:00,-1603.0,50,-32.06
±3,3.75,3.25,11:00,-1603.0,50,-32.06
±3,4.0,3.0,11:00,-1603.0,50,-32.06
±3,4.75,2.75,11:00,-1603.0,50,-32.06
±3,4.75,4.25,11:00,-1603.0,50,-32.06
±3,5.0,3.5,11:00,-1603.0,50,-32.06
±3,4.75,3.0,11:00,-1603.0,50,-32.06
±3,4.75,4.0,11:00,-1603.0,50,-32.06
±3,3.5,3.25,11:00,-1603.0,50,-32.06
±3,4.0,3.75,11:00,-1603.0,50,-32.06
±3,4.5,3.25,11:00,-1603.0,50,-32.06
±3,5.0,5.0,11:00,-1603.0,50,-32.06
±3,5.0,4.75,11:00,-1603.0,50,-32.06
±3,4.0,3.25,11:00,-1603.0,50,-32.06
±3,3.5,4.75,11:00,-1603.0,50,-32.06
±3,4.25,3.25,11:00,-1603.0,50,-32.06
±3,4.25,4.0,11:00,-1603.0,50,-32.06
±3,4.25,2.75,11:00,-1603.0,50,-32.06
±3,3.75,3.75,11:00,-1603.0,50,-32.06
±3,4.25,3.75,11:00,-1603.0,50,-32.06
±3,4.25,4.25,11:00,-1603.0,50,-32.06
±3,4.5,3.5,11:00,-1603.0,50,-32.06
±3,4.0,4.25,11:00,-1603.0,50,-32.06
±3,5.0,3.25,11:00,-1603.0,50,-32.06
±3,5.0,3.0,11:00,-1603.0,50,-32.06
±3,3.5,4.5,11:00,-1603.0,50,-32.06
±3,4.75,4.5,11:00,-1603.0,50,-32.06
±3,4.75,3.75,11:00,-1603.0,50,-32.06
±3,3.75,4.25,11:00,-1603.0,50,-32.06
±3,3.5,4.25,11:00,-1603.0,50,-32.06
±3,3.75,3.0,11:00,-1603.0,50,-32.06
±3,4.25,4.75,11:00,-1603.0,50,-32.06
±3,4.25,3.5,11:00,-1603.0,50,-32.06
±3,4.0,4.75,11:00,-1603.0,50,-32.06
±3,3.5,3.5,11:00,-1603.0,50,-32.06
±3,3.75,3.5,11:00,-1603.0,50,-32.06
±3,4.5,4.0,11:00,-1603.0,50,-32.06
±3,4.5,4.25,11:00,-1603.0,50,-32.06
±3,3.5,3.0,11:00,-1603.0,50,-32.06
±3,4.5,4.75,11:00,-1603.0,50,-32.06
±3,4.25,4.5,11:00,-1603.0,50,-32.06
±3,4.5,2.75,11:00,-1603.0,50,-32.06
±3,4.5,3.75,11:00,-1603.0,50,-32.06
±3,4.0,4.0,11:00,-1603.0,50,-32.06
±3,3.75,4.5,11:00,-1603.0,50,-32.06
±3,3.5,3.75,11:00,-1603.0,50,-32.06
±3,3.5,4.0,11:00,-1603.0,50,-32.06
±3,4.25,3.0,11:00,-1603.0,50,-32.06
±4,1.0,2.0,14:00,-1604.0,50,-32.08
±3,1.5,2.25,13:00,-1604.0,50,-32.08
±3,3.75,1.75,14:30,-1609.0,50,-32.18
±3,4.25,1.75,14:30,-1609.0,50,-32.18
±3,4.5,1.75,14:30,-1609.0,50,-32.18
±3,3.5,1.75,14:30,-1609.0,50,-32.18
±3,4.0,1.75,14:30,-1609.0,50,-32.18
±3,5.0,1.75,14:30,-1609.0,50,-32.18
±3,4.75,1.75,14:30,-1609.0,50,-32.18
±4,0.75,2.0,14:30,-1611.0,50,-32.22
±3,0.5,2.0,13:00,-1612.0,50,-32.24
±4,0.75,2.0,13:30,-1612.0,50,-32.24
±4,1.0,1.5,12:30,-1614.0,50,-32.28
±3,0.75,1.5,11:30,-1615.0,50,-32.3
±4,3.25,1.75,12:30,-1617.0,50,-32.34
±4,3.0,1.75,12:30,-1617.0,50,-32.34
±4,2.5,1.75,12:30,-1617.0,50,-32.34
±4,2.25,1.75,12:30,-1617.0,50,-32.34
±4,2.75,1.75,12:30,-1617.0,50,-32.34
±4,1.5,2.25,14:00,-1618.0,50,-32.36
±3,1.25,2.0,14:30,-1619.0,50,-32.38
±3,3.0,4.0,14:00,-1620.0,50,-32.4
±3,3.0,4.75,14:00,-1620.0,50,-32.4
±3,3.0,4.25,14:00,-1620.0,50,-32.4
±3,3.0,3.5,14:00,-1620.0,50,-32.4
±3,3.0,3.75,14:00,-1620.0,50,-32.4
±3,3.0,3.0,14:00,-1620.0,50,-32.4
±3,3.0,5.0,14:00,-1620.0,50,-32.4
±3,3.0,4.5,14:00,-1620.0,50,-32.4
±3,3.0,2.75,14:00,-1620.0,50,-32.4
±3,3.0,3.25,14:00,-1620.0,50,-32.4
±4,0.5,2.0,13:00,-1625.0,50,-32.5
±3,1.0,1.5,12:30,-1625.0,50,-32.5
±4,1.75,2.25,12:30,-1626.0,50,-32.52
±4,1.5,1.75,14:30,-1627.0,50,-32.54
±4,1.5,2.25,13:30,-1627.0,50,-32.54
±4,0.5,1.5,12:30,-1628.0,50,-32.56
±3,0.5,1.75,14:30,-1628.0,50,-32.56
±4,0.5,1.75,14:30,-1630.0,50,-32.6
±3,0.75,1.75,11:00,-1631.0,50,-32.62
±3,4.5,2.25,11:00,-1634.0,50,-32.68
±3,4.0,2.25,11:00,-1634.0,50,-32.68
±4,1.75,2.25,11:30,-1634.0,50,-32.68
±3,5.0,2.25,11:00,-1634.0,50,-32.68
±3,4.75,2.25,11:00,-1634.0,50,-32.68
±3,3.75,2.25,11:00,-1634.0,50,-32.68
±3,3.5,2.25,11:00,-1634.0,50,-32.68
±3,4.25,2.25,11:00,-1634.0,50,-32.68
±3,2.5,1.75,15:00,-1635.0,50,-32.7
±4,3.75,1.5,12:00,-1638.0,50,-32.76
±4,1.25,2.0,14:30,-1638.0,50,-32.76
±4,4.75,1.5,12:00,-1638.0,50,-32.76
±4,4.5,1.5,12:00,-1638.0,50,-32.76
±4,4.25,1.5,12:00,-1638.0,50,-32.76
±4,3.5,1.5,12:00,-1638.0,50,-32.76
±4,5.0,1.5,12:00,-1638.0,50,-32.76
±4,4.0,1.5,12:00,-1638.0,50,-32.76
±3,1.25,1.75,11:30,-1639.0,50,-32.78
±3,2.5,4.25,13:00,-1643.0,50,-32.86
±3,2.5,4.5,13:00,-1643.0,50,-32.86
±3,2.5,3.75,13:00,-1643.0,50,-32.86
±3,2.5,3.25,13:00,-1643.0,50,-32.86
±3,2.5,3.5,13:00,-1643.0,50,-32.86
±3,2.5,4.0,13:00,-1643.0,50,-32.86
±3,2.5,5.0,13:00,-1643.0,50,-32.86
±3,2.5,4.75,13:00,-1643.0,50,-32.86
±3,2.5,3.0,13:00,-1643.0,50,-32.86
±3,2.5,2.75,13:00,-1643.0,50,-32.86
±4,2.0,3.25,13:30,-1644.0,50,-32.88
±4,2.0,2.75,13:30,-1644.0,50,-32.88
±4,2.0,3.0,13:30,-1644.0,50,-32.88
±4,2.0,3.75,13:30,-1644.0,50,-32.88
±4,2.0,4.0,13:30,-1644.0,50,-32.88
±4,0.5,1.75,11:00,-1644.0,50,-32.88
±4,2.0,4.5,13:30,-1644.0,50,-32.88
±4,2.0,5.0,13:30,-1644.0,50,-32.88
±4,2.0,3.5,13:30,-1644.0,50,-32.88
±4,2.0,4.75,13:30,-1644.0,50,-32.88
±3,2.5,1.5,15:00,-1644.0,50,-32.88
±4,2.0,4.25,13:30,-1644.0,50,-32.88
±4,1.0,2.0,14:30,-1645.0,50,-32.9
±3,1.0,2.0,14:00,-1646.0,50,-32.92
±3,1.0,1.75,13:30,-1648.0,50,-32.96
±3,1.5,1.75,14:30,-1652.0,50,-33.04
±4,1.5,2.25,11:30,-1652.0,50,-33.04
±3,4.0,1.5,12:00,-1655.0,50,-33.1
±3,4.75,1.5,12:00,-1655.0,50,-33.1
±3,3.5,1.5,12:00,-1655.0,50,-33.1
±3,5.0,1.5,12:00,-1655.0,50,-33.1
±3,3.75,1.5,12:00,-1655.0,50,-33.1
±3,4.25,1.5,12:00,-1655.0,50,-33.1
±3,4.5,1.5,12:00,-1655.0,50,-33.1
±3,1.75,2.5,12:00,-1656.0,50,-33.12
±4,3.25,2.5,14:30,-1657.0,50,-33.14
±4,0.75,2.0,11:30,-1658.0,50,-33.16
±3,0.5,1.5,12:30,-1659.0,50,-33.18
±4,0.5,1.75,14:00,-1659.0,50,-33.18
±4,3.25,3.5,13:30,-1662.0,50,-33.24
±4,3.25,4.5,13:30,-1662.0,50,-33.24
±4,3.25,4.0,13:30,-1662.0,50,-33.24
±4,3.25,4.25,13:30,-1662.0,50,-33.24
±4,3.25,3.75,13:30,-1662.0,50,-33.24
±4,3.25,3.25,13:30,-1662.0,50,-33.24
±4,3.25,2.75,13:30,-1662.0,50,-33.24
±4,3.25,3.0,13:30,-1662.0,50,-33.24
±4,3.25,4.75,13:30,-1662.0,50,-33.24
±4,3.25,5.0,13:30,-1662.0,50,-33.24
±4,5.0,1.5,15:00,-1663.0,50,-33.26
±3,0.5,1.5,11:30,-1663.0,50,-33.26
±4,4.5,1.5,15:00,-1663.0,50,-33.26
±4,4.25,1.5,15:00,-1663.0,50,-33.26
±4,3.5,1.5,15:00,-1663.0,50,-33.26
±4,4.0,1.5,15:00,-1663.0,50,-33.26
±4,3.75,1.5,15:00,-1663.0,50,-33.26
±4,4.75,1.5,15:00,-1663.0,50,-33.26
±4,0.5,2.0,11:30,-1665.0,50,-33.3
±4,1.75,2.5,12:00,-1666.0,50,-33.32
±4,2.0,2.25,11:30,-1669.0,50,-33.38
±4,1.0,2.25,11:00,-1671.0,50,-33.42
±4,2.5,1.5,15:00,-1674.0,50,-33.48
±4,2.25,1.5,15:00,-1674.0,50,-33.48
±3,0.75,2.0,11:30,-1674.0,50,-33.48
±3,0.5,1.5,11:00,-1675.0,50,-33.5
±4,3.75,1.75,15:00,-1687.0,50,-33.74
±4,1.5,1.5,15:00,-1687.0,50,-33.74
±3,3.25,2.5,15:00,-1687.0,50,-33.74
±4,3.5,1.75,15:00,-1687.0,50,-33.74
±4,4.75,1.75,15:00,-1687.0,50,-33.74
±4,5.0,1.75,15:00,-1687.0,50,-33.74
±4,4.5,1.75,15:00,-1687.0,50,-33.74
±4,4.25,1.75,15:00,-1687.0,50,-33.74
±4,4.0,1.75,15:00,-1687.0,50,-33.74
±3,1.5,2.25,14:00,-1690.0,50,-33.8
±4,2.25,2.0,12:00,-1692.0,50,-33.84
±3,2.75,2.0,12:00,-1692.0,50,-33.84
±4,2.75,2.0,12:00,-1692.0,50,-33.84
±3,2.5,2.0,12:00,-1692.0,50,-33.84
±4,2.5,2.0,12:00,-1692.0,50,-33.84
±3,3.0,2.0,12:00,-1692.0,50,-33.84
±3,2.25,2.0,12:00,-1692.0,50,-33.84
±4,3.0,2.0,12:00,-1692.0,50,-33.84
±3,3.25,2.0,12:00,-1692.0,50,-33.84
±4,3.25,2.0,12:00,-1692.0,50,-33.84
±3,2.0,4.5,14:00,-1695.0,50,-33.9
±3,2.0,3.75,14:00,-1695.0,50,-33.9
±3,2.0,5.0,14:00,-1695.0,50,-33.9
±3,2.0,3.0,14:00,-1695.0,50,-33.9
±3,2.0,3.25,14:00,-1695.0,50,-33.9
±3,2.0,3.5,14:00,-1695.0,50,-33.9
±3,2.0,4.25,14:00,-1695.0,50,-33.9
±3,2.0,4.75,14:00,-1695.0,50,-33.9
±3,2.0,4.0,14:00,-1695.0,50,-33.9
±3,2.0,2.75,14:00,-1695.0,50,-33.9
±4,2.5,1.75,15:00,-1698.0,50,-33.96
±4,2.25,1.75,15:00,-1698.0,50,-33.96
±3,0.75,2.0,14:30,-1707.0,50,-34.14
±4,1.25,2.0,12:30,-1708.0,50,-34.16
±4,2.5,4.25,13:00,-1710.0,50,-34.2
±4,2.25,5.0,13:00,-1710.0,50,-34.2
±4,2.5,4.0,13:00,-1710.0,50,-34.2
±4,2.25,4.75,13:00,-1710.0,50,-34.2
±4,2.5,4.5,13:00,-1710.0,50,-34.2
±4,2.5,5.0,13:00,-1710.0,50,-34.2
±4,2.25,4.0,13:00,-1710.0,50,-34.2
±4,2.5,3.75,13:00,-1710.0,50,-34.2
±4,2.25,3.75,13:00,-1710.0,50,-34.2
±4,2.25,3.0,13:00,-1710.0,50,-34.2
±4,2.25,3.5,13:00,-1710.0,50,-34.2
±4,2.25,2.75,13:00,-1710.0,50,-34.2
±4,2.25,3.25,13:00,-1710.0,50,-34.2
±4,2.5,3.0,13:00,-1710.0,50,-34.2
±4,2.5,4.75,13:00,-1710.0,50,-34.2
±4,2.5,3.5,13:00,-1710.0,50,-34.2
±4,2.25,4.25,13:00,-1710.0,50,-34.2
±4,2.5,2.75,13:00,-1710.0,50,-34.2
±4,2.25,4.5,13:00,-1710.0,50,-34.2
±4,2.5,3.25,13:00,-1710.0,50,-34.2
±4,1.5,1.75,15:00,-1711.0,50,-34.22
±3,3.0,2.5,14:30,-1712.0,50,-34.24
±3,1.75,2.25,11:30,-1715.0,50,-34.3
±3,2.75,5.0,14:00,-1718.0,50,-34.36
±3,0.5,1.75,14:00,-1718.0,50,-34.36
±3,2.75,3.25,14:00,-1718.0,50,-34.36
±3,2.75,4.0,14:00,-1718.0,50,-34.36
±3,2.75,4.75,14:00,-1718.0,50,-34.36
±3,2.75,3.75,14:00,-1718.0,50,-34.36
±3,2.75,4.25,14:00,-1718.0,50,-34.36
±3,2.75,2.75,14:00,-1718.0,50,-34.36
±3,2.75,4.5,14:00,-1718.0,50,-34.36
±3,2.75,3.0,14:00,-1718.0,50,-34.36
±3,2.75,3.5,14:00,-1718.0,50,-34.36
±4,1.75,2.5,15:00,-1721.0,50,-34.42
±3,3.75,4.25,13:30,-1722.0,50,-34.44
±3,3.5,4.25,13:30,-1722.0,50,-34.44
±3,4.0,4.5,13:30,-1722.0,50,-34.44
±3,4.75,4.75,13:30,-1722.0,50,-34.44
±3,4.75,5.0,13:30,-1722.0,50,-34.44
±3,4.0,3.75,13:30,-1722.0,50,-34.44
±3,3.5,2.75,13:30,-1722.0,50,-34.44
±3,4.5,2.75,13:30,-1722.0,50,-34.44
±3,4.0,4.0,13:30,-1722.0,50,-34.44
±3,0.5,2.0,11:30,-1722.0,50,-34.44
±3,4.25,5.0,13:30,-1722.0,50,-34.44
±3,4.25,3.25,13:30,-1722.0,50,-34.44
±3,4.75,4.25,13:30,-1722.0,50,-34.44
±3,3.75,4.75,13:30,-1722.0,50,-34.44
±3,4.25,4.5,13:30,-1722.0,50,-34.44
±3,4.0,2.75,13:30,-1722.0,50,-34.44
±3,3.75,3.25,13:30,-1722.0,50,-34.44
±3,4.75,2.75,13:30,-1722.0,50,-34.44
±3,3.5,4.75,13:30,-1722.0,50,-34.44
±3,3.75,2.75,13:30,-1722.0,50,-34.44
±3,4.5,5.0,13:30,-1722.0,50,-34.44
±3,4.0,4.25,13:30,-1722.0,50,-34.44
±3,4.0,4.75,13:30,-1722.0,50,-34.44
±3,5.0,4.5,13:30,-1722.0,50,-34.44
±3,5.0,4.25,13:30,-1722.0,50,-34.44
±3,5.0,4.0,13:30,-1722.0,50,-34.44
±3,5.0,3.75,13:30,-1722.0,50,-34.44
±3,4.75,3.25,13:30,-1722.0,50,-34.44
±3,4.75,3.5,13:30,-1722.0,50,-34.44
±3,3.75,3.0,13:30,-1722.0,50,-34.44
±3,3.75,5.0,13:30,-1722.0,50,-34.44
±3,4.25,4.75,13:30,-1722.0,50,-34.44
±3,4.5,4.0,13:30,-1722.0,50,-34.44
±3,4.25,4.25,13:30,-1722.0,50,-34.44
±3,5.0,3.0,13:30,-1722.0,50,-34.44
±3,4.0,5.0,13:30,-1722.0,50,-34.44
±3,5.0,3.5,13:30,-1722.0,50,-34.44
±3,3.5,4.0,13:30,-1722.0,50,-34.44
±3,4.75,4.0,13:30,-1722.0,50,-34.44
±3,4.25,4.0,13:30,-1722.0,50,-34.44
±3,3.5,3.5,13:30,-1722.0,50,-34.44
±3,1.0,2.0,14:30,-1722.0,50,-34.44
±3,5.0,3.25,13:30,-1722.0,50,-34.44
±3,4.5,3.75,13:30,-1722.0,50,-34.44
±3,3.75,3.5,13:30,-1722.0,50,-34.44
±3,4.25,3.0,13:30,-1722.0,50,-34.44
±3,4.25,2.75,13:30,-1722.0,50,-34.44
±3,4.5,3.5,13:30,-1722.0,50,-34.44
±3,3.5,4.5,13:30,-1722.0,50,-34.44
±3,4.75,3.75,13:30,-1722.0,50,-34.44
±3,4.75,3.0,13:30,-1722.0,50,-34.44
±3,5.0,2.75,13:30,-1722.0,50,-34.44
±3,4.5,4.75,13:30,-1722.0,50,-34.44
±3,4.25,3.75,13:30,-1722.0,50,-34.44
±3,4.0,3.25,13:30,-1722.0,50,-34.44
±3,3.5,3.75,13:30,-1722.0,50,-34.44
±3,4.0,3.0,13:30,-1722.0,50,-34.44
±3,4.0,3.5,13:30,-1722.0,50,-34.44
±3,4.5,3.25,13:30,-1722.0,50,-34.44
±3,5.0,4.75,13:30,-1722.0,50,-34.44
±3,3.5,3.0,13:30,-1722.0,50,-34.44
±3,4.5,3.0,13:30,-1722.0,50,-34.44
±3,3.5,3.25,13:30,-1722.0,50,-34.44
±3,3.75,3.75,13:30,-1722.0,50,-34.44
±3,3.75,4.0,13:30,-1722.0,50,-34.44
±3,5.0,5.0,13:30,-1722.0,50,-34.44
±3,4.25,3.5,13:30,-1722.0,50,-34.44
±3,3.5,5.0,13:30,-1722.0,50,-34.44
±3,4.5,4.5,13:30,-1722.0,50,-34.44
±3,4.75,4.5,13:30,-1722.0,50,-34.44
±3,4.5,4.25,13:30,-1722.0,50,-34.44
±3,3.75,4.5,13:30,-1722.0,50,-34.44
±4,2.75,3.75,14:00,-1723.0,50,-34.46
±4,2.75,5.0,14:00,-1723.0,50,-34.46
±4,2.75,3.5,14:00,-1723.0,50,-34.46
±4,2.75,3.0,14:00,-1723.0,50,-34.46
±4,2.75,4.0,14:00,-1723.0,50,-34.46
±4,2.75,2.75,14:00,-1723.0,50,-34.46
±4,2.75,4.25,14:00,-1723.0,50,-34.46
±4,2.75,4.5,14:00,-1723.0,50,-34.46
±4,2.75,4.75,14:00,-1723.0,50,-34.46
±4,2.75,3.25,14:00,-1723.0,50,-34.46
±3,0.75,1.75,13:30,-1725.0,50,-34.5
±4,3.25,2.25,15:00,-1726.0,50,-34.52
±3,2.0,2.25,11:30,-1728.0,50,-34.56
±4,2.75,2.5,15:00,-1728.0,50,-34.56
±4,1.25,1.75,13:30,-1728.0,50,-34.56
±4,1.75,2.25,14:30,-1729.0,50,-34.58
±3,1.0,3.0,11:00,-1732.0,50,-34.64
±3,1.0,3.75,11:00,-1732.0,50,-34.64
±3,1.0,3.25,11:00,-1732.0,50,-34.64
±3,1.0,5.0,11:00,-1732.0,50,-34.64
±3,1.0,4.5,11:00,-1732.0,50,-34.64
±3,1.0,3.5,11:00,-1732.0,50,-34.64
±3,1.0,2.75,11:00,-1732.0,50,-34.64
±3,1.0,4.25,11:00,-1732.0,50,-34.64
±3,1.0,4.75,11:00,-1732.0,50,-34.64
±3,1.0,4.0,11:00,-1732.0,50,-34.64
±4,2.25,1.75,14:30,-1733.0,50,-34.66
±4,2.5,1.75,14:30,-1733.0,50,-34.66
±3,1.5,2.25,11:30,-1736.0,50,-34.72
±4,2.75,2.5,14:30,-1736.0,50,-34.72
±4,3.25,3.5,14:00,-1739.0,50,-34.78
±4,3.25,5.0,14:00,-1739.0,50,-34.78
±4,3.25,3.75,14:00,-1739.0,50,-34.78
±4,3.25,3.25,14:00,-1739.0,50,-34.78
±4,3.25,4.5,14:00,-1739.0,50,-34.78
±4,3.25,4.75,14:00,-1739.0,50,-34.78
±4,3.25,4.25,14:00,-1739.0,50,-34.78
±4,3.25,2.75,14:00,-1739.0,50,-34.78
±4,3.25,4.0,14:00,-1739.0,50,-34.78
±4,3.25,3.0,14:00,-1739.0,50,-34.78
±4,3.25,2.25,11:30,-1740.0,50,-34.8
±4,2.25,2.25,11:30,-1740.0,50,-34.8
±4,3.0,2.25,11:30,-1740.0,50,-34.8
±4,2.75,2.25,11:30,-1740.0,50,-34.8
±4,2.5,2.25,11:30,-1740.0,50,-34.8
±4,1.5,1.75,12:00,-1742.0,50,-34.84
±4,0.75,1.5,12:30,-1751.0,50,-35.02
±3,1.25,1.75,14:00,-1754.0,50,-35.08
±3,1.75,2.5,15:00,-1755.0,50,-35.1
±3,0.75,1.5,12:30,-1758.0,50,-35.16
±3,2.25,1.75,14:30,-1759.0,50,-35.18
±4,2.0,4.0,14:00,-1760.0,50,-35.2
±4,2.0,3.0,14:00,-1760.0,50,-35.2
±4,2.0,3.75,14:00,-1760.0,50,-35.2
±4,2.0,3.5,14:00,-1760.0,50,-35.2
±4,2.0,4.75,14:00,-1760.0,50,-35.2
±4,2.0,5.0,14:00,-1760.0,50,-35.2
±4,2.0,3.25,14:00,-1760.0,50,-35.2
±4,2.0,4.25,14:00,-1760.0,50,-35.2
±4,2.0,4.5,14:00,-1760.0,50,-35.2
±4,2.0,2.75,14:00,-1760.0,50,-35.2
±4,3.0,4.5,14:00,-1761.0,50,-35.22
±4,3.0,5.0,14:00,-1761.0,50,-35.22
±4,3.0,3.25,14:00,-1761.0,50,-35.22
±4,3.0,3.0,14:00,-1761.0,50,-35.22
±4,3.0,3.5,14:00,-1761.0,50,-35.22
±4,3.0,2.75,14:00,-1761.0,50,-35.22
±4,3.0,3.75,14:00,-1761.0,50,-35.22
±4,3.0,4.75,14:00,-1761.0,50,-35.22
±4,3.0,4.0,14:00,-1761.0,50,-35.22
±4,3.0,4.25,14:00,-1761.0,50,-35.22
±3,2.5,4.25,13:30,-1762.0,50,-35.24
±3,2.5,4.75,13:30,-1762.0,50,-35.24
±3,2.5,2.75,13:30,-1762.0,50,-35.24
±3,2.5,4.0,13:30,-1762.0,50,-35.24
±3,2.5,3.75,13:30,-1762.0,50,-35.24
±3,2.5,5.0,13:30,-1762.0,50,-35.24
±3,2.5,3.5,13:30,-1762.0,50,-35.24
±3,2.5,3.25,13:30,-1762.0,50,-35.24
±3,2.5,4.5,13:30,-1762.0,50,-35.24
±3,2.5,3.0,13:30,-1762.0,50,-35.24
±3,1.0,2.25,11:00,-1763.0,50,-35.26
±4,3.0,2.5,15:00,-1766.0,50,-35.32
±4,1.25,1.75,14:00,-1767.0,50,-35.34
±4,0.75,1.5,14:30,-1767.0,50,-35.34
±3,3.25,2.5,14:30,-1767.0,50,-35.34
±4,2.0,2.5,14:30,-1768.0,50,-35.36
±3,0.5,1.75,11:00,-1771.0,50,-35.42
±4,3.0,2.5,14:30,-1774.0,50,-35.48
±3,3.0,2.5,15:00,-1776.0,50,-35.52
±3,3.0,2.25,11:30,-1777.0,50,-35.54
±3,2.5,2.25,11:30,-1777.0,50,-35.54
±3,3.25,2.25,11:30,-1777.0,50,-35.54
±3,2.25,2.25,11:30,-1777.0,50,-35.54
±3,2.75,2.25,11:30,-1777.0,50,-35.54
±4,2.75,4.75,13:30,-1778.0,50,-35.56
±4,1.0,1.75,13:30,-1778.0,50,-35.56
±4,2.75,4.25,13:30,-1778.0,50,-35.56
±4,2.75,3.0,13:30,-1778.0,50,-35.56
±4,2.75,3.5,13:30,-1778.0,50,-35.56
±4,2.75,3.25,13:30,-1778.0,50,-35.56
±3,1.75,2.25,14:30,-1778.0,50,-35.56
±4,2.75,3.75,13:30,-1778.0,50,-35.56
±4,2.75,5.0,13:30,-1778.0,50,-35.56
±4,2.75,4.0,13:30,-1778.0,50,-35.56
±4,2.75,4.5,13:30,-1778.0,50,-35.56
±4,2.75,2.75,13:30,-1778.0,50,-35.56
±3,1.25,2.0,12:00,-1779.0,50,-35.58
±3,1.25,1.5,14:30,-1781.0,50,-35.62
±3,3.75,4.25,14:00,-1785.0,50,-35.7
±3,4.75,4.75,14:00,-1785.0,50,-35.7
±3,4.25,4.0,14:00,-1785.0,50,-35.7
±3,3.75,4.0,14:00,-1785.0,50,-35.7
±3,4.75,3.5,14:00,-1785.0,50,-35.7
±3,4.25,2.75,14:00,-1785.0,50,-35.7
±3,3.5,3.5,14:00,-1785.0,50,-35.7
±3,5.0,2.75,14:00,-1785.0,50,-35.7
±3,4.0,2.75,14:00,-1785.0,50,-35.7
±3,4.5,4.75,14:00,-1785.0,50,-35.7
±3,3.5,4.0,14:00,-1785.0,50,-35.7
±3,3.5,3.75,14:00,-1785.0,50,-35.7
±3,4.0,5.0,14:00,-1785.0,50,-35.7
±3,5.0,4.75,14:00,-1785.0,50,-35.7
±3,5.0,4.5,14:00,-1785.0,50,-35.7
±3,4.5,3.75,14:00,-1785.0,50,-35.7
±3,3.75,3.75,14:00,-1785.0,50,-35.7
±3,4.25,3.0,14:00,-1785.0,50,-35.7
±3,3.5,4.5,14:00,-1785.0,50,-35.7
±3,5.0,3.5,14:00,-1785.0,50,-35.7
±3,4.25,4.5,14:00,-1785.0,50,-35.7
±3,4.0,3.0,14:00,-1785.0,50,-35.7
±3,4.0,3.25,14:00,-1785.0,50,-35.7
±3,3.5,3.0,14:00,-1785.0,50,-35.7
±3,3.5,3.25,14:00,-1785.0,50,-35.7
±3,5.0,5.0,14:00,-1785.0,50,-35.7
±3,4.75,4.25,14:00,-1785.0,50,-35.7
±3,4.5,5.0,14:00,-1785.0,50,-35.7
±3,4.25,3.5,14:00,-1785.0,50,-35.7
±3,4.25,4.25,14:00,-1785.0,50,-35.7
±3,4.75,3.0,14:00,-1785.0,50,-35.7
±3,4.25,3.75,14:00,-1785.0,50,-35.7
±3,4.0,4.0,14:00,-1785.0,50,-35.7
±3,3.5,4.75,14:00,-1785.0,50,-35.7
±3,4.5,4.0,14:00,-1785.0,50,-35.7
±3,4.25,4.75,14:00,-1785.0,50,-35.7
±3,3.75,2.75,14:00,-1785.0,50,-35.7
±3,4.5,2.75,14:00,-1785.0,50,-35.7
±3,4.0,4.25,14:00,-1785.0,50,-35.7
±3,4.5,3.5,14:00,-1785.0,50,-35.7
±3,4.0,3.5,14:00,-1785.0,50,-35.7
±3,4.0,3.75,14:00,-1785.0,50,-35.7
±3,5.0,3.25,14:00,-1785.0,50,-35.7
±3,3.75,4.75,14:00,-1785.0,50,-35.7
±3,3.75,3.5,14:00,-1785.0,50,-35.7
±3,4.75,3.75,14:00,-1785.0,50,-35.7
±3,4.0,4.5,14:00,-1785.0,50,-35.7
±3,4.0,4.75,14:00,-1785.0,50,-35.7
±3,5.0,3.0,14:00,-1785.0,50,-35.7
±3,3.75,3.0,14:00,-1785.0,50,-35.7
±3,4.25,5.0,14:00,-1785.0,50,-35.7
±3,3.75,3.25,14:00,-1785.0,50,-35.7
±3,4.5,3.25,14:00,-1785.0,50,-35.7
±3,3.5,4.25,14:00,-1785.0,50,-35.7
±3,4.5,3.0,14:00,-1785.0,50,-35.7
±3,3.75,5.0,14:00,-1785.0,50,-35.7
±3,4.25,3.25,14:00,-1785.0,50,-35.7
±3,5.0,4.25,14:00,-1785.0,50,-35.7
±3,4.75,2.75,14:00,-1785.0,50,-35.7
±3,4.5,4.25,14:00,-1785.0,50,-35.7
±3,3.75,4.5,14:00,-1785.0,50,-35.7
±3,4.75,5.0,14:00,-1785.0,50,-35.7
±3,4.75,4.0,14:00,-1785.0,50,-35.7
±3,4.75,3.25,14:00,-1785.0,50,-35.7
±3,5.0,3.75,14:00,-1785.0,50,-35.7
±3,5.0,4.0,14:00,-1785.0,50,-35.7
±3,3.5,5.0,14:00,-1785.0,50,-35.7
±3,4.5,4.5,14:00,-1785.0,50,-35.7
±3,3.5,2.75,14:00,-1785.0,50,-35.7
±3,4.75,4.5,14:00,-1785.0,50,-35.7
±4,1.0,1.75,11:30,-1786.0,50,-35.72
±3,1.5,2.5,12:30,-1786.0,50,-35.72
±3,4.5,1.75,15:00,-1794.0,50,-35.88
±3,4.0,1.75,15:00,-1794.0,50,-35.88
±3,3.5,1.75,15:00,-1794.0,50,-35.88
±3,3.75,1.75,15:00,-1794.0,50,-35.88
±3,4.25,1.75,15:00,-1794.0,50,-35.88
±4,1.25,1.5,14:30,-1794.0,50,-35.88
±3,5.0,1.75,15:00,-1794.0,50,-35.88
±3,2.0,2.5,12:00,-1794.0,50,-35.88
±3,4.75,1.75,15:00,-1794.0,50,-35.88
±4,3.25,2.25,14:30,-1796.0,50,-35.92
±3,2.0,2.5,14:30,-1799.0,50,-35.98
±4,1.0,1.5,14:30,-1801.0,50,-36.02
±4,1.5,2.5,12:30,-1801.0,50,-36.02
±3,4.75,1.5,15:00,-1803.0,50,-36.06
±3,3.5,1.5,15:00,-1803.0,50,-36.06
±3,4.5,1.5,15:00,-1803.0,50,-36.06
±3,4.0,1.5,15:00,-1803.0,50,-36.06
±3,4.25,1.5,15:00,-1803.0,50,-36.06
±3,5.0,1.5,15:00,-1803.0,50,-36.06
±3,3.75,1.5,15:00,-1803.0,50,-36.06
±4,1.75,2.25,12:00,-1805.0,50,-36.1
±3,1.5,1.75,12:00,-1805.0,50,-36.1
±4,2.0,2.5,12:00,-1805.0,50,-36.1
±3,2.75,2.5,14:30,-1810.0,50,-36.2
±3,1.5,1.75,15:00,-1810.0,50,-36.2
±4,0.75,4.75,11:00,-1811.0,50,-36.22
±4,0.75,5.0,11:00,-1811.0,50,-36.22
±4,0.75,4.5,11:00,-1811.0,50,-36.22
±4,0.75,4.0,11:00,-1811.0,50,-36.22
±4,0.75,3.25,11:00,-1811.0,50,-36.22
±4,0.75,3.75,11:00,-1811.0,50,-36.22
±4,0.75,3.5,11:00,-1811.0,50,-36.22
±4,0.75,4.25,11:00,-1811.0,50,-36.22
±4,0.75,3.0,11:00,-1811.0,50,-36.22
±4,0.75,2.75,11:00,-1811.0,50,-36.22
±4,3.0,2.75,13:30,-1816.0,50,-36.32
±4,3.0,4.75,13:30,-1816.0,50,-36.32
±4,3.0,5.0,13:30,-1816.0,50,-36.32
±4,3.0,4.0,13:30,-1816.0,50,-36.32
±4,3.0,4.5,13:30,-1816.0,50,-36.32
±4,1.25,2.0,12:00,-1816.0,50,-36.32
±4,3.0,4.25,13:30,-1816.0,50,-36.32
±4,3.0,3.0,13:30,-1816.0,50,-36.32
±4,3.0,3.25,13:30,-1816.0,50,-36.32
±4,3.0,3.75,13:30,-1816.0,50,-36.32
±4,3.0,3.5,13:30,-1816.0,50,-36.32
±3,3.75,1.75,12:30,-1819.0,50,-36.38
±3,4.0,1.75,12:30,-1819.0,50,-36.38
±3,5.0,1.75,12:30,-1819.0,50,-36.38
±3,4.75,1.75,12:30,-1819.0,50,-36.38
±3,3.5,1.75,12:30,-1819.0,50,-36.38
±3,4.5,1.75,12:30,-1819.0,50,-36.38
±3,1.5,1.5,15:00,-1819.0,50,-36.38
±3,4.25,1.75,12:30,-1819.0,50,-36.38
±4,1.75,4.75,13:30,-1828.0,50,-36.56
±4,1.75,4.0,13:30,-1828.0,50,-36.56
±4,1.75,3.75,13:30,-1828.0,50,-36.56
±4,1.75,4.5,13:30,-1828.0,50,-36.56
±4,1.75,3.5,13:30,-1828.0,50,-36.56
±4,1.75,3.0,13:30,-1828.0,50,-36.56
±4,1.75,2.75,13:30,-1828.0,50,-36.56
±4,1.75,3.25,13:30,-1828.0,50,-36.56
±4,1.75,5.0,13:30,-1828.0,50,-36.56
±4,1.75,4.25,13:30,-1828.0,50,-36.56
±3,0.5,2.5,13:30,-1829.0,50,-36.58
±3,2.25,1.75,15:00,-1831.0,50,-36.62
±3,1.75,2.25,12:00,-1832.0,50,-36.64
±4,0.75,1.5,15:00,-1833.0,50,-36.66
±4,1.25,1.75,13:00,-1837.0,50,-36.74
±3,2.25,2.75,13:00,-1839.0,50,-36.78
±3,2.25,3.0,13:00,-1839.0,50,-36.78
±3,2.25,3.75,13:00,-1839.0,50,-36.78
±3,2.25,3.25,13:00,-1839.0,50,-36.78
±3,2.25,4.0,13:00,-1839.0,50,-36.78
±3,2.25,4.5,13:00,-1839.0,50,-36.78
±3,2.25,3.5,13:00,-1839.0,50,-36.78
±3,2.25,4.75,13:00,-1839.0,50,-36.78
±3,2.25,4.25,13:00,-1839.0,50,-36.78
±3,2.25,5.0,13:00,-1839.0,50,-36.78
±3,2.25,1.5,15:00,-1840.0,50,-36.8
±4,0.75,1.75,13:30,-1840.0,50,-36.8
±4,1.0,1.5,12:00,-1849.0,50,-36.98
±3,1.25,1.75,13:00,-1850.0,50,-37.0
±4,1.0,2.0,13:00,-1852.0,50,-37.04
±3,0.75,2.0,13:00,-1855.0,50,-37.1
±4,0.75,1.75,15:00,-1857.0,50,-37.14
±4,0.75,2.0,13:00,-1857.0,50,-37.14
±4,0.75,2.5,11:00,-1859.0,50,-37.18
±4,1.75,2.25,15:00,-1860.0,50,-37.2
±4,2.0,2.5,15:00,-1860.0,50,-37.2
±3,3.25,2.25,15:00,-1863.0,50,-37.26
±4,4.0,1.75,12:30,-1865.0,50,-37.3
±4,3.75,1.75,12:30,-1865.0,50,-37.3
±4,4.75,1.75,12:30,-1865.0,50,-37.3
±4,3.5,1.75,12:30,-1865.0,50,-37.3
±4,4.25,1.75,12:30,-1865.0,50,-37.3
±4,4.5,1.75,12:30,-1865.0,50,-37.3
±4,5.0,1.75,12:30,-1865.0,50,-37.3
±3,1.75,3.75,14:00,-1866.0,50,-37.32
±3,1.75,3.5,14:00,-1866.0,50,-37.32
±3,1.75,4.5,14:00,-1866.0,50,-37.32
±3,1.75,4.25,14:00,-1866.0,50,-37.32
±3,1.75,4.75,14:00,-1866.0,50,-37.32
±3,1.75,5.0,14:00,-1866.0,50,-37.32
±3,1.75,2.75,14:00,-1866.0,50,-37.32
±3,1.75,3.0,14:00,-1866.0,50,-37.32
±3,1.75,3.25,14:00,-1866.0,50,-37.32
±3,1.75,4.0,14:00,-1866.0,50,-37.32
±4,2.75,2.25,15:00,-1867.0,50,-37.34
±3,1.25,2.5,13:30,-1867.0,50,-37.34
±3,0.75,1.5,14:30,-1869.0,50,-37.38
±3,1.0,2.0,12:30,-1870.0,50,-37.4
±3,1.0,1.75,11:30,-1872.0,50,-37.44
±3,2.75,2.5,15:00,-1874.0,50,-37.48
±4,2.75,2.25,14:30,-1875.0,50,-37.5
±4,0.5,2.5,15:00,-1879.0,50,-37.58
±4,1.75,4.5,14:00,-1882.0,50,-37.64
±4,1.75,4.25,14:00,-1882.0,50,-37.64
±4,1.75,4.75,14:00,-1882.0,50,-37.64
±4,1.75,5.0,14:00,-1882.0,50,-37.64
±4,1.75,2.75,14:00,-1882.0,50,-37.64
±4,1.75,3.0,14:00,-1882.0,50,-37.64
±4,1.75,3.75,14:00,-1882.0,50,-37.64
±4,1.75,4.0,14:00,-1882.0,50,-37.64
±4,1.75,3.5,14:00,-1882.0,50,-37.64
±4,1.75,3.25,14:00,-1882.0,50,-37.64
±3,1.0,1.5,14:30,-1884.0,50,-37.68
±3,1.0,2.0,13:00,-1887.0,50,-37.74
±3,3.0,2.25,14:30,-1888.0,50,-37.76
±4,1.0,1.5,15:00,-1892.0,50,-37.84
±4,0.5,1.75,13:00,-1893.0,50,-37.86
±4,0.5,4.0,11:00,-1897.0,50,-37.94
±4,0.5,3.0,11:00,-1897.0,50,-37.94
±4,0.5,4.75,11:00,-1897.0,50,-37.94
±4,0.5,5.0,11:00,-1897.0,50,-37.94
±4,0.5,4.5,11:00,-1897.0,50,-37.94
±4,0.5,3.75,11:00,-1897.0,50,-37.94
±4,0.5,3.5,11:00,-1897.0,50,-37.94
±4,0.5,2.75,11:00,-1897.0,50,-37.94
±4,0.5,4.25,11:00,-1897.0,50,-37.94
±4,0.5,3.25,11:00,-1897.0,50,-37.94
±3,0.5,2.0,12:30,-1904.0,50,-38.08
±4,3.0,2.25,15:00,-1905.0,50,-38.1
±4,2.0,2.25,14:30,-1907.0,50,-38.14
±4,1.0,2.0,12:30,-1907.0,50,-38.14
±3,3.0,2.5,12:30,-1910.0,50,-38.2
±3,1.0,1.5,12:00,-1910.0,50,-38.2
±3,2.25,2.5,12:30,-1910.0,50,-38.2
±3,2.75,2.5,12:30,-1910.0,50,-38.2
±3,3.25,2.5,12:30,-1910.0,50,-38.2
±3,2.5,2.5,12:30,-1910.0,50,-38.2
±4,3.0,2.25,14:30,-1913.0,50,-38.26
±4,1.0,1.75,15:00,-1916.0,50,-38.32
±3,2.5,4.25,14:00,-1919.0,50,-38.38
±3,2.5,3.5,14:00,-1919.0,50,-38.38
±3,0.75,1.75,15:00,-1919.0,50,-38.38
±3,2.5,4.0,14:00,-1919.0,50,-38.38
±3,2.5,3.25,14:00,-1919.0,50,-38.38
±3,2.5,2.75,14:00,-1919.0,50,-38.38
±3,2.5,3.0,14:00,-1919.0,50,-38.38
±3,2.5,3.75,14:00,-1919.0,50,-38.38
±3,2.5,5.0,14:00,-1919.0,50,-38.38
±3,2.5,4.5,14:00,-1919.0,50,-38.38
±3,2.5,4.75,14:00,-1919.0,50,-38.38
±4,0.5,2.5,13:30,-1920.0,50,-38.4
±4,0.5,2.0,12:30,-1921.0,50,-38.42
±3,4.5,2.0,12:00,-1925.0,50,-38.5
±3,4.0,2.0,12:00,-1925.0,50,-38.5
±3,4.25,2.0,12:00,-1925.0,50,-38.5
±3,3.5,2.0,12:00,-1925.0,50,-38.5
±3,3.75,2.0,12:00,-1925.0,50,-38.5
±3,5.0,2.0,12:00,-1925.0,50,-38.5
±3,4.75,2.0,12:00,-1925.0,50,-38.5
±4,0.75,1.75,11:30,-1926.0,50,-38.52
±3,1.25,1.75,12:30,-1927.0,50,-38.54
±3,0.75,1.5,15:00,-1928.0,50,-38.56
±3,1.75,2.25,15:00,-1931.0,50,-38.62
±4,5.0,3.0,13:30,-1932.0,50,-38.64
±4,5.0,4.0,13:30,-1932.0,50,-38.64
±4,5.0,4.5,13:30,-1932.0,50,-38.64
±4,5.0,3.75,13:30,-1932.0,50,-38.64
±4,3.5,4.5,13:30,-1932.0,50,-38.64
±4,3.5,4.75,13:30,-1932.0,50,-38.64
±4,5.0,4.75,13:30,-1932.0,50,-38.64
±4,3.5,3.0,13:30,-1932.0,50,-38.64
±4,3.5,3.25,13:30,-1932.0,50,-38.64
±4,4.75,4.75,13:30,-1932.0,50,-38.64
±4,4.75,4.0,13:30,-1932.0,50,-38.64
±4,3.5,4.0,13:30,-1932.0,50,-38.64
±4,4.0,3.25,13:30,-1932.0,50,-38.64
±4,4.0,3.75,13:30,-1932.0,50,-38.64
±4,4.0,3.5,13:30,-1932.0,50,-38.64
±4,3.75,3.75,13:30,-1932.0,50,-38.64
±4,4.75,3.0,13:30,-1932.0,50,-38.64
±4,4.75,3.25,13:30,-1932.0,50,-38.64
±4,4.75,3.5,13:30,-1932.0,50,-38.64
±4,4.0,4.25,13:30,-1932.0,50,-38.64
±4,4.0,4.75,13:30,-1932.0,50,-38.64
±4,4.0,4.0,13:30,-1932.0,50,-38.64
±4,4.75,2.75,13:30,-1932.0,50,-38.64
±4,4.25,3.0,13:30,-1932.0,50,-38.64
±4,4.25,4.75,13:30,-1932.0,50,-38.64
±4,5.0,3.25,13:30,-1932.0,50,-38.64
±4,4.25,4.5,13:30,-1932.0,50,-38.64
±4,5.0,2.75,13:30,-1932.0,50,-38.64
±4,3.5,2.75,13:30,-1932.0,50,-38.64
±4,4.25,5.0,13:30,-1932.0,50,-38.64
±4,4.25,3.5,13:30,-1932.0,50,-38.64
±4,4.25,3.25,13:30,-1932.0,50,-38.64
±4,4.25,2.75,13:30,-1932.0,50,-38.64
±4,4.25,4.0,13:30,-1932.0,50,-38.64
±4,3.75,3.0,13:30,-1932.0,50,-38.64
±4,3.75,2.75,13:30,-1932.0,50,-38.64
±4,3.75,3.5,13:30,-1932.0,50,-38.64
±4,3.75,3.25,13:30,-1932.0,50,-38.64
±4,4.25,3.75,13:30,-1932.0,50,-38.64
±4,4.0,5.0,13:30,-1932.0,50,-38.64
±4,4.5,2.75,13:30,-1932.0,50,-38.64
±4,4.5,4.25,13:30,-1932.0,50,-38.64
±4,4.5,3.0,13:30,-1932.0,50,-38.64
±4,3.75,4.5,13:30,-1932.0,50,-38.64
±4,3.75,4.0,13:30,-1932.0,50,-38.64
±4,3.75,5.0,13:30,-1932.0,50,-38.64
±4,4.5,5.0,13:30,-1932.0,50,-38.64
±4,4.0,4.5,13:30,-1932.0,50,-38.64
±4,3.75,4.75,13:30,-1932.0,50,-38.64
±4,3.75,4.25,13:30,-1932.0,50,-38.64
±4,4.5,3.75,13:30,-1932.0,50,-38.64
±4,4.5,3.5,13:30,-1932.0,50,-38.64
±4,4.0,3.0,13:30,-1932.0,50,-38.64
±4,4.5,3.25,13:30,-1932.0,50,-38.64
±4,4.5,4.5,13:30,-1932.0,50,-38.64
±4,4.0,2.75,13:30,-1932.0,50,-38.64
±4,4.5,4.0,13:30,-1932.0,50,-38.64
±4,4.5,4.75,13:30,-1932.0,50,-38.64
±3,0.5,2.5,15:00,-1932.0,50,-38.64
±4,4.75,5.0,13:30,-1932.0,50,-38.64
±4,4.75,3.75,13:30,-1932.0,50,-38.64
±4,4.75,4.25,13:30,-1932.0,50,-38.64
±4,3.5,3.5,13:30,-1932.0,50,-38.64
±4,3.5,4.25,13:30,-1932.0,50,-38.64
±4,4.25,4.25,13:30,-1932.0,50,-38.64
±4,5.0,5.0,13:30,-1932.0,50,-38.64
±4,5.0,3.5,13:30,-1932.0,50,-38.64
±4,4.75,4.5,13:30,-1932.0,50,-38.64
±4,3.5,3.75,13:30,-1932.0,50,-38.64
±4,3.5,5.0,13:30,-1932.0,50,-38.64
±4,5.0,4.25,13:30,-1932.0,50,-38.64
±4,0.5,1.75,11:30,-1933.0,50,-38.66
±3,2.0,2.5,15:00,-1937.0,50,-38.74
±4,1.5,2.25,12:30,-1940.0,50,-38.8
±3,3.25,2.25,14:30,-1943.0,50,-38.86
±4,0.5,2.5,14:00,-1944.0,50,-38.88
±4,2.0,2.25,12:00,-1944.0,50,-38.88
±4,0.75,1.75,14:00,-1944.0,50,-38.88
±4,0.5,2.5,11:00,-1945.0,50,-38.9
±4,3.25,2.5,12:30,-1947.0,50,-38.94
±4,0.5,1.5,12:00,-1947.0,50,-38.94
±4,2.25,2.5,12:30,-1947.0,50,-38.94
±4,2.5,2.5,12:30,-1947.0,50,-38.94
±4,3.0,2.5,12:30,-1947.0,50,-38.94
±3,0.5,1.75,13:00,-1947.0,50,-38.94
±4,2.75,2.5,12:30,-1947.0,50,-38.94
±4,4.0,2.0,12:00,-1948.0,50,-38.96
±4,4.5,2.0,12:00,-1948.0,50,-38.96
±4,4.25,2.0,12:00,-1948.0,50,-38.96
±4,3.75,2.0,12:00,-1948.0,50,-38.96
±4,3.5,2.0,12:00,-1948.0,50,-38.96
±4,4.75,2.0,12:00,-1948.0,50,-38.96
±4,5.0,2.0,12:00,-1948.0,50,-38.96
±3,3.0,2.25,15:00,-1952.0,50,-39.04
±4,1.25,1.5,15:00,-1954.0,50,-39.08
±4,0.75,1.5,12:00,-1955.0,50,-39.1
±3,2.25,4.75,13:30,-1958.0,50,-39.16
±3,2.25,5.0,13:30,-1958.0,50,-39.16
±3,2.25,3.75,13:30,-1958.0,50,-39.16
±3,2.25,3.5,13:30,-1958.0,50,-39.16
±3,2.25,3.25,13:30,-1958.0,50,-39.16
±3,2.25,4.5,13:30,-1958.0,50,-39.16
±3,2.25,3.0,13:30,-1958.0,50,-39.16
±3,2.25,2.75,13:30,-1958.0,50,-39.16
±3,2.25,4.25,13:30,-1958.0,50,-39.16
±3,2.25,4.0,13:30,-1958.0,50,-39.16
±4,2.5,1.75,12:00,-1960.0,50,-39.2
±4,3.0,1.75,12:00,-1960.0,50,-39.2
±4,2.75,1.75,12:00,-1960.0,50,-39.2
±3,0.75,2.5,11:00,-1960.0,50,-39.2
±4,2.25,1.75,12:00,-1960.0,50,-39.2
±4,3.25,1.75,12:00,-1960.0,50,-39.2
±3,1.5,2.25,12:30,-1962.0,50,-39.24
±3,5.0,2.5,11:30,-1966.0,50,-39.32
±3,3.5,2.5,11:30,-1966.0,50,-39.32
±3,4.25,2.5,11:30,-1966.0,50,-39.32
±3,4.75,2.5,11:30,-1966.0,50,-39.32
±3,3.75,2.5,11:30,-1966.0,50,-39.32
±3,4.5,2.5,11:30,-1966.0,50,-39.32
±3,4.0,2.5,11:30,-1966.0,50,-39.32
±4,4.25,2.5,14:30,-1967.0,50,-39.34
±4,3.75,2.5,14:30,-1967.0,50,-39.34
±4,4.75,2.5,14:30,-1967.0,50,-39.34
±4,4.5,2.5,14:30,-1967.0,50,-39.34
±4,4.0,2.5,14:30,-1967.0,50,-39.34
±4,3.5,2.5,14:30,-1967.0,50,-39.34
±4,5.0,2.5,14:30,-1967.0,50,-39.34
±4,4.75,4.75,14:00,-1968.0,50,-39.36
±4,4.75,4.5,14:00,-1968.0,50,-39.36
±4,3.5,3.75,14:00,-1968.0,50,-39.36
±4,4.75,4.25,14:00,-1968.0,50,-39.36
±4,5.0,3.25,14:00,-1968.0,50,-39.36
±4,3.5,4.75,14:00,-1968.0,50,-39.36
±4,4.0,4.0,14:00,-1968.0,50,-39.36
±4,4.0,4.25,14:00,-1968.0,50,-39.36
±4,4.0,3.25,14:00,-1968.0,50,-39.36
±4,4.0,3.5,14:00,-1968.0,50,-39.36
±4,3.75,5.0,14:00,-1968.0,50,-39.36
±4,4.0,4.5,14:00,-1968.0,50,-39.36
±4,4.0,4.75,14:00,-1968.0,50,-39.36
±4,4.0,5.0,14:00,-1968.0,50,-39.36
±4,3.75,4.0,14:00,-1968.0,50,-39.36
±4,3.75,4.75,14:00,-1968.0,50,-39.36
±4,4.5,2.75,14:00,-1968.0,50,-39.36
±4,4.5,4.25,14:00,-1968.0,50,-39.36
±4,4.5,3.0,14:00,-1968.0,50,-39.36
±4,3.75,4.5,14:00,-1968.0,50,-39.36
±4,4.5,5.0,14:00,-1968.0,50,-39.36
±4,3.75,3.75,14:00,-1968.0,50,-39.36
±4,4.75,4.0,14:00,-1968.0,50,-39.36
±4,3.5,3.5,14:00,-1968.0,50,-39.36
±4,3.5,3.25,14:00,-1968.0,50,-39.36
±4,3.5,4.25,14:00,-1968.0,50,-39.36
±4,5.0,4.75,14:00,-1968.0,50,-39.36
±4,4.5,4.75,14:00,-1968.0,50,-39.36
±4,4.75,5.0,14:00,-1968.0,50,-39.36
±4,5.0,2.75,14:00,-1968.0,50,-39.36
±4,4.5,4.0,14:00,-1968.0,50,-39.36
±4,4.5,3.75,14:00,-1968.0,50,-39.36
±4,4.0,2.75,14:00,-1968.0,50,-39.36
±4,4.5,3.25,14:00,-1968.0,50,-39.36
±4,4.5,3.5,14:00,-1968.0,50,-39.36
±4,4.0,3.0,14:00,-1968.0,50,-39.36
±4,4.5,4.5,14:00,-1968.0,50,-39.36
±4,4.0,3.75,14:00,-1968.0,50,-39.36
±4,3.5,5.0,14:00,-1968.0,50,-39.36
±4,5.0,4.25,14:00,-1968.0,50,-39.36
±4,4.25,4.0,14:00,-1968.0,50,-39.36
±4,4.25,2.75,14:00,-1968.0,50,-39.36
±4,3.75,2.75,14:00,-1968.0,50,-39.36
±4,4.25,3.0,14:00,-1968.0,50,-39.36
±4,4.75,2.75,14:00,-1968.0,50,-39.36
±4,4.75,3.0,14:00,-1968.0,50,-39.36
±4,3.75,3.5,14:00,-1968.0,50,-39.36
±4,3.75,3.25,14:00,-1968.0,50,-39.36
±4,3.75,4.25,14:00,-1968.0,50,-39.36
±4,3.75,3.0,14:00,-1968.0,50,-39.36
±4,4.75,3.5,14:00,-1968.0,50,-39.36
±4,4.25,3.75,14:00,-1968.0,50,-39.36
±4,5.0,3.0,14:00,-1968.0,50,-39.36
±4,4.75,3.25,14:00,-1968.0,50,-39.36
±4,4.25,4.75,14:00,-1968.0,50,-39.36
±4,4.25,4.5,14:00,-1968.0,50,-39.36
±4,4.25,4.25,14:00,-1968.0,50,-39.36
±4,4.25,3.5,14:00,-1968.0,50,-39.36
±4,4.25,5.0,14:00,-1968.0,50,-39.36
±4,4.25,3.25,14:00,-1968.0,50,-39.36
±4,3.5,2.75,14:00,-1968.0,50,-39.36
±4,3.5,3.0,14:00,-1968.0,50,-39.36
±4,4.75,3.75,14:00,-1968.0,50,-39.36
±4,3.5,4.0,14:00,-1968.0,50,-39.36
±4,3.5,4.5,14:00,-1968.0,50,-39.36
±4,5.0,4.0,14:00,-1968.0,50,-39.36
±4,5.0,4.5,14:00,-1968.0,50,-39.36
±4,5.0,3.5,14:00,-1968.0,50,-39.36
±4,5.0,3.75,14:00,-1968.0,50,-39.36
±4,5.0,5.0,14:00,-1968.0,50,-39.36
±3,2.0,2.25,12:00,-1970.0,50,-39.4
±3,2.0,3.5,12:30,-1971.0,50,-39.42
±3,2.0,4.75,12:30,-1971.0,50,-39.42
±3,2.0,3.75,12:30,-1971.0,50,-39.42
±3,2.0,4.0,12:30,-1971.0,50,-39.42
±3,2.0,3.0,12:30,-1971.0,50,-39.42
±3,2.0,4.25,12:30,-1971.0,50,-39.42
±3,2.0,3.25,12:30,-1971.0,50,-39.42
±3,2.0,4.5,12:30,-1971.0,50,-39.42
±3,2.0,5.0,12:30,-1971.0,50,-39.42
±3,2.0,2.75,12:30,-1971.0,50,-39.42
±3,2.0,2.25,14:30,-1975.0,50,-39.5
±4,1.25,1.75,12:30,-1976.0,50,-39.52
±4,1.25,1.75,15:00,-1978.0,50,-39.56
±3,1.0,1.75,15:00,-1979.0,50,-39.58
±4,1.5,4.0,13:00,-1982.0,50,-39.64
±4,1.5,3.75,13:00,-1982.0,50,-39.64
±4,1.5,4.25,13:00,-1982.0,50,-39.64
±4,1.5,5.0,13:00,-1982.0,50,-39.64
±4,1.5,3.0,13:00,-1982.0,50,-39.64
±4,1.5,3.25,13:00,-1982.0,50,-39.64
±4,1.5,2.75,13:00,-1982.0,50,-39.64
±4,1.5,3.5,13:00,-1982.0,50,-39.64
±4,1.5,4.5,13:00,-1982.0,50,-39.64
±4,1.5,4.75,13:00,-1982.0,50,-39.64
±3,2.75,2.25,14:30,-1986.0,50,-39.72
±3,1.0,1.5,15:00,-1988.0,50,-39.76
±3,1.0,2.5,13:30,-1988.0,50,-39.76
±4,1.75,4.5,11:30,-1990.0,50,-39.8
±4,1.75,4.0,11:30,-1990.0,50,-39.8
±4,1.75,5.0,11:30,-1990.0,50,-39.8
±4,1.75,3.0,11:30,-1990.0,50,-39.8
±4,1.75,3.25,11:30,-1990.0,50,-39.8
±4,1.75,2.75,11:30,-1990.0,50,-39.8
±4,1.75,3.5,11:30,-1990.0,50,-39.8
±4,1.75,4.25,11:30,-1990.0,50,-39.8
±4,1.75,3.75,11:30,-1990.0,50,-39.8
±4,1.75,4.75,11:30,-1990.0,50,-39.8
±4,0.75,2.25,11:00,-1998.0,50,-39.96
±4,1.5,2.5,14:30,-1998.0,50,-39.96
±4,2.0,2.25,15:00,-1999.0,50,-39.98
±4,5.0,2.5,11:30,-2000.0,50,-40.0
±4,3.75,2.5,11:30,-2000.0,50,-40.0
±4,3.5,2.5,11:30,-2000.0,50,-40.0
±4,4.0,2.5,11:30,-2000.0,50,-40.0
±4,4.75,2.5,11:30,-2000.0,50,-40.0
±4,4.25,2.5,11:30,-2000.0,50,-40.0
±4,4.5,2.5,11:30,-2000.0,50,-40.0
±4,0.5,2.5,14:30,-2001.0,50,-40.02
±3,0.75,2.0,12:30,-2003.0,50,-40.06
±3,0.5,2.25,13:30,-2005.0,50,-40.1
±3,1.25,1.75,15:00,-2006.0,50,-40.12
±4,1.5,4.25,11:30,-2008.0,50,-40.16
±4,1.5,4.75,11:30,-2008.0,50,-40.16
±4,1.5,3.5,11:30,-2008.0,50,-40.16
±4,1.5,2.75,11:30,-2008.0,50,-40.16
±4,1.5,3.0,11:30,-2008.0,50,-40.16
±4,1.5,3.25,11:30,-2008.0,50,-40.16
±4,1.5,3.75,11:30,-2008.0,50,-40.16
±4,1.5,4.5,11:30,-2008.0,50,-40.16
±4,1.5,4.0,11:30,-2008.0,50,-40.16
±4,1.5,5.0,11:30,-2008.0,50,-40.16
±3,0.75,1.75,11:30,-2009.0,50,-40.18
±3,0.75,1.5,12:00,-2010.0,50,-40.2
±3,2.5,2.5,14:30,-2011.0,50,-40.22
±3,1.25,1.5,15:00,-2015.0,50,-40.3
±3,0.75,1.75,14:00,-2017.0,50,-40.34
±4,0.5,2.25,15:00,-2018.0,50,-40.36
±3,1.5,4.0,13:00,-2024.0,50,-40.48
±3,1.5,3.75,13:00,-2024.0,50,-40.48
±3,1.5,3.25,13:00,-2024.0,50,-40.48
±3,1.5,4.75,13:00,-2024.0,50,-40.48
±3,1.5,4.25,13:00,-2024.0,50,-40.48
±3,1.5,4.5,13:00,-2024.0,50,-40.48
±3,1.5,2.75,13:00,-2024.0,50,-40.48
±3,0.5,2.5,14:00,-2024.0,50,-40.48
±3,1.5,3.5,13:00,-2024.0,50,-40.48
±3,1.5,5.0,13:00,-2024.0,50,-40.48
±3,1.5,3.0,13:00,-2024.0,50,-40.48
±4,2.0,3.25,11:30,-2025.0,50,-40.5
±4,2.0,3.0,11:30,-2025.0,50,-40.5
±4,2.0,2.75,11:30,-2025.0,50,-40.5
±4,2.0,3.5,11:30,-2025.0,50,-40.5
±4,2.0,5.0,11:30,-2025.0,50,-40.5
±4,2.0,4.75,11:30,-2025.0,50,-40.5
±4,2.0,4.5,11:30,-2025.0,50,-40.5
±4,2.0,3.75,11:30,-2025.0,50,-40.5
±4,2.0,4.0,11:30,-2025.0,50,-40.5
±4,2.0,4.25,11:30,-2025.0,50,-40.5
±3,2.75,1.75,12:00,-2027.0,50,-40.54
±3,3.25,1.75,12:00,-2027.0,50,-40.54
±3,2.25,1.75,12:00,-2027.0,50,-40.54
±3,2.5,1.75,12:00,-2027.0,50,-40.54
±4,1.0,1.75,14:00,-2027.0,50,-40.54
±3,3.0,1.75,12:00,-2027.0,50,-40.54
±4,2.0,5.0,12:30,-2034.0,50,-40.68
±4,2.0,3.5,12:30,-2034.0,50,-40.68
±4,2.0,3.75,12:30,-2034.0,50,-40.68
±4,2.0,3.0,12:30,-2034.0,50,-40.68
±4,2.0,2.75,12:30,-2034.0,50,-40.68
±4,2.0,3.25,12:30,-2034.0,50,-40.68
±4,2.0,4.25,12:30,-2034.0,50,-40.68
±4,2.0,4.75,12:30,-2034.0,50,-40.68
±4,2.0,4.0,12:30,-2034.0,50,-40.68
±4,2.0,4.5,12:30,-2034.0,50,-40.68
±3,1.25,1.75,14:30,-2035.0,50,-40.7
±4,0.75,1.75,14:30,-2035.0,50,-40.7
±3,0.5,1.5,12:00,-2041.0,50,-40.82
±3,1.25,2.25,13:30,-2043.0,50,-40.86
±4,0.75,2.0,12:30,-2044.0,50,-40.88
±3,1.75,3.0,11:30,-2045.0,50,-40.9
±3,1.75,3.75,11:30,-2045.0,50,-40.9
±3,1.75,4.25,11:30,-2045.0,50,-40.9
±3,1.75,2.75,11:30,-2045.0,50,-40.9
±3,1.75,3.25,11:30,-2045.0,50,-40.9
±3,1.75,3.5,11:30,-2045.0,50,-40.9
±3,1.75,4.0,11:30,-2045.0,50,-40.9
±3,1.75,4.75,11:30,-2045.0,50,-40.9
±3,1.75,4.5,11:30,-2045.0,50,-40.9
±3,1.75,5.0,11:30,-2045.0,50,-40.9
±4,1.25,2.5,13:30,-2048.0,50,-40.96
±3,2.75,2.25,15:00,-2050.0,50,-41.0
±4,1.25,2.5,14:00,-2052.0,50,-41.04
±3,0.5,1.75,11:30,-2057.0,50,-41.14
±3,3.5,2.5,14:30,-2057.0,50,-41.14
±3,4.0,2.5,14:30,-2057.0,50,-41.14
±3,4.75,2.5,14:30,-2057.0,50,-41.14
±4,1.5,2.5,12:00,-2057.0,50,-41.14
±3,3.75,2.5,14:30,-2057.0,50,-41.14
±3,4.5,2.5,14:30,-2057.0,50,-41.14
±3,4.25,2.5,14:30,-2057.0,50,-41.14
±3,5.0,2.5,14:30,-2057.0,50,-41.14
±3,2.0,4.5,11:30,-2058.0,50,-41.16
±3,2.0,4.25,11:30,-2058.0,50,-41.16
±3,2.0,2.75,11:30,-2058.0,50,-41.16
±3,2.0,4.0,11:30,-2058.0,50,-41.16
±3,2.0,3.75,11:30,-2058.0,50,-41.16
±3,2.0,4.75,11:30,-2058.0,50,-41.16
±3,2.0,3.25,11:30,-2058.0,50,-41.16
±3,2.0,3.0,11:30,-2058.0,50,-41.16
±3,2.0,5.0,11:30,-2058.0,50,-41.16
±3,2.0,3.5,11:30,-2058.0,50,-41.16
±4,0.5,2.25,13:30,-2059.0,50,-41.18
±3,1.25,2.5,14:00,-2060.0,50,-41.2
±4,1.25,1.75,14:30,-2062.0,50,-41.24
±3,0.75,2.5,13:30,-2065.0,50,-41.3
±3,1.5,2.75,11:30,-2066.0,50,-41.32
±3,1.5,3.5,11:30,-2066.0,50,-41.32
±3,1.5,3.75,11:30,-2066.0,50,-41.32
±3,1.5,3.25,11:30,-2066.0,50,-41.32
±3,1.5,3.0,11:30,-2066.0,50,-41.32
±3,1.5,4.75,11:30,-2066.0,50,-41.32
±3,1.5,5.0,11:30,-2066.0,50,-41.32
±3,1.5,4.0,11:30,-2066.0,50,-41.32
±3,1.5,4.5,11:30,-2066.0,50,-41.32
±3,1.5,4.25,11:30,-2066.0,50,-41.32
±4,1.0,1.75,14:30,-2069.0,50,-41.38
±3,2.5,2.5,15:00,-2075.0,50,-41.5
±3,0.5,2.5,14:30,-2076.0,50,-41.52
±4,1.25,2.5,11:30,-2078.0,50,-41.56
±3,1.75,4.25,12:30,-2082.0,50,-41.64
±3,1.75,5.0,12:30,-2082.0,50,-41.64
±3,1.75,4.0,12:30,-2082.0,50,-41.64
±3,1.75,2.75,12:30,-2082.0,50,-41.64
±3,1.75,3.25,12:30,-2082.0,50,-41.64
±3,1.75,3.75,12:30,-2082.0,50,-41.64
±3,1.75,4.75,12:30,-2082.0,50,-41.64
±3,1.75,4.5,12:30,-2082.0,50,-41.64
±3,1.75,3.5,12:30,-2082.0,50,-41.64
±3,1.75,3.0,12:30,-2082.0,50,-41.64
±4,0.5,2.25,14:00,-2083.0,50,-41.66
±4,0.5,2.25,11:00,-2084.0,50,-41.68
±4,1.25,1.75,12:00,-2084.0,50,-41.68
±3,1.5,2.5,12:00,-2084.0,50,-41.68
±4,4.25,2.5,15:00,-2085.0,50,-41.7
±4,4.75,2.5,15:00,-2085.0,50,-41.7
±4,4.5,2.5,15:00,-2085.0,50,-41.7
±4,3.75,2.5,15:00,-2085.0,50,-41.7
±4,4.0,2.5,15:00,-2085.0,50,-41.7
±4,3.5,2.5,15:00,-2085.0,50,-41.7
±4,5.0,2.5,15:00,-2085.0,50,-41.7
±3,3.25,2.25,12:30,-2086.0,50,-41.72
±3,3.0,2.25,12:30,-2086.0,50,-41.72
±3,2.75,2.25,12:30,-2086.0,50,-41.72
±4,2.75,2.25,12:30,-2086.0,50,-41.72
±4,3.0,2.25,12:30,-2086.0,50,-41.72
±3,2.5,2.25,12:30,-2086.0,50,-41.72
±3,2.25,2.25,12:30,-2086.0,50,-41.72
±4,3.25,2.25,12:30,-2086.0,50,-41.72
±4,2.25,2.25,12:30,-2086.0,50,-41.72
±4,2.5,2.25,12:30,-2086.0,50,-41.72
±4,2.25,3.0,14:00,-2091.0,50,-41.82
±4,2.25,3.25,14:00,-2091.0,50,-41.82
±4,2.25,2.75,14:00,-2091.0,50,-41.82
±4,2.5,4.25,14:00,-2091.0,50,-41.82
±4,2.25,4.75,14:00,-2091.0,50,-41.82
±4,2.5,3.5,14:00,-2091.0,50,-41.82
±4,2.5,2.75,14:00,-2091.0,50,-41.82
±4,2.25,5.0,14:00,-2091.0,50,-41.82
±4,2.25,4.25,14:00,-2091.0,50,-41.82
±4,2.5,3.0,14:00,-2091.0,50,-41.82
±4,2.25,4.5,14:00,-2091.0,50,-41.82
±4,2.5,3.25,14:00,-2091.0,50,-41.82
±4,2.25,3.75,14:00,-2091.0,50,-41.82
±4,2.25,4.0,14:00,-2091.0,50,-41.82
±4,2.5,4.5,14:00,-2091.0,50,-41.82
±4,2.5,5.0,14:00,-2091.0,50,-41.82
±4,2.25,3.5,14:00,-2091.0,50,-41.82
±4,2.5,4.75,14:00,-2091.0,50,-41.82
±4,2.5,4.0,14:00,-2091.0,50,-41.82
±4,2.5,3.75,14:00,-2091.0,50,-41.82
±3,1.5,2.75,13:30,-2094.0,50,-41.88
±3,1.5,3.5,13:30,-2094.0,50,-41.88
±3,1.5,3.75,13:30,-2094.0,50,-41.88
±3,1.5,3.25,13:30,-2094.0,50,-41.88
±3,1.5,4.5,13:30,-2094.0,50,-41.88
±3,1.5,4.0,13:30,-2094.0,50,-41.88
±3,1.5,5.0,13:30,-2094.0,50,-41.88
±3,1.5,4.25,13:30,-2094.0,50,-41.88
±3,1.5,4.75,13:30,-2094.0,50,-41.88
±3,1.5,3.0,13:30,-2094.0,50,-41.88
±4,2.75,4.25,11:30,-2096.0,50,-41.92
±4,2.75,5.0,11:30,-2096.0,50,-41.92
±4,2.75,4.0,11:30,-2096.0,50,-41.92
±4,2.25,3.5,11:30,-2096.0,50,-41.92
±4,2.5,4.5,11:30,-2096.0,50,-41.92
±4,3.25,5.0,11:30,-2096.0,50,-41.92
±4,3.25,4.75,11:30,-2096.0,50,-41.92
±4,2.25,3.0,11:30,-2096.0,50,-41.92
±4,2.25,3.25,11:30,-2096.0,50,-41.92
±4,2.5,4.75,11:30,-2096.0,50,-41.92
±4,2.25,2.75,11:30,-2096.0,50,-41.92
±4,2.25,2.5,15:00,-2096.0,50,-41.92
±4,2.5,5.0,11:30,-2096.0,50,-41.92
±4,3.25,4.5,11:30,-2096.0,50,-41.92
±4,3.25,4.25,11:30,-2096.0,50,-41.92
±4,2.5,3.5,11:30,-2096.0,50,-41.92
±4,3.0,4.75,11:30,-2096.0,50,-41.92
±4,3.0,4.25,11:30,-2096.0,50,-41.92
±4,2.5,3.75,11:30,-2096.0,50,-41.92
±4,2.25,4.0,11:30,-2096.0,50,-41.92
±4,3.25,2.75,11:30,-2096.0,50,-41.92
±4,2.5,4.0,11:30,-2096.0,50,-41.92
±4,2.25,3.75,11:30,-2096.0,50,-41.92
±4,3.25,4.0,11:30,-2096.0,50,-41.92
±4,3.25,3.0,11:30,-2096.0,50,-41.92
±4,2.5,4.25,11:30,-2096.0,50,-41.92
±4,3.25,3.25,11:30,-2096.0,50,-41.92
±4,3.25,3.5,11:30,-2096.0,50,-41.92
±4,3.25,3.75,11:30,-2096.0,50,-41.92
±4,2.75,3.0,11:30,-2096.0,50,-41.92
±4,3.0,3.0,11:30,-2096.0,50,-41.92
±4,2.5,3.0,11:30,-2096.0,50,-41.92
±4,3.0,2.75,11:30,-2096.0,50,-41.92
±4,2.25,5.0,11:30,-2096.0,50,-41.92
±4,2.5,2.75,11:30,-2096.0,50,-41.92
±4,3.0,3.25,11:30,-2096.0,50,-41.92
±4,2.75,3.5,11:30,-2096.0,50,-41.92
±4,2.5,3.25,11:30,-2096.0,50,-41.92
±4,2.25,4.25,11:30,-2096.0,50,-41.92
±4,2.25,4.5,11:30,-2096.0,50,-41.92
±4,2.25,4.75,11:30,-2096.0,50,-41.92
±4,3.0,4.5,11:30,-2096.0,50,-41.92
±4,3.0,5.0,11:30,-2096.0,50,-41.92
±4,3.0,3.5,11:30,-2096.0,50,-41.92
±4,3.0,3.75,11:30,-2096.0,50,-41.92
±4,2.75,2.75,11:30,-2096.0,50,-41.92
±4,3.0,4.0,11:30,-2096.0,50,-41.92
±4,2.75,4.75,11:30,-2096.0,50,-41.92
±4,2.5,2.5,15:00,-2096.0,50,-41.92
±4,2.75,4.5,11:30,-2096.0,50,-41.92
±4,2.75,3.25,11:30,-2096.0,50,-41.92
±4,2.75,3.75,11:30,-2096.0,50,-41.92
±4,1.0,2.5,13:30,-2098.0,50,-41.96
±4,1.25,2.5,13:00,-2099.0,50,-41.98
±3,1.5,2.5,14:30,-2100.0,50,-42.0
±3,0.5,2.5,11:00,-2100.0,50,-42.0
±4,2.5,2.5,14:30,-2104.0,50,-42.08
±4,2.25,2.5,14:30,-2104.0,50,-42.08
±3,0.75,4.5,11:00,-2105.0,50,-42.1
±3,0.75,4.75,11:00,-2105.0,50,-42.1
±3,0.75,5.0,11:00,-2105.0,50,-42.1
±3,0.75,4.0,11:00,-2105.0,50,-42.1
±3,0.75,3.75,11:00,-2105.0,50,-42.1
±3,0.75,2.75,11:00,-2105.0,50,-42.1
±3,0.75,3.5,11:00,-2105.0,50,-42.1
±3,0.75,3.25,11:00,-2105.0,50,-42.1
±3,0.75,3.0,11:00,-2105.0,50,-42.1
±3,0.75,4.25,11:00,-2105.0,50,-42.1
±4,4.25,2.25,14:30,-2106.0,50,-42.12
±4,5.0,2.25,14:30,-2106.0,50,-42.12
±4,3.5,2.25,14:30,-2106.0,50,-42.12
±4,4.0,2.25,14:30,-2106.0,50,-42.12
±4,3.75,2.25,14:30,-2106.0,50,-42.12
±4,4.75,2.25,14:30,-2106.0,50,-42.12
±4,4.5,2.25,14:30,-2106.0,50,-42.12
±3,2.75,3.25,11:30,-2107.0,50,-42.14
±3,2.5,4.75,11:30,-2107.0,50,-42.14
±3,2.25,3.75,11:30,-2107.0,50,-42.14
±3,2.25,3.5,11:30,-2107.0,50,-42.14
±3,3.25,2.75,11:30,-2107.0,50,-42.14
±3,3.25,3.0,11:30,-2107.0,50,-42.14
±3,3.25,3.75,11:30,-2107.0,50,-42.14
±3,3.0,3.0,11:30,-2107.0,50,-42.14
±3,2.25,4.5,11:30,-2107.0,50,-42.14
±3,2.25,4.25,11:30,-2107.0,50,-42.14
±3,2.5,5.0,11:30,-2107.0,50,-42.14
±3,2.75,2.75,11:30,-2107.0,50,-42.14
±3,3.0,2.75,11:30,-2107.0,50,-42.14
±3,2.75,4.5,11:30,-2107.0,50,-42.14
±3,3.25,3.25,11:30,-2107.0,50,-42.14
±3,2.75,4.25,11:30,-2107.0,50,-42.14
±3,2.75,4.0,11:30,-2107.0,50,-42.14
±3,2.75,4.75,11:30,-2107.0,50,-42.14
±3,2.25,4.75,11:30,-2107.0,50,-42.14
±3,3.25,4.25,11:30,-2107.0,50,-42.14
±3,2.25,5.0,11:30,-2107.0,50,-42.14
±3,2.25,2.75,11:30,-2107.0,50,-42.14
±3,2.5,3.0,11:30,-2107.0,50,-42.14
±3,2.75,3.0,11:30,-2107.0,50,-42.14
±3,2.75,3.75,11:30,-2107.0,50,-42.14
±3,2.75,3.5,11:30,-2107.0,50,-42.14
±3,3.25,5.0,11:30,-2107.0,50,-42.14
±3,2.75,5.0,11:30,-2107.0,50,-42.14
±3,2.25,4.0,11:30,-2107.0,50,-42.14
±3,3.25,4.0,11:30,-2107.0,50,-42.14
±3,2.25,3.0,11:30,-2107.0,50,-42.14
±3,2.5,2.75,11:30,-2107.0,50,-42.14
±3,3.0,5.0,11:30,-2107.0,50,-42.14
±3,3.25,3.5,11:30,-2107.0,50,-42.14
±3,2.5,3.75,11:30,-2107.0,50,-42.14
±3,3.0,3.75,11:30,-2107.0,50,-42.14
±3,3.0,3.5,11:30,-2107.0,50,-42.14
±3,3.0,4.0,11:30,-2107.0,50,-42.14
±3,3.0,4.75,11:30,-2107.0,50,-42.14
±3,3.25,4.5,11:30,-2107.0,50,-42.14
±3,3.0,4.25,11:30,-2107.0,50,-42.14
±3,3.0,4.5,11:30,-2107.0,50,-42.14
±3,2.25,3.25,11:30,-2107.0,50,-42.14
±3,2.5,3.5,11:30,-2107.0,50,-42.14
±3,3.0,3.25,11:30,-2107.0,50,-42.14
±3,2.5,3.25,11:30,-2107.0,50,-42.14
±3,2.5,4.25,11:30,-2107.0,50,-42.14
±3,2.5,4.5,11:30,-2107.0,50,-42.14
±3,2.5,4.0,11:30,-2107.0,50,-42.14
±3,3.25,4.75,11:30,-2107.0,50,-42.14
±3,0.5,2.25,15:00,-2108.0,50,-42.16
±4,1.5,2.5,15:00,-2109.0,50,-42.18
±3,2.0,2.25,15:00,-2113.0,50,-42.26
±3,1.25,2.5,13:00,-2114.0,50,-42.28
±3,1.25,1.75,12:00,-2114.0,50,-42.28
±3,2.25,3.75,14:00,-2115.0,50,-42.3
±3,2.25,3.5,14:00,-2115.0,50,-42.3
±3,2.25,4.0,14:00,-2115.0,50,-42.3
±3,2.25,3.0,14:00,-2115.0,50,-42.3
±3,2.25,4.75,14:00,-2115.0,50,-42.3
±3,2.25,3.25,14:00,-2115.0,50,-42.3
±3,2.25,4.5,14:00,-2115.0,50,-42.3
±3,2.25,5.0,14:00,-2115.0,50,-42.3
±3,2.25,2.75,14:00,-2115.0,50,-42.3
±3,2.25,4.25,14:00,-2115.0,50,-42.3
±4,1.0,1.75,13:00,-2120.0,50,-42.4
±3,1.0,1.75,14:00,-2120.0,50,-42.4
±3,0.75,1.75,14:30,-2123.0,50,-42.46
±4,0.75,1.75,13:00,-2125.0,50,-42.5
±3,4.75,2.5,12:30,-2127.0,50,-42.54
±3,3.75,2.5,12:30,-2127.0,50,-42.54
±3,4.0,2.5,12:30,-2127.0,50,-42.54
±3,4.25,2.5,12:30,-2127.0,50,-42.54
±3,4.5,2.5,12:30,-2127.0,50,-42.54
±3,5.0,2.5,12:30,-2127.0,50,-42.54
±3,3.5,2.5,12:30,-2127.0,50,-42.54
±3,1.25,2.5,11:30,-2132.0,50,-42.64
±3,0.75,2.25,11:00,-2136.0,50,-42.72
±4,1.5,2.25,14:30,-2137.0,50,-42.74
±3,1.0,1.75,14:30,-2138.0,50,-42.76
±4,5.0,2.25,11:30,-2139.0,50,-42.78
±4,4.0,2.25,11:30,-2139.0,50,-42.78
±4,4.75,2.25,11:30,-2139.0,50,-42.78
±4,4.5,2.25,11:30,-2139.0,50,-42.78
±4,3.5,2.25,11:30,-2139.0,50,-42.78
±4,4.25,2.25,11:30,-2139.0,50,-42.78
±4,3.75,2.25,11:30,-2139.0,50,-42.78
±4,0.5,2.25,14:30,-2140.0,50,-42.8
±3,5.0,2.25,11:30,-2142.0,50,-42.84
±3,3.5,2.25,11:30,-2142.0,50,-42.84
±3,4.5,2.25,11:30,-2142.0,50,-42.84
±3,4.25,2.25,11:30,-2142.0,50,-42.84
±3,3.75,2.25,11:30,-2142.0,50,-42.84
±3,4.0,2.25,11:30,-2142.0,50,-42.84
±3,4.75,2.25,11:30,-2142.0,50,-42.84
±4,1.75,5.0,12:30,-2145.0,50,-42.9
±4,1.75,3.0,12:30,-2145.0,50,-42.9
±4,1.75,3.75,12:30,-2145.0,50,-42.9
±4,1.75,4.75,12:30,-2145.0,50,-42.9
±4,1.75,3.5,12:30,-2145.0,50,-42.9
±4,1.75,4.0,12:30,-2145.0,50,-42.9
±4,1.75,4.25,12:30,-2145.0,50,-42.9
±4,1.75,4.5,12:30,-2145.0,50,-42.9
±4,1.75,3.25,12:30,-2145.0,50,-42.9
±4,1.75,2.75,12:30,-2145.0,50,-42.9
±4,2.5,4.75,13:30,-2146.0,50,-42.92
±4,2.25,3.5,13:30,-2146.0,50,-42.92
±4,2.25,3.75,13:30,-2146.0,50,-42.92
±4,2.5,4.0,13:30,-2146.0,50,-42.92
±4,2.5,4.5,13:30,-2146.0,50,-42.92
±4,2.25,2.75,13:30,-2146.0,50,-42.92
±4,2.5,5.0,13:30,-2146.0,50,-42.92
±4,2.25,3.25,13:30,-2146.0,50,-42.92
±4,2.25,3.0,13:30,-2146.0,50,-42.92
±4,2.5,3.0,13:30,-2146.0,50,-42.92
±4,2.25,5.0,13:30,-2146.0,50,-42.92
±4,2.25,4.75,13:30,-2146.0,50,-42.92
±4,2.5,2.75,13:30,-2146.0,50,-42.92
±4,2.25,4.25,13:30,-2146.0,50,-42.92
±4,2.25,4.5,13:30,-2146.0,50,-42.92
±4,2.5,4.25,13:30,-2146.0,50,-42.92
±4,2.5,3.25,13:30,-2146.0,50,-42.92
±4,2.5,3.75,13:30,-2146.0,50,-42.92
±4,2.5,3.5,13:30,-2146.0,50,-42.92
±4,2.25,4.0,13:30,-2146.0,50,-42.92
±4,0.5,2.5,13:00,-2155.0,50,-43.1
±4,1.0,2.0,12:00,-2159.0,50,-43.18
±4,0.75,2.5,13:30,-2160.0,50,-43.2
±3,1.0,2.25,13:30,-2164.0,50,-43.28
±4,1.0,1.75,12:30,-2175.0,50,-43.5
±3,1.0,2.0,12:00,-2180.0,50,-43.6
±3,2.5,2.25,14:30,-2187.0,50,-43.74
±4,1.25,2.25,13:30,-2187.0,50,-43.74
±4,0.5,1.75,12:30,-2189.0,50,-43.78
±3,0.75,1.75,13:00,-2190.0,50,-43.8
±4,1.25,2.25,14:00,-2191.0,50,-43.82
±4,5.0,2.5,12:30,-2195.0,50,-43.9
±4,3.75,2.5,12:30,-2195.0,50,-43.9
±4,4.75,2.5,12:30,-2195.0,50,-43.9
±4,3.5,2.5,12:30,-2195.0,50,-43.9
±4,4.0,2.5,12:30,-2195.0,50,-43.9
±4,4.25,2.5,12:30,-2195.0,50,-43.9
±4,4.5,2.5,12:30,-2195.0,50,-43.9
±4,1.5,2.25,12:00,-2196.0,50,-43.92
±3,0.5,2.25,14:00,-2200.0,50,-44.0
±3,1.0,1.75,12:30,-2205.0,50,-44.1
±3,2.25,2.5,14:30,-2207.0,50,-44.14
±3,0.5,2.5,13:00,-2211.0,50,-44.22
±4,5.0,1.75,12:00,-2216.0,50,-44.32
±4,3.75,1.75,12:00,-2216.0,50,-44.32
±4,3.5,1.75,12:00,-2216.0,50,-44.32
±4,4.75,1.75,12:00,-2216.0,50,-44.32
±4,4.5,1.75,12:00,-2216.0,50,-44.32
±4,4.25,1.75,12:00,-2216.0,50,-44.32
±4,4.0,1.75,12:00,-2216.0,50,-44.32
±4,1.25,2.25,11:30,-2217.0,50,-44.34
±3,1.0,1.75,13:00,-2222.0,50,-44.44
±4,3.75,2.25,15:00,-2224.0,50,-44.48
±4,4.75,2.25,15:00,-2224.0,50,-44.48
±4,4.0,2.25,15:00,-2224.0,50,-44.48
±4,3.5,2.25,15:00,-2224.0,50,-44.48
±4,4.5,2.25,15:00,-2224.0,50,-44.48
±4,4.25,2.25,15:00,-2224.0,50,-44.48
±4,5.0,2.25,15:00,-2224.0,50,-44.48
±4,0.75,2.5,14:00,-2229.0,50,-44.58
±3,3.5,2.25,14:30,-2233.0,50,-44.66
±3,4.0,2.25,14:30,-2233.0,50,-44.66
±3,3.75,2.25,14:30,-2233.0,50,-44.66
±3,4.25,2.25,14:30,-2233.0,50,-44.66
±3,4.5,2.25,14:30,-2233.0,50,-44.66
±3,5.0,2.25,14:30,-2233.0,50,-44.66
±3,4.75,2.25,14:30,-2233.0,50,-44.66
±3,5.0,2.5,15:00,-2234.0,50,-44.68
±3,4.5,2.5,15:00,-2234.0,50,-44.68
±3,4.25,2.5,15:00,-2234.0,50,-44.68
±3,3.5,2.5,15:00,-2234.0,50,-44.68
±3,3.75,2.5,15:00,-2234.0,50,-44.68
±3,4.75,2.5,15:00,-2234.0,50,-44.68
±3,4.0,2.5,15:00,-2234.0,50,-44.68
±4,2.25,2.25,15:00,-2235.0,50,-44.7
±3,1.25,2.5,12:30,-2235.0,50,-44.7
±4,2.5,2.25,15:00,-2235.0,50,-44.7
±3,1.25,2.25,14:00,-2236.0,50,-44.72
±4,1.0,2.25,13:30,-2237.0,50,-44.74
±4,1.25,2.25,13:00,-2238.0,50,-44.76
±3,0.5,1.75,12:30,-2239.0,50,-44.78
±3,0.75,2.25,13:30,-2241.0,50,-44.82
±4,2.25,2.25,14:30,-2243.0,50,-44.86
±4,2.5,2.25,14:30,-2243.0,50,-44.86
±3,0.5,5.0,11:00,-2245.0,50,-44.9
±3,0.5,4.25,11:00,-2245.0,50,-44.9
±3,0.5,3.0,11:00,-2245.0,50,-44.9
±3,0.5,3.25,11:00,-2245.0,50,-44.9
±3,0.5,2.75,11:00,-2245.0,50,-44.9
±3,0.5,3.5,11:00,-2245.0,50,-44.9
±3,0.5,4.5,11:00,-2245.0,50,-44.9
±3,0.5,4.75,11:00,-2245.0,50,-44.9
±3,0.5,4.0,11:00,-2245.0,50,-44.9
±3,0.5,3.75,11:00,-2245.0,50,-44.9
±4,1.5,2.25,15:00,-2248.0,50,-44.96
±3,1.5,2.5,15:00,-2250.0,50,-45.0
±3,2.5,2.25,15:00,-2251.0,50,-45.02
±3,0.5,2.25,14:30,-2252.0,50,-45.04
±4,0.75,2.5,15:00,-2255.0,50,-45.1
±4,0.5,2.0,12:00,-2257.0,50,-45.14
±3,4.5,1.75,12:00,-2260.0,50,-45.2
±3,3.75,1.75,12:00,-2260.0,50,-45.2
±3,4.75,1.75,12:00,-2260.0,50,-45.2
±3,4.0,1.75,12:00,-2260.0,50,-45.2
±3,1.5,2.25,12:00,-2260.0,50,-45.2
±3,4.25,1.75,12:00,-2260.0,50,-45.2
±3,5.0,1.75,12:00,-2260.0,50,-45.2
±3,3.5,1.75,12:00,-2260.0,50,-45.2
±4,0.75,2.0,12:00,-2265.0,50,-45.3
±4,1.0,2.5,11:30,-2269.0,50,-45.38
±3,2.25,2.5,15:00,-2271.0,50,-45.42
±4,3.25,2.5,12:00,-2275.0,50,-45.5
±4,3.0,2.5,12:00,-2275.0,50,-45.5
±4,2.75,2.5,12:00,-2275.0,50,-45.5
±4,2.5,2.5,12:00,-2275.0,50,-45.5
±4,2.25,2.5,12:00,-2275.0,50,-45.5
±3,0.5,2.25,11:00,-2276.0,50,-45.52
±3,1.5,2.25,14:30,-2276.0,50,-45.52
±4,1.75,4.0,12:00,-2279.0,50,-45.58
±4,1.75,3.75,12:00,-2279.0,50,-45.58
±4,1.75,3.0,12:00,-2279.0,50,-45.58
±4,1.75,2.75,12:00,-2279.0,50,-45.58
±4,1.75,5.0,12:00,-2279.0,50,-45.58
±4,1.75,4.75,12:00,-2279.0,50,-45.58
±4,1.75,3.25,12:00,-2279.0,50,-45.58
±4,1.75,3.5,12:00,-2279.0,50,-45.58
±4,1.75,4.5,12:00,-2279.0,50,-45.58
±4,1.75,4.25,12:00,-2279.0,50,-45.58
±3,0.75,2.0,12:00,-2280.0,50,-45.6
±3,1.25,2.25,13:00,-2290.0,50,-45.8
±3,1.75,4.0,12:00,-2291.0,50,-45.82
±3,1.75,3.75,12:00,-2291.0,50,-45.82
±3,1.75,3.5,12:00,-2291.0,50,-45.82
±3,1.75,3.0,12:00,-2291.0,50,-45.82
±3,1.75,3.25,12:00,-2291.0,50,-45.82
±3,1.75,4.5,12:00,-2291.0,50,-45.82
±3,1.75,5.0,12:00,-2291.0,50,-45.82
±3,1.75,4.75,12:00,-2291.0,50,-45.82
±3,1.75,4.25,12:00,-2291.0,50,-45.82
±3,1.75,2.75,12:00,-2291.0,50,-45.82
±4,0.5,2.25,13:00,-2294.0,50,-45.88
±4,1.5,4.75,13:30,-2299.0,50,-45.98
±4,1.5,3.0,13:30,-2299.0,50,-45.98
±4,1.5,2.75,13:30,-2299.0,50,-45.98
±4,1.5,3.25,13:30,-2299.0,50,-45.98
±4,1.5,5.0,13:30,-2299.0,50,-45.98
±4,1.5,4.0,13:30,-2299.0,50,-45.98
±4,1.5,3.5,13:30,-2299.0,50,-45.98
±4,0.75,2.25,13:30,-2299.0,50,-45.98
±4,1.5,3.75,13:30,-2299.0,50,-45.98
±4,1.5,4.25,13:30,-2299.0,50,-45.98
±4,1.5,4.5,13:30,-2299.0,50,-45.98
±3,3.5,2.25,12:30,-2303.0,50,-46.06
±3,4.0,2.25,12:30,-2303.0,50,-46.06
±3,4.25,2.25,12:30,-2303.0,50,-46.06
±3,5.0,2.25,12:30,-2303.0,50,-46.06
±3,3.75,2.25,12:30,-2303.0,50,-46.06
±3,4.75,2.25,12:30,-2303.0,50,-46.06
±3,4.5,2.25,12:30,-2303.0,50,-46.06
±4,1.25,2.5,12:30,-2306.0,50,-46.12
±3,3.25,2.5,12:00,-2306.0,50,-46.12
±3,2.75,2.5,12:00,-2306.0,50,-46.12
±3,2.25,2.5,12:00,-2306.0,50,-46.12
±3,3.0,2.5,12:00,-2306.0,50,-46.12
±3,2.5,2.5,12:00,-2306.0,50,-46.12
±3,1.25,2.25,11:30,-2308.0,50,-46.16
±3,0.5,2.0,12:00,-2311.0,50,-46.22
±4,1.0,2.5,14:00,-2312.0,50,-46.24
±4,0.75,1.75,12:30,-2312.0,50,-46.24
±4,1.0,2.5,15:00,-2314.0,50,-46.28
±3,0.75,2.5,14:00,-2323.0,50,-46.46
±4,4.25,2.25,12:30,-2334.0,50,-46.68
±4,3.75,2.25,12:30,-2334.0,50,-46.68
±4,4.0,2.25,12:30,-2334.0,50,-46.68
±4,3.5,2.25,12:30,-2334.0,50,-46.68
±4,5.0,2.25,12:30,-2334.0,50,-46.68
±4,4.5,2.25,12:30,-2334.0,50,-46.68
±4,4.75,2.25,12:30,-2334.0,50,-46.68
±3,0.75,1.75,12:30,-2338.0,50,-46.76
±3,0.75,2.5,15:00,-2359.0,50,-47.18
±3,1.0,2.5,11:30,-2365.0,50,-47.3
±4,0.75,2.25,14:00,-2368.0,50,-47.36
±4,1.25,2.5,15:00,-2376.0,50,-47.52
±4,1.5,3.0,14:00,-2378.0,50,-47.56
±4,1.5,3.5,14:00,-2378.0,50,-47.56
±4,1.5,4.75,14:00,-2378.0,50,-47.56
±4,1.5,4.0,14:00,-2378.0,50,-47.56
±4,1.5,3.75,14:00,-2378.0,50,-47.56
±4,1.5,3.25,14:00,-2378.0,50,-47.56
±4,1.5,4.5,14:00,-2378.0,50,-47.56
±4,1.5,4.25,14:00,-2378.0,50,-47.56
±4,1.5,2.75,14:00,-2378.0,50,-47.56
±4,1.5,5.0,14:00,-2378.0,50,-47.56
±4,1.0,2.5,13:00,-2382.0,50,-47.64
±3,2.25,2.25,14:30,-2383.0,50,-47.66
±4,0.75,2.5,13:00,-2387.0,50,-47.74
±3,0.5,2.25,13:00,-2387.0,50,-47.74
±3,1.25,2.5,12:00,-2393.0,50,-47.86
±4,0.75,2.25,15:00,-2394.0,50,-47.88
±4,1.25,2.5,12:00,-2399.0,50,-47.98
±4,0.75,2.5,14:30,-2406.0,50,-48.12
±4,1.0,2.25,11:30,-2408.0,50,-48.16
±4,0.75,2.5,11:30,-2409.0,50,-48.18
±3,4.5,2.25,15:00,-2410.0,50,-48.2
±3,4.0,2.25,15:00,-2410.0,50,-48.2
±3,4.75,2.25,15:00,-2410.0,50,-48.2
±3,3.5,2.25,15:00,-2410.0,50,-48.2
±3,3.75,2.25,15:00,-2410.0,50,-48.2
±3,5.0,2.25,15:00,-2410.0,50,-48.2
±3,4.25,2.25,15:00,-2410.0,50,-48.2
±3,1.25,2.25,12:30,-2411.0,50,-48.22
±4,3.25,2.25,12:00,-2414.0,50,-48.28
±4,2.75,2.25,12:00,-2414.0,50,-48.28
±4,2.25,2.25,12:00,-2414.0,50,-48.28
±4,3.0,2.25,12:00,-2414.0,50,-48.28
±4,2.5,2.25,12:00,-2414.0,50,-48.28
±4,0.5,2.5,11:30,-2416.0,50,-48.32
±4,2.0,5.0,12:00,-2418.0,50,-48.36
±4,2.0,4.75,12:00,-2418.0,50,-48.36
±4,2.0,4.5,12:00,-2418.0,50,-48.36
±4,2.0,3.5,12:00,-2418.0,50,-48.36
±4,2.0,3.25,12:00,-2418.0,50,-48.36
±4,2.0,3.0,12:00,-2418.0,50,-48.36
±4,2.0,2.75,12:00,-2418.0,50,-48.36
±4,2.0,4.25,12:00,-2418.0,50,-48.36
±4,2.0,3.75,12:00,-2418.0,50,-48.36
±4,2.0,4.0,12:00,-2418.0,50,-48.36
±3,1.0,2.5,15:00,-2419.0,50,-48.38
±3,1.5,2.25,15:00,-2426.0,50,-48.52
±3,1.0,2.5,14:00,-2426.0,50,-48.52
±4,1.0,1.75,12:00,-2427.0,50,-48.54
±3,2.0,4.0,12:00,-2429.0,50,-48.58
±3,2.0,2.75,12:00,-2429.0,50,-48.58
±3,2.0,3.5,12:00,-2429.0,50,-48.58
±3,2.0,4.25,12:00,-2429.0,50,-48.58
±3,2.0,3.75,12:00,-2429.0,50,-48.58
±3,2.0,3.25,12:00,-2429.0,50,-48.58
±3,2.0,4.5,12:00,-2429.0,50,-48.58
±3,2.0,4.75,12:00,-2429.0,50,-48.58
±3,2.0,5.0,12:00,-2429.0,50,-48.58
±3,2.0,3.0,12:00,-2429.0,50,-48.58
±4,1.75,3.0,14:30,-2432.0,50,-48.64
±4,1.75,2.75,14:30,-2432.0,50,-48.64
±4,1.75,3.75,14:30,-2432.0,50,-48.64
±4,1.75,4.25,14:30,-2432.0,50,-48.64
±4,1.75,5.0,14:30,-2432.0,50,-48.64
±4,1.75,4.5,14:30,-2432.0,50,-48.64
±4,1.75,3.5,14:30,-2432.0,50,-48.64
±4,1.75,3.25,14:30,-2432.0,50,-48.64
±4,1.75,4.0,14:30,-2432.0,50,-48.64
±4,1.75,4.75,14:30,-2432.0,50,-48.64
±4,1.25,2.5,14:30,-2433.0,50,-48.66
±4,1.0,2.5,14:30,-2440.0,50,-48.8
±4,1.25,2.25,12:30,-2445.0,50,-48.9
±3,1.25,2.5,15:00,-2446.0,50,-48.92
±3,2.25,2.25,15:00,-2447.0,50,-48.94
±3,1.75,4.25,14:30,-2449.0,50,-48.98
±3,1.75,4.0,14:30,-2449.0,50,-48.98
±3,1.75,5.0,14:30,-2449.0,50,-48.98
±3,1.75,4.75,14:30,-2449.0,50,-48.98
±3,1.75,3.5,14:30,-2449.0,50,-48.98
±3,1.75,2.75,14:30,-2449.0,50,-48.98
±3,1.75,3.25,14:30,-2449.0,50,-48.98
±3,1.75,4.5,14:30,-2449.0,50,-48.98
±3,1.75,3.0,14:30,-2449.0,50,-48.98
±3,1.75,3.75,14:30,-2449.0,50,-48.98
±4,1.0,2.25,14:00,-2451.0,50,-49.02
±3,1.5,3.0,14:00,-2452.0,50,-49.04
±3,1.5,4.5,14:00,-2452.0,50,-49.04
±3,1.5,2.75,14:00,-2452.0,50,-49.04
±3,1.5,4.25,14:00,-2452.0,50,-49.04
±3,1.5,4.75,14:00,-2452.0,50,-49.04
±3,1.5,5.0,14:00,-2452.0,50,-49.04
±3,1.5,3.5,14:00,-2452.0,50,-49.04
±3,1.5,4.0,14:00,-2452.0,50,-49.04
±3,1.5,3.25,14:00,-2452.0,50,-49.04
±3,1.5,3.75,14:00,-2452.0,50,-49.04
±4,1.0,2.25,15:00,-2453.0,50,-49.06
±3,1.5,3.0,12:30,-2454.0,50,-49.08
±3,1.5,3.5,12:30,-2454.0,50,-49.08
±3,1.5,3.25,12:30,-2454.0,50,-49.08
±3,0.75,2.5,13:00,-2454.0,50,-49.08
±3,1.5,5.0,12:30,-2454.0,50,-49.08
±3,1.5,4.5,12:30,-2454.0,50,-49.08
±3,1.5,4.25,12:30,-2454.0,50,-49.08
±3,1.5,3.75,12:30,-2454.0,50,-49.08
±3,1.5,4.0,12:30,-2454.0,50,-49.08
±3,1.5,4.75,12:30,-2454.0,50,-49.08
±3,1.5,2.75,12:30,-2454.0,50,-49.08
±4,1.5,5.0,12:30,-2459.0,50,-49.18
±4,1.5,3.75,12:30,-2459.0,50,-49.18
±4,1.5,4.0,12:30,-2459.0,50,-49.18
±4,1.5,3.0,12:30,-2459.0,50,-49.18
±4,1.5,4.5,12:30,-2459.0,50,-49.18
±4,1.5,4.25,12:30,-2459.0,50,-49.18
±4,1.5,4.75,12:30,-2459.0,50,-49.18
±4,1.5,3.5,12:30,-2459.0,50,-49.18
±4,1.5,2.75,12:30,-2459.0,50,-49.18
±4,1.5,3.25,12:30,-2459.0,50,-49.18
±3,4.75,5.0,11:30,-2472.0,50,-49.44
±3,4.25,3.75,11:30,-2472.0,50,-49.44
±3,3.75,3.0,11:30,-2472.0,50,-49.44
±3,3.75,4.5,11:30,-2472.0,50,-49.44
±3,4.75,2.75,11:30,-2472.0,50,-49.44
±3,4.0,3.25,11:30,-2472.0,50,-49.44
±3,4.0,3.5,11:30,-2472.0,50,-49.44
±3,3.5,4.25,11:30,-2472.0,50,-49.44
±3,4.0,3.75,11:30,-2472.0,50,-49.44
±3,3.75,2.75,11:30,-2472.0,50,-49.44
±3,4.25,2.75,11:30,-2472.0,50,-49.44
±3,4.25,3.0,11:30,-2472.0,50,-49.44
±3,3.5,4.5,11:30,-2472.0,50,-49.44
±3,4.25,3.5,11:30,-2472.0,50,-49.44
±3,3.5,3.0,11:30,-2472.0,50,-49.44
±3,4.0,3.0,11:30,-2472.0,50,-49.44
±3,4.25,4.75,11:30,-2472.0,50,-49.44
±3,4.0,2.75,11:30,-2472.0,50,-49.44
±3,4.25,4.5,11:30,-2472.0,50,-49.44
±3,3.5,4.0,11:30,-2472.0,50,-49.44
±3,4.5,5.0,11:30,-2472.0,50,-49.44
±3,4.0,5.0,11:30,-2472.0,50,-49.44
±3,3.5,3.75,11:30,-2472.0,50,-49.44
±3,4.5,4.75,11:30,-2472.0,50,-49.44
±3,4.25,4.25,11:30,-2472.0,50,-49.44
±3,3.75,3.5,11:30,-2472.0,50,-49.44
±3,5.0,5.0,11:30,-2472.0,50,-49.44
±3,4.75,3.0,11:30,-2472.0,50,-49.44
±3,4.75,3.25,11:30,-2472.0,50,-49.44
±3,3.75,3.25,11:30,-2472.0,50,-49.44
±3,3.75,3.75,11:30,-2472.0,50,-49.44
±3,3.5,3.5,11:30,-2472.0,50,-49.44
±3,4.0,4.0,11:30,-2472.0,50,-49.44
±3,4.0,4.25,11:30,-2472.0,50,-49.44
±3,4.0,4.75,11:30,-2472.0,50,-49.44
±3,4.25,4.0,11:30,-2472.0,50,-49.44
±3,4.0,4.5,11:30,-2472.0,50,-49.44
±3,5.0,4.0,11:30,-2472.0,50,-49.44
±3,4.5,3.25,11:30,-2472.0,50,-49.44
±3,4.5,4.5,11:30,-2472.0,50,-49.44
±3,3.5,5.0,11:30,-2472.0,50,-49.44
±3,3.5,3.25,11:30,-2472.0,50,-49.44
±3,3.5,4.75,11:30,-2472.0,50,-49.44
±3,5.0,4.25,11:30,-2472.0,50,-49.44
±3,5.0,4.5,11:30,-2472.0,50,-49.44
±3,5.0,2.75,11:30,-2472.0,50,-49.44
±3,4.75,3.5,11:30,-2472.0,50,-49.44
±3,3.75,4.0,11:30,-2472.0,50,-49.44
±3,5.0,4.75,11:30,-2472.0,50,-49.44
±3,3.75,5.0,11:30,-2472.0,50,-49.44
±3,5.0,3.75,11:30,-2472.0,50,-49.44
±3,3.75,4.25,11:30,-2472.0,50,-49.44
±3,5.0,3.5,11:30,-2472.0,50,-49.44
±3,3.75,4.75,11:30,-2472.0,50,-49.44
±3,4.25,5.0,11:30,-2472.0,50,-49.44
±3,4.5,2.75,11:30,-2472.0,50,-49.44
±3,5.0,3.25,11:30,-2472.0,50,-49.44
±3,4.5,3.0,11:30,-2472.0,50,-49.44
±3,5.0,3.0,11:30,-2472.0,50,-49.44
±3,4.75,4.25,11:30,-2472.0,50,-49.44
±3,4.75,3.75,11:30,-2472.0,50,-49.44
±3,4.75,4.0,11:30,-2472.0,50,-49.44
±3,4.5,4.25,11:30,-2472.0,50,-49.44
±3,4.5,4.0,11:30,-2472.0,50,-49.44
±3,4.5,3.5,11:30,-2472.0,50,-49.44
±3,3.5,2.75,11:30,-2472.0,50,-49.44
±3,4.5,3.75,11:30,-2472.0,50,-49.44
±3,4.25,3.25,11:30,-2472.0,50,-49.44
±3,4.75,4.5,11:30,-2472.0,50,-49.44
±3,4.75,4.75,11:30,-2472.0,50,-49.44
±4,3.25,4.75,15:00,-2478.0,50,-49.56
±4,3.25,5.0,15:00,-2478.0,50,-49.56
±4,3.25,3.25,15:00,-2478.0,50,-49.56
±4,3.25,3.75,15:00,-2478.0,50,-49.56
±4,3.25,4.0,15:00,-2478.0,50,-49.56
±4,3.25,4.25,15:00,-2478.0,50,-49.56
±4,3.25,4.5,15:00,-2478.0,50,-49.56
±4,3.25,3.0,15:00,-2478.0,50,-49.56
±4,3.25,3.5,15:00,-2478.0,50,-49.56
±4,3.25,2.75,15:00,-2478.0,50,-49.56
±3,2.75,2.25,12:00,-2482.0,50,-49.64
±3,3.25,2.25,12:00,-2482.0,50,-49.64
±3,2.5,2.25,12:00,-2482.0,50,-49.64
±3,3.0,2.25,12:00,-2482.0,50,-49.64
±3,2.25,2.25,12:00,-2482.0,50,-49.64
±3,1.25,2.5,14:30,-2483.0,50,-49.66
±3,1.0,2.5,13:00,-2486.0,50,-49.72
±4,3.5,3.75,11:30,-2495.0,50,-49.9
±4,5.0,4.0,11:30,-2495.0,50,-49.9
±4,5.0,2.75,11:30,-2495.0,50,-49.9
±4,5.0,3.5,11:30,-2495.0,50,-49.9
±4,5.0,3.25,11:30,-2495.0,50,-49.9
±4,5.0,3.0,11:30,-2495.0,50,-49.9
±4,3.5,2.75,11:30,-2495.0,50,-49.9
±4,3.5,3.0,11:30,-2495.0,50,-49.9
±4,3.5,3.25,11:30,-2495.0,50,-49.9
±4,3.5,3.5,11:30,-2495.0,50,-49.9
±4,3.5,4.0,11:30,-2495.0,50,-49.9
±4,3.5,4.25,11:30,-2495.0,50,-49.9
±4,3.5,4.5,11:30,-2495.0,50,-49.9
±4,3.5,5.0,11:30,-2495.0,50,-49.9
±4,3.75,4.0,11:30,-2495.0,50,-49.9
±4,3.75,3.75,11:30,-2495.0,50,-49.9
±4,3.75,3.5,11:30,-2495.0,50,-49.9
±4,3.75,3.25,11:30,-2495.0,50,-49.9
±4,3.75,3.0,11:30,-2495.0,50,-49.9
±4,3.75,2.75,11:30,-2495.0,50,-49.9
±4,3.75,4.5,11:30,-2495.0,50,-49.9
±4,3.5,4.75,11:30,-2495.0,50,-49.9
±4,4.0,3.75,11:30,-2495.0,50,-49.9
±4,4.0,3.5,11:30,-2495.0,50,-49.9
±4,4.0,3.25,11:30,-2495.0,50,-49.9
±4,4.0,3.0,11:30,-2495.0,50,-49.9
±4,4.0,2.75,11:30,-2495.0,50,-49.9
±4,4.0,5.0,11:30,-2495.0,50,-49.9
±4,4.0,4.75,11:30,-2495.0,50,-49.9
±4,4.0,4.5,11:30,-2495.0,50,-49.9
±4,4.0,4.25,11:30,-2495.0,50,-49.9
±4,4.0,4.0,11:30,-2495.0,50,-49.9
±4,4.25,4.0,11:30,-2495.0,50,-49.9
±4,4.25,3.75,11:30,-2495.0,50,-49.9
±4,4.25,3.5,11:30,-2495.0,50,-49.9
±4,3.75,5.0,11:30,-2495.0,50,-49.9
±4,3.75,4.75,11:30,-2495.0,50,-49.9
±4,3.75,4.25,11:30,-2495.0,50,-49.9
±4,4.25,2.75,11:30,-2495.0,50,-49.9
±4,4.25,3.0,11:30,-2495.0,50,-49.9
±4,4.25,3.25,11:30,-2495.0,50,-49.9
±4,4.25,5.0,11:30,-2495.0,50,-49.9
±4,4.25,4.25,11:30,-2495.0,50,-49.9
±4,4.5,2.75,11:30,-2495.0,50,-49.9
±4,4.25,4.5,11:30,-2495.0,50,-49.9
±4,4.25,4.75,11:30,-2495.0,50,-49.9
±4,4.5,4.5,11:30,-2495.0,50,-49.9
±4,4.5,4.25,11:30,-2495.0,50,-49.9
±4,4.5,4.0,11:30,-2495.0,50,-49.9
±4,4.5,3.75,11:30,-2495.0,50,-49.9
±4,4.5,3.5,11:30,-2495.0,50,-49.9
±4,4.5,3.25,11:30,-2495.0,50,-49.9
±4,4.5,5.0,11:30,-2495.0,50,-49.9
±4,4.5,4.75,11:30,-2495.0,50,-49.9
±4,4.75,3.5,11:30,-2495.0,50,-49.9
±4,4.5,3.0,11:30,-2495.0,50,-49.9
±4,4.75,3.25,11:30,-2495.0,50,-49.9
±4,4.75,3.0,11:30,-2495.0,50,-49.9
±4,4.75,4.5,11:30,-2495.0,50,-49.9
±4,4.75,4.25,11:30,-2495.0,50,-49.9
±4,4.75,2.75,11:30,-2495.0,50,-49.9
±4,4.75,4.75,11:30,-2495.0,50,-49.9
±4,4.75,3.75,11:30,-2495.0,50,-49.9
±4,4.75,4.0,11:30,-2495.0,50,-49.9
±4,4.75,5.0,11:30,-2495.0,50,-49.9
±4,5.0,5.0,11:30,-2495.0,50,-49.9
±4,5.0,3.75,11:30,-2495.0,50,-49.9
±4,5.0,4.25,11:30,-2495.0,50,-49.9
±4,5.0,4.5,11:30,-2495.0,50,-49.9
±4,5.0,4.75,11:30,-2495.0,50,-49.9
±4,3.25,5.0,14:30,-2499.0,50,-49.98
±4,3.25,3.25,14:30,-2499.0,50,-49.98
±4,3.25,4.25,14:30,-2499.0,50,-49.98
±4,3.25,4.0,14:30,-2499.0,50,-49.98
±4,3.25,4.75,14:30,-2499.0,50,-49.98
±4,3.25,4.5,14:30,-2499.0,50,-49.98
±4,3.25,3.75,14:30,-2499.0,50,-49.98
±4,3.25,2.75,14:30,-2499.0,50,-49.98
±4,3.25,3.0,14:30,-2499.0,50,-49.98
±4,3.25,3.5,14:30,-2499.0,50,-49.98
±3,0.75,2.25,14:00,-2499.0,50,-49.98
±3,0.75,2.5,11:30,-2502.0,50,-50.04
±4,1.0,2.5,12:30,-2505.0,50,-50.1
±3,1.0,2.5,12:30,-2513.0,50,-50.26
±4,1.25,2.25,15:00,-2515.0,50,-50.3
±3,1.0,1.75,12:00,-2515.0,50,-50.3
±4,0.5,2.5,12:30,-2519.0,50,-50.38
±4,1.0,2.25,13:00,-2521.0,50,-50.42
±4,0.5,1.75,12:00,-2525.0,50,-50.5
±4,0.75,2.25,13:00,-2526.0,50,-50.52
±4,4.5,2.5,12:00,-2531.0,50,-50.62
±4,4.25,2.5,12:00,-2531.0,50,-50.62
±4,4.0,2.5,12:00,-2531.0,50,-50.62
±4,5.0,2.5,12:00,-2531.0,50,-50.62
±4,4.75,2.5,12:00,-2531.0,50,-50.62
±4,3.75,2.5,12:00,-2531.0,50,-50.62
±4,3.5,2.5,12:00,-2531.0,50,-50.62
±4,0.75,1.75,12:00,-2533.0,50,-50.66
±3,0.75,2.25,15:00,-2535.0,50,-50.7
±4,1.25,2.25,12:00,-2538.0,50,-50.76
±3,4.0,2.5,12:00,-2539.0,50,-50.78
±3,4.25,2.5,12:00,-2539.0,50,-50.78
±3,5.0,2.5,12:00,-2539.0,50,-50.78
±3,3.75,2.5,12:00,-2539.0,50,-50.78
±3,3.5,2.5,12:00,-2539.0,50,-50.78
±3,4.5,2.5,12:00,-2539.0,50,-50.78
±3,4.75,2.5,12:00,-2539.0,50,-50.78
±3,1.0,2.25,11:30,-2541.0,50,-50.82
±4,0.75,2.25,14:30,-2545.0,50,-50.9
±3,0.5,2.5,12:30,-2547.0,50,-50.94
±4,0.75,2.25,11:30,-2548.0,50,-50.96
±3,0.5,2.5,11:30,-2550.0,50,-51.0
±4,0.5,2.25,11:30,-2555.0,50,-51.1
±3,3.0,3.75,14:30,-2559.0,50,-51.18
±3,3.0,3.0,14:30,-2559.0,50,-51.18
±3,3.0,3.25,14:30,-2559.0,50,-51.18
±3,3.0,4.0,14:30,-2559.0,50,-51.18
±3,3.0,4.5,14:30,-2559.0,50,-51.18
±3,3.0,4.75,14:30,-2559.0,50,-51.18
±3,3.0,5.0,14:30,-2559.0,50,-51.18
±3,3.0,3.5,14:30,-2559.0,50,-51.18
±3,3.0,4.25,14:30,-2559.0,50,-51.18
±3,3.0,2.75,14:30,-2559.0,50,-51.18
±3,1.25,2.25,12:00,-2569.0,50,-51.38
±3,0.75,2.5,14:30,-2571.0,50,-51.42
±4,1.25,2.25,14:30,-2572.0,50,-51.44
±4,1.25,2.75,11:30,-2573.0,50,-51.46
±4,1.25,3.25,11:30,-2573.0,50,-51.46
±4,1.25,5.0,11:30,-2573.0,50,-51.46
±4,1.25,3.0,11:30,-2573.0,50,-51.46
±4,1.25,4.5,11:30,-2573.0,50,-51.46
±4,1.25,4.75,11:30,-2573.0,50,-51.46
±4,1.25,3.5,11:30,-2573.0,50,-51.46
±4,1.25,3.75,11:30,-2573.0,50,-51.46
±4,1.25,4.25,11:30,-2573.0,50,-51.46
±4,1.25,4.0,11:30,-2573.0,50,-51.46
±3,2.75,5.0,12:30,-2578.0,50,-51.56
±3,3.0,5.0,12:30,-2578.0,50,-51.56
±3,3.0,4.25,12:30,-2578.0,50,-51.56
±3,3.0,4.75,12:30,-2578.0,50,-51.56
±3,2.5,3.0,12:30,-2578.0,50,-51.56
±3,2.75,2.75,12:30,-2578.0,50,-51.56
±3,2.75,4.25,12:30,-2578.0,50,-51.56
±3,2.75,4.75,12:30,-2578.0,50,-51.56
±3,2.5,5.0,12:30,-2578.0,50,-51.56
±3,2.5,4.75,12:30,-2578.0,50,-51.56
±3,3.0,4.5,12:30,-2578.0,50,-51.56
±4,2.75,4.0,14:30,-2578.0,50,-51.56
±3,3.25,3.0,12:30,-2578.0,50,-51.56
±4,2.75,2.75,14:30,-2578.0,50,-51.56
±3,3.25,2.75,12:30,-2578.0,50,-51.56
±3,3.25,3.25,12:30,-2578.0,50,-51.56
±3,3.25,3.5,12:30,-2578.0,50,-51.56
±3,2.25,2.75,12:30,-2578.0,50,-51.56
±4,2.75,3.25,14:30,-2578.0,50,-51.56
±4,2.75,3.5,14:30,-2578.0,50,-51.56
±3,2.75,3.0,12:30,-2578.0,50,-51.56
±3,2.75,3.75,12:30,-2578.0,50,-51.56
±4,2.75,3.0,14:30,-2578.0,50,-51.56
±3,2.75,3.5,12:30,-2578.0,50,-51.56
±3,2.75,4.5,12:30,-2578.0,50,-51.56
±4,2.75,4.25,14:30,-2578.0,50,-51.56
±3,2.25,3.0,12:30,-2578.0,50,-51.56
±3,2.75,4.0,12:30,-2578.0,50,-51.56
±3,2.25,4.75,12:30,-2578.0,50,-51.56
±3,2.5,4.5,12:30,-2578.0,50,-51.56
±4,2.75,4.75,14:30,-2578.0,50,-51.56
±3,2.5,3.75,12:30,-2578.0,50,-51.56
±3,3.25,4.5,12:30,-2578.0,50,-51.56
±3,3.25,4.75,12:30,-2578.0,50,-51.56
±3,2.5,2.75,12:30,-2578.0,50,-51.56
±3,2.5,4.25,12:30,-2578.0,50,-51.56
±3,3.25,5.0,12:30,-2578.0,50,-51.56
±3,2.25,3.25,12:30,-2578.0,50,-51.56
±3,3.0,2.75,12:30,-2578.0,50,-51.56
±3,3.0,3.0,12:30,-2578.0,50,-51.56
±4,2.75,4.5,14:30,-2578.0,50,-51.56
±3,2.25,3.75,12:30,-2578.0,50,-51.56
±3,2.25,4.0,12:30,-2578.0,50,-51.56
±3,3.0,3.25,12:30,-2578.0,50,-51.56
±3,2.25,3.5,12:30,-2578.0,50,-51.56
±3,2.5,4.0,12:30,-2578.0,50,-51.56
±3,3.0,3.75,12:30,-2578.0,50,-51.56
±3,3.0,3.5,12:30,-2578.0,50,-51.56
±3,2.5,3.25,12:30,-2578.0,50,-51.56
±3,2.25,4.5,12:30,-2578.0,50,-51.56
±4,2.75,5.0,14:30,-2578.0,50,-51.56
±3,2.5,3.5,12:30,-2578.0,50,-51.56
±4,2.75,3.75,14:30,-2578.0,50,-51.56
±3,2.25,4.25,12:30,-2578.0,50,-51.56
±3,3.0,4.0,12:30,-2578.0,50,-51.56
±3,3.25,4.25,12:30,-2578.0,50,-51.56
±3,2.75,3.25,12:30,-2578.0,50,-51.56
±3,3.25,3.75,12:30,-2578.0,50,-51.56
±3,3.25,4.0,12:30,-2578.0,50,-51.56
±3,2.25,5.0,12:30,-2578.0,50,-51.56
±4,1.0,2.25,14:30,-2579.0,50,-51.58
±3,1.0,2.5,14:30,-2586.0,50,-51.72
±3,1.0,2.25,15:00,-2595.0,50,-51.9
±3,1.0,2.25,14:00,-2602.0,50,-52.04
±4,2.25,4.75,12:30,-2605.0,50,-52.1
±4,3.0,5.0,12:30,-2605.0,50,-52.1
±4,2.5,3.25,12:30,-2605.0,50,-52.1
±4,2.75,3.25,12:30,-2605.0,50,-52.1
±4,2.5,2.75,12:30,-2605.0,50,-52.1
±4,2.5,3.0,12:30,-2605.0,50,-52.1
±4,2.75,3.0,12:30,-2605.0,50,-52.1
±4,3.25,5.0,12:30,-2605.0,50,-52.1
±4,3.25,4.5,12:30,-2605.0,50,-52.1
±4,3.25,4.75,12:30,-2605.0,50,-52.1
±4,2.25,4.5,12:30,-2605.0,50,-52.1
±3,3.25,4.0,15:00,-2605.0,50,-52.1
±4,2.5,3.5,12:30,-2605.0,50,-52.1
±4,2.5,3.75,12:30,-2605.0,50,-52.1
±4,3.0,3.0,12:30,-2605.0,50,-52.1
±4,3.0,2.75,12:30,-2605.0,50,-52.1
±4,2.75,2.75,12:30,-2605.0,50,-52.1
±4,3.0,4.5,12:30,-2605.0,50,-52.1
±4,3.0,4.75,12:30,-2605.0,50,-52.1
±4,3.0,3.25,12:30,-2605.0,50,-52.1
±4,2.75,4.25,12:30,-2605.0,50,-52.1
±4,3.25,4.25,12:30,-2605.0,50,-52.1
±4,2.75,4.0,12:30,-2605.0,50,-52.1
±4,3.25,3.75,12:30,-2605.0,50,-52.1
±4,3.25,4.0,12:30,-2605.0,50,-52.1
±3,3.25,4.75,15:00,-2605.0,50,-52.1
±4,2.75,4.75,12:30,-2605.0,50,-52.1
±4,2.25,4.25,12:30,-2605.0,50,-52.1
±4,3.25,3.25,12:30,-2605.0,50,-52.1
±4,3.25,3.5,12:30,-2605.0,50,-52.1
±4,2.75,4.5,12:30,-2605.0,50,-52.1
±3,3.25,5.0,15:00,-2605.0,50,-52.1
±4,2.25,3.5,12:30,-2605.0,50,-52.1
±4,2.25,3.75,12:30,-2605.0,50,-52.1
±4,3.0,3.5,12:30,-2605.0,50,-52.1
±4,2.25,4.0,12:30,-2605.0,50,-52.1
±3,3.25,4.5,15:00,-2605.0,50,-52.1
±4,3.25,2.75,12:30,-2605.0,50,-52.1
±4,3.25,3.0,12:30,-2605.0,50,-52.1
±4,3.0,3.75,12:30,-2605.0,50,-52.1
±4,3.0,4.0,12:30,-2605.0,50,-52.1
±4,2.5,5.0,12:30,-2605.0,50,-52.1
±4,2.75,5.0,12:30,-2605.0,50,-52.1
±4,2.5,4.0,12:30,-2605.0,50,-52.1
±4,2.5,4.25,12:30,-2605.0,50,-52.1
±4,2.25,3.25,12:30,-2605.0,50,-52.1
±4,3.0,4.25,12:30,-2605.0,50,-52.1
±4,2.5,4.5,12:30,-2605.0,50,-52.1
±4,2.25,2.75,12:30,-2605.0,50,-52.1
±4,2.5,4.75,12:30,-2605.0,50,-52.1
±3,3.25,4.25,15:00,-2605.0,50,-52.1
±4,2.25,3.0,12:30,-2605.0,50,-52.1
±4,2.75,3.5,12:30,-2605.0,50,-52.1
±3,3.25,2.75,15:00,-2605.0,50,-52.1
±3,3.25,3.25,15:00,-2605.0,50,-52.1
±4,2.75,3.75,12:30,-2605.0,50,-52.1
±3,3.25,3.5,15:00,-2605.0,50,-52.1
±4,2.25,5.0,12:30,-2605.0,50,-52.1
±3,3.25,3.0,15:00,-2605.0,50,-52.1
±3,3.25,3.75,15:00,-2605.0,50,-52.1
±4,2.0,4.75,14:30,-2610.0,50,-52.2
±4,2.0,4.5,14:30,-2610.0,50,-52.2
±4,2.0,3.25,14:30,-2610.0,50,-52.2
±4,2.0,3.5,14:30,-2610.0,50,-52.2
±4,2.0,2.75,14:30,-2610.0,50,-52.2
±4,2.0,3.0,14:30,-2610.0,50,-52.2
±4,2.0,4.25,14:30,-2610.0,50,-52.2
±4,2.0,4.0,14:30,-2610.0,50,-52.2
±4,2.0,3.75,14:30,-2610.0,50,-52.2
±4,2.0,5.0,14:30,-2610.0,50,-52.2
±4,1.75,3.0,15:00,-2612.0,50,-52.24
±4,1.75,4.5,15:00,-2612.0,50,-52.24
±4,1.75,4.0,15:00,-2612.0,50,-52.24
±4,1.75,5.0,15:00,-2612.0,50,-52.24
±4,1.75,4.25,15:00,-2612.0,50,-52.24
±4,1.75,2.75,15:00,-2612.0,50,-52.24
±4,1.75,3.5,15:00,-2612.0,50,-52.24
±4,1.75,3.75,15:00,-2612.0,50,-52.24
±4,1.75,3.25,15:00,-2612.0,50,-52.24
±4,1.75,4.75,15:00,-2612.0,50,-52.24
±3,3.25,4.75,14:30,-2614.0,50,-52.28
±3,3.25,3.0,14:30,-2614.0,50,-52.28
±3,3.25,4.5,14:30,-2614.0,50,-52.28
±3,3.25,3.5,14:30,-2614.0,50,-52.28
±3,3.25,2.75,14:30,-2614.0,50,-52.28
±3,3.25,3.25,14:30,-2614.0,50,-52.28
±3,3.25,4.25,14:30,-2614.0,50,-52.28
±3,3.25,4.0,14:30,-2614.0,50,-52.28
±3,3.25,5.0,14:30,-2614.0,50,-52.28
±3,3.25,3.75,14:30,-2614.0,50,-52.28
±3,0.75,1.75,12:00,-2615.0,50,-52.3
±4,3.0,4.5,14:30,-2616.0,50,-52.32
±4,3.0,4.25,14:30,-2616.0,50,-52.32
±4,3.0,3.75,14:30,-2616.0,50,-52.32
±4,3.0,4.0,14:30,-2616.0,50,-52.32
±4,3.0,3.5,14:30,-2616.0,50,-52.32
±4,3.0,4.75,14:30,-2616.0,50,-52.32
±4,3.0,3.25,14:30,-2616.0,50,-52.32
±4,3.0,5.0,14:30,-2616.0,50,-52.32
±4,3.0,3.0,14:30,-2616.0,50,-52.32
±4,3.0,2.75,14:30,-2616.0,50,-52.32
±4,2.75,3.75,15:00,-2619.0,50,-52.38
±4,2.75,3.0,15:00,-2619.0,50,-52.38
±4,2.75,2.75,15:00,-2619.0,50,-52.38
±4,2.75,3.25,15:00,-2619.0,50,-52.38
±4,2.75,5.0,15:00,-2619.0,50,-52.38
±4,2.75,3.5,15:00,-2619.0,50,-52.38
±4,2.75,4.75,15:00,-2619.0,50,-52.38
±4,2.75,4.25,15:00,-2619.0,50,-52.38
±4,2.75,4.0,15:00,-2619.0,50,-52.38
±4,2.75,4.5,15:00,-2619.0,50,-52.38
±3,1.25,2.25,15:00,-2622.0,50,-52.44
±3,0.75,2.25,13:00,-2630.0,50,-52.6
±3,1.25,5.0,11:30,-2638.0,50,-52.76
±3,1.25,2.75,11:30,-2638.0,50,-52.76
±3,1.25,3.0,11:30,-2638.0,50,-52.76
±3,1.25,4.0,11:30,-2638.0,50,-52.76
±3,1.25,4.25,11:30,-2638.0,50,-52.76
±3,1.25,3.5,11:30,-2638.0,50,-52.76
±3,1.25,4.5,11:30,-2638.0,50,-52.76
±3,1.25,4.75,11:30,-2638.0,50,-52.76
±3,1.25,3.25,11:30,-2638.0,50,-52.76
±3,1.25,3.75,11:30,-2638.0,50,-52.76
±4,0.75,2.5,12:30,-2642.0,50,-52.84
±4,1.0,2.25,12:30,-2644.0,50,-52.88
±3,2.0,4.25,14:30,-2646.0,50,-52.92
±3,2.0,5.0,14:30,-2646.0,50,-52.92
±3,2.0,3.75,14:30,-2646.0,50,-52.92
±3,2.0,3.25,14:30,-2646.0,50,-52.92
±3,2.0,3.0,14:30,-2646.0,50,-52.92
±3,2.0,3.5,14:30,-2646.0,50,-52.92
±3,2.0,4.0,14:30,-2646.0,50,-52.92
±3,2.0,4.5,14:30,-2646.0,50,-52.92
±3,0.75,2.5,12:30,-2646.0,50,-52.92
±3,2.0,4.75,14:30,-2646.0,50,-52.92
±3,2.0,2.75,14:30,-2646.0,50,-52.92
±3,0.5,1.75,12:00,-2646.0,50,-52.92
±3,2.75,4.25,14:30,-2657.0,50,-53.14
±4,3.0,3.5,15:00,-2657.0,50,-53.14
±3,2.75,5.0,14:30,-2657.0,50,-53.14
±4,3.0,4.75,15:00,-2657.0,50,-53.14
±3,2.75,4.0,14:30,-2657.0,50,-53.14
±4,3.0,2.75,15:00,-2657.0,50,-53.14
±3,2.75,3.75,14:30,-2657.0,50,-53.14
±4,3.0,4.5,15:00,-2657.0,50,-53.14
±3,2.75,4.5,14:30,-2657.0,50,-53.14
±3,2.75,2.75,14:30,-2657.0,50,-53.14
±4,3.0,5.0,15:00,-2657.0,50,-53.14
±3,2.75,4.75,14:30,-2657.0,50,-53.14
±4,3.0,3.0,15:00,-2657.0,50,-53.14
±3,2.75,3.5,14:30,-2657.0,50,-53.14
±3,2.75,3.25,14:30,-2657.0,50,-53.14
±3,2.75,3.0,14:30,-2657.0,50,-53.14
±4,3.0,3.75,15:00,-2657.0,50,-53.14
±4,3.0,3.25,15:00,-2657.0,50,-53.14
±4,3.0,4.25,15:00,-2657.0,50,-53.14
±4,3.0,4.0,15:00,-2657.0,50,-53.14
±4,0.5,2.25,12:30,-2658.0,50,-53.16
±3,1.25,2.25,14:30,-2659.0,50,-53.18
±3,1.0,2.25,13:00,-2662.0,50,-53.24
±3,0.5,3.25,13:30,-2663.0,50,-53.26
±3,0.5,4.75,13:30,-2663.0,50,-53.26
±3,0.5,4.25,13:30,-2663.0,50,-53.26
±3,0.5,3.75,13:30,-2663.0,50,-53.26
±3,0.5,4.0,13:30,-2663.0,50,-53.26
±3,0.5,4.5,13:30,-2663.0,50,-53.26
±3,0.5,5.0,13:30,-2663.0,50,-53.26
±3,0.5,2.75,13:30,-2663.0,50,-53.26
±3,0.5,3.0,13:30,-2663.0,50,-53.26
±3,0.5,3.5,13:30,-2663.0,50,-53.26
±4,1.5,4.5,12:00,-2670.0,50,-53.4
±4,1.5,3.25,12:00,-2670.0,50,-53.4
±4,4.5,2.25,12:00,-2670.0,50,-53.4
±4,1.5,3.5,12:00,-2670.0,50,-53.4
±4,1.5,3.75,12:00,-2670.0,50,-53.4
±4,1.5,4.0,12:00,-2670.0,50,-53.4
±4,1.5,4.25,12:00,-2670.0,50,-53.4
±4,5.0,2.25,12:00,-2670.0,50,-53.4
±4,1.5,4.75,12:00,-2670.0,50,-53.4
±4,3.5,2.25,12:00,-2670.0,50,-53.4
±4,3.75,2.25,12:00,-2670.0,50,-53.4
±4,4.75,2.25,12:00,-2670.0,50,-53.4
±4,4.25,2.25,12:00,-2670.0,50,-53.4
±4,1.5,3.0,12:00,-2670.0,50,-53.4
±4,1.5,2.75,12:00,-2670.0,50,-53.4
±4,4.0,2.25,12:00,-2670.0,50,-53.4
±4,1.5,5.0,12:00,-2670.0,50,-53.4
±3,1.75,4.75,15:00,-2673.0,50,-53.46
±3,1.75,4.25,15:00,-2673.0,50,-53.46
±3,1.75,3.25,15:00,-2673.0,50,-53.46
±3,1.75,5.0,15:00,-2673.0,50,-53.46
±3,1.75,3.0,15:00,-2673.0,50,-53.46
±3,1.75,4.5,15:00,-2673.0,50,-53.46
±3,1.75,3.5,15:00,-2673.0,50,-53.46
±3,1.75,4.0,15:00,-2673.0,50,-53.46
±3,1.75,2.75,15:00,-2673.0,50,-53.46
±3,1.75,3.75,15:00,-2673.0,50,-53.46
±4,1.25,4.0,13:00,-2674.0,50,-53.48
±4,1.25,3.75,13:00,-2674.0,50,-53.48
±4,1.25,4.75,13:00,-2674.0,50,-53.48
±4,1.25,3.25,13:00,-2674.0,50,-53.48
±4,1.25,4.5,13:00,-2674.0,50,-53.48
±4,1.25,3.0,13:00,-2674.0,50,-53.48
±4,1.25,4.25,13:00,-2674.0,50,-53.48
±4,1.25,3.5,13:00,-2674.0,50,-53.48
±4,1.25,2.75,13:00,-2674.0,50,-53.48
±4,1.25,5.0,13:00,-2674.0,50,-53.48
±3,0.75,2.25,11:30,-2678.0,50,-53.56
±3,1.0,2.25,12:30,-2689.0,50,-53.78
±3,3.0,4.0,15:00,-2694.0,50,-53.88
±3,3.0,2.75,15:00,-2694.0,50,-53.88
±3,3.0,4.25,15:00,-2694.0,50,-53.88
±3,3.0,4.5,15:00,-2694.0,50,-53.88
±3,3.0,5.0,15:00,-2694.0,50,-53.88
±3,3.0,4.75,15:00,-2694.0,50,-53.88
±3,3.0,3.5,15:00,-2694.0,50,-53.88
±3,3.0,3.75,15:00,-2694.0,50,-53.88
±3,3.0,3.0,15:00,-2694.0,50,-53.88
±3,3.0,3.25,15:00,-2694.0,50,-53.88
±3,1.25,2.75,13:30,-2701.0,50,-54.02
±3,1.25,3.0,13:30,-2701.0,50,-54.02
±3,1.25,3.5,13:30,-2701.0,50,-54.02
±3,1.25,4.5,13:30,-2701.0,50,-54.02
±3,1.25,4.0,13:30,-2701.0,50,-54.02
±3,1.25,3.25,13:30,-2701.0,50,-54.02
±3,1.25,4.25,13:30,-2701.0,50,-54.02
±3,1.25,4.75,13:30,-2701.0,50,-54.02
±3,1.25,3.75,13:30,-2701.0,50,-54.02
±3,1.25,5.0,13:30,-2701.0,50,-54.02
±3,1.25,4.75,13:00,-2710.0,50,-54.2
±3,1.25,3.75,13:00,-2710.0,50,-54.2
±3,1.25,4.5,13:00,-2710.0,50,-54.2
±3,1.25,4.25,13:00,-2710.0,50,-54.2
±3,1.25,3.25,13:00,-2710.0,50,-54.2
±3,1.25,2.75,13:00,-2710.0,50,-54.2
±3,1.25,4.0,13:00,-2710.0,50,-54.2
±3,1.25,3.0,13:00,-2710.0,50,-54.2
±3,1.25,5.0,13:00,-2710.0,50,-54.2
±3,1.25,3.5,13:00,-2710.0,50,-54.2
±3,4.75,2.25,12:00,-2715.0,50,-54.3
±3,4.0,2.25,12:00,-2715.0,50,-54.3
±3,4.5,2.25,12:00,-2715.0,50,-54.3
±3,5.0,2.25,12:00,-2715.0,50,-54.3
±3,4.25,2.25,12:00,-2715.0,50,-54.3
±3,3.5,2.25,12:00,-2715.0,50,-54.3
±3,3.75,2.25,12:00,-2715.0,50,-54.3
±3,1.5,3.25,12:00,-2719.0,50,-54.38
±3,1.5,4.25,12:00,-2719.0,50,-54.38
±3,1.5,3.75,12:00,-2719.0,50,-54.38
±3,1.5,4.0,12:00,-2719.0,50,-54.38
±3,1.5,2.75,12:00,-2719.0,50,-54.38
±3,1.5,4.75,12:00,-2719.0,50,-54.38
±3,1.5,3.0,12:00,-2719.0,50,-54.38
±3,1.5,5.0,12:00,-2719.0,50,-54.38
±3,1.5,3.5,12:00,-2719.0,50,-54.38
±3,1.5,4.5,12:00,-2719.0,50,-54.38
±3,0.5,2.25,12:30,-2723.0,50,-54.46
±3,0.5,2.25,11:30,-2726.0,50,-54.52
±4,0.5,4.0,13:00,-2730.0,50,-54.6
±4,0.5,4.5,13:00,-2730.0,50,-54.6
±4,0.5,4.25,13:00,-2730.0,50,-54.6
±4,0.5,4.75,13:00,-2730.0,50,-54.6
±4,0.5,2.75,13:00,-2730.0,50,-54.6
±4,0.5,3.25,13:00,-2730.0,50,-54.6
±4,0.5,5.0,13:00,-2730.0,50,-54.6
±4,0.5,3.5,13:00,-2730.0,50,-54.6
±4,0.5,3.75,13:00,-2730.0,50,-54.6
±4,0.5,3.0,13:00,-2730.0,50,-54.6
±4,0.5,3.0,13:30,-2731.0,50,-54.62
±4,0.5,3.75,13:30,-2731.0,50,-54.62
±4,0.5,4.5,13:30,-2731.0,50,-54.62
±4,0.5,3.25,13:30,-2731.0,50,-54.62
±4,0.5,2.75,13:30,-2731.0,50,-54.62
±4,0.5,4.0,13:30,-2731.0,50,-54.62
±4,0.5,5.0,13:30,-2731.0,50,-54.62
±4,0.5,3.5,13:30,-2731.0,50,-54.62
±4,0.5,4.75,13:30,-2731.0,50,-54.62
±4,0.5,4.25,13:30,-2731.0,50,-54.62
±4,1.0,2.5,12:00,-2742.0,50,-54.84
±3,0.75,2.25,14:30,-2747.0,50,-54.94
±4,2.0,3.25,15:00,-2751.0,50,-55.02
±4,2.0,5.0,15:00,-2751.0,50,-55.02
±4,2.0,3.0,15:00,-2751.0,50,-55.02
±4,2.0,4.0,15:00,-2751.0,50,-55.02
±4,2.0,4.25,15:00,-2751.0,50,-55.02
±4,2.0,3.75,15:00,-2751.0,50,-55.02
±4,2.0,4.75,15:00,-2751.0,50,-55.02
±4,2.0,3.5,15:00,-2751.0,50,-55.02
±4,2.0,2.75,15:00,-2751.0,50,-55.02
±4,2.0,4.5,15:00,-2751.0,50,-55.02
±3,1.0,2.25,14:30,-2762.0,50,-55.24
±4,1.0,3.25,11:30,-2764.0,50,-55.28
±4,1.0,4.25,11:30,-2764.0,50,-55.28
±4,1.0,4.0,11:30,-2764.0,50,-55.28
±4,1.0,4.75,11:30,-2764.0,50,-55.28
±4,1.0,3.5,11:30,-2764.0,50,-55.28
±4,1.0,2.75,11:30,-2764.0,50,-55.28
±4,1.0,4.5,11:30,-2764.0,50,-55.28
±4,1.0,3.0,11:30,-2764.0,50,-55.28
±4,1.0,5.0,11:30,-2764.0,50,-55.28
±4,1.0,3.75,11:30,-2764.0,50,-55.28
±4,0.5,3.0,15:00,-2770.0,50,-55.4
±4,0.5,5.0,15:00,-2770.0,50,-55.4
±4,0.5,4.5,15:00,-2770.0,50,-55.4
±4,0.5,4.75,15:00,-2770.0,50,-55.4
±4,0.5,4.0,15:00,-2770.0,50,-55.4
±4,0.5,2.75,15:00,-2770.0,50,-55.4
±4,0.5,3.25,15:00,-2770.0,50,-55.4
±4,0.5,3.5,15:00,-2770.0,50,-55.4
±4,0.5,3.75,15:00,-2770.0,50,-55.4
±4,0.5,4.25,15:00,-2770.0,50,-55.4
±4,0.75,2.25,12:30,-2781.0,50,-55.62
±3,2.75,4.75,15:00,-2792.0,50,-55.84
±3,2.75,4.5,15:00,-2792.0,50,-55.84
±3,2.75,5.0,15:00,-2792.0,50,-55.84
±3,2.75,3.25,15:00,-2792.0,50,-55.84
±3,2.75,3.0,15:00,-2792.0,50,-55.84
±3,2.75,4.25,15:00,-2792.0,50,-55.84
±3,2.75,4.0,15:00,-2792.0,50,-55.84
±3,2.75,3.5,15:00,-2792.0,50,-55.84
±3,2.75,2.75,15:00,-2792.0,50,-55.84
±3,2.75,3.75,15:00,-2792.0,50,-55.84
±3,1.0,2.5,12:00,-2794.0,50,-55.88
±3,4.5,4.5,12:30,-2795.0,50,-55.9
±3,4.25,4.5,12:30,-2795.0,50,-55.9
±3,4.0,3.0,12:30,-2795.0,50,-55.9
±3,4.0,2.75,12:30,-2795.0,50,-55.9
±3,5.0,2.75,12:30,-2795.0,50,-55.9
±3,5.0,3.0,12:30,-2795.0,50,-55.9
±3,3.75,5.0,12:30,-2795.0,50,-55.9
±3,5.0,3.5,12:30,-2795.0,50,-55.9
±3,4.75,3.75,12:30,-2795.0,50,-55.9
±3,3.5,4.0,12:30,-2795.0,50,-55.9
±3,3.5,3.0,12:30,-2795.0,50,-55.9
±3,4.75,4.0,12:30,-2795.0,50,-55.9
±3,4.25,3.25,12:30,-2795.0,50,-55.9
±3,3.5,5.0,12:30,-2795.0,50,-55.9
±3,3.5,3.75,12:30,-2795.0,50,-55.9
±3,3.5,4.25,12:30,-2795.0,50,-55.9
±3,4.25,3.0,12:30,-2795.0,50,-55.9
±3,4.25,5.0,12:30,-2795.0,50,-55.9
±3,4.5,2.75,12:30,-2795.0,50,-55.9
±3,4.5,3.25,12:30,-2795.0,50,-55.9
±3,3.75,4.25,12:30,-2795.0,50,-55.9
±3,4.0,3.75,12:30,-2795.0,50,-55.9
±3,3.5,3.25,12:30,-2795.0,50,-55.9
±3,4.0,3.25,12:30,-2795.0,50,-55.9
±3,4.75,5.0,12:30,-2795.0,50,-55.9
±3,3.75,3.25,12:30,-2795.0,50,-55.9
±3,3.75,3.0,12:30,-2795.0,50,-55.9
±3,4.0,4.25,12:30,-2795.0,50,-55.9
±3,5.0,5.0,12:30,-2795.0,50,-55.9
±3,3.75,3.75,12:30,-2795.0,50,-55.9
±3,5.0,4.75,12:30,-2795.0,50,-55.9
±3,4.75,3.5,12:30,-2795.0,50,-55.9
±3,4.75,3.0,12:30,-2795.0,50,-55.9
±3,3.75,2.75,12:30,-2795.0,50,-55.9
±3,5.0,4.5,12:30,-2795.0,50,-55.9
±3,4.75,3.25,12:30,-2795.0,50,-55.9
±3,4.5,4.0,12:30,-2795.0,50,-55.9
±3,4.25,3.75,12:30,-2795.0,50,-55.9
±3,5.0,3.75,12:30,-2795.0,50,-55.9
±3,4.25,4.0,12:30,-2795.0,50,-55.9
±3,4.5,5.0,12:30,-2795.0,50,-55.9
±3,3.5,4.75,12:30,-2795.0,50,-55.9
±3,3.5,2.75,12:30,-2795.0,50,-55.9
±3,4.0,5.0,12:30,-2795.0,50,-55.9
±3,3.5,3.5,12:30,-2795.0,50,-55.9
±3,4.5,4.75,12:30,-2795.0,50,-55.9
±3,4.25,3.5,12:30,-2795.0,50,-55.9
±3,4.5,3.75,12:30,-2795.0,50,-55.9
±3,5.0,3.25,12:30,-2795.0,50,-55.9
±3,4.25,4.75,12:30,-2795.0,50,-55.9
±3,4.5,4.25,12:30,-2795.0,50,-55.9
±3,5.0,4.0,12:30,-2795.0,50,-55.9
±3,4.0,4.75,12:30,-2795.0,50,-55.9
±3,4.25,2.75,12:30,-2795.0,50,-55.9
±3,4.75,2.75,12:30,-2795.0,50,-55.9
±3,3.5,4.5,12:30,-2795.0,50,-55.9
±3,4.5,3.5,12:30,-2795.0,50,-55.9
±3,4.0,4.0,12:30,-2795.0,50,-55.9
±3,3.75,4.75,12:30,-2795.0,50,-55.9
±3,4.75,4.25,12:30,-2795.0,50,-55.9
±3,4.5,3.0,12:30,-2795.0,50,-55.9
±3,4.75,4.75,12:30,-2795.0,50,-55.9
±3,3.75,3.5,12:30,-2795.0,50,-55.9
±3,4.25,4.25,12:30,-2795.0,50,-55.9
±3,5.0,4.25,12:30,-2795.0,50,-55.9
±3,3.75,4.0,12:30,-2795.0,50,-55.9
±3,4.0,4.5,12:30,-2795.0,50,-55.9
±3,4.75,4.5,12:30,-2795.0,50,-55.9
±3,3.75,4.5,12:30,-2795.0,50,-55.9
±3,4.0,3.5,12:30,-2795.0,50,-55.9
±3,0.5,4.0,13:00,-2807.0,50,-56.14
±3,0.5,3.25,13:00,-2807.0,50,-56.14
±3,0.5,2.75,13:00,-2807.0,50,-56.14
±3,0.5,4.5,13:00,-2807.0,50,-56.14
±3,0.5,3.5,13:00,-2807.0,50,-56.14
±3,0.5,3.75,13:00,-2807.0,50,-56.14
±3,0.5,4.25,13:00,-2807.0,50,-56.14
±3,0.5,5.0,13:00,-2807.0,50,-56.14
±3,0.5,3.0,13:00,-2807.0,50,-56.14
±3,0.5,4.75,13:00,-2807.0,50,-56.14
±4,4.25,3.0,14:30,-2809.0,50,-56.18
±4,4.25,3.25,14:30,-2809.0,50,-56.18
±4,5.0,5.0,14:30,-2809.0,50,-56.18
±4,3.75,3.25,14:30,-2809.0,50,-56.18
±4,3.5,2.75,14:30,-2809.0,50,-56.18
±4,5.0,3.25,14:30,-2809.0,50,-56.18
±4,5.0,3.0,14:30,-2809.0,50,-56.18
±4,5.0,3.5,14:30,-2809.0,50,-56.18
±4,3.5,3.5,14:30,-2809.0,50,-56.18
±4,3.5,3.75,14:30,-2809.0,50,-56.18
±4,4.25,5.0,14:30,-2809.0,50,-56.18
±4,3.75,4.25,14:30,-2809.0,50,-56.18
±4,3.75,4.5,14:30,-2809.0,50,-56.18
±4,3.75,3.0,14:30,-2809.0,50,-56.18
±4,3.75,5.0,14:30,-2809.0,50,-56.18
±4,4.0,3.5,14:30,-2809.0,50,-56.18
±4,3.75,3.5,14:30,-2809.0,50,-56.18
±4,3.75,4.0,14:30,-2809.0,50,-56.18
±4,3.75,3.75,14:30,-2809.0,50,-56.18
±4,5.0,4.5,14:30,-2809.0,50,-56.18
±4,5.0,3.75,14:30,-2809.0,50,-56.18
±4,5.0,4.25,14:30,-2809.0,50,-56.18
±4,5.0,4.75,14:30,-2809.0,50,-56.18
±4,3.75,4.75,14:30,-2809.0,50,-56.18
±4,5.0,2.75,14:30,-2809.0,50,-56.18
±4,5.0,4.0,14:30,-2809.0,50,-56.18
±4,3.5,4.0,14:30,-2809.0,50,-56.18
±4,4.0,3.0,14:30,-2809.0,50,-56.18
±4,3.5,4.5,14:30,-2809.0,50,-56.18
±4,4.0,4.75,14:30,-2809.0,50,-56.18
±4,3.5,4.25,14:30,-2809.0,50,-56.18
±4,4.0,3.25,14:30,-2809.0,50,-56.18
±4,4.0,4.5,14:30,-2809.0,50,-56.18
±4,3.5,3.25,14:30,-2809.0,50,-56.18
±4,4.25,4.75,14:30,-2809.0,50,-56.18
±4,4.25,3.5,14:30,-2809.0,50,-56.18
±4,4.25,4.25,14:30,-2809.0,50,-56.18
±4,4.25,4.5,14:30,-2809.0,50,-56.18
±4,4.25,3.75,14:30,-2809.0,50,-56.18
±4,4.25,4.0,14:30,-2809.0,50,-56.18
±4,4.0,5.0,14:30,-2809.0,50,-56.18
±4,4.0,4.25,14:30,-2809.0,50,-56.18
±4,4.5,2.75,14:30,-2809.0,50,-56.18
±4,4.75,3.25,14:30,-2809.0,50,-56.18
±4,4.75,4.75,14:30,-2809.0,50,-56.18
±4,4.75,3.0,14:30,-2809.0,50,-56.18
±4,4.5,4.5,14:30,-2809.0,50,-56.18
±4,4.0,4.0,14:30,-2809.0,50,-56.18
±4,3.5,5.0,14:30,-2809.0,50,-56.18
±4,4.75,5.0,14:30,-2809.0,50,-56.18
±4,3.5,4.75,14:30,-2809.0,50,-56.18
±4,3.75,2.75,14:30,-2809.0,50,-56.18
±4,4.5,5.0,14:30,-2809.0,50,-56.18
±4,4.0,3.75,14:30,-2809.0,50,-56.18
±4,4.5,4.75,14:30,-2809.0,50,-56.18
±4,4.75,2.75,14:30,-2809.0,50,-56.18
±4,3.5,3.0,14:30,-2809.0,50,-56.18
±4,4.25,2.75,14:30,-2809.0,50,-56.18
±4,4.75,4.25,14:30,-2809.0,50,-56.18
±4,4.5,4.25,14:30,-2809.0,50,-56.18
±4,4.5,4.0,14:30,-2809.0,50,-56.18
±4,4.5,3.5,14:30,-2809.0,50,-56.18
±4,4.75,3.75,14:30,-2809.0,50,-56.18
±4,4.75,3.5,14:30,-2809.0,50,-56.18
±4,4.5,3.0,14:30,-2809.0,50,-56.18
±4,4.75,4.0,14:30,-2809.0,50,-56.18
±4,4.0,2.75,14:30,-2809.0,50,-56.18
±4,4.5,3.75,14:30,-2809.0,50,-56.18
±4,4.75,4.5,14:30,-2809.0,50,-56.18
±4,4.5,3.25,14:30,-2809.0,50,-56.18
±3,1.0,2.75,13:30,-2822.0,50,-56.44
±3,1.0,3.5,13:30,-2822.0,50,-56.44
±3,1.0,4.25,13:30,-2822.0,50,-56.44
±3,1.0,3.0,13:30,-2822.0,50,-56.44
±3,1.0,4.5,13:30,-2822.0,50,-56.44
±3,0.75,2.25,12:30,-2822.0,50,-56.44
±3,1.0,4.0,13:30,-2822.0,50,-56.44
±3,1.0,5.0,13:30,-2822.0,50,-56.44
±3,1.0,3.25,13:30,-2822.0,50,-56.44
±3,1.0,4.75,13:30,-2822.0,50,-56.44
±3,1.0,3.75,13:30,-2822.0,50,-56.44
±4,1.5,2.75,14:30,-2840.0,50,-56.8
±4,1.5,4.25,14:30,-2840.0,50,-56.8
±4,1.5,4.0,14:30,-2840.0,50,-56.8
±4,1.5,3.75,14:30,-2840.0,50,-56.8
±4,1.5,3.5,14:30,-2840.0,50,-56.8
±4,1.5,4.5,14:30,-2840.0,50,-56.8
±4,0.5,2.5,12:00,-2840.0,50,-56.8
±4,1.5,4.75,14:30,-2840.0,50,-56.8
±4,1.5,3.25,14:30,-2840.0,50,-56.8
±4,1.5,3.0,14:30,-2840.0,50,-56.8
±4,1.5,5.0,14:30,-2840.0,50,-56.8
±4,0.5,2.75,14:30,-2843.0,50,-56.86
±4,0.5,2.75,14:00,-2843.0,50,-56.86
±4,0.5,5.0,14:30,-2843.0,50,-56.86
±4,0.5,5.0,14:00,-2843.0,50,-56.86
±4,0.5,4.25,14:00,-2843.0,50,-56.86
±4,0.5,4.25,14:30,-2843.0,50,-56.86
±4,0.5,4.5,14:00,-2843.0,50,-56.86
±4,0.5,4.5,14:30,-2843.0,50,-56.86
±4,0.5,3.0,14:30,-2843.0,50,-56.86
±4,0.5,4.75,14:30,-2843.0,50,-56.86
±4,0.5,3.25,14:30,-2843.0,50,-56.86
±4,0.5,3.25,14:00,-2843.0,50,-56.86
±4,0.5,4.75,14:00,-2843.0,50,-56.86
±4,0.5,3.0,14:00,-2843.0,50,-56.86
±4,0.5,4.0,14:00,-2843.0,50,-56.86
±4,0.5,3.75,14:30,-2843.0,50,-56.86
±4,0.5,3.75,14:00,-2843.0,50,-56.86
±4,0.5,4.0,14:30,-2843.0,50,-56.86
±4,0.5,3.5,14:00,-2843.0,50,-56.86
±4,0.5,3.5,14:30,-2843.0,50,-56.86
±4,0.75,2.5,12:00,-2848.0,50,-56.96
±3,0.5,5.0,15:00,-2850.0,50,-57.0
±3,0.5,4.25,15:00,-2850.0,50,-57.0
±3,0.5,3.75,15:00,-2850.0,50,-57.0
±3,0.5,4.5,15:00,-2850.0,50,-57.0
±3,0.5,4.75,15:00,-2850.0,50,-57.0
±3,0.5,3.25,15:00,-2850.0,50,-57.0
±3,0.5,3.5,15:00,-2850.0,50,-57.0
±3,0.5,4.0,15:00,-2850.0,50,-57.0
±3,0.5,3.0,15:00,-2850.0,50,-57.0
±3,0.5,2.75,15:00,-2850.0,50,-57.0
±4,4.25,2.75,12:30,-2853.0,50,-57.06
±4,3.75,3.25,12:30,-2853.0,50,-57.06
±4,3.75,3.5,12:30,-2853.0,50,-57.06
±4,4.25,3.0,12:30,-2853.0,50,-57.06
±4,4.25,3.25,12:30,-2853.0,50,-57.06
±4,3.5,2.75,12:30,-2853.0,50,-57.06
±4,4.75,4.0,12:30,-2853.0,50,-57.06
±4,4.5,4.25,12:30,-2853.0,50,-57.06
±4,4.5,4.0,12:30,-2853.0,50,-57.06
±4,4.5,3.75,12:30,-2853.0,50,-57.06
±4,4.5,4.5,12:30,-2853.0,50,-57.06
±4,4.75,3.75,12:30,-2853.0,50,-57.06
±4,4.75,3.5,12:30,-2853.0,50,-57.06
±4,5.0,4.25,12:30,-2853.0,50,-57.06
±4,5.0,3.75,12:30,-2853.0,50,-57.06
±4,5.0,3.25,12:30,-2853.0,50,-57.06
±4,5.0,5.0,12:30,-2853.0,50,-57.06
±4,4.5,2.75,12:30,-2853.0,50,-57.06
±4,4.5,3.0,12:30,-2853.0,50,-57.06
±4,4.5,3.5,12:30,-2853.0,50,-57.06
±4,4.75,4.25,12:30,-2853.0,50,-57.06
±4,4.5,3.25,12:30,-2853.0,50,-57.06
±4,4.0,3.0,12:30,-2853.0,50,-57.06
±4,4.5,4.75,12:30,-2853.0,50,-57.06
±4,4.75,2.75,12:30,-2853.0,50,-57.06
±4,3.75,2.75,12:30,-2853.0,50,-57.06
±4,4.75,3.0,12:30,-2853.0,50,-57.06
±4,4.5,5.0,12:30,-2853.0,50,-57.06
±4,4.0,3.75,12:30,-2853.0,50,-57.06
±4,4.0,4.0,12:30,-2853.0,50,-57.06
±4,4.0,4.25,12:30,-2853.0,50,-57.06
±4,4.0,3.25,12:30,-2853.0,50,-57.06
±4,4.75,4.75,12:30,-2853.0,50,-57.06
±4,4.75,3.25,12:30,-2853.0,50,-57.06
±4,4.75,5.0,12:30,-2853.0,50,-57.06
±4,3.5,5.0,12:30,-2853.0,50,-57.06
±4,4.0,2.75,12:30,-2853.0,50,-57.06
±4,4.75,4.5,12:30,-2853.0,50,-57.06
±4,3.75,4.75,12:30,-2853.0,50,-57.06
±4,3.5,4.75,12:30,-2853.0,50,-57.06
±4,3.5,4.5,12:30,-2853.0,50,-57.06
±4,3.5,4.25,12:30,-2853.0,50,-57.06
±4,4.0,4.75,12:30,-2853.0,50,-57.06
±4,4.0,3.5,12:30,-2853.0,50,-57.06
±4,3.75,5.0,12:30,-2853.0,50,-57.06
±4,3.75,3.0,12:30,-2853.0,50,-57.06
±4,4.0,5.0,12:30,-2853.0,50,-57.06
±4,3.5,3.5,12:30,-2853.0,50,-57.06
±4,3.5,3.75,12:30,-2853.0,50,-57.06
±4,3.5,4.0,12:30,-2853.0,50,-57.06
±4,4.0,4.5,12:30,-2853.0,50,-57.06
±4,3.75,4.25,12:30,-2853.0,50,-57.06
±4,3.75,4.5,12:30,-2853.0,50,-57.06
±4,4.25,5.0,12:30,-2853.0,50,-57.06
±4,4.25,3.75,12:30,-2853.0,50,-57.06
±4,4.25,3.5,12:30,-2853.0,50,-57.06
±4,3.5,3.25,12:30,-2853.0,50,-57.06
±4,3.5,3.0,12:30,-2853.0,50,-57.06
±4,4.25,4.5,12:30,-2853.0,50,-57.06
±4,4.25,4.75,12:30,-2853.0,50,-57.06
±4,4.25,4.25,12:30,-2853.0,50,-57.06
±4,4.25,4.0,12:30,-2853.0,50,-57.06
±4,3.75,4.0,12:30,-2853.0,50,-57.06
±4,3.75,3.75,12:30,-2853.0,50,-57.06
±4,5.0,3.5,12:30,-2853.0,50,-57.06
±4,5.0,4.75,12:30,-2853.0,50,-57.06
±4,5.0,2.75,12:30,-2853.0,50,-57.06
±4,5.0,4.0,12:30,-2853.0,50,-57.06
±4,5.0,3.0,12:30,-2853.0,50,-57.06
±4,5.0,4.5,12:30,-2853.0,50,-57.06
±3,2.0,3.75,15:00,-2855.0,50,-57.1
±3,2.0,3.5,15:00,-2855.0,50,-57.1
±3,2.0,3.25,15:00,-2855.0,50,-57.1
±3,2.0,4.25,15:00,-2855.0,50,-57.1
±3,2.0,4.0,15:00,-2855.0,50,-57.1
±3,2.0,4.5,15:00,-2855.0,50,-57.1
±3,2.0,3.0,15:00,-2855.0,50,-57.1
±3,2.0,2.75,15:00,-2855.0,50,-57.1
±3,2.0,4.75,15:00,-2855.0,50,-57.1
±3,2.0,5.0,15:00,-2855.0,50,-57.1
±3,2.5,4.25,14:30,-2858.0,50,-57.16
±3,2.5,3.25,14:30,-2858.0,50,-57.16
±3,2.5,3.5,14:30,-2858.0,50,-57.16
±3,2.5,4.5,14:30,-2858.0,50,-57.16
±3,2.5,2.75,14:30,-2858.0,50,-57.16
±3,2.5,3.0,14:30,-2858.0,50,-57.16
±3,2.5,3.75,14:30,-2858.0,50,-57.16
±3,2.5,5.0,14:30,-2858.0,50,-57.16
±3,2.5,4.0,14:30,-2858.0,50,-57.16
±3,2.5,4.75,14:30,-2858.0,50,-57.16
±4,1.25,2.75,13:30,-2859.0,50,-57.18
±4,1.25,4.5,13:30,-2859.0,50,-57.18
±4,1.25,5.0,13:30,-2859.0,50,-57.18
±4,1.25,4.0,13:30,-2859.0,50,-57.18
±4,1.25,3.5,13:30,-2859.0,50,-57.18
±4,1.25,4.75,13:30,-2859.0,50,-57.18
±4,1.25,4.25,13:30,-2859.0,50,-57.18
±4,1.25,3.25,13:30,-2859.0,50,-57.18
±4,1.25,3.75,13:30,-2859.0,50,-57.18
±4,1.25,3.0,13:30,-2859.0,50,-57.18
±3,1.0,4.75,11:30,-2871.0,50,-57.42
±3,1.0,4.5,11:30,-2871.0,50,-57.42
±3,1.0,3.5,11:30,-2871.0,50,-57.42
±3,1.0,2.75,11:30,-2871.0,50,-57.42
±3,1.0,3.75,11:30,-2871.0,50,-57.42
±3,1.0,4.0,11:30,-2871.0,50,-57.42
±3,1.0,3.0,11:30,-2871.0,50,-57.42
±3,1.0,4.25,11:30,-2871.0,50,-57.42
±3,1.0,3.25,11:30,-2871.0,50,-57.42
±3,1.0,5.0,11:30,-2871.0,50,-57.42
±4,1.0,2.25,12:00,-2881.0,50,-57.62
±4,3.25,4.75,12:00,-2888.0,50,-57.76
±4,2.75,2.75,12:00,-2888.0,50,-57.76
±4,2.75,4.5,12:00,-2888.0,50,-57.76
±4,2.5,5.0,12:00,-2888.0,50,-57.76
±4,2.75,5.0,12:00,-2888.0,50,-57.76
±4,3.25,2.75,12:00,-2888.0,50,-57.76
±4,3.0,4.0,12:00,-2888.0,50,-57.76
±4,3.0,3.5,12:00,-2888.0,50,-57.76
±4,2.75,3.25,12:00,-2888.0,50,-57.76
±4,3.0,4.75,12:00,-2888.0,50,-57.76
±4,2.25,3.75,12:00,-2888.0,50,-57.76
±4,2.5,4.5,12:00,-2888.0,50,-57.76
±4,2.5,4.25,12:00,-2888.0,50,-57.76
±4,3.0,4.5,12:00,-2888.0,50,-57.76
±4,3.0,3.25,12:00,-2888.0,50,-57.76
±4,3.25,5.0,12:00,-2888.0,50,-57.76
±4,2.25,4.75,12:00,-2888.0,50,-57.76
±4,2.25,3.25,12:00,-2888.0,50,-57.76
±4,2.5,3.0,12:00,-2888.0,50,-57.76
±4,2.5,4.0,12:00,-2888.0,50,-57.76
±4,3.25,4.5,12:00,-2888.0,50,-57.76
±4,3.0,3.75,12:00,-2888.0,50,-57.76
±4,2.5,2.75,12:00,-2888.0,50,-57.76
±4,2.25,4.0,12:00,-2888.0,50,-57.76
±4,2.75,3.5,12:00,-2888.0,50,-57.76
±4,3.25,4.25,12:00,-2888.0,50,-57.76
±4,2.75,3.75,12:00,-2888.0,50,-57.76
±4,3.0,4.25,12:00,-2888.0,50,-57.76
±4,3.25,4.0,12:00,-2888.0,50,-57.76
±4,2.75,4.25,12:00,-2888.0,50,-57.76
±4,2.5,4.75,12:00,-2888.0,50,-57.76
±4,3.25,3.0,12:00,-2888.0,50,-57.76
±4,2.25,3.5,12:00,-2888.0,50,-57.76
±4,2.25,5.0,12:00,-2888.0,50,-57.76
±4,2.75,4.0,12:00,-2888.0,50,-57.76
±4,3.0,3.0,12:00,-2888.0,50,-57.76
±4,2.75,3.0,12:00,-2888.0,50,-57.76
±4,2.5,3.75,12:00,-2888.0,50,-57.76
±4,3.25,3.75,12:00,-2888.0,50,-57.76
±4,2.5,3.5,12:00,-2888.0,50,-57.76
±4,2.5,3.25,12:00,-2888.0,50,-57.76
±4,2.25,4.25,12:00,-2888.0,50,-57.76
±4,2.25,4.5,12:00,-2888.0,50,-57.76
±4,3.0,5.0,12:00,-2888.0,50,-57.76
±4,3.25,3.5,12:00,-2888.0,50,-57.76
±4,2.75,4.75,12:00,-2888.0,50,-57.76
±4,3.25,3.25,12:00,-2888.0,50,-57.76
±4,2.25,2.75,12:00,-2888.0,50,-57.76
±4,3.0,2.75,12:00,-2888.0,50,-57.76
±4,2.25,3.0,12:00,-2888.0,50,-57.76
±3,0.75,2.5,12:00,-2894.0,50,-57.88
±3,0.75,3.25,13:30,-2899.0,50,-57.98
±3,0.75,3.5,13:30,-2899.0,50,-57.98
±3,0.75,4.75,13:30,-2899.0,50,-57.98
±3,0.75,3.75,13:30,-2899.0,50,-57.98
±3,0.75,2.75,13:30,-2899.0,50,-57.98
±3,0.75,4.0,13:30,-2899.0,50,-57.98
±3,0.75,4.25,13:30,-2899.0,50,-57.98
±3,0.75,3.0,13:30,-2899.0,50,-57.98
±3,0.75,4.5,13:30,-2899.0,50,-57.98
±3,0.75,5.0,13:30,-2899.0,50,-57.98
±3,1.25,4.75,12:30,-2903.0,50,-58.06
±3,1.25,3.5,12:30,-2903.0,50,-58.06
±3,1.25,3.25,12:30,-2903.0,50,-58.06
±3,1.25,3.75,12:30,-2903.0,50,-58.06
±3,1.25,4.5,12:30,-2903.0,50,-58.06
±3,1.25,4.0,12:30,-2903.0,50,-58.06
±3,1.25,4.25,12:30,-2903.0,50,-58.06
±3,1.25,2.75,12:30,-2903.0,50,-58.06
±3,1.25,5.0,12:30,-2903.0,50,-58.06
±3,1.25,3.0,12:30,-2903.0,50,-58.06
±3,4.75,5.0,14:30,-2904.0,50,-58.08
±3,4.25,5.0,14:30,-2904.0,50,-58.08
±3,3.5,4.0,14:30,-2904.0,50,-58.08
±3,4.75,4.75,14:30,-2904.0,50,-58.08
±3,4.0,3.5,14:30,-2904.0,50,-58.08
±4,0.75,4.75,11:30,-2904.0,50,-58.08
±4,0.75,4.5,11:30,-2904.0,50,-58.08
±4,0.75,4.25,11:30,-2904.0,50,-58.08
±3,4.25,4.0,14:30,-2904.0,50,-58.08
±3,3.75,3.5,14:30,-2904.0,50,-58.08
±3,4.25,4.75,14:30,-2904.0,50,-58.08
±3,5.0,3.0,14:30,-2904.0,50,-58.08
±3,4.0,5.0,14:30,-2904.0,50,-58.08
±3,4.75,3.0,14:30,-2904.0,50,-58.08
±3,4.5,5.0,14:30,-2904.0,50,-58.08
±3,4.5,2.75,14:30,-2904.0,50,-58.08
±3,5.0,3.25,14:30,-2904.0,50,-58.08
±3,3.5,3.5,14:30,-2904.0,50,-58.08
±3,3.75,3.0,14:30,-2904.0,50,-58.08
±3,4.0,4.75,14:30,-2904.0,50,-58.08
±3,4.25,3.75,14:30,-2904.0,50,-58.08
±3,3.5,5.0,14:30,-2904.0,50,-58.08
±3,4.5,4.25,14:30,-2904.0,50,-58.08
±3,4.5,4.75,14:30,-2904.0,50,-58.08
±3,4.5,4.5,14:30,-2904.0,50,-58.08
±4,0.75,5.0,11:30,-2904.0,50,-58.08
±3,4.25,4.5,14:30,-2904.0,50,-58.08
±4,0.75,3.5,11:30,-2904.0,50,-58.08
±3,5.0,4.5,14:30,-2904.0,50,-58.08
±3,5.0,4.75,14:30,-2904.0,50,-58.08
±3,3.75,3.75,14:30,-2904.0,50,-58.08
±3,4.75,3.5,14:30,-2904.0,50,-58.08
±3,4.5,4.0,14:30,-2904.0,50,-58.08
±3,4.25,3.25,14:30,-2904.0,50,-58.08
±3,3.5,2.75,14:30,-2904.0,50,-58.08
±3,4.5,3.0,14:30,-2904.0,50,-58.08
±3,3.5,3.75,14:30,-2904.0,50,-58.08
±3,3.75,5.0,14:30,-2904.0,50,-58.08
±3,3.75,4.75,14:30,-2904.0,50,-58.08
±3,5.0,2.75,14:30,-2904.0,50,-58.08
±3,4.0,2.75,14:30,-2904.0,50,-58.08
±4,0.75,2.75,11:30,-2904.0,50,-58.08
±3,5.0,5.0,14:30,-2904.0,50,-58.08
±3,4.75,3.75,14:30,-2904.0,50,-58.08
±3,3.5,4.25,14:30,-2904.0,50,-58.08
±3,4.75,4.25,14:30,-2904.0,50,-58.08
±4,0.75,3.0,11:30,-2904.0,50,-58.08
±3,4.5,3.25,14:30,-2904.0,50,-58.08
±3,3.75,3.25,14:30,-2904.0,50,-58.08
±3,4.25,2.75,14:30,-2904.0,50,-58.08
±3,5.0,3.5,14:30,-2904.0,50,-58.08
±3,4.5,3.5,14:30,-2904.0,50,-58.08
±4,0.75,3.75,11:30,-2904.0,50,-58.08
±3,5.0,4.25,14:30,-2904.0,50,-58.08
±3,4.0,4.25,14:30,-2904.0,50,-58.08
±3,4.0,4.0,14:30,-2904.0,50,-58.08
±3,4.0,4.5,14:30,-2904.0,50,-58.08
±3,4.0,3.75,14:30,-2904.0,50,-58.08
±3,4.75,2.75,14:30,-2904.0,50,-58.08
±3,3.75,2.75,14:30,-2904.0,50,-58.08
±3,3.5,3.0,14:30,-2904.0,50,-58.08
±3,4.75,3.25,14:30,-2904.0,50,-58.08
±3,4.25,3.5,14:30,-2904.0,50,-58.08
±3,5.0,4.0,14:30,-2904.0,50,-58.08
±3,3.75,4.5,14:30,-2904.0,50,-58.08
±3,4.75,4.5,14:30,-2904.0,50,-58.08
±3,3.5,4.5,14:30,-2904.0,50,-58.08
±3,5.0,3.75,14:30,-2904.0,50,-58.08
±3,3.5,4.75,14:30,-2904.0,50,-58.08
±3,4.25,4.25,14:30,-2904.0,50,-58.08
±4,0.75,3.25,11:30,-2904.0,50,-58.08
±3,4.25,3.0,14:30,-2904.0,50,-58.08
±3,4.0,3.0,14:30,-2904.0,50,-58.08
±3,4.0,3.25,14:30,-2904.0,50,-58.08
±4,0.75,4.0,11:30,-2904.0,50,-58.08
±3,3.75,4.25,14:30,-2904.0,50,-58.08
±3,3.75,4.0,14:30,-2904.0,50,-58.08
±3,4.75,4.0,14:30,-2904.0,50,-58.08
±3,3.5,3.25,14:30,-2904.0,50,-58.08
±3,4.5,3.75,14:30,-2904.0,50,-58.08
±4,1.0,3.25,13:30,-2909.0,50,-58.18
±4,1.0,3.5,13:30,-2909.0,50,-58.18
±4,1.0,3.0,13:30,-2909.0,50,-58.18
±4,1.0,2.75,13:30,-2909.0,50,-58.18
±4,1.0,4.75,13:30,-2909.0,50,-58.18
±4,1.0,3.75,13:30,-2909.0,50,-58.18
±4,1.0,5.0,13:30,-2909.0,50,-58.18
±4,1.0,4.5,13:30,-2909.0,50,-58.18
±4,1.0,4.25,13:30,-2909.0,50,-58.18
±4,1.0,4.0,13:30,-2909.0,50,-58.18
±4,0.5,4.0,11:30,-2911.0,50,-58.22
±4,0.5,4.75,11:30,-2911.0,50,-58.22
±4,0.5,5.0,11:30,-2911.0,50,-58.22
±4,0.5,3.75,11:30,-2911.0,50,-58.22
±4,0.5,4.25,11:30,-2911.0,50,-58.22
±4,0.5,3.25,11:30,-2911.0,50,-58.22
±4,0.5,4.5,11:30,-2911.0,50,-58.22
±4,0.5,2.75,11:30,-2911.0,50,-58.22
±4,0.5,3.0,11:30,-2911.0,50,-58.22
±4,0.5,3.5,11:30,-2911.0,50,-58.22
±3,0.5,3.25,14:30,-2923.0,50,-58.46
±3,0.5,4.0,14:30,-2923.0,50,-58.46
±3,0.5,4.25,14:30,-2923.0,50,-58.46
±3,0.5,2.75,14:30,-2923.0,50,-58.46
±3,0.5,4.5,14:30,-2923.0,50,-58.46
±3,0.5,3.75,14:30,-2923.0,50,-58.46
±3,0.5,4.75,14:30,-2923.0,50,-58.46
±3,0.5,3.0,14:30,-2923.0,50,-58.46
±3,0.5,3.5,14:30,-2923.0,50,-58.46
±3,0.5,5.0,14:30,-2923.0,50,-58.46
±3,0.5,2.5,12:00,-2925.0,50,-58.5
±3,3.25,3.75,12:00,-2941.0,50,-58.82
±3,2.75,3.5,12:00,-2941.0,50,-58.82
±3,3.25,4.75,12:00,-2941.0,50,-58.82
±3,3.25,3.25,12:00,-2941.0,50,-58.82
±3,2.25,4.5,12:00,-2941.0,50,-58.82
±3,2.25,3.0,12:00,-2941.0,50,-58.82
±3,2.75,3.75,12:00,-2941.0,50,-58.82
±3,2.75,4.5,12:00,-2941.0,50,-58.82
±3,2.75,4.0,12:00,-2941.0,50,-58.82
±3,2.75,4.75,12:00,-2941.0,50,-58.82
±3,3.0,4.5,12:00,-2941.0,50,-58.82
±3,2.25,4.75,12:00,-2941.0,50,-58.82
±3,3.0,4.25,12:00,-2941.0,50,-58.82
±3,2.5,4.0,12:00,-2941.0,50,-58.82
±3,3.25,4.25,12:00,-2941.0,50,-58.82
±3,2.5,4.75,12:00,-2941.0,50,-58.82
±3,2.5,3.75,12:00,-2941.0,50,-58.82
±3,2.75,2.75,12:00,-2941.0,50,-58.82
±3,2.25,4.25,12:00,-2941.0,50,-58.82
±3,2.5,3.0,12:00,-2941.0,50,-58.82
±3,2.75,5.0,12:00,-2941.0,50,-58.82
±3,2.5,5.0,12:00,-2941.0,50,-58.82
±3,2.25,3.25,12:00,-2941.0,50,-58.82
±3,3.0,3.5,12:00,-2941.0,50,-58.82
±3,2.25,5.0,12:00,-2941.0,50,-58.82
±3,3.0,4.75,12:00,-2941.0,50,-58.82
±3,3.0,5.0,12:00,-2941.0,50,-58.82
±3,3.25,5.0,12:00,-2941.0,50,-58.82
±3,2.25,2.75,12:00,-2941.0,50,-58.82
±3,2.25,3.5,12:00,-2941.0,50,-58.82
±3,2.5,4.5,12:00,-2941.0,50,-58.82
±3,3.0,4.0,12:00,-2941.0,50,-58.82
±3,3.0,2.75,12:00,-2941.0,50,-58.82
±3,2.25,4.0,12:00,-2941.0,50,-58.82
±3,3.25,3.0,12:00,-2941.0,50,-58.82
±3,3.25,2.75,12:00,-2941.0,50,-58.82
±3,2.25,3.75,12:00,-2941.0,50,-58.82
±3,2.5,2.75,12:00,-2941.0,50,-58.82
±3,2.5,4.25,12:00,-2941.0,50,-58.82
±3,3.25,3.5,12:00,-2941.0,50,-58.82
±3,3.25,4.0,12:00,-2941.0,50,-58.82
±3,2.75,3.0,12:00,-2941.0,50,-58.82
±3,2.75,4.25,12:00,-2941.0,50,-58.82
±3,3.0,3.0,12:00,-2941.0,50,-58.82
±3,3.0,3.25,12:00,-2941.0,50,-58.82
±3,2.5,3.5,12:00,-2941.0,50,-58.82
±3,3.25,4.5,12:00,-2941.0,50,-58.82
±3,3.0,3.75,12:00,-2941.0,50,-58.82
±3,2.75,3.25,12:00,-2941.0,50,-58.82
±3,2.5,3.25,12:00,-2941.0,50,-58.82
±4,2.25,4.0,14:30,-2946.0,50,-58.92
±4,2.5,4.75,14:30,-2946.0,50,-58.92
±4,2.25,5.0,14:30,-2946.0,50,-58.92
±4,2.5,4.5,14:30,-2946.0,50,-58.92
±4,2.25,4.25,14:30,-2946.0,50,-58.92
±4,2.5,3.25,14:30,-2946.0,50,-58.92
±4,2.25,3.75,14:30,-2946.0,50,-58.92
±4,2.25,3.0,14:30,-2946.0,50,-58.92
±4,2.5,4.25,14:30,-2946.0,50,-58.92
±4,2.25,2.75,14:30,-2946.0,50,-58.92
±4,2.5,3.5,14:30,-2946.0,50,-58.92
±4,2.25,4.5,14:30,-2946.0,50,-58.92
±4,2.5,4.0,14:30,-2946.0,50,-58.92
±4,2.25,4.75,14:30,-2946.0,50,-58.92
±4,2.5,2.75,14:30,-2946.0,50,-58.92
±4,2.5,3.0,14:30,-2946.0,50,-58.92
±4,2.5,3.75,14:30,-2946.0,50,-58.92
±4,2.25,3.5,14:30,-2946.0,50,-58.92
±4,2.25,3.25,14:30,-2946.0,50,-58.92
±4,2.5,5.0,14:30,-2946.0,50,-58.92
±3,1.5,4.25,14:30,-2947.0,50,-58.94
±3,1.5,3.25,14:30,-2947.0,50,-58.94
±3,1.5,4.0,14:30,-2947.0,50,-58.94
±3,1.5,4.5,14:30,-2947.0,50,-58.94
±3,1.5,2.75,14:30,-2947.0,50,-58.94
±3,1.5,5.0,14:30,-2947.0,50,-58.94
±3,1.5,3.0,14:30,-2947.0,50,-58.94
±3,1.5,3.75,14:30,-2947.0,50,-58.94
±3,1.5,4.75,14:30,-2947.0,50,-58.94
±3,1.5,3.5,14:30,-2947.0,50,-58.94
±4,1.25,4.5,14:00,-2951.0,50,-59.02
±4,1.25,3.25,14:00,-2951.0,50,-59.02
±4,1.25,4.0,14:00,-2951.0,50,-59.02
±4,1.25,4.75,14:00,-2951.0,50,-59.02
±4,1.25,3.75,14:00,-2951.0,50,-59.02
±4,1.25,4.25,14:00,-2951.0,50,-59.02
±4,1.25,2.75,14:00,-2951.0,50,-59.02
±4,1.25,5.0,14:00,-2951.0,50,-59.02
±4,1.25,3.5,14:00,-2951.0,50,-59.02
±4,1.25,3.0,14:00,-2951.0,50,-59.02
±4,1.0,4.75,13:00,-2957.0,50,-59.14
±4,1.0,3.0,13:00,-2957.0,50,-59.14
±4,1.0,4.0,13:00,-2957.0,50,-59.14
±4,1.0,3.75,13:00,-2957.0,50,-59.14
±4,1.0,3.5,13:00,-2957.0,50,-59.14
±4,1.0,2.75,13:00,-2957.0,50,-59.14
±4,1.0,4.25,13:00,-2957.0,50,-59.14
±4,1.0,4.5,13:00,-2957.0,50,-59.14
±4,1.0,5.0,13:00,-2957.0,50,-59.14
±4,1.0,3.25,13:00,-2957.0,50,-59.14
±3,0.5,3.25,14:00,-2962.0,50,-59.24
±4,0.75,4.5,13:00,-2962.0,50,-59.24
±4,0.75,3.75,13:00,-2962.0,50,-59.24
±4,0.75,4.0,13:00,-2962.0,50,-59.24
±3,0.5,3.5,14:00,-2962.0,50,-59.24
±4,0.75,4.25,13:00,-2962.0,50,-59.24
±4,0.75,4.75,13:00,-2962.0,50,-59.24
±4,0.75,5.0,13:00,-2962.0,50,-59.24
±4,0.75,2.75,13:00,-2962.0,50,-59.24
±4,0.75,3.25,13:00,-2962.0,50,-59.24
±4,0.75,3.0,13:00,-2962.0,50,-59.24
±3,0.5,4.5,14:00,-2962.0,50,-59.24
±3,0.5,3.75,14:00,-2962.0,50,-59.24
±3,0.5,4.25,14:00,-2962.0,50,-59.24
±3,0.5,4.0,14:00,-2962.0,50,-59.24
±4,0.75,3.5,13:00,-2962.0,50,-59.24
±3,0.5,4.75,14:00,-2962.0,50,-59.24
±3,0.5,5.0,14:00,-2962.0,50,-59.24
±3,0.5,2.75,14:00,-2962.0,50,-59.24
±3,0.5,3.0,14:00,-2962.0,50,-59.24
±4,1.25,3.0,12:30,-2964.0,50,-59.28
±4,1.25,5.0,12:30,-2964.0,50,-59.28
±4,1.25,4.75,12:30,-2964.0,50,-59.28
±4,1.25,3.5,12:30,-2964.0,50,-59.28
±4,1.25,3.75,12:30,-2964.0,50,-59.28
±4,1.25,3.25,12:30,-2964.0,50,-59.28
±4,1.25,4.25,12:30,-2964.0,50,-59.28
±4,1.25,4.5,12:30,-2964.0,50,-59.28
±4,1.25,2.75,12:30,-2964.0,50,-59.28
±4,1.25,4.0,12:30,-2964.0,50,-59.28
±3,1.0,2.25,12:00,-2970.0,50,-59.4
±4,0.75,4.5,13:30,-2971.0,50,-59.42
±4,0.75,3.75,13:30,-2971.0,50,-59.42
±4,0.75,3.25,13:30,-2971.0,50,-59.42
±4,0.75,3.0,13:30,-2971.0,50,-59.42
±4,0.75,2.75,13:30,-2971.0,50,-59.42
±4,0.75,5.0,13:30,-2971.0,50,-59.42
±4,0.75,4.75,13:30,-2971.0,50,-59.42
±4,0.75,4.25,13:30,-2971.0,50,-59.42
±4,0.75,3.5,13:30,-2971.0,50,-59.42
±4,0.75,4.0,13:30,-2971.0,50,-59.42
±4,5.0,4.0,15:00,-2976.0,50,-59.52
±4,5.0,3.75,15:00,-2976.0,50,-59.52
±4,5.0,4.75,15:00,-2976.0,50,-59.52
±4,5.0,4.25,15:00,-2976.0,50,-59.52
±4,5.0,5.0,15:00,-2976.0,50,-59.52
±4,4.5,4.5,15:00,-2976.0,50,-59.52
±4,3.5,3.0,15:00,-2976.0,50,-59.52
±4,4.5,4.75,15:00,-2976.0,50,-59.52
±4,3.75,5.0,15:00,-2976.0,50,-59.52
±4,4.5,5.0,15:00,-2976.0,50,-59.52
±4,3.75,4.5,15:00,-2976.0,50,-59.52
±4,3.75,4.75,15:00,-2976.0,50,-59.52
±4,3.75,4.0,15:00,-2976.0,50,-59.52
±4,3.75,4.25,15:00,-2976.0,50,-59.52
±4,4.5,4.25,15:00,-2976.0,50,-59.52
±4,3.75,3.75,15:00,-2976.0,50,-59.52
±4,4.5,3.5,15:00,-2976.0,50,-59.52
±4,4.5,3.75,15:00,-2976.0,50,-59.52
±4,4.5,4.0,15:00,-2976.0,50,-59.52
±4,3.5,3.25,15:00,-2976.0,50,-59.52
±4,4.25,2.75,15:00,-2976.0,50,-59.52
±4,3.75,3.25,15:00,-2976.0,50,-59.52
±4,3.75,3.5,15:00,-2976.0,50,-59.52
±4,4.5,2.75,15:00,-2976.0,50,-59.52
±4,4.5,3.0,15:00,-2976.0,50,-59.52
±4,4.5,3.25,15:00,-2976.0,50,-59.52
±4,3.75,3.0,15:00,-2976.0,50,-59.52
±4,3.75,2.75,15:00,-2976.0,50,-59.52
±4,4.75,2.75,15:00,-2976.0,50,-59.52
±4,4.75,3.0,15:00,-2976.0,50,-59.52
±4,4.75,3.25,15:00,-2976.0,50,-59.52
±4,4.75,3.5,15:00,-2976.0,50,-59.52
±4,4.75,3.75,15:00,-2976.0,50,-59.52
±4,4.0,3.25,15:00,-2976.0,50,-59.52
±4,4.0,2.75,15:00,-2976.0,50,-59.52
±4,4.75,4.0,15:00,-2976.0,50,-59.52
±4,3.5,3.5,15:00,-2976.0,50,-59.52
±4,3.5,3.75,15:00,-2976.0,50,-59.52
±4,4.25,3.0,15:00,-2976.0,50,-59.52
±4,4.75,4.25,15:00,-2976.0,50,-59.52
±4,4.0,3.5,15:00,-2976.0,50,-59.52
±4,4.0,3.75,15:00,-2976.0,50,-59.52
±4,4.0,4.0,15:00,-2976.0,50,-59.52
±4,4.0,3.0,15:00,-2976.0,50,-59.52
±4,4.75,4.5,15:00,-2976.0,50,-59.52
±4,4.0,4.25,15:00,-2976.0,50,-59.52
±4,4.0,4.5,15:00,-2976.0,50,-59.52
±4,4.0,4.75,15:00,-2976.0,50,-59.52
±4,4.75,4.75,15:00,-2976.0,50,-59.52
±4,3.5,5.0,15:00,-2976.0,50,-59.52
±4,4.25,4.75,15:00,-2976.0,50,-59.52
±4,3.5,4.25,15:00,-2976.0,50,-59.52
±4,3.5,4.5,15:00,-2976.0,50,-59.52
±4,4.25,3.25,15:00,-2976.0,50,-59.52
±4,4.25,3.5,15:00,-2976.0,50,-59.52
±4,4.25,3.75,15:00,-2976.0,50,-59.52
±4,4.25,5.0,15:00,-2976.0,50,-59.52
±4,4.75,5.0,15:00,-2976.0,50,-59.52
±4,3.5,4.75,15:00,-2976.0,50,-59.52
±4,4.25,4.5,15:00,-2976.0,50,-59.52
±4,4.0,5.0,15:00,-2976.0,50,-59.52
±4,4.25,4.0,15:00,-2976.0,50,-59.52
±4,4.25,4.25,15:00,-2976.0,50,-59.52
±4,3.5,4.0,15:00,-2976.0,50,-59.52
±4,5.0,4.5,15:00,-2976.0,50,-59.52
±4,5.0,3.5,15:00,-2976.0,50,-59.52
±4,5.0,3.0,15:00,-2976.0,50,-59.52
±4,5.0,3.25,15:00,-2976.0,50,-59.52
±4,5.0,2.75,15:00,-2976.0,50,-59.52
±4,3.5,2.75,15:00,-2976.0,50,-59.52
±4,0.5,2.25,12:00,-2979.0,50,-59.58
±4,2.25,5.0,15:00,-2987.0,50,-59.74
±4,2.5,5.0,15:00,-2987.0,50,-59.74
±4,2.25,4.5,15:00,-2987.0,50,-59.74
±4,2.5,3.0,15:00,-2987.0,50,-59.74
±4,0.75,2.25,12:00,-2987.0,50,-59.74
±4,2.5,4.75,15:00,-2987.0,50,-59.74
±4,2.5,4.0,15:00,-2987.0,50,-59.74
±4,2.5,3.75,15:00,-2987.0,50,-59.74
±4,2.25,3.5,15:00,-2987.0,50,-59.74
±4,2.25,3.0,15:00,-2987.0,50,-59.74
±4,2.25,3.25,15:00,-2987.0,50,-59.74
±4,2.5,4.25,15:00,-2987.0,50,-59.74
±4,2.25,2.75,15:00,-2987.0,50,-59.74
±4,2.25,4.0,15:00,-2987.0,50,-59.74
±4,2.25,3.75,15:00,-2987.0,50,-59.74
±4,2.5,3.5,15:00,-2987.0,50,-59.74
±4,2.25,4.25,15:00,-2987.0,50,-59.74
±4,2.5,2.75,15:00,-2987.0,50,-59.74
±4,2.5,4.5,15:00,-2987.0,50,-59.74
±4,2.25,4.75,15:00,-2987.0,50,-59.74
±4,2.5,3.25,15:00,-2987.0,50,-59.74
±3,2.5,3.75,15:00,-2993.0,50,-59.86
±3,2.5,2.75,15:00,-2993.0,50,-59.86
±3,2.5,4.25,15:00,-2993.0,50,-59.86
±3,2.5,4.0,15:00,-2993.0,50,-59.86
±3,2.5,3.25,15:00,-2993.0,50,-59.86
±3,2.5,4.5,15:00,-2993.0,50,-59.86
±3,2.5,3.0,15:00,-2993.0,50,-59.86
±3,2.5,4.75,15:00,-2993.0,50,-59.86
±3,2.5,5.0,15:00,-2993.0,50,-59.86
±3,2.5,3.5,15:00,-2993.0,50,-59.86
±3,1.25,5.0,14:00,-2998.0,50,-59.96
±3,1.25,4.75,14:00,-2998.0,50,-59.96
±3,1.25,4.5,14:00,-2998.0,50,-59.96
±3,1.25,3.75,14:00,-2998.0,50,-59.96
±3,1.25,3.5,14:00,-2998.0,50,-59.96
±3,1.25,3.25,14:00,-2998.0,50,-59.96
±3,1.25,3.0,14:00,-2998.0,50,-59.96
±3,1.25,4.0,14:00,-2998.0,50,-59.96
±3,1.25,4.25,14:00,-2998.0,50,-59.96
±3,1.25,2.75,14:00,-2998.0,50,-59.96
±4,1.5,4.25,15:00,-3000.0,50,-60.0
±4,1.5,2.75,15:00,-3000.0,50,-60.0
±4,1.5,4.75,15:00,-3000.0,50,-60.0
±4,1.5,4.0,15:00,-3000.0,50,-60.0
±4,1.5,3.75,15:00,-3000.0,50,-60.0
±4,1.5,5.0,15:00,-3000.0,50,-60.0
±4,1.5,4.5,15:00,-3000.0,50,-60.0
±4,1.5,3.5,15:00,-3000.0,50,-60.0
±4,1.5,3.0,15:00,-3000.0,50,-60.0
±4,1.5,3.25,15:00,-3000.0,50,-60.0
±3,0.75,3.25,11:30,-3008.0,50,-60.16
±3,0.75,4.25,11:30,-3008.0,50,-60.16
±3,0.75,3.75,11:30,-3008.0,50,-60.16
±3,0.75,4.75,11:30,-3008.0,50,-60.16
±3,0.75,2.75,11:30,-3008.0,50,-60.16
±3,0.75,4.5,11:30,-3008.0,50,-60.16
±3,0.75,4.0,11:30,-3008.0,50,-60.16
±3,0.75,3.5,11:30,-3008.0,50,-60.16
±3,0.75,5.0,11:30,-3008.0,50,-60.16
±3,0.75,3.0,11:30,-3008.0,50,-60.16
±4,1.25,3.0,12:00,-3012.0,50,-60.24
±4,1.25,3.5,12:00,-3012.0,50,-60.24
±4,1.25,3.25,12:00,-3012.0,50,-60.24
±4,1.25,2.75,12:00,-3012.0,50,-60.24
±4,1.25,4.75,12:00,-3012.0,50,-60.24
±4,1.25,3.75,12:00,-3012.0,50,-60.24
±4,1.25,4.5,12:00,-3012.0,50,-60.24
±4,1.25,4.25,12:00,-3012.0,50,-60.24
±4,1.25,4.0,12:00,-3012.0,50,-60.24
±4,1.25,5.0,12:00,-3012.0,50,-60.24
±3,1.25,3.5,12:00,-3028.0,50,-60.56
±3,1.25,4.25,12:00,-3028.0,50,-60.56
±3,1.25,4.0,12:00,-3028.0,50,-60.56
±3,1.25,4.75,12:00,-3028.0,50,-60.56
±3,1.25,3.75,12:00,-3028.0,50,-60.56
±3,1.25,2.75,12:00,-3028.0,50,-60.56
±3,1.25,3.25,12:00,-3028.0,50,-60.56
±3,1.25,4.5,12:00,-3028.0,50,-60.56
±3,1.25,3.0,12:00,-3028.0,50,-60.56
±3,1.25,5.0,12:00,-3028.0,50,-60.56
±3,0.75,3.5,13:00,-3050.0,50,-61.0
±3,0.75,3.25,13:00,-3050.0,50,-61.0
±3,0.75,4.5,13:00,-3050.0,50,-61.0
±3,0.75,4.75,13:00,-3050.0,50,-61.0
±3,0.75,2.75,13:00,-3050.0,50,-61.0
±3,0.75,4.25,13:00,-3050.0,50,-61.0
±3,0.75,3.0,13:00,-3050.0,50,-61.0
±3,0.75,4.0,13:00,-3050.0,50,-61.0
±3,0.75,5.0,13:00,-3050.0,50,-61.0
±3,0.75,3.75,13:00,-3050.0,50,-61.0
±3,2.25,4.0,14:30,-3054.0,50,-61.08
±3,2.25,2.75,14:30,-3054.0,50,-61.08
±3,2.25,3.25,14:30,-3054.0,50,-61.08
±3,2.25,4.25,14:30,-3054.0,50,-61.08
±3,2.25,5.0,14:30,-3054.0,50,-61.08
±3,2.25,3.5,14:30,-3054.0,50,-61.08
±3,2.25,4.5,14:30,-3054.0,50,-61.08
±3,2.25,4.75,14:30,-3054.0,50,-61.08
±3,2.25,3.0,14:30,-3054.0,50,-61.08
±3,2.25,3.75,14:30,-3054.0,50,-61.08
±3,0.5,3.75,11:30,-3056.0,50,-61.12
±3,0.5,2.75,11:30,-3056.0,50,-61.12
±3,0.5,4.5,11:30,-3056.0,50,-61.12
±3,0.5,3.25,11:30,-3056.0,50,-61.12
±3,0.5,5.0,11:30,-3056.0,50,-61.12
±3,0.5,3.5,11:30,-3056.0,50,-61.12
±3,0.5,3.0,11:30,-3056.0,50,-61.12
±3,0.5,4.75,11:30,-3056.0,50,-61.12
±3,0.5,4.0,11:30,-3056.0,50,-61.12
±3,0.5,4.25,11:30,-3056.0,50,-61.12
±3,0.75,2.25,12:00,-3070.0,50,-61.4
±3,1.0,5.0,13:00,-3082.0,50,-61.64
±3,1.0,2.75,13:00,-3082.0,50,-61.64
±3,1.0,4.25,13:00,-3082.0,50,-61.64
±3,1.0,4.0,13:00,-3082.0,50,-61.64
±3,1.0,4.75,13:00,-3082.0,50,-61.64
±3,1.0,3.0,13:00,-3082.0,50,-61.64
±3,1.0,3.75,13:00,-3082.0,50,-61.64
±3,1.0,3.25,13:00,-3082.0,50,-61.64
±3,1.0,3.5,13:00,-3082.0,50,-61.64
±3,1.0,4.5,13:00,-3082.0,50,-61.64
±3,0.5,2.25,12:00,-3101.0,50,-62.02
±4,0.75,3.0,14:00,-3128.0,50,-62.56
±4,0.75,2.75,14:00,-3128.0,50,-62.56
±4,0.75,3.5,14:00,-3128.0,50,-62.56
±4,0.75,5.0,14:00,-3128.0,50,-62.56
±4,0.75,4.75,14:00,-3128.0,50,-62.56
±4,0.75,3.25,14:00,-3128.0,50,-62.56
±4,0.75,4.0,14:00,-3128.0,50,-62.56
±4,0.75,4.25,14:00,-3128.0,50,-62.56
±4,0.75,3.75,14:00,-3128.0,50,-62.56
±4,0.75,4.5,14:00,-3128.0,50,-62.56
±4,5.0,4.0,12:00,-3144.0,50,-62.88
±4,3.5,2.75,12:00,-3144.0,50,-62.88
±4,5.0,4.25,12:00,-3144.0,50,-62.88
±4,5.0,3.75,12:00,-3144.0,50,-62.88
±4,4.25,4.25,12:00,-3144.0,50,-62.88
±4,3.5,5.0,12:00,-3144.0,50,-62.88
±4,3.5,4.25,12:00,-3144.0,50,-62.88
±4,5.0,5.0,12:00,-3144.0,50,-62.88
±4,5.0,4.75,12:00,-3144.0,50,-62.88
±4,5.0,3.5,12:00,-3144.0,50,-62.88
±4,5.0,4.5,12:00,-3144.0,50,-62.88
±4,4.5,4.75,12:00,-3144.0,50,-62.88
±4,4.5,4.5,12:00,-3144.0,50,-62.88
±4,4.5,5.0,12:00,-3144.0,50,-62.88
±4,4.25,4.5,12:00,-3144.0,50,-62.88
±4,3.75,4.0,12:00,-3144.0,50,-62.88
±4,3.5,3.0,12:00,-3144.0,50,-62.88
±4,3.75,2.75,12:00,-3144.0,50,-62.88
±4,4.0,3.5,12:00,-3144.0,50,-62.88
±4,4.0,3.25,12:00,-3144.0,50,-62.88
±4,4.0,5.0,12:00,-3144.0,50,-62.88
±4,4.25,5.0,12:00,-3144.0,50,-62.88
±4,4.25,3.5,12:00,-3144.0,50,-62.88
±4,3.5,4.5,12:00,-3144.0,50,-62.88
±4,3.75,4.25,12:00,-3144.0,50,-62.88
±4,3.75,4.5,12:00,-3144.0,50,-62.88
±4,3.75,4.75,12:00,-3144.0,50,-62.88
±4,3.75,5.0,12:00,-3144.0,50,-62.88
±4,3.75,3.75,12:00,-3144.0,50,-62.88
±4,4.75,5.0,12:00,-3144.0,50,-62.88
±4,4.25,3.75,12:00,-3144.0,50,-62.88
±4,3.5,4.75,12:00,-3144.0,50,-62.88
±4,4.25,4.0,12:00,-3144.0,50,-62.88
±4,4.25,4.75,12:00,-3144.0,50,-62.88
±4,4.25,3.25,12:00,-3144.0,50,-62.88
±4,4.0,3.75,12:00,-3144.0,50,-62.88
±4,4.0,4.75,12:00,-3144.0,50,-62.88
±4,4.0,4.5,12:00,-3144.0,50,-62.88
±4,4.75,4.75,12:00,-3144.0,50,-62.88
±4,4.75,4.5,12:00,-3144.0,50,-62.88
±4,4.75,4.25,12:00,-3144.0,50,-62.88
±4,4.0,4.0,12:00,-3144.0,50,-62.88
±4,4.0,4.25,12:00,-3144.0,50,-62.88
±4,4.0,2.75,12:00,-3144.0,50,-62.88
±4,3.5,3.75,12:00,-3144.0,50,-62.88
±4,3.5,4.0,12:00,-3144.0,50,-62.88
±4,3.5,3.25,12:00,-3144.0,50,-62.88
±4,4.75,4.0,12:00,-3144.0,50,-62.88
±4,5.0,2.75,12:00,-3144.0,50,-62.88
±4,5.0,3.0,12:00,-3144.0,50,-62.88
±4,4.5,3.5,12:00,-3144.0,50,-62.88
±4,4.5,3.25,12:00,-3144.0,50,-62.88
±4,4.25,2.75,12:00,-3144.0,50,-62.88
±4,3.5,3.5,12:00,-3144.0,50,-62.88
±4,4.5,3.75,12:00,-3144.0,50,-62.88
±4,4.5,4.25,12:00,-3144.0,50,-62.88
±4,4.5,4.0,12:00,-3144.0,50,-62.88
±4,4.0,3.0,12:00,-3144.0,50,-62.88
±4,4.75,3.5,12:00,-3144.0,50,-62.88
±4,4.75,3.0,12:00,-3144.0,50,-62.88
±4,4.75,3.75,12:00,-3144.0,50,-62.88
±4,4.75,3.25,12:00,-3144.0,50,-62.88
±4,4.75,2.75,12:00,-3144.0,50,-62.88
±4,4.5,3.0,12:00,-3144.0,50,-62.88
±4,4.5,2.75,12:00,-3144.0,50,-62.88
±4,5.0,3.25,12:00,-3144.0,50,-62.88
±4,4.25,3.0,12:00,-3144.0,50,-62.88
±4,3.75,3.0,12:00,-3144.0,50,-62.88
±4,3.75,3.25,12:00,-3144.0,50,-62.88
±4,3.75,3.5,12:00,-3144.0,50,-62.88
±4,0.75,2.75,15:00,-3146.0,50,-62.92
±4,0.75,3.75,15:00,-3146.0,50,-62.92
±4,0.75,4.75,15:00,-3146.0,50,-62.92
±4,0.75,3.0,15:00,-3146.0,50,-62.92
±4,0.75,3.5,15:00,-3146.0,50,-62.92
±4,0.75,5.0,15:00,-3146.0,50,-62.92
±4,0.75,4.25,15:00,-3146.0,50,-62.92
±4,0.75,3.25,15:00,-3146.0,50,-62.92
±4,0.75,4.0,15:00,-3146.0,50,-62.92
±4,0.75,4.5,15:00,-3146.0,50,-62.92
±3,4.5,3.0,15:00,-3152.0,50,-63.04
±3,4.75,5.0,15:00,-3152.0,50,-63.04
±3,4.75,4.75,15:00,-3152.0,50,-63.04
±3,4.0,3.5,15:00,-3152.0,50,-63.04
±3,4.25,3.0,15:00,-3152.0,50,-63.04
±3,4.0,4.5,15:00,-3152.0,50,-63.04
±3,3.5,3.5,15:00,-3152.0,50,-63.04
±3,4.5,4.5,15:00,-3152.0,50,-63.04
±3,4.5,2.75,15:00,-3152.0,50,-63.04
±3,4.0,5.0,15:00,-3152.0,50,-63.04
±3,4.25,3.75,15:00,-3152.0,50,-63.04
±3,3.75,3.5,15:00,-3152.0,50,-63.04
±3,4.25,4.0,15:00,-3152.0,50,-63.04
±3,4.75,4.25,15:00,-3152.0,50,-63.04
±3,3.75,3.75,15:00,-3152.0,50,-63.04
±3,5.0,4.75,15:00,-3152.0,50,-63.04
±3,5.0,4.5,15:00,-3152.0,50,-63.04
±3,4.5,4.75,15:00,-3152.0,50,-63.04
±3,5.0,5.0,15:00,-3152.0,50,-63.04
±3,4.75,3.0,15:00,-3152.0,50,-63.04
±3,3.75,2.75,15:00,-3152.0,50,-63.04
±3,4.0,4.0,15:00,-3152.0,50,-63.04
±3,4.0,3.75,15:00,-3152.0,50,-63.04
±3,4.75,2.75,15:00,-3152.0,50,-63.04
±3,4.25,3.5,15:00,-3152.0,50,-63.04
±3,4.75,3.5,15:00,-3152.0,50,-63.04
±3,4.5,4.0,15:00,-3152.0,50,-63.04
±3,4.75,3.25,15:00,-3152.0,50,-63.04
±3,3.5,4.75,15:00,-3152.0,50,-63.04
±3,4.25,3.25,15:00,-3152.0,50,-63.04
±3,3.75,3.25,15:00,-3152.0,50,-63.04
±3,4.0,4.25,15:00,-3152.0,50,-63.04
±3,4.5,4.25,15:00,-3152.0,50,-63.04
±3,3.5,5.0,15:00,-3152.0,50,-63.04
±3,4.5,3.5,15:00,-3152.0,50,-63.04
±3,4.25,2.75,15:00,-3152.0,50,-63.04
±3,4.5,5.0,15:00,-3152.0,50,-63.04
±3,4.0,2.75,15:00,-3152.0,50,-63.04
±3,3.5,3.75,15:00,-3152.0,50,-63.04
±3,3.5,2.75,15:00,-3152.0,50,-63.04
±3,4.75,3.75,15:00,-3152.0,50,-63.04
±3,4.25,4.5,15:00,-3152.0,50,-63.04
±3,3.5,3.0,15:00,-3152.0,50,-63.04
±3,5.0,4.25,15:00,-3152.0,50,-63.04
±3,5.0,4.0,15:00,-3152.0,50,-63.04
±3,4.5,3.25,15:00,-3152.0,50,-63.04
±3,3.5,4.5,15:00,-3152.0,50,-63.04
±3,5.0,3.75,15:00,-3152.0,50,-63.04
±3,4.0,4.75,15:00,-3152.0,50,-63.04
±3,4.25,5.0,15:00,-3152.0,50,-63.04
±3,4.25,4.75,15:00,-3152.0,50,-63.04
±3,3.75,5.0,15:00,-3152.0,50,-63.04
±3,3.75,4.75,15:00,-3152.0,50,-63.04
±3,5.0,3.25,15:00,-3152.0,50,-63.04
±3,4.75,4.5,15:00,-3152.0,50,-63.04
±3,5.0,2.75,15:00,-3152.0,50,-63.04
±3,3.75,4.25,15:00,-3152.0,50,-63.04
±3,5.0,3.0,15:00,-3152.0,50,-63.04
±3,5.0,3.5,15:00,-3152.0,50,-63.04
±3,3.5,4.25,15:00,-3152.0,50,-63.04
±3,3.5,4.0,15:00,-3152.0,50,-63.04
±3,4.25,4.25,15:00,-3152.0,50,-63.04
±3,3.75,3.0,15:00,-3152.0,50,-63.04
±3,4.0,3.25,15:00,-3152.0,50,-63.04
±3,4.0,3.0,15:00,-3152.0,50,-63.04
±3,3.75,4.0,15:00,-3152.0,50,-63.04
±3,4.75,4.0,15:00,-3152.0,50,-63.04
±3,4.5,3.75,15:00,-3152.0,50,-63.04
±3,3.75,4.5,15:00,-3152.0,50,-63.04
±3,3.5,3.25,15:00,-3152.0,50,-63.04
±4,1.0,4.25,12:30,-3163.0,50,-63.26
±4,1.0,3.75,12:30,-3163.0,50,-63.26
±4,1.0,2.75,12:30,-3163.0,50,-63.26
±4,1.0,3.0,12:30,-3163.0,50,-63.26
±4,1.0,4.0,12:30,-3163.0,50,-63.26
±4,1.0,5.0,12:30,-3163.0,50,-63.26
±4,1.0,3.5,12:30,-3163.0,50,-63.26
±4,1.0,4.75,12:30,-3163.0,50,-63.26
±4,1.0,4.5,12:30,-3163.0,50,-63.26
±4,1.0,3.25,12:30,-3163.0,50,-63.26
±3,1.5,2.75,15:00,-3168.0,50,-63.36
±3,1.5,5.0,15:00,-3168.0,50,-63.36
±3,1.5,3.0,15:00,-3168.0,50,-63.36
±3,1.5,4.5,15:00,-3168.0,50,-63.36
±3,1.5,3.5,15:00,-3168.0,50,-63.36
±3,1.5,4.75,15:00,-3168.0,50,-63.36
±3,1.5,4.0,15:00,-3168.0,50,-63.36
±3,1.5,3.75,15:00,-3168.0,50,-63.36
±3,1.5,3.25,15:00,-3168.0,50,-63.36
±3,1.5,4.25,15:00,-3168.0,50,-63.36
±3,4.5,5.0,12:00,-3174.0,50,-63.48
±3,4.0,5.0,12:00,-3174.0,50,-63.48
±3,5.0,4.0,12:00,-3174.0,50,-63.48
±3,4.5,4.25,12:00,-3174.0,50,-63.48
±3,4.5,2.75,12:00,-3174.0,50,-63.48
±3,4.25,4.75,12:00,-3174.0,50,-63.48
±3,4.75,4.0,12:00,-3174.0,50,-63.48
±3,4.5,4.5,12:00,-3174.0,50,-63.48
±3,4.75,3.75,12:00,-3174.0,50,-63.48
±3,3.75,5.0,12:00,-3174.0,50,-63.48
±3,4.25,3.25,12:00,-3174.0,50,-63.48
±3,3.5,3.0,12:00,-3174.0,50,-63.48
±3,3.75,3.25,12:00,-3174.0,50,-63.48
±3,3.75,4.75,12:00,-3174.0,50,-63.48
±3,4.25,5.0,12:00,-3174.0,50,-63.48
±3,3.5,3.25,12:00,-3174.0,50,-63.48
±3,4.0,3.5,12:00,-3174.0,50,-63.48
±3,4.75,4.25,12:00,-3174.0,50,-63.48
±3,4.25,3.5,12:00,-3174.0,50,-63.48
±3,3.5,5.0,12:00,-3174.0,50,-63.48
±3,3.75,4.25,12:00,-3174.0,50,-63.48
±3,4.75,5.0,12:00,-3174.0,50,-63.48
±3,3.75,4.5,12:00,-3174.0,50,-63.48
±3,4.25,4.0,12:00,-3174.0,50,-63.48
±3,3.5,3.5,12:00,-3174.0,50,-63.48
±3,4.75,4.5,12:00,-3174.0,50,-63.48
±3,4.75,4.75,12:00,-3174.0,50,-63.48
±3,5.0,4.75,12:00,-3174.0,50,-63.48
±3,4.0,4.0,12:00,-3174.0,50,-63.48
±3,3.75,2.75,12:00,-3174.0,50,-63.48
±3,4.0,3.75,12:00,-3174.0,50,-63.48
±3,4.0,3.25,12:00,-3174.0,50,-63.48
±3,3.5,3.75,12:00,-3174.0,50,-63.48
±3,4.0,4.75,12:00,-3174.0,50,-63.48
±3,3.5,4.75,12:00,-3174.0,50,-63.48
±3,5.0,4.5,12:00,-3174.0,50,-63.48
±3,4.75,3.5,12:00,-3174.0,50,-63.48
±3,4.25,3.75,12:00,-3174.0,50,-63.48
±3,3.5,2.75,12:00,-3174.0,50,-63.48
±3,5.0,4.25,12:00,-3174.0,50,-63.48
±3,4.75,2.75,12:00,-3174.0,50,-63.48
±3,4.0,3.0,12:00,-3174.0,50,-63.48
±3,4.75,3.25,12:00,-3174.0,50,-63.48
±3,4.25,2.75,12:00,-3174.0,50,-63.48
±3,4.25,3.0,12:00,-3174.0,50,-63.48
±3,4.25,4.5,12:00,-3174.0,50,-63.48
±3,3.5,4.0,12:00,-3174.0,50,-63.48
±3,4.0,4.5,12:00,-3174.0,50,-63.48
±3,3.75,3.5,12:00,-3174.0,50,-63.48
±3,5.0,3.25,12:00,-3174.0,50,-63.48
±3,5.0,3.5,12:00,-3174.0,50,-63.48
±3,4.5,3.25,12:00,-3174.0,50,-63.48
±3,5.0,3.0,12:00,-3174.0,50,-63.48
±3,5.0,2.75,12:00,-3174.0,50,-63.48
±3,5.0,3.75,12:00,-3174.0,50,-63.48
±3,3.75,3.0,12:00,-3174.0,50,-63.48
±3,5.0,5.0,12:00,-3174.0,50,-63.48
±3,3.75,3.75,12:00,-3174.0,50,-63.48
±3,4.5,4.0,12:00,-3174.0,50,-63.48
±3,3.75,4.0,12:00,-3174.0,50,-63.48
±3,4.5,3.75,12:00,-3174.0,50,-63.48
±3,4.0,2.75,12:00,-3174.0,50,-63.48
±3,3.5,4.5,12:00,-3174.0,50,-63.48
±3,4.25,4.25,12:00,-3174.0,50,-63.48
±3,4.75,3.0,12:00,-3174.0,50,-63.48
±3,4.5,3.5,12:00,-3174.0,50,-63.48
±3,4.5,3.0,12:00,-3174.0,50,-63.48
±3,4.0,4.25,12:00,-3174.0,50,-63.48
±3,3.5,4.25,12:00,-3174.0,50,-63.48
±3,4.5,4.75,12:00,-3174.0,50,-63.48
±4,0.5,4.5,12:30,-3177.0,50,-63.54
±4,0.5,4.25,12:30,-3177.0,50,-63.54
±4,0.5,3.0,12:30,-3177.0,50,-63.54
±4,0.5,4.75,12:30,-3177.0,50,-63.54
±4,0.5,3.75,12:30,-3177.0,50,-63.54
±4,0.5,3.5,12:30,-3177.0,50,-63.54
±4,0.5,5.0,12:30,-3177.0,50,-63.54
±4,0.5,3.25,12:30,-3177.0,50,-63.54
±4,0.5,4.0,12:30,-3177.0,50,-63.54
±4,0.5,2.75,12:30,-3177.0,50,-63.54
±3,1.0,3.5,12:30,-3181.0,50,-63.62
±3,1.0,3.25,12:30,-3181.0,50,-63.62
±3,1.0,2.75,12:30,-3181.0,50,-63.62
±3,1.0,3.75,12:30,-3181.0,50,-63.62
±3,1.0,3.0,12:30,-3181.0,50,-63.62
±3,1.0,5.0,12:30,-3181.0,50,-63.62
±3,1.0,4.25,12:30,-3181.0,50,-63.62
±3,1.0,4.5,12:30,-3181.0,50,-63.62
±3,1.0,4.75,12:30,-3181.0,50,-63.62
±3,1.0,4.0,12:30,-3181.0,50,-63.62
±3,2.25,2.75,15:00,-3189.0,50,-63.78
±3,2.25,5.0,15:00,-3189.0,50,-63.78
±3,2.25,3.25,15:00,-3189.0,50,-63.78
±3,2.25,3.5,15:00,-3189.0,50,-63.78
±3,2.25,4.5,15:00,-3189.0,50,-63.78
±3,2.25,3.0,15:00,-3189.0,50,-63.78
±3,2.25,4.25,15:00,-3189.0,50,-63.78
±3,2.25,4.75,15:00,-3189.0,50,-63.78
±3,2.25,4.0,15:00,-3189.0,50,-63.78
±3,2.25,3.75,15:00,-3189.0,50,-63.78
±4,1.0,3.75,15:00,-3205.0,50,-64.1
±4,1.0,4.5,15:00,-3205.0,50,-64.1
±4,1.0,3.0,15:00,-3205.0,50,-64.1
±4,1.0,4.75,15:00,-3205.0,50,-64.1
±4,1.0,3.25,15:00,-3205.0,50,-64.1
±4,1.0,5.0,15:00,-3205.0,50,-64.1
±4,1.0,2.75,15:00,-3205.0,50,-64.1
±4,1.0,4.0,15:00,-3205.0,50,-64.1
±4,1.0,4.25,15:00,-3205.0,50,-64.1
±4,1.0,3.5,15:00,-3205.0,50,-64.1
±4,1.0,4.0,14:00,-3211.0,50,-64.22
±4,1.0,3.25,14:00,-3211.0,50,-64.22
±4,1.0,5.0,14:00,-3211.0,50,-64.22
±4,1.0,4.5,14:00,-3211.0,50,-64.22
±4,1.0,3.75,14:00,-3211.0,50,-64.22
±4,1.0,4.25,14:00,-3211.0,50,-64.22
±4,1.0,3.0,14:00,-3211.0,50,-64.22
±4,1.0,2.75,14:00,-3211.0,50,-64.22
±4,1.0,3.5,14:00,-3211.0,50,-64.22
±4,1.0,4.75,14:00,-3211.0,50,-64.22
±3,0.5,3.0,12:30,-3215.0,50,-64.3
±3,0.5,4.75,12:30,-3215.0,50,-64.3
±3,0.5,2.75,12:30,-3215.0,50,-64.3
±3,0.5,4.0,12:30,-3215.0,50,-64.3
±3,0.5,3.5,12:30,-3215.0,50,-64.3
±3,0.5,3.25,12:30,-3215.0,50,-64.3
±3,0.5,4.5,12:30,-3215.0,50,-64.3
±3,0.5,4.25,12:30,-3215.0,50,-64.3
±3,0.5,3.75,12:30,-3215.0,50,-64.3
±3,0.5,5.0,12:30,-3215.0,50,-64.3
±4,0.75,3.25,14:30,-3248.0,50,-64.96
±4,0.75,3.5,14:30,-3248.0,50,-64.96
±4,0.75,4.5,14:30,-3248.0,50,-64.96
±4,0.75,4.25,14:30,-3248.0,50,-64.96
±4,0.75,3.75,14:30,-3248.0,50,-64.96
±4,0.75,5.0,14:30,-3248.0,50,-64.96
±4,0.75,4.75,14:30,-3248.0,50,-64.96
±4,0.75,3.0,14:30,-3248.0,50,-64.96
±4,0.75,4.0,14:30,-3248.0,50,-64.96
±4,0.75,2.75,14:30,-3248.0,50,-64.96
±3,0.75,3.0,14:00,-3261.0,50,-65.22
±3,0.75,2.75,14:00,-3261.0,50,-65.22
±3,0.75,4.75,14:00,-3261.0,50,-65.22
±3,0.75,3.75,14:00,-3261.0,50,-65.22
±3,0.75,5.0,14:00,-3261.0,50,-65.22
±3,0.75,3.5,14:00,-3261.0,50,-65.22
±3,0.75,3.25,14:00,-3261.0,50,-65.22
±3,0.75,4.5,14:00,-3261.0,50,-65.22
±3,0.75,4.0,14:00,-3261.0,50,-65.22
±3,0.75,4.25,14:00,-3261.0,50,-65.22
±4,1.25,5.0,15:00,-3267.0,50,-65.34
±4,1.25,2.75,15:00,-3267.0,50,-65.34
±4,1.25,4.75,15:00,-3267.0,50,-65.34
±4,1.25,3.0,15:00,-3267.0,50,-65.34
±4,1.25,3.25,15:00,-3267.0,50,-65.34
±4,1.25,3.75,15:00,-3267.0,50,-65.34
±4,1.25,4.25,15:00,-3267.0,50,-65.34
±4,1.25,4.5,15:00,-3267.0,50,-65.34
±4,1.25,4.0,15:00,-3267.0,50,-65.34
±4,1.25,3.5,15:00,-3267.0,50,-65.34
±4,1.25,3.5,14:30,-3275.0,50,-65.5
±4,1.25,4.25,14:30,-3275.0,50,-65.5
±4,1.25,4.5,14:30,-3275.0,50,-65.5
±4,1.25,3.75,14:30,-3275.0,50,-65.5
±4,1.25,4.0,14:30,-3275.0,50,-65.5
±4,1.25,4.75,14:30,-3275.0,50,-65.5
±4,1.25,3.25,14:30,-3275.0,50,-65.5
±4,1.25,3.0,14:30,-3275.0,50,-65.5
±4,1.25,2.75,14:30,-3275.0,50,-65.5
±4,1.25,5.0,14:30,-3275.0,50,-65.5
±3,0.75,4.75,15:00,-3277.0,50,-65.54
±3,0.75,2.75,15:00,-3277.0,50,-65.54
±3,0.75,4.0,15:00,-3277.0,50,-65.54
±3,0.75,3.75,15:00,-3277.0,50,-65.54
±3,0.75,4.25,15:00,-3277.0,50,-65.54
±3,0.75,3.0,15:00,-3277.0,50,-65.54
±3,0.75,4.5,15:00,-3277.0,50,-65.54
±3,0.75,3.5,15:00,-3277.0,50,-65.54
±3,0.75,3.25,15:00,-3277.0,50,-65.54
±3,0.75,5.0,15:00,-3277.0,50,-65.54
±4,1.0,3.0,14:30,-3282.0,50,-65.64
±4,1.0,3.75,14:30,-3282.0,50,-65.64
±4,1.0,3.5,14:30,-3282.0,50,-65.64
±4,1.0,3.25,14:30,-3282.0,50,-65.64
±4,1.0,4.25,14:30,-3282.0,50,-65.64
±4,1.0,5.0,14:30,-3282.0,50,-65.64
±4,1.0,4.75,14:30,-3282.0,50,-65.64
±4,1.0,4.5,14:30,-3282.0,50,-65.64
±4,1.0,4.0,14:30,-3282.0,50,-65.64
±4,1.0,2.75,14:30,-3282.0,50,-65.64
±4,0.75,4.25,12:30,-3300.0,50,-66.0
±4,0.75,4.5,12:30,-3300.0,50,-66.0
±4,0.75,4.0,12:30,-3300.0,50,-66.0
±4,0.75,5.0,12:30,-3300.0,50,-66.0
±4,0.75,3.0,12:30,-3300.0,50,-66.0
±4,0.75,3.5,12:30,-3300.0,50,-66.0
±4,0.75,4.75,12:30,-3300.0,50,-66.0
±4,0.75,2.75,12:30,-3300.0,50,-66.0
±4,0.75,3.75,12:30,-3300.0,50,-66.0
±4,0.75,3.25,12:30,-3300.0,50,-66.0
±3,0.75,4.75,12:30,-3314.0,50,-66.28
±3,0.75,4.25,12:30,-3314.0,50,-66.28
±3,0.75,3.5,12:30,-3314.0,50,-66.28
±3,0.75,3.25,12:30,-3314.0,50,-66.28
±3,0.75,2.75,12:30,-3314.0,50,-66.28
±3,0.75,5.0,12:30,-3314.0,50,-66.28
±3,0.75,4.5,12:30,-3314.0,50,-66.28
±3,0.75,3.0,12:30,-3314.0,50,-66.28
±3,0.75,3.75,12:30,-3314.0,50,-66.28
±3,0.75,4.0,12:30,-3314.0,50,-66.28
±3,1.25,5.0,14:30,-3330.0,50,-66.6
±3,1.25,2.75,14:30,-3330.0,50,-66.6
±3,1.25,3.5,14:30,-3330.0,50,-66.6
±3,1.25,4.5,14:30,-3330.0,50,-66.6
±3,1.25,3.25,14:30,-3330.0,50,-66.6
±3,1.25,4.0,14:30,-3330.0,50,-66.6
±3,1.25,4.25,14:30,-3330.0,50,-66.6
±3,1.25,3.0,14:30,-3330.0,50,-66.6
±3,1.25,3.75,14:30,-3330.0,50,-66.6
±3,1.25,4.75,14:30,-3330.0,50,-66.6
±3,1.0,2.75,15:00,-3337.0,50,-66.74
±3,1.0,4.0,15:00,-3337.0,50,-66.74
±3,1.0,4.25,15:00,-3337.0,50,-66.74
±3,1.0,4.5,15:00,-3337.0,50,-66.74
±3,1.0,5.0,15:00,-3337.0,50,-66.74
±3,1.0,3.25,15:00,-3337.0,50,-66.74
±3,1.0,3.75,15:00,-3337.0,50,-66.74
±3,1.0,4.75,15:00,-3337.0,50,-66.74
±3,1.0,3.0,15:00,-3337.0,50,-66.74
±3,1.0,3.5,15:00,-3337.0,50,-66.74
±4,1.0,4.75,12:00,-3355.0,50,-67.1
±4,1.0,2.75,12:00,-3355.0,50,-67.1
±4,1.0,3.0,12:00,-3355.0,50,-67.1
±4,1.0,3.25,12:00,-3355.0,50,-67.1
±4,1.0,4.25,12:00,-3355.0,50,-67.1
±4,1.0,3.75,12:00,-3355.0,50,-67.1
±4,1.0,4.0,12:00,-3355.0,50,-67.1
±4,1.0,4.5,12:00,-3355.0,50,-67.1
±4,1.0,5.0,12:00,-3355.0,50,-67.1
±4,1.0,3.5,12:00,-3355.0,50,-67.1
±3,1.25,4.75,15:00,-3364.0,50,-67.28
±3,1.25,3.25,15:00,-3364.0,50,-67.28
±3,1.25,4.5,15:00,-3364.0,50,-67.28
±3,1.0,3.0,14:00,-3364.0,50,-67.28
±3,1.0,3.75,14:00,-3364.0,50,-67.28
±3,1.0,5.0,14:00,-3364.0,50,-67.28
±3,1.25,3.5,15:00,-3364.0,50,-67.28
±3,1.0,3.25,14:00,-3364.0,50,-67.28
±3,1.25,3.75,15:00,-3364.0,50,-67.28
±3,1.0,4.75,14:00,-3364.0,50,-67.28
±3,1.25,4.25,15:00,-3364.0,50,-67.28
±3,1.0,2.75,14:00,-3364.0,50,-67.28
±3,1.0,4.25,14:00,-3364.0,50,-67.28
±3,1.0,4.0,14:00,-3364.0,50,-67.28
±3,1.25,2.75,15:00,-3364.0,50,-67.28
±3,1.25,5.0,15:00,-3364.0,50,-67.28
±3,1.25,4.0,15:00,-3364.0,50,-67.28
±3,1.0,4.5,14:00,-3364.0,50,-67.28
±3,1.25,3.0,15:00,-3364.0,50,-67.28
±3,1.0,3.5,14:00,-3364.0,50,-67.28
±3,0.75,2.75,14:30,-3418.0,50,-68.36
±3,0.75,4.75,14:30,-3418.0,50,-68.36
±3,0.75,4.5,14:30,-3418.0,50,-68.36
±3,0.75,4.25,14:30,-3418.0,50,-68.36
±3,0.75,5.0,14:30,-3418.0,50,-68.36
±3,0.75,3.25,14:30,-3418.0,50,-68.36
±3,0.75,3.75,14:30,-3418.0,50,-68.36
±3,0.75,3.5,14:30,-3418.0,50,-68.36
±3,0.75,4.0,14:30,-3418.0,50,-68.36
±3,0.75,3.0,14:30,-3418.0,50,-68.36
±3,1.0,4.5,12:00,-3429.0,50,-68.58
±3,1.0,2.75,12:00,-3429.0,50,-68.58
±3,1.0,4.75,12:00,-3429.0,50,-68.58
±3,1.0,3.25,12:00,-3429.0,50,-68.58
±3,1.0,5.0,12:00,-3429.0,50,-68.58
±3,1.0,3.0,12:00,-3429.0,50,-68.58
±3,1.0,3.5,12:00,-3429.0,50,-68.58
±3,1.0,3.75,12:00,-3429.0,50,-68.58
±3,1.0,4.0,12:00,-3429.0,50,-68.58
±3,1.0,4.25,12:00,-3429.0,50,-68.58
±3,1.0,4.5,14:30,-3433.0,50,-68.66
±3,1.0,4.0,14:30,-3433.0,50,-68.66
±3,1.0,3.5,14:30,-3433.0,50,-68.66
±3,1.0,3.75,14:30,-3433.0,50,-68.66
±3,1.0,2.75,14:30,-3433.0,50,-68.66
±3,1.0,4.25,14:30,-3433.0,50,-68.66
±3,1.0,5.0,14:30,-3433.0,50,-68.66
±3,1.0,3.25,14:30,-3433.0,50,-68.66
±3,1.0,4.75,14:30,-3433.0,50,-68.66
±3,1.0,3.0,14:30,-3433.0,50,-68.66
±4,0.5,4.75,12:00,-3453.0,50,-69.06
±4,0.5,3.25,12:00,-3453.0,50,-69.06
±4,0.5,4.25,12:00,-3453.0,50,-69.06
±4,0.5,3.75,12:00,-3453.0,50,-69.06
±4,0.5,3.5,12:00,-3453.0,50,-69.06
±4,0.5,2.75,12:00,-3453.0,50,-69.06
±4,0.5,4.0,12:00,-3453.0,50,-69.06
±4,0.5,5.0,12:00,-3453.0,50,-69.06
±4,0.5,3.0,12:00,-3453.0,50,-69.06
±4,0.5,4.5,12:00,-3453.0,50,-69.06
±4,0.75,3.5,12:00,-3461.0,50,-69.22
±4,0.75,3.75,12:00,-3461.0,50,-69.22
±4,0.75,4.25,12:00,-3461.0,50,-69.22
±4,0.75,4.0,12:00,-3461.0,50,-69.22
±4,0.75,4.5,12:00,-3461.0,50,-69.22
±4,0.75,3.0,12:00,-3461.0,50,-69.22
±4,0.75,3.25,12:00,-3461.0,50,-69.22
±4,0.75,2.75,12:00,-3461.0,50,-69.22
±4,0.75,4.75,12:00,-3461.0,50,-69.22
±4,0.75,5.0,12:00,-3461.0,50,-69.22
±3,0.75,4.75,12:00,-3529.0,50,-70.58
±3,0.75,2.75,12:00,-3529.0,50,-70.58
±3,0.75,4.25,12:00,-3529.0,50,-70.58
±3,0.75,5.0,12:00,-3529.0,50,-70.58
±3,0.75,3.75,12:00,-3529.0,50,-70.58
±3,0.75,4.5,12:00,-3529.0,50,-70.58
±3,0.75,3.25,12:00,-3529.0,50,-70.58
±3,0.75,3.5,12:00,-3529.0,50,-70.58
±3,0.75,4.0,12:00,-3529.0,50,-70.58
±3,0.75,3.0,12:00,-3529.0,50,-70.58
±3,0.5,3.0,12:00,-3560.0,50,-71.2
±3,0.5,5.0,12:00,-3560.0,50,-71.2
±3,0.5,3.5,12:00,-3560.0,50,-71.2
±3,0.5,2.75,12:00,-3560.0,50,-71.2
±3,0.5,3.25,12:00,-3560.0,50,-71.2
±3,0.5,4.25,12:00,-3560.0,50,-71.2
±3,0.5,4.0,12:00,-3560.0,50,-71.2
±3,0.5,3.75,12:00,-3560.0,50,-71.2
±3,0.5,4.75,12:00,-3560.0,50,-71.2
±3,0.5,4.5,12:00,-3560.0,50,-71.2
