行权价,上涨触发%,下跌触发%,平仓时间,累计盈亏$,交易天数,胜率%,日均盈亏$
+2,1.75,1.25,14:00,3550.0,85,42.4,41.76
+2,1.75,1.5,14:00,3527.0,85,42.4,41.49
+2,1.75,1.75,14:00,3516.0,85,42.4,41.36
+2,1.75,2.0,14:00,3512.0,85,42.4,41.32
+2,1.75,3.25,14:00,3508.0,85,42.4,41.27
+2,1.75,2.25,14:00,3507.0,85,42.4,41.26
+2,1.75,2.75,14:00,3507.0,85,42.4,41.26
+2,1.75,4.0,14:00,3506.0,85,42.4,41.25
+2,1.75,3.75,14:00,3506.0,85,42.4,41.25
+2,1.75,4.25,14:00,3506.0,85,42.4,41.25
+2,1.75,4.5,14:00,3506.0,85,42.4,41.25
+2,1.75,4.75,14:00,3506.0,85,42.4,41.25
+2,1.75,5.0,14:00,3506.0,85,42.4,41.25
+2,1.75,3.5,14:00,3506.0,85,42.4,41.25
+2,1.75,2.5,14:00,3506.0,85,42.4,41.25
+2,1.75,3.0,14:00,3506.0,85,42.4,41.25
+2,1.25,1.25,14:00,3433.0,85,42.4,40.39
+2,1.25,1.5,14:00,3410.0,85,42.4,40.12
+2,1.25,1.75,14:00,3399.0,85,42.4,39.99
+2,1.25,2.0,14:00,3395.0,85,42.4,39.94
+2,1.25,3.25,14:00,3391.0,85,42.4,39.89
+2,1.25,2.25,14:00,3390.0,85,42.4,39.88
+2,1.25,2.75,14:00,3390.0,85,42.4,39.88
+2,1.25,3.0,14:00,3389.0,85,42.4,39.87
+2,1.25,3.75,14:00,3389.0,85,42.4,39.87
+2,1.25,4.5,14:00,3389.0,85,42.4,39.87
+2,1.25,3.5,14:00,3389.0,85,42.4,39.87
+2,1.25,5.0,14:00,3389.0,85,42.4,39.87
+2,1.25,4.75,14:00,3389.0,85,42.4,39.87
+2,1.25,2.5,14:00,3389.0,85,42.4,39.87
+2,1.25,4.0,14:00,3389.0,85,42.4,39.87
+2,1.25,4.25,14:00,3389.0,85,42.4,39.87
+2,1.5,1.25,14:00,3382.0,85,42.4,39.79
+2,1.5,1.5,14:00,3359.0,85,42.4,39.52
+2,1.5,1.75,14:00,3348.0,85,42.4,39.39
+2,1.5,2.0,14:00,3344.0,85,42.4,39.34
+2,1.5,3.25,14:00,3340.0,85,42.4,39.29
+2,1.5,2.25,14:00,3339.0,85,42.4,39.28
+2,1.5,2.75,14:00,3339.0,85,42.4,39.28
+2,1.5,3.0,14:00,3338.0,85,42.4,39.27
+2,1.5,5.0,14:00,3338.0,85,42.4,39.27
+2,1.5,2.5,14:00,3338.0,85,42.4,39.27
+2,1.5,4.0,14:00,3338.0,85,42.4,39.27
+2,1.5,4.75,14:00,3338.0,85,42.4,39.27
+2,1.5,3.75,14:00,3338.0,85,42.4,39.27
+2,1.5,3.5,14:00,3338.0,85,42.4,39.27
+2,1.5,4.25,14:00,3338.0,85,42.4,39.27
+2,1.5,4.5,14:00,3338.0,85,42.4,39.27
+2,1.75,1.0,14:00,3313.0,85,41.2,38.98
+2,1.25,1.25,13:30,3237.0,85,41.2,38.08
+2,0.75,1.25,14:00,3228.0,85,50.6,37.98
+3,1.75,1.25,14:00,3222.0,85,40.0,37.91
+2,1.25,1.5,13:30,3217.0,85,41.2,37.85
+2,1.25,1.75,13:30,3208.0,85,41.2,37.74
+3,1.75,1.5,14:00,3206.0,85,40.0,37.72
+2,0.75,1.5,14:00,3205.0,85,50.6,37.71
+2,1.25,2.0,13:30,3204.0,85,41.2,37.69
+2,1.25,3.25,13:30,3200.0,85,41.2,37.65
+2,1.25,2.25,13:30,3199.0,85,41.2,37.64
+2,1.25,5.0,13:30,3199.0,85,41.2,37.64
+2,1.25,2.75,13:30,3199.0,85,41.2,37.64
+2,1.25,4.75,13:30,3198.0,85,41.2,37.62
+2,1.25,3.75,13:30,3198.0,85,41.2,37.62
+2,1.25,4.25,13:30,3198.0,85,41.2,37.62
+2,1.25,4.5,13:30,3198.0,85,41.2,37.62
+2,1.25,3.5,13:30,3198.0,85,41.2,37.62
+3,1.75,1.75,14:00,3198.0,85,40.0,37.62
+2,1.25,2.5,13:30,3198.0,85,41.2,37.62
+2,1.25,3.0,13:30,3198.0,85,41.2,37.62
+2,1.25,4.0,13:30,3198.0,85,41.2,37.62
+2,1.25,1.0,14:00,3196.0,85,41.2,37.6
+3,1.75,2.0,14:00,3195.0,85,40.0,37.59
+2,0.75,1.75,14:00,3194.0,85,50.6,37.58
+3,1.75,3.25,14:00,3192.0,85,40.0,37.55
+3,1.75,2.25,14:00,3192.0,85,40.0,37.55
+3,1.75,5.0,14:00,3192.0,85,40.0,37.55
+3,1.75,2.75,14:00,3191.0,85,40.0,37.54
+3,1.75,3.5,14:00,3191.0,85,40.0,37.54
+2,1.25,1.0,13:30,3191.0,85,41.2,37.54
+3,1.75,2.5,14:00,3191.0,85,40.0,37.54
+3,1.75,3.75,14:00,3191.0,85,40.0,37.54
+3,1.75,4.75,14:00,3191.0,85,40.0,37.54
+3,1.75,4.5,14:00,3191.0,85,40.0,37.54
+2,0.75,2.0,14:00,3190.0,85,50.6,37.53
+3,1.75,4.0,14:00,3190.0,85,40.0,37.53
+3,1.75,3.0,14:00,3190.0,85,40.0,37.53
+3,1.75,4.25,14:00,3190.0,85,40.0,37.53
+2,0.75,3.25,14:00,3186.0,85,50.6,37.48
+2,0.75,2.25,14:00,3185.0,85,50.6,37.47
+2,0.75,2.75,14:00,3185.0,85,50.6,37.47
+2,0.75,5.0,14:00,3184.0,85,50.6,37.46
+2,0.75,2.5,14:00,3184.0,85,50.6,37.46
+2,0.75,4.5,14:00,3184.0,85,50.6,37.46
+2,0.75,3.0,14:00,3184.0,85,50.6,37.46
+2,0.75,4.0,14:00,3184.0,85,50.6,37.46
+2,0.75,4.75,14:00,3184.0,85,50.6,37.46
+2,0.75,4.25,14:00,3184.0,85,50.6,37.46
+2,0.75,3.75,14:00,3184.0,85,50.6,37.46
+2,0.75,3.5,14:00,3184.0,85,50.6,37.46
+2,0.75,1.25,13:30,3176.0,85,49.4,37.36
+2,1.75,1.25,13:30,3168.0,85,41.2,37.27
+2,4.25,1.25,14:00,3157.0,85,42.4,37.14
+2,4.5,1.25,14:00,3157.0,85,42.4,37.14
+2,3.5,1.25,14:00,3157.0,85,42.4,37.14
+2,4.75,1.25,14:00,3157.0,85,42.4,37.14
+2,2.5,1.25,14:00,3157.0,85,42.4,37.14
+2,3.25,1.25,14:00,3157.0,85,42.4,37.14
+2,2.25,1.25,14:00,3157.0,85,42.4,37.14
+2,5.0,1.25,14:00,3157.0,85,42.4,37.14
+2,2.75,1.25,14:00,3157.0,85,42.4,37.14
+2,2.0,1.25,14:00,3157.0,85,42.4,37.14
+2,3.75,1.25,14:00,3157.0,85,42.4,37.14
+2,3.0,1.25,14:00,3157.0,85,42.4,37.14
+2,4.0,1.25,14:00,3157.0,85,42.4,37.14
+2,0.75,1.5,13:30,3156.0,85,49.4,37.13
+2,1.75,1.5,13:30,3148.0,85,41.2,37.04
+2,0.75,1.75,13:30,3147.0,85,49.4,37.02
+2,1.5,1.0,14:00,3145.0,85,41.2,37.0
+2,0.75,2.0,13:30,3143.0,85,49.4,36.98
+2,1.75,1.75,13:30,3139.0,85,41.2,36.93
+2,0.75,3.25,13:30,3139.0,85,49.4,36.93
+2,0.75,2.75,13:30,3138.0,85,49.4,36.92
+2,0.75,2.25,13:30,3138.0,85,49.4,36.92
+2,0.75,5.0,13:30,3138.0,85,49.4,36.92
+2,0.75,2.5,13:30,3137.0,85,49.4,36.91
+2,0.75,3.5,13:30,3137.0,85,49.4,36.91
+2,0.75,4.0,13:30,3137.0,85,49.4,36.91
+2,0.75,3.75,13:30,3137.0,85,49.4,36.91
+2,0.75,4.5,13:30,3137.0,85,49.4,36.91
+2,0.75,4.75,13:30,3137.0,85,49.4,36.91
+2,0.75,3.0,13:30,3137.0,85,49.4,36.91
+2,0.75,4.25,13:30,3137.0,85,49.4,36.91
+2,1.75,2.0,13:30,3135.0,85,41.2,36.88
+2,3.75,1.5,14:00,3134.0,85,42.4,36.87
+2,2.5,1.5,14:00,3134.0,85,42.4,36.87
+2,4.25,1.5,14:00,3134.0,85,42.4,36.87
+2,3.5,1.5,14:00,3134.0,85,42.4,36.87
+2,4.5,1.5,14:00,3134.0,85,42.4,36.87
+2,3.25,1.5,14:00,3134.0,85,42.4,36.87
+2,2.25,1.5,14:00,3134.0,85,42.4,36.87
+2,3.0,1.5,14:00,3134.0,85,42.4,36.87
+2,5.0,1.5,14:00,3134.0,85,42.4,36.87
+2,2.75,1.5,14:00,3134.0,85,42.4,36.87
+2,2.0,1.5,14:00,3134.0,85,42.4,36.87
+2,4.75,1.5,14:00,3134.0,85,42.4,36.87
+2,4.0,1.5,14:00,3134.0,85,42.4,36.87
+2,1.75,3.25,13:30,3131.0,85,41.2,36.84
+2,0.75,1.0,13:30,3130.0,85,49.4,36.82
+2,1.75,2.25,13:30,3130.0,85,41.2,36.82
+2,1.75,2.75,13:30,3130.0,85,41.2,36.82
+2,1.75,5.0,13:30,3130.0,85,41.2,36.82
+2,1.75,4.75,13:30,3129.0,85,41.2,36.81
+2,1.75,4.25,13:30,3129.0,85,41.2,36.81
+2,1.75,4.0,13:30,3129.0,85,41.2,36.81
+2,1.75,3.0,13:30,3129.0,85,41.2,36.81
+2,1.75,3.5,13:30,3129.0,85,41.2,36.81
+2,1.75,2.5,13:30,3129.0,85,41.2,36.81
+2,1.75,4.5,13:30,3129.0,85,41.2,36.81
+2,1.75,3.75,13:30,3129.0,85,41.2,36.81
+2,2.25,1.75,14:00,3123.0,85,42.4,36.74
+2,4.5,1.75,14:00,3123.0,85,42.4,36.74
+2,4.25,1.75,14:00,3123.0,85,42.4,36.74
+2,4.0,1.75,14:00,3123.0,85,42.4,36.74
+2,3.25,1.75,14:00,3123.0,85,42.4,36.74
+2,3.75,1.75,14:00,3123.0,85,42.4,36.74
+2,2.5,1.75,14:00,3123.0,85,42.4,36.74
+2,2.75,1.75,14:00,3123.0,85,42.4,36.74
+2,4.75,1.75,14:00,3123.0,85,42.4,36.74
+2,2.0,1.75,14:00,3123.0,85,42.4,36.74
+2,5.0,1.75,14:00,3123.0,85,42.4,36.74
+2,3.0,1.75,14:00,3123.0,85,42.4,36.74
+2,3.5,1.75,14:00,3123.0,85,42.4,36.74
+2,1.75,1.0,13:30,3122.0,85,41.2,36.73
+2,2.25,2.0,14:00,3119.0,85,42.4,36.69
+2,3.5,2.0,14:00,3119.0,85,42.4,36.69
+2,4.5,2.0,14:00,3119.0,85,42.4,36.69
+2,4.25,2.0,14:00,3119.0,85,42.4,36.69
+2,3.75,2.0,14:00,3119.0,85,42.4,36.69
+2,4.0,2.0,14:00,3119.0,85,42.4,36.69
+2,2.0,2.0,14:00,3119.0,85,42.4,36.69
+2,2.5,2.0,14:00,3119.0,85,42.4,36.69
+2,4.75,2.0,14:00,3119.0,85,42.4,36.69
+2,5.0,2.0,14:00,3119.0,85,42.4,36.69
+2,3.25,2.0,14:00,3119.0,85,42.4,36.69
+2,2.75,2.0,14:00,3119.0,85,42.4,36.69
+2,3.0,2.0,14:00,3119.0,85,42.4,36.69
+2,3.25,3.25,14:00,3115.0,85,42.4,36.65
+2,5.0,3.25,14:00,3115.0,85,42.4,36.65
+2,3.5,3.25,14:00,3115.0,85,42.4,36.65
+2,2.75,3.25,14:00,3115.0,85,42.4,36.65
+2,4.0,3.25,14:00,3115.0,85,42.4,36.65
+2,3.0,3.25,14:00,3115.0,85,42.4,36.65
+2,3.75,3.25,14:00,3115.0,85,42.4,36.65
+2,2.5,3.25,14:00,3115.0,85,42.4,36.65
+2,4.25,3.25,14:00,3115.0,85,42.4,36.65
+2,4.75,3.25,14:00,3115.0,85,42.4,36.65
+2,2.0,3.25,14:00,3115.0,85,42.4,36.65
+2,2.25,3.25,14:00,3115.0,85,42.4,36.65
+2,4.5,3.25,14:00,3115.0,85,42.4,36.65
+2,1.5,1.25,13:30,3115.0,85,41.2,36.65
+2,4.0,2.25,14:00,3114.0,85,42.4,36.64
+2,2.0,2.25,14:00,3114.0,85,42.4,36.64
+2,3.5,2.25,14:00,3114.0,85,42.4,36.64
+2,3.0,2.25,14:00,3114.0,85,42.4,36.64
+2,4.0,2.75,14:00,3114.0,85,42.4,36.64
+2,4.5,2.75,14:00,3114.0,85,42.4,36.64
+2,4.25,2.75,14:00,3114.0,85,42.4,36.64
+2,4.25,2.25,14:00,3114.0,85,42.4,36.64
+2,3.0,2.75,14:00,3114.0,85,42.4,36.64
+2,4.5,2.25,14:00,3114.0,85,42.4,36.64
+2,2.75,2.25,14:00,3114.0,85,42.4,36.64
+2,3.25,2.25,14:00,3114.0,85,42.4,36.64
+2,2.75,2.75,14:00,3114.0,85,42.4,36.64
+2,5.0,2.75,14:00,3114.0,85,42.4,36.64
+2,5.0,2.25,14:00,3114.0,85,42.4,36.64
+2,3.75,2.25,14:00,3114.0,85,42.4,36.64
+2,3.25,2.75,14:00,3114.0,85,42.4,36.64
+2,2.0,2.75,14:00,3114.0,85,42.4,36.64
+2,4.75,2.25,14:00,3114.0,85,42.4,36.64
+2,4.75,2.75,14:00,3114.0,85,42.4,36.64
+2,3.75,2.75,14:00,3114.0,85,42.4,36.64
+2,2.5,2.25,14:00,3114.0,85,42.4,36.64
+2,2.5,2.75,14:00,3114.0,85,42.4,36.64
+2,2.25,2.25,14:00,3114.0,85,42.4,36.64
+2,3.5,2.75,14:00,3114.0,85,42.4,36.64
+2,2.25,2.75,14:00,3114.0,85,42.4,36.64
+2,3.5,2.5,14:00,3113.0,85,42.4,36.62
+2,2.25,3.75,14:00,3113.0,85,42.4,36.62
+2,2.25,2.5,14:00,3113.0,85,42.4,36.62
+2,2.25,4.5,14:00,3113.0,85,42.4,36.62
+2,5.0,5.0,14:00,3113.0,85,42.4,36.62
+2,5.0,4.5,14:00,3113.0,85,42.4,36.62
+2,5.0,4.0,14:00,3113.0,85,42.4,36.62
+2,5.0,4.25,14:00,3113.0,85,42.4,36.62
+2,5.0,3.75,14:00,3113.0,85,42.4,36.62
+2,3.25,4.0,14:00,3113.0,85,42.4,36.62
+2,4.75,4.25,14:00,3113.0,85,42.4,36.62
+2,4.75,3.75,14:00,3113.0,85,42.4,36.62
+2,2.25,3.5,14:00,3113.0,85,42.4,36.62
+2,5.0,4.75,14:00,3113.0,85,42.4,36.62
+2,2.25,3.0,14:00,3113.0,85,42.4,36.62
+2,4.25,3.75,14:00,3113.0,85,42.4,36.62
+2,3.5,3.0,14:00,3113.0,85,42.4,36.62
+2,3.0,3.0,14:00,3113.0,85,42.4,36.62
+2,3.0,3.75,14:00,3113.0,85,42.4,36.62
+2,3.0,2.5,14:00,3113.0,85,42.4,36.62
+2,2.75,3.5,14:00,3113.0,85,42.4,36.62
+2,2.75,4.25,14:00,3113.0,85,42.4,36.62
+2,4.0,4.75,14:00,3113.0,85,42.4,36.62
+2,4.0,4.25,14:00,3113.0,85,42.4,36.62
+2,4.75,3.0,14:00,3113.0,85,42.4,36.62
+2,2.5,4.5,14:00,3113.0,85,42.4,36.62
+2,2.5,2.5,14:00,3113.0,85,42.4,36.62
+2,4.75,4.75,14:00,3113.0,85,42.4,36.62
+2,2.5,3.0,14:00,3113.0,85,42.4,36.62
+2,3.0,4.5,14:00,3113.0,85,42.4,36.62
+2,3.0,4.0,14:00,3113.0,85,42.4,36.62
+2,4.0,5.0,14:00,3113.0,85,42.4,36.62
+2,4.0,4.5,14:00,3113.0,85,42.4,36.62
+2,3.0,3.5,14:00,3113.0,85,42.4,36.62
+2,4.25,2.5,14:00,3113.0,85,42.4,36.62
+2,2.75,3.75,14:00,3113.0,85,42.4,36.62
+2,3.5,4.5,14:00,3113.0,85,42.4,36.62
+2,3.5,4.75,14:00,3113.0,85,42.4,36.62
+2,2.25,4.75,14:00,3113.0,85,42.4,36.62
+2,4.25,4.0,14:00,3113.0,85,42.4,36.62
+2,4.25,3.5,14:00,3113.0,85,42.4,36.62
+2,2.5,4.0,14:00,3113.0,85,42.4,36.62
+2,3.75,3.0,14:00,3113.0,85,42.4,36.62
+2,3.25,3.5,14:00,3113.0,85,42.4,36.62
+2,4.75,3.5,14:00,3113.0,85,42.4,36.62
+2,3.5,3.5,14:00,3113.0,85,42.4,36.62
+2,2.75,4.0,14:00,3113.0,85,42.4,36.62
+2,3.0,4.75,14:00,3113.0,85,42.4,36.62
+2,3.0,4.25,14:00,3113.0,85,42.4,36.62
+2,4.0,3.5,14:00,3113.0,85,42.4,36.62
+2,4.0,3.0,14:00,3113.0,85,42.4,36.62
+2,3.0,5.0,14:00,3113.0,85,42.4,36.62
+2,4.5,2.5,14:00,3113.0,85,42.4,36.62
+2,4.0,3.75,14:00,3113.0,85,42.4,36.62
+2,4.0,4.0,14:00,3113.0,85,42.4,36.62
+2,2.5,4.25,14:00,3113.0,85,42.4,36.62
+2,4.75,2.5,14:00,3113.0,85,42.4,36.62
+2,3.25,4.75,14:00,3113.0,85,42.4,36.62
+2,3.25,4.25,14:00,3113.0,85,42.4,36.62
+2,3.75,2.5,14:00,3113.0,85,42.4,36.62
+2,4.0,2.5,14:00,3113.0,85,42.4,36.62
+2,2.75,5.0,14:00,3113.0,85,42.4,36.62
+2,2.75,4.75,14:00,3113.0,85,42.4,36.62
+2,2.0,4.0,14:00,3113.0,85,42.4,36.62
+2,5.0,3.5,14:00,3113.0,85,42.4,36.62
+2,2.25,5.0,14:00,3113.0,85,42.4,36.62
+2,2.0,5.0,14:00,3113.0,85,42.4,36.62
+2,3.5,5.0,14:00,3113.0,85,42.4,36.62
+2,2.0,4.75,14:00,3113.0,85,42.4,36.62
+2,5.0,3.0,14:00,3113.0,85,42.4,36.62
+2,2.75,3.0,14:00,3113.0,85,42.4,36.62
+2,2.0,3.0,14:00,3113.0,85,42.4,36.62
+2,2.0,2.5,14:00,3113.0,85,42.4,36.62
+2,5.0,2.5,14:00,3113.0,85,42.4,36.62
+2,2.5,4.75,14:00,3113.0,85,42.4,36.62
+2,4.25,5.0,14:00,3113.0,85,42.4,36.62
+2,4.25,4.5,14:00,3113.0,85,42.4,36.62
+2,4.25,3.0,14:00,3113.0,85,42.4,36.62
+2,4.5,4.0,14:00,3113.0,85,42.4,36.62
+2,2.75,2.5,14:00,3113.0,85,42.4,36.62
+2,4.5,3.5,14:00,3113.0,85,42.4,36.62
+2,4.5,3.0,14:00,3113.0,85,42.4,36.62
+2,3.25,2.5,14:00,3113.0,85,42.4,36.62
+2,4.5,4.25,14:00,3113.0,85,42.4,36.62
+2,3.75,5.0,14:00,3113.0,85,42.4,36.62
+2,3.75,4.5,14:00,3113.0,85,42.4,36.62
+2,4.5,3.75,14:00,3113.0,85,42.4,36.62
+2,3.25,5.0,14:00,3113.0,85,42.4,36.62
+2,3.25,4.5,14:00,3113.0,85,42.4,36.62
+2,3.75,3.75,14:00,3113.0,85,42.4,36.62
+2,3.75,4.0,14:00,3113.0,85,42.4,36.62
+2,3.75,3.5,14:00,3113.0,85,42.4,36.62
+2,2.5,5.0,14:00,3113.0,85,42.4,36.62
+2,2.0,3.5,14:00,3113.0,85,42.4,36.62
+2,3.75,4.75,14:00,3113.0,85,42.4,36.62
+2,3.75,4.25,14:00,3113.0,85,42.4,36.62
+2,3.25,3.0,14:00,3113.0,85,42.4,36.62
+2,4.5,5.0,14:00,3113.0,85,42.4,36.62
+2,4.5,4.5,14:00,3113.0,85,42.4,36.62
+2,2.0,4.25,14:00,3113.0,85,42.4,36.62
+2,2.0,4.5,14:00,3113.0,85,42.4,36.62
+2,2.0,3.75,14:00,3113.0,85,42.4,36.62
+2,4.75,4.5,14:00,3113.0,85,42.4,36.62
+2,4.75,4.0,14:00,3113.0,85,42.4,36.62
+2,2.5,3.5,14:00,3113.0,85,42.4,36.62
+2,2.5,3.75,14:00,3113.0,85,42.4,36.62
+2,3.25,3.75,14:00,3113.0,85,42.4,36.62
+2,4.75,5.0,14:00,3113.0,85,42.4,36.62
+2,4.5,4.75,14:00,3113.0,85,42.4,36.62
+2,3.5,4.25,14:00,3113.0,85,42.4,36.62
+2,3.5,3.75,14:00,3113.0,85,42.4,36.62
+2,3.5,4.0,14:00,3113.0,85,42.4,36.62
+2,2.75,4.5,14:00,3113.0,85,42.4,36.62
+2,2.25,4.25,14:00,3113.0,85,42.4,36.62
+2,4.25,4.75,14:00,3113.0,85,42.4,36.62
+2,4.25,4.25,14:00,3113.0,85,42.4,36.62
+2,2.25,4.0,14:00,3113.0,85,42.4,36.62
+3,1.5,1.25,14:00,3096.0,85,40.0,36.42
+2,1.5,1.5,13:30,3095.0,85,41.2,36.41
+2,1.75,0.75,14:00,3094.0,85,38.8,36.4
+3,1.25,1.25,14:00,3090.0,85,40.0,36.35
+2,1.5,1.75,13:30,3086.0,85,41.2,36.31
+2,1.5,2.0,13:30,3082.0,85,41.2,36.26
+3,0.75,1.25,14:00,3080.0,85,49.4,36.24
+3,1.5,1.5,14:00,3080.0,85,40.0,36.24
+2,1.5,3.25,13:30,3078.0,85,41.2,36.21
+2,1.5,2.75,13:30,3077.0,85,41.2,36.2
+2,1.5,5.0,13:30,3077.0,85,41.2,36.2
+2,1.5,2.25,13:30,3077.0,85,41.2,36.2
+2,1.5,4.75,13:30,3076.0,85,41.2,36.19
+2,1.5,3.75,13:30,3076.0,85,41.2,36.19
+2,1.5,3.5,13:30,3076.0,85,41.2,36.19
+2,1.5,2.5,13:30,3076.0,85,41.2,36.19
+2,1.5,4.0,13:30,3076.0,85,41.2,36.19
+2,1.5,3.0,13:30,3076.0,85,41.2,36.19
+2,1.5,4.25,13:30,3076.0,85,41.2,36.19
+2,1.5,4.5,13:30,3076.0,85,41.2,36.19
+3,1.25,1.5,14:00,3074.0,85,40.0,36.16
+3,1.5,1.75,14:00,3072.0,85,40.0,36.14
+3,1.5,2.0,14:00,3069.0,85,40.0,36.11
+2,1.5,1.0,13:30,3069.0,85,41.2,36.11
+3,1.5,2.25,14:00,3066.0,85,40.0,36.07
+3,1.25,1.75,14:00,3066.0,85,40.0,36.07
+3,1.5,5.0,14:00,3066.0,85,40.0,36.07
+3,1.5,3.25,14:00,3066.0,85,40.0,36.07
+3,1.5,3.75,14:00,3065.0,85,40.0,36.06
+3,1.5,4.75,14:00,3065.0,85,40.0,36.06
+3,1.5,3.5,14:00,3065.0,85,40.0,36.06
+3,1.5,4.5,14:00,3065.0,85,40.0,36.06
+3,1.5,2.75,14:00,3065.0,85,40.0,36.06
+3,1.5,2.5,14:00,3065.0,85,40.0,36.06
+3,1.5,4.25,14:00,3064.0,85,40.0,36.05
+3,0.75,1.5,14:00,3064.0,85,49.4,36.05
+3,1.5,3.0,14:00,3064.0,85,40.0,36.05
+3,1.5,4.0,14:00,3064.0,85,40.0,36.05
+3,1.25,2.0,14:00,3063.0,85,40.0,36.04
+3,1.25,2.25,14:00,3060.0,85,40.0,36.0
+3,1.25,5.0,14:00,3060.0,85,40.0,36.0
+3,1.25,3.25,14:00,3060.0,85,40.0,36.0
+3,1.25,2.75,14:00,3059.0,85,40.0,35.99
+3,1.25,3.75,14:00,3059.0,85,40.0,35.99
+3,1.25,3.5,14:00,3059.0,85,40.0,35.99
+3,1.25,2.5,14:00,3059.0,85,40.0,35.99
+3,1.25,4.5,14:00,3059.0,85,40.0,35.99
+3,1.25,4.75,14:00,3059.0,85,40.0,35.99
+3,1.25,3.0,14:00,3058.0,85,40.0,35.98
+3,1.25,4.25,14:00,3058.0,85,40.0,35.98
+3,1.25,4.0,14:00,3058.0,85,40.0,35.98
+3,0.75,1.75,14:00,3056.0,85,49.4,35.95
+3,0.75,2.0,14:00,3053.0,85,49.4,35.92
+3,0.75,3.25,14:00,3050.0,85,49.4,35.88
+3,0.75,5.0,14:00,3050.0,85,49.4,35.88
+3,0.75,2.25,14:00,3050.0,85,49.4,35.88
+3,0.75,4.75,14:00,3049.0,85,49.4,35.87
+3,0.75,2.5,14:00,3049.0,85,49.4,35.87
+3,0.75,3.75,14:00,3049.0,85,49.4,35.87
+3,0.75,3.5,14:00,3049.0,85,49.4,35.87
+3,0.75,4.5,14:00,3049.0,85,49.4,35.87
+3,0.75,2.75,14:00,3049.0,85,49.4,35.87
+3,0.75,4.25,14:00,3048.0,85,49.4,35.86
+3,0.75,3.0,14:00,3048.0,85,49.4,35.86
+3,0.75,4.0,14:00,3048.0,85,49.4,35.86
+3,0.75,1.25,13:30,3046.0,85,50.6,35.84
+3,1.75,1.0,14:00,3043.0,85,40.0,35.8
+2,0.75,1.0,14:00,3041.0,85,49.4,35.78
+2,5.0,1.25,13:30,3037.0,85,41.2,35.73
+2,2.25,1.25,13:30,3037.0,85,41.2,35.73
+2,2.0,1.25,13:30,3037.0,85,41.2,35.73
+2,2.5,1.25,13:30,3037.0,85,41.2,35.73
+2,4.25,1.25,13:30,3037.0,85,41.2,35.73
+2,3.25,1.25,13:30,3037.0,85,41.2,35.73
+2,4.5,1.25,13:30,3037.0,85,41.2,35.73
+2,2.75,1.25,13:30,3037.0,85,41.2,35.73
+2,4.75,1.25,13:30,3037.0,85,41.2,35.73
+2,3.5,1.25,13:30,3037.0,85,41.2,35.73
+2,3.0,1.25,13:30,3037.0,85,41.2,35.73
+2,3.75,1.25,13:30,3037.0,85,41.2,35.73
+2,4.0,1.25,13:30,3037.0,85,41.2,35.73
+3,0.75,1.5,13:30,3031.0,85,50.6,35.66
+2,1.25,0.75,13:30,3029.0,85,38.8,35.64
+3,0.75,1.75,13:30,3023.0,85,50.6,35.56
+3,0.75,1.0,13:30,3023.0,85,50.6,35.56
+3,0.75,2.0,13:30,3020.0,85,50.6,35.53
+2,3.25,1.5,13:30,3017.0,85,41.2,35.49
+2,3.0,1.5,13:30,3017.0,85,41.2,35.49
+2,3.5,1.5,13:30,3017.0,85,41.2,35.49
+2,4.5,1.5,13:30,3017.0,85,41.2,35.49
+3,1.75,1.25,13:30,3017.0,85,41.2,35.49
+2,4.75,1.5,13:30,3017.0,85,41.2,35.49
+2,3.75,1.5,13:30,3017.0,85,41.2,35.49
+3,0.75,2.25,13:30,3017.0,85,50.6,35.49
+2,2.5,1.5,13:30,3017.0,85,41.2,35.49
+2,5.0,1.5,13:30,3017.0,85,41.2,35.49
+2,4.25,1.5,13:30,3017.0,85,41.2,35.49
+2,4.0,1.5,13:30,3017.0,85,41.2,35.49
+2,2.25,1.5,13:30,3017.0,85,41.2,35.49
+2,2.75,1.5,13:30,3017.0,85,41.2,35.49
+3,0.75,3.25,13:30,3017.0,85,50.6,35.49
+2,2.0,1.5,13:30,3017.0,85,41.2,35.49
+3,0.75,4.75,13:30,3016.0,85,50.6,35.48
+3,0.75,2.5,13:30,3016.0,85,50.6,35.48
+3,0.75,2.75,13:30,3016.0,85,50.6,35.48
+3,0.75,5.0,13:30,3016.0,85,50.6,35.48
+3,0.75,4.5,13:30,3016.0,85,50.6,35.48
+3,0.75,3.5,13:30,3016.0,85,50.6,35.48
+3,0.75,3.75,13:30,3016.0,85,50.6,35.48
+3,0.75,4.0,13:30,3015.0,85,50.6,35.47
+3,0.75,3.0,13:30,3015.0,85,50.6,35.47
+3,0.75,4.25,13:30,3015.0,85,50.6,35.47
+3,1.25,1.25,13:30,3009.0,85,41.2,35.4
+2,4.0,1.75,13:30,3008.0,85,41.2,35.39
+2,3.25,1.75,13:30,3008.0,85,41.2,35.39
+2,2.0,1.75,13:30,3008.0,85,41.2,35.39
+2,5.0,1.75,13:30,3008.0,85,41.2,35.39
+2,4.25,1.75,13:30,3008.0,85,41.2,35.39
+2,3.5,1.75,13:30,3008.0,85,41.2,35.39
+2,3.75,1.75,13:30,3008.0,85,41.2,35.39
+2,4.5,1.75,13:30,3008.0,85,41.2,35.39
+2,2.75,1.75,13:30,3008.0,85,41.2,35.39
+2,2.5,1.75,13:30,3008.0,85,41.2,35.39
+2,2.25,1.75,13:30,3008.0,85,41.2,35.39
+2,4.75,1.75,13:30,3008.0,85,41.2,35.39
+2,3.0,1.75,13:30,3008.0,85,41.2,35.39
+2,4.75,2.0,13:30,3004.0,85,41.2,35.34
+2,3.5,2.0,13:30,3004.0,85,41.2,35.34
+2,2.25,2.0,13:30,3004.0,85,41.2,35.34
+2,4.25,2.0,13:30,3004.0,85,41.2,35.34
+2,2.5,2.0,13:30,3004.0,85,41.2,35.34
+2,2.0,2.0,13:30,3004.0,85,41.2,35.34
+2,3.25,2.0,13:30,3004.0,85,41.2,35.34
+2,4.0,2.0,13:30,3004.0,85,41.2,35.34
+2,2.75,2.0,13:30,3004.0,85,41.2,35.34
+2,5.0,2.0,13:30,3004.0,85,41.2,35.34
+2,4.5,2.0,13:30,3004.0,85,41.2,35.34
+2,3.0,2.0,13:30,3004.0,85,41.2,35.34
+2,3.75,2.0,13:30,3004.0,85,41.2,35.34
+3,1.75,1.5,13:30,3002.0,85,41.2,35.32
+2,3.5,3.25,13:30,3000.0,85,41.2,35.29
+2,5.0,3.25,13:30,3000.0,85,41.2,35.29
+2,4.25,3.25,13:30,3000.0,85,41.2,35.29
+2,2.75,3.25,13:30,3000.0,85,41.2,35.29
+2,3.25,3.25,13:30,3000.0,85,41.2,35.29
+2,2.0,3.25,13:30,3000.0,85,41.2,35.29
+2,4.75,3.25,13:30,3000.0,85,41.2,35.29
+2,3.75,3.25,13:30,3000.0,85,41.2,35.29
+2,2.5,3.25,13:30,3000.0,85,41.2,35.29
+2,2.25,3.25,13:30,3000.0,85,41.2,35.29
+2,4.0,3.25,13:30,3000.0,85,41.2,35.29
+2,4.5,3.25,13:30,3000.0,85,41.2,35.29
+2,3.0,3.25,13:30,3000.0,85,41.2,35.29
+2,4.75,5.0,13:30,2999.0,85,41.2,35.28
+2,2.25,2.25,13:30,2999.0,85,41.2,35.28
+2,5.0,5.0,13:30,2999.0,85,41.2,35.28
+2,3.5,2.25,13:30,2999.0,85,41.2,35.28
+2,3.25,5.0,13:30,2999.0,85,41.2,35.28
+2,4.5,5.0,13:30,2999.0,85,41.2,35.28
+2,3.0,2.75,13:30,2999.0,85,41.2,35.28
+2,2.5,2.25,13:30,2999.0,85,41.2,35.28
+2,3.75,5.0,13:30,2999.0,85,41.2,35.28
+2,3.25,2.25,13:30,2999.0,85,41.2,35.28
+2,2.75,2.75,13:30,2999.0,85,41.2,35.28
+2,4.5,2.75,13:30,2999.0,85,41.2,35.28
+2,2.75,2.25,13:30,2999.0,85,41.2,35.28
+2,2.5,5.0,13:30,2999.0,85,41.2,35.28
+2,2.25,5.0,13:30,2999.0,85,41.2,35.28
+2,4.0,5.0,13:30,2999.0,85,41.2,35.28
+2,2.0,5.0,13:30,2999.0,85,41.2,35.28
+2,3.5,5.0,13:30,2999.0,85,41.2,35.28
+2,5.0,2.25,13:30,2999.0,85,41.2,35.28
+2,2.0,2.75,13:30,2999.0,85,41.2,35.28
+2,5.0,2.75,13:30,2999.0,85,41.2,35.28
+2,3.25,2.75,13:30,2999.0,85,41.2,35.28
+2,4.25,5.0,13:30,2999.0,85,41.2,35.28
+2,3.75,2.25,13:30,2999.0,85,41.2,35.28
+2,2.5,2.75,13:30,2999.0,85,41.2,35.28
+2,2.0,2.25,13:30,2999.0,85,41.2,35.28
+2,2.75,5.0,13:30,2999.0,85,41.2,35.28
+2,4.0,2.75,13:30,2999.0,85,41.2,35.28
+2,4.75,2.75,13:30,2999.0,85,41.2,35.28
+2,4.75,2.25,13:30,2999.0,85,41.2,35.28
+2,3.0,5.0,13:30,2999.0,85,41.2,35.28
+2,2.25,2.75,13:30,2999.0,85,41.2,35.28
+2,4.0,2.25,13:30,2999.0,85,41.2,35.28
+2,4.25,2.25,13:30,2999.0,85,41.2,35.28
+2,4.25,2.75,13:30,2999.0,85,41.2,35.28
+2,4.5,2.25,13:30,2999.0,85,41.2,35.28
+2,3.75,2.75,13:30,2999.0,85,41.2,35.28
+2,3.0,2.25,13:30,2999.0,85,41.2,35.28
+2,3.5,2.75,13:30,2999.0,85,41.2,35.28
+2,4.25,4.25,13:30,2998.0,85,41.2,35.27
+2,4.25,4.75,13:30,2998.0,85,41.2,35.27
+2,2.25,4.5,13:30,2998.0,85,41.2,35.27
+2,3.0,2.5,13:30,2998.0,85,41.2,35.27
+2,3.25,4.0,13:30,2998.0,85,41.2,35.27
+2,4.25,3.75,13:30,2998.0,85,41.2,35.27
+2,3.5,3.75,13:30,2998.0,85,41.2,35.27
+2,2.25,3.75,13:30,2998.0,85,41.2,35.27
+2,3.25,4.5,13:30,2998.0,85,41.2,35.27
+2,5.0,3.75,13:30,2998.0,85,41.2,35.27
+2,5.0,4.25,13:30,2998.0,85,41.2,35.27
+2,5.0,4.0,13:30,2998.0,85,41.2,35.27
+2,5.0,4.5,13:30,2998.0,85,41.2,35.27
+2,3.5,4.25,13:30,2998.0,85,41.2,35.27
+2,3.0,4.75,13:30,2998.0,85,41.2,35.27
+2,4.0,4.0,13:30,2998.0,85,41.2,35.27
+2,4.0,3.75,13:30,2998.0,85,41.2,35.27
+2,2.75,3.75,13:30,2998.0,85,41.2,35.27
+2,4.5,2.5,13:30,2998.0,85,41.2,35.27
+2,4.0,3.0,13:30,2998.0,85,41.2,35.27
+2,4.0,3.5,13:30,2998.0,85,41.2,35.27
+2,3.0,4.25,13:30,2998.0,85,41.2,35.27
+2,2.75,4.0,13:30,2998.0,85,41.2,35.27
+2,3.5,3.5,13:30,2998.0,85,41.2,35.27
+2,5.0,3.5,13:30,2998.0,85,41.2,35.27
+2,4.75,3.0,13:30,2998.0,85,41.2,35.27
+2,4.75,3.5,13:30,2998.0,85,41.2,35.27
+2,3.25,3.5,13:30,2998.0,85,41.2,35.27
+2,2.5,4.0,13:30,2998.0,85,41.2,35.27
+2,4.25,3.5,13:30,2998.0,85,41.2,35.27
+2,4.25,4.0,13:30,2998.0,85,41.2,35.27
+2,2.0,3.75,13:30,2998.0,85,41.2,35.27
+2,3.25,4.25,13:30,2998.0,85,41.2,35.27
+2,3.25,4.75,13:30,2998.0,85,41.2,35.27
+2,4.75,2.5,13:30,2998.0,85,41.2,35.27
+2,3.75,3.0,13:30,2998.0,85,41.2,35.27
+2,2.75,4.75,13:30,2998.0,85,41.2,35.27
+2,4.0,2.5,13:30,2998.0,85,41.2,35.27
+2,3.75,2.5,13:30,2998.0,85,41.2,35.27
+2,2.75,3.0,13:30,2998.0,85,41.2,35.27
+2,5.0,3.0,13:30,2998.0,85,41.2,35.27
+2,2.0,4.75,13:30,2998.0,85,41.2,35.27
+2,2.0,4.25,13:30,2998.0,85,41.2,35.27
+2,2.0,4.0,13:30,2998.0,85,41.2,35.27
+2,2.25,4.75,13:30,2998.0,85,41.2,35.27
+2,3.5,4.75,13:30,2998.0,85,41.2,35.27
+2,3.5,4.5,13:30,2998.0,85,41.2,35.27
+2,4.25,3.0,13:30,2998.0,85,41.2,35.27
+2,4.25,4.5,13:30,2998.0,85,41.2,35.27
+2,2.5,4.25,13:30,2998.0,85,41.2,35.27
+2,2.5,4.75,13:30,2998.0,85,41.2,35.27
+2,5.0,2.5,13:30,2998.0,85,41.2,35.27
+2,4.25,2.5,13:30,2998.0,85,41.2,35.27
+2,3.0,3.5,13:30,2998.0,85,41.2,35.27
+2,4.0,4.5,13:30,2998.0,85,41.2,35.27
+2,3.0,4.0,13:30,2998.0,85,41.2,35.27
+2,3.0,4.5,13:30,2998.0,85,41.2,35.27
+2,2.5,3.0,13:30,2998.0,85,41.2,35.27
+2,4.75,4.75,13:30,2998.0,85,41.2,35.27
+2,2.0,2.5,13:30,2998.0,85,41.2,35.27
+2,2.5,2.5,13:30,2998.0,85,41.2,35.27
+2,2.5,4.5,13:30,2998.0,85,41.2,35.27
+2,4.5,4.25,13:30,2998.0,85,41.2,35.27
+2,4.5,4.0,13:30,2998.0,85,41.2,35.27
+2,4.5,3.75,13:30,2998.0,85,41.2,35.27
+2,3.75,4.5,13:30,2998.0,85,41.2,35.27
+2,4.5,3.0,13:30,2998.0,85,41.2,35.27
+2,4.5,3.5,13:30,2998.0,85,41.2,35.27
+2,2.75,2.5,13:30,2998.0,85,41.2,35.27
+2,4.0,4.25,13:30,2998.0,85,41.2,35.27
+2,4.0,4.75,13:30,2998.0,85,41.2,35.27
+2,3.0,3.75,13:30,2998.0,85,41.2,35.27
+2,2.75,4.25,13:30,2998.0,85,41.2,35.27
+2,2.75,3.5,13:30,2998.0,85,41.2,35.27
+2,3.0,3.0,13:30,2998.0,85,41.2,35.27
+2,4.5,4.5,13:30,2998.0,85,41.2,35.27
+2,3.25,2.5,13:30,2998.0,85,41.2,35.27
+2,3.25,3.0,13:30,2998.0,85,41.2,35.27
+2,3.75,4.25,13:30,2998.0,85,41.2,35.27
+2,3.75,4.75,13:30,2998.0,85,41.2,35.27
+2,2.0,3.0,13:30,2998.0,85,41.2,35.27
+2,2.0,3.5,13:30,2998.0,85,41.2,35.27
+2,3.75,3.5,13:30,2998.0,85,41.2,35.27
+2,3.75,4.0,13:30,2998.0,85,41.2,35.27
+2,2.5,3.75,13:30,2998.0,85,41.2,35.27
+2,2.5,3.5,13:30,2998.0,85,41.2,35.27
+2,4.75,4.5,13:30,2998.0,85,41.2,35.27
+2,4.5,4.75,13:30,2998.0,85,41.2,35.27
+2,2.0,4.5,13:30,2998.0,85,41.2,35.27
+2,2.75,4.5,13:30,2998.0,85,41.2,35.27
+2,3.5,4.0,13:30,2998.0,85,41.2,35.27
+2,3.75,3.75,13:30,2998.0,85,41.2,35.27
+2,2.25,3.0,13:30,2998.0,85,41.2,35.27
+2,5.0,4.75,13:30,2998.0,85,41.2,35.27
+2,4.75,4.0,13:30,2998.0,85,41.2,35.27
+2,4.75,3.75,13:30,2998.0,85,41.2,35.27
+2,4.75,4.25,13:30,2998.0,85,41.2,35.27
+2,3.25,3.75,13:30,2998.0,85,41.2,35.27
+2,2.25,4.25,13:30,2998.0,85,41.2,35.27
+2,2.25,4.0,13:30,2998.0,85,41.2,35.27
+2,2.25,3.5,13:30,2998.0,85,41.2,35.27
+2,3.5,3.0,13:30,2998.0,85,41.2,35.27
+2,2.25,2.5,13:30,2998.0,85,41.2,35.27
+2,3.5,2.5,13:30,2998.0,85,41.2,35.27
+3,1.5,1.25,13:30,2995.0,85,41.2,35.24
+3,1.75,1.75,13:30,2994.0,85,41.2,35.22
+3,1.25,1.5,13:30,2994.0,85,41.2,35.22
+3,1.75,1.0,13:30,2994.0,85,41.2,35.22
+2,4.25,1.0,13:30,2991.0,85,41.2,35.19
+3,1.75,2.0,13:30,2991.0,85,41.2,35.19
+2,4.5,1.0,13:30,2991.0,85,41.2,35.19
+2,2.0,1.0,13:30,2991.0,85,41.2,35.19
+2,5.0,1.0,13:30,2991.0,85,41.2,35.19
+2,3.0,1.0,13:30,2991.0,85,41.2,35.19
+2,4.75,1.0,13:30,2991.0,85,41.2,35.19
+2,2.75,1.0,13:30,2991.0,85,41.2,35.19
+2,4.0,1.0,13:30,2991.0,85,41.2,35.19
+2,3.25,1.0,13:30,2991.0,85,41.2,35.19
+2,3.75,1.0,13:30,2991.0,85,41.2,35.19
+2,3.5,1.0,13:30,2991.0,85,41.2,35.19
+2,2.25,1.0,13:30,2991.0,85,41.2,35.19
+2,2.5,1.0,13:30,2991.0,85,41.2,35.19
+3,1.75,3.25,13:30,2988.0,85,41.2,35.15
+3,1.75,2.25,13:30,2988.0,85,41.2,35.15
+3,1.75,5.0,13:30,2987.0,85,41.2,35.14
+3,1.75,4.75,13:30,2987.0,85,41.2,35.14
+3,1.75,2.75,13:30,2987.0,85,41.2,35.14
+3,1.75,2.5,13:30,2987.0,85,41.2,35.14
+3,1.75,4.5,13:30,2987.0,85,41.2,35.14
+3,1.75,3.5,13:30,2987.0,85,41.2,35.14
+3,1.75,3.75,13:30,2987.0,85,41.2,35.14
+3,1.75,4.0,13:30,2986.0,85,41.2,35.13
+3,1.75,3.0,13:30,2986.0,85,41.2,35.13
+3,1.25,1.75,13:30,2986.0,85,41.2,35.13
+3,1.75,4.25,13:30,2986.0,85,41.2,35.13
+3,1.25,1.0,13:30,2986.0,85,41.2,35.13
+3,1.25,2.0,13:30,2983.0,85,41.2,35.09
+3,1.25,2.25,13:30,2980.0,85,41.2,35.06
+3,1.5,1.5,13:30,2980.0,85,41.2,35.06
+3,1.25,3.25,13:30,2980.0,85,41.2,35.06
+3,1.25,4.5,13:30,2979.0,85,41.2,35.05
+3,1.25,3.75,13:30,2979.0,85,41.2,35.05
+3,1.25,2.5,13:30,2979.0,85,41.2,35.05
+3,1.25,2.75,13:30,2979.0,85,41.2,35.05
+3,1.25,4.75,13:30,2979.0,85,41.2,35.05
+3,1.25,5.0,13:30,2979.0,85,41.2,35.05
+3,1.25,3.5,13:30,2979.0,85,41.2,35.05
+3,1.25,3.0,13:30,2978.0,85,41.2,35.04
+3,1.25,4.0,13:30,2978.0,85,41.2,35.04
+3,1.25,4.25,13:30,2978.0,85,41.2,35.04
+2,1.25,0.75,14:00,2977.0,85,38.8,35.02
+3,1.5,1.0,13:30,2972.0,85,41.2,34.96
+3,1.5,1.75,13:30,2972.0,85,41.2,34.96
+3,1.5,2.0,13:30,2969.0,85,41.2,34.93
+3,1.5,3.25,13:30,2966.0,85,41.2,34.89
+3,1.5,2.25,13:30,2966.0,85,41.2,34.89
+3,1.5,5.0,13:30,2965.0,85,41.2,34.88
+3,1.5,3.75,13:30,2965.0,85,41.2,34.88
+3,1.5,2.75,13:30,2965.0,85,41.2,34.88
+3,1.5,4.5,13:30,2965.0,85,41.2,34.88
+3,1.5,4.75,13:30,2965.0,85,41.2,34.88
+3,1.5,3.5,13:30,2965.0,85,41.2,34.88
+3,1.5,2.5,13:30,2965.0,85,41.2,34.88
+3,1.5,4.25,13:30,2964.0,85,41.2,34.87
+3,1.5,4.0,13:30,2964.0,85,41.2,34.87
+3,1.5,3.0,13:30,2964.0,85,41.2,34.87
+2,1.0,1.25,14:00,2964.0,85,43.5,34.87
+2,1.75,0.75,13:30,2960.0,85,38.8,34.82
+2,1.0,1.5,14:00,2941.0,85,43.5,34.6
+3,0.75,1.0,14:00,2940.0,85,49.4,34.59
+2,1.0,1.75,14:00,2930.0,85,43.5,34.47
+2,1.0,2.0,14:00,2926.0,85,43.5,34.42
+2,1.5,0.75,14:00,2926.0,85,38.8,34.42
+2,1.0,3.25,14:00,2922.0,85,43.5,34.38
+2,1.0,2.75,14:00,2921.0,85,43.5,34.36
+2,1.0,2.25,14:00,2921.0,85,43.5,34.36
+2,2.5,1.0,14:00,2920.0,85,41.2,34.35
+2,3.75,1.0,14:00,2920.0,85,41.2,34.35
+2,3.5,1.0,14:00,2920.0,85,41.2,34.35
+2,2.25,1.0,14:00,2920.0,85,41.2,34.35
+2,1.0,3.5,14:00,2920.0,85,43.5,34.35
+2,1.0,2.5,14:00,2920.0,85,43.5,34.35
+2,1.0,3.0,14:00,2920.0,85,43.5,34.35
+2,1.0,4.25,14:00,2920.0,85,43.5,34.35
+2,4.25,1.0,14:00,2920.0,85,41.2,34.35
+2,1.0,4.0,14:00,2920.0,85,43.5,34.35
+2,4.5,1.0,14:00,2920.0,85,41.2,34.35
+2,4.0,1.0,14:00,2920.0,85,41.2,34.35
+2,2.75,1.0,14:00,2920.0,85,41.2,34.35
+2,5.0,1.0,14:00,2920.0,85,41.2,34.35
+2,2.0,1.0,14:00,2920.0,85,41.2,34.35
+2,1.0,5.0,14:00,2920.0,85,43.5,34.35
+2,1.0,3.75,14:00,2920.0,85,43.5,34.35
+2,1.0,4.5,14:00,2920.0,85,43.5,34.35
+2,1.0,4.75,14:00,2920.0,85,43.5,34.35
+2,3.0,1.0,14:00,2920.0,85,41.2,34.35
+2,4.75,1.0,14:00,2920.0,85,41.2,34.35
+2,3.25,1.0,14:00,2920.0,85,41.2,34.35
+3,1.5,1.0,14:00,2917.0,85,40.0,34.32
+3,1.25,1.0,14:00,2911.0,85,40.0,34.25
+2,1.5,0.75,13:30,2907.0,85,38.8,34.2
+3,1.75,0.75,14:00,2877.0,85,37.6,33.85
+2,0.75,0.75,13:30,2844.0,85,47.1,33.46
+3,1.75,0.75,13:30,2836.0,85,38.8,33.36
+3,2.0,1.25,14:00,2829.0,85,40.0,33.28
+2,4.25,0.75,13:30,2829.0,85,38.8,33.28
+2,3.25,0.75,13:30,2829.0,85,38.8,33.28
+3,3.25,1.25,14:00,2829.0,85,40.0,33.28
+2,4.5,0.75,13:30,2829.0,85,38.8,33.28
+3,4.75,1.25,14:00,2829.0,85,40.0,33.28
+3,4.25,1.25,14:00,2829.0,85,40.0,33.28
+2,3.0,0.75,13:30,2829.0,85,38.8,33.28
+2,4.75,0.75,13:30,2829.0,85,38.8,33.28
+3,4.0,1.25,14:00,2829.0,85,40.0,33.28
+2,4.0,0.75,13:30,2829.0,85,38.8,33.28
+3,2.25,1.25,14:00,2829.0,85,40.0,33.28
+3,3.75,1.25,14:00,2829.0,85,40.0,33.28
+2,2.75,0.75,13:30,2829.0,85,38.8,33.28
+3,3.0,1.25,14:00,2829.0,85,40.0,33.28
+2,1.0,1.25,13:30,2829.0,85,42.4,33.28
+2,3.5,0.75,13:30,2829.0,85,38.8,33.28
+2,2.0,0.75,13:30,2829.0,85,38.8,33.28
+2,5.0,0.75,13:30,2829.0,85,38.8,33.28
+3,2.5,1.25,14:00,2829.0,85,40.0,33.28
+2,2.25,0.75,13:30,2829.0,85,38.8,33.28
+3,4.5,1.25,14:00,2829.0,85,40.0,33.28
+2,3.75,0.75,13:30,2829.0,85,38.8,33.28
+3,5.0,1.25,14:00,2829.0,85,40.0,33.28
+2,2.5,0.75,13:30,2829.0,85,38.8,33.28
+3,2.75,1.25,14:00,2829.0,85,40.0,33.28
+3,3.5,1.25,14:00,2829.0,85,40.0,33.28
+3,1.25,0.75,13:30,2828.0,85,38.8,33.27
+3,3.0,1.25,13:30,2822.0,85,41.2,33.2
+3,4.25,1.25,13:30,2822.0,85,41.2,33.2
+3,3.75,1.25,13:30,2822.0,85,41.2,33.2
+3,2.25,1.25,13:30,2822.0,85,41.2,33.2
+3,3.25,1.25,13:30,2822.0,85,41.2,33.2
+3,2.5,1.25,13:30,2822.0,85,41.2,33.2
+3,5.0,1.25,13:30,2822.0,85,41.2,33.2
+3,4.5,1.25,13:30,2822.0,85,41.2,33.2
+3,2.0,1.25,13:30,2822.0,85,41.2,33.2
+3,4.0,1.25,13:30,2822.0,85,41.2,33.2
+3,2.75,1.25,13:30,2822.0,85,41.2,33.2
+3,3.5,1.25,13:30,2822.0,85,41.2,33.2
+3,4.75,1.25,13:30,2822.0,85,41.2,33.2
+3,1.5,0.75,13:30,2814.0,85,38.8,33.11
+3,4.75,1.5,14:00,2813.0,85,40.0,33.09
+3,2.25,1.5,14:00,2813.0,85,40.0,33.09
+3,3.75,1.5,14:00,2813.0,85,40.0,33.09
+3,4.0,1.5,14:00,2813.0,85,40.0,33.09
+3,4.25,1.5,14:00,2813.0,85,40.0,33.09
+3,2.75,1.5,14:00,2813.0,85,40.0,33.09
+3,4.5,1.5,14:00,2813.0,85,40.0,33.09
+3,2.0,1.5,14:00,2813.0,85,40.0,33.09
+3,5.0,1.5,14:00,2813.0,85,40.0,33.09
+3,3.25,1.5,14:00,2813.0,85,40.0,33.09
+3,2.5,1.5,14:00,2813.0,85,40.0,33.09
+3,3.0,1.5,14:00,2813.0,85,40.0,33.09
+3,3.5,1.5,14:00,2813.0,85,40.0,33.09
+2,1.0,1.5,13:30,2809.0,85,42.4,33.05
+3,3.25,1.5,13:30,2807.0,85,41.2,33.02
+3,2.0,1.5,13:30,2807.0,85,41.2,33.02
+3,2.5,1.5,13:30,2807.0,85,41.2,33.02
+3,5.0,1.5,13:30,2807.0,85,41.2,33.02
+3,2.75,1.5,13:30,2807.0,85,41.2,33.02
+3,3.5,1.5,13:30,2807.0,85,41.2,33.02
+3,4.5,1.5,13:30,2807.0,85,41.2,33.02
+3,3.0,1.5,13:30,2807.0,85,41.2,33.02
+3,4.0,1.5,13:30,2807.0,85,41.2,33.02
+3,4.75,1.5,13:30,2807.0,85,41.2,33.02
+3,3.75,1.5,13:30,2807.0,85,41.2,33.02
+3,4.25,1.5,13:30,2807.0,85,41.2,33.02
+3,2.25,1.5,13:30,2807.0,85,41.2,33.02
+3,4.5,1.75,14:00,2805.0,85,40.0,33.0
+3,2.0,1.75,14:00,2805.0,85,40.0,33.0
+3,2.25,1.75,14:00,2805.0,85,40.0,33.0
+3,2.75,1.75,14:00,2805.0,85,40.0,33.0
+3,3.0,1.75,14:00,2805.0,85,40.0,33.0
+3,5.0,1.75,14:00,2805.0,85,40.0,33.0
+3,4.75,1.75,14:00,2805.0,85,40.0,33.0
+3,4.25,1.75,14:00,2805.0,85,40.0,33.0
+3,3.25,1.75,14:00,2805.0,85,40.0,33.0
+3,2.5,1.75,14:00,2805.0,85,40.0,33.0
+3,3.5,1.75,14:00,2805.0,85,40.0,33.0
+3,4.0,1.75,14:00,2805.0,85,40.0,33.0
+3,3.75,1.75,14:00,2805.0,85,40.0,33.0
+3,3.75,2.0,14:00,2802.0,85,40.0,32.96
+3,3.25,2.0,14:00,2802.0,85,40.0,32.96
+3,4.5,2.0,14:00,2802.0,85,40.0,32.96
+3,4.25,2.0,14:00,2802.0,85,40.0,32.96
+3,3.5,2.0,14:00,2802.0,85,40.0,32.96
+3,2.25,2.0,14:00,2802.0,85,40.0,32.96
+3,4.75,2.0,14:00,2802.0,85,40.0,32.96
+3,5.0,2.0,14:00,2802.0,85,40.0,32.96
+3,4.0,2.0,14:00,2802.0,85,40.0,32.96
+3,3.0,2.0,14:00,2802.0,85,40.0,32.96
+3,2.0,2.0,14:00,2802.0,85,40.0,32.96
+3,2.5,2.0,14:00,2802.0,85,40.0,32.96
+3,2.75,2.0,14:00,2802.0,85,40.0,32.96
+2,1.0,1.75,13:30,2800.0,85,42.4,32.94
+3,3.75,1.0,13:30,2799.0,85,41.2,32.93
+3,2.25,2.25,14:00,2799.0,85,40.0,32.93
+3,4.75,1.75,13:30,2799.0,85,41.2,32.93
+3,3.0,3.25,14:00,2799.0,85,40.0,32.93
+3,2.25,1.75,13:30,2799.0,85,41.2,32.93
+3,4.25,1.0,13:30,2799.0,85,41.2,32.93
+3,2.5,5.0,14:00,2799.0,85,40.0,32.93
+3,2.75,2.25,14:00,2799.0,85,40.0,32.93
+3,5.0,5.0,14:00,2799.0,85,40.0,32.93
+3,2.75,1.75,13:30,2799.0,85,41.2,32.93
+3,4.25,1.75,13:30,2799.0,85,41.2,32.93
+3,4.0,3.25,14:00,2799.0,85,40.0,32.93
+3,3.75,1.75,13:30,2799.0,85,41.2,32.93
+3,2.75,3.25,14:00,2799.0,85,40.0,32.93
+3,2.0,5.0,14:00,2799.0,85,40.0,32.93
+3,3.5,2.25,14:00,2799.0,85,40.0,32.93
+3,3.5,1.75,13:30,2799.0,85,41.2,32.93
+3,2.75,1.0,13:30,2799.0,85,41.2,32.93
+3,5.0,3.25,14:00,2799.0,85,40.0,32.93
+3,2.25,5.0,14:00,2799.0,85,40.0,32.93
+3,2.5,1.0,13:30,2799.0,85,41.2,32.93
+3,5.0,1.0,13:30,2799.0,85,41.2,32.93
+3,4.0,5.0,14:00,2799.0,85,40.0,32.93
+3,2.5,1.75,13:30,2799.0,85,41.2,32.93
+3,4.75,5.0,14:00,2799.0,85,40.0,32.93
+3,4.0,2.25,14:00,2799.0,85,40.0,32.93
+3,2.75,5.0,14:00,2799.0,85,40.0,32.93
+3,2.0,1.75,13:30,2799.0,85,41.2,32.93
+3,2.0,2.25,14:00,2799.0,85,40.0,32.93
+3,2.5,2.25,14:00,2799.0,85,40.0,32.93
+3,4.0,1.0,13:30,2799.0,85,41.2,32.93
+3,4.25,2.25,14:00,2799.0,85,40.0,32.93
+3,3.0,2.25,14:00,2799.0,85,40.0,32.93
+3,4.75,3.25,14:00,2799.0,85,40.0,32.93
+3,3.25,1.75,13:30,2799.0,85,41.2,32.93
+3,5.0,2.25,14:00,2799.0,85,40.0,32.93
+3,4.5,1.75,13:30,2799.0,85,41.2,32.93
+3,2.5,3.25,14:00,2799.0,85,40.0,32.93
+3,3.5,5.0,14:00,2799.0,85,40.0,32.93
+3,4.5,3.25,14:00,2799.0,85,40.0,32.93
+3,2.25,3.25,14:00,2799.0,85,40.0,32.93
+3,3.0,1.75,13:30,2799.0,85,41.2,32.93
+3,3.75,5.0,14:00,2799.0,85,40.0,32.93
+3,2.0,1.0,13:30,2799.0,85,41.2,32.93
+3,4.25,3.25,14:00,2799.0,85,40.0,32.93
+3,3.0,1.0,13:30,2799.0,85,41.2,32.93
+3,3.75,3.25,14:00,2799.0,85,40.0,32.93
+3,4.75,1.0,13:30,2799.0,85,41.2,32.93
+3,4.25,5.0,14:00,2799.0,85,40.0,32.93
+3,3.5,1.0,13:30,2799.0,85,41.2,32.93
+3,3.25,5.0,14:00,2799.0,85,40.0,32.93
+3,4.5,2.25,14:00,2799.0,85,40.0,32.93
+3,4.0,1.75,13:30,2799.0,85,41.2,32.93
+3,4.5,5.0,14:00,2799.0,85,40.0,32.93
+3,2.25,1.0,13:30,2799.0,85,41.2,32.93
+3,3.0,5.0,14:00,2799.0,85,40.0,32.93
+3,3.5,3.25,14:00,2799.0,85,40.0,32.93
+3,3.25,2.25,14:00,2799.0,85,40.0,32.93
+3,2.0,3.25,14:00,2799.0,85,40.0,32.93
+3,3.75,2.25,14:00,2799.0,85,40.0,32.93
+3,4.75,2.25,14:00,2799.0,85,40.0,32.93
+3,3.25,1.0,13:30,2799.0,85,41.2,32.93
+3,3.25,3.25,14:00,2799.0,85,40.0,32.93
+3,4.5,1.0,13:30,2799.0,85,41.2,32.93
+3,5.0,1.75,13:30,2799.0,85,41.2,32.93
+3,3.75,3.75,14:00,2798.0,85,40.0,32.92
+3,3.75,3.5,14:00,2798.0,85,40.0,32.92
+3,3.0,3.75,14:00,2798.0,85,40.0,32.92
+3,4.25,4.75,14:00,2798.0,85,40.0,32.92
+3,3.0,4.75,14:00,2798.0,85,40.0,32.92
+3,3.0,3.5,14:00,2798.0,85,40.0,32.92
+3,5.0,4.5,14:00,2798.0,85,40.0,32.92
+3,2.75,2.5,14:00,2798.0,85,40.0,32.92
+3,4.5,2.5,14:00,2798.0,85,40.0,32.92
+3,5.0,4.75,14:00,2798.0,85,40.0,32.92
+3,4.75,3.75,14:00,2798.0,85,40.0,32.92
+3,4.5,2.75,14:00,2798.0,85,40.0,32.92
+3,3.25,2.5,14:00,2798.0,85,40.0,32.92
+3,3.25,4.5,14:00,2798.0,85,40.0,32.92
+3,4.25,2.75,14:00,2798.0,85,40.0,32.92
+3,5.0,2.5,14:00,2798.0,85,40.0,32.92
+3,4.25,4.5,14:00,2798.0,85,40.0,32.92
+3,3.5,3.75,14:00,2798.0,85,40.0,32.92
+3,3.25,4.75,14:00,2798.0,85,40.0,32.92
+3,3.75,4.5,14:00,2798.0,85,40.0,32.92
+3,3.0,2.75,14:00,2798.0,85,40.0,32.92
+3,2.75,3.75,14:00,2798.0,85,40.0,32.92
+3,3.25,3.75,14:00,2798.0,85,40.0,32.92
+3,3.5,3.5,14:00,2798.0,85,40.0,32.92
+3,3.25,2.75,14:00,2798.0,85,40.0,32.92
+3,4.25,3.5,14:00,2798.0,85,40.0,32.92
+3,3.0,4.5,14:00,2798.0,85,40.0,32.92
+3,4.75,3.5,14:00,2798.0,85,40.0,32.92
+3,4.5,4.75,14:00,2798.0,85,40.0,32.92
+3,3.75,2.75,14:00,2798.0,85,40.0,32.92
+3,2.0,4.75,14:00,2798.0,85,40.0,32.92
+3,2.5,4.75,14:00,2798.0,85,40.0,32.92
+3,2.75,3.5,14:00,2798.0,85,40.0,32.92
+3,2.0,4.5,14:00,2798.0,85,40.0,32.92
+3,4.25,3.75,14:00,2798.0,85,40.0,32.92
+3,2.5,2.5,14:00,2798.0,85,40.0,32.92
+3,2.25,2.5,14:00,2798.0,85,40.0,32.92
+3,2.25,2.75,14:00,2798.0,85,40.0,32.92
+3,2.5,3.75,14:00,2798.0,85,40.0,32.92
+3,4.5,4.5,14:00,2798.0,85,40.0,32.92
+3,2.0,3.5,14:00,2798.0,85,40.0,32.92
+3,3.75,4.75,14:00,2798.0,85,40.0,32.92
+3,3.0,2.5,14:00,2798.0,85,40.0,32.92
+3,4.75,4.5,14:00,2798.0,85,40.0,32.92
+3,2.5,3.5,14:00,2798.0,85,40.0,32.92
+3,4.5,3.5,14:00,2798.0,85,40.0,32.92
+3,3.75,2.5,14:00,2798.0,85,40.0,32.92
+3,4.5,3.75,14:00,2798.0,85,40.0,32.92
+3,4.0,2.75,14:00,2798.0,85,40.0,32.92
+3,4.0,3.5,14:00,2798.0,85,40.0,32.92
+3,2.5,2.75,14:00,2798.0,85,40.0,32.92
+3,2.25,3.75,14:00,2798.0,85,40.0,32.92
+3,2.25,3.5,14:00,2798.0,85,40.0,32.92
+3,4.0,4.5,14:00,2798.0,85,40.0,32.92
+3,2.75,4.75,14:00,2798.0,85,40.0,32.92
+3,4.0,4.75,14:00,2798.0,85,40.0,32.92
+3,2.25,4.5,14:00,2798.0,85,40.0,32.92
+3,2.25,4.75,14:00,2798.0,85,40.0,32.92
+3,4.75,4.75,14:00,2798.0,85,40.0,32.92
+3,3.5,4.5,14:00,2798.0,85,40.0,32.92
+3,4.0,3.75,14:00,2798.0,85,40.0,32.92
+3,2.75,4.5,14:00,2798.0,85,40.0,32.92
+3,3.25,3.5,14:00,2798.0,85,40.0,32.92
+3,4.75,2.5,14:00,2798.0,85,40.0,32.92
+3,4.75,2.75,14:00,2798.0,85,40.0,32.92
+3,2.0,2.5,14:00,2798.0,85,40.0,32.92
+3,2.0,3.75,14:00,2798.0,85,40.0,32.92
+3,4.0,2.5,14:00,2798.0,85,40.0,32.92
+3,3.5,4.75,14:00,2798.0,85,40.0,32.92
+3,4.25,2.5,14:00,2798.0,85,40.0,32.92
+3,5.0,3.75,14:00,2798.0,85,40.0,32.92
+3,5.0,3.5,14:00,2798.0,85,40.0,32.92
+3,2.0,2.75,14:00,2798.0,85,40.0,32.92
+3,3.5,2.75,14:00,2798.0,85,40.0,32.92
+3,2.75,2.75,14:00,2798.0,85,40.0,32.92
+3,3.5,2.5,14:00,2798.0,85,40.0,32.92
+3,5.0,2.75,14:00,2798.0,85,40.0,32.92
+3,2.5,4.5,14:00,2798.0,85,40.0,32.92
+3,5.0,3.0,14:00,2797.0,85,40.0,32.91
+3,3.0,4.25,14:00,2797.0,85,40.0,32.91
+3,2.75,3.0,14:00,2797.0,85,40.0,32.91
+3,4.25,4.0,14:00,2797.0,85,40.0,32.91
+3,2.0,3.0,14:00,2797.0,85,40.0,32.91
+3,2.25,4.25,14:00,2797.0,85,40.0,32.91
+3,4.25,4.25,14:00,2797.0,85,40.0,32.91
+3,4.75,3.0,14:00,2797.0,85,40.0,32.91
+3,4.5,4.25,14:00,2797.0,85,40.0,32.91
+3,2.25,4.0,14:00,2797.0,85,40.0,32.91
+3,2.75,4.0,14:00,2797.0,85,40.0,32.91
+3,3.5,4.25,14:00,2797.0,85,40.0,32.91
+3,3.75,4.25,14:00,2797.0,85,40.0,32.91
+3,3.25,4.0,14:00,2797.0,85,40.0,32.91
+3,3.5,4.0,14:00,2797.0,85,40.0,32.91
+3,3.25,4.25,14:00,2797.0,85,40.0,32.91
+3,3.75,3.0,14:00,2797.0,85,40.0,32.91
+3,4.75,4.25,14:00,2797.0,85,40.0,32.91
+3,4.75,4.0,14:00,2797.0,85,40.0,32.91
+3,3.0,3.0,14:00,2797.0,85,40.0,32.91
+3,5.0,4.25,14:00,2797.0,85,40.0,32.91
+3,5.0,4.0,14:00,2797.0,85,40.0,32.91
+3,4.0,3.0,14:00,2797.0,85,40.0,32.91
+3,4.25,3.0,14:00,2797.0,85,40.0,32.91
+3,3.75,4.0,14:00,2797.0,85,40.0,32.91
+3,3.0,4.0,14:00,2797.0,85,40.0,32.91
+3,3.5,3.0,14:00,2797.0,85,40.0,32.91
+3,2.5,4.0,14:00,2797.0,85,40.0,32.91
+3,2.75,4.25,14:00,2797.0,85,40.0,32.91
+3,4.0,4.25,14:00,2797.0,85,40.0,32.91
+3,3.25,3.0,14:00,2797.0,85,40.0,32.91
+3,4.0,4.0,14:00,2797.0,85,40.0,32.91
+3,4.5,3.0,14:00,2797.0,85,40.0,32.91
+3,2.5,3.0,14:00,2797.0,85,40.0,32.91
+3,2.5,4.25,14:00,2797.0,85,40.0,32.91
+3,4.5,4.0,14:00,2797.0,85,40.0,32.91
+3,2.25,3.0,14:00,2797.0,85,40.0,32.91
+3,2.0,4.25,14:00,2797.0,85,40.0,32.91
+3,2.0,4.0,14:00,2797.0,85,40.0,32.91
+3,3.0,2.0,13:30,2796.0,85,41.2,32.89
+3,2.0,2.0,13:30,2796.0,85,41.2,32.89
+2,1.0,2.0,13:30,2796.0,85,42.4,32.89
+3,2.5,2.0,13:30,2796.0,85,41.2,32.89
+3,4.5,2.0,13:30,2796.0,85,41.2,32.89
+3,3.75,2.0,13:30,2796.0,85,41.2,32.89
+3,3.25,2.0,13:30,2796.0,85,41.2,32.89
+3,4.0,2.0,13:30,2796.0,85,41.2,32.89
+3,5.0,2.0,13:30,2796.0,85,41.2,32.89
+3,2.25,2.0,13:30,2796.0,85,41.2,32.89
+3,4.75,2.0,13:30,2796.0,85,41.2,32.89
+3,3.5,2.0,13:30,2796.0,85,41.2,32.89
+3,4.25,2.0,13:30,2796.0,85,41.2,32.89
+3,2.75,2.0,13:30,2796.0,85,41.2,32.89
+3,3.5,3.25,13:30,2793.0,85,41.2,32.86
+3,4.25,3.25,13:30,2793.0,85,41.2,32.86
+3,3.25,2.25,13:30,2793.0,85,41.2,32.86
+3,2.75,2.25,13:30,2793.0,85,41.2,32.86
+3,4.0,3.25,13:30,2793.0,85,41.2,32.86
+3,3.0,3.25,13:30,2793.0,85,41.2,32.86
+3,2.5,3.25,13:30,2793.0,85,41.2,32.86
+3,2.0,2.25,13:30,2793.0,85,41.2,32.86
+3,3.75,2.25,13:30,2793.0,85,41.2,32.86
+3,4.75,3.25,13:30,2793.0,85,41.2,32.86
+3,3.75,3.25,13:30,2793.0,85,41.2,32.86
+3,2.25,2.25,13:30,2793.0,85,41.2,32.86
+3,4.5,2.25,13:30,2793.0,85,41.2,32.86
+3,3.25,3.25,13:30,2793.0,85,41.2,32.86
+3,2.25,3.25,13:30,2793.0,85,41.2,32.86
+3,3.5,2.25,13:30,2793.0,85,41.2,32.86
+3,2.75,3.25,13:30,2793.0,85,41.2,32.86
+3,5.0,3.25,13:30,2793.0,85,41.2,32.86
+3,4.5,3.25,13:30,2793.0,85,41.2,32.86
+3,4.0,2.25,13:30,2793.0,85,41.2,32.86
+3,2.5,2.25,13:30,2793.0,85,41.2,32.86
+3,2.0,3.25,13:30,2793.0,85,41.2,32.86
+3,4.75,2.25,13:30,2793.0,85,41.2,32.86
+3,4.25,2.25,13:30,2793.0,85,41.2,32.86
+3,3.0,2.25,13:30,2793.0,85,41.2,32.86
+3,5.0,2.25,13:30,2793.0,85,41.2,32.86
+3,4.75,5.0,13:30,2792.0,85,41.2,32.85
+3,4.0,5.0,13:30,2792.0,85,41.2,32.85
+3,4.0,3.75,13:30,2792.0,85,41.2,32.85
+3,3.5,4.5,13:30,2792.0,85,41.2,32.85
+3,4.0,2.5,13:30,2792.0,85,41.2,32.85
+3,2.75,5.0,13:30,2792.0,85,41.2,32.85
+3,2.25,4.5,13:30,2792.0,85,41.2,32.85
+3,2.75,4.75,13:30,2792.0,85,41.2,32.85
+3,3.5,4.75,13:30,2792.0,85,41.2,32.85
+3,4.75,2.75,13:30,2792.0,85,41.2,32.85
+3,2.0,2.5,13:30,2792.0,85,41.2,32.85
+3,2.0,3.75,13:30,2792.0,85,41.2,32.85
+3,5.0,3.75,13:30,2792.0,85,41.2,32.85
+3,4.25,2.5,13:30,2792.0,85,41.2,32.85
+3,2.0,2.75,13:30,2792.0,85,41.2,32.85
+3,3.25,3.5,13:30,2792.0,85,41.2,32.85
+3,5.0,2.75,13:30,2792.0,85,41.2,32.85
+3,5.0,3.5,13:30,2792.0,85,41.2,32.85
+3,3.5,2.5,13:30,2792.0,85,41.2,32.85
+3,3.5,2.75,13:30,2792.0,85,41.2,32.85
+3,5.0,4.5,13:30,2792.0,85,41.2,32.85
+3,2.75,4.5,13:30,2792.0,85,41.2,32.85
+3,2.25,4.75,13:30,2792.0,85,41.2,32.85
+3,2.25,5.0,13:30,2792.0,85,41.2,32.85
+3,4.75,2.5,13:30,2792.0,85,41.2,32.85
+3,2.0,4.5,13:30,2792.0,85,41.2,32.85
+3,3.75,2.5,13:30,2792.0,85,41.2,32.85
+3,4.0,2.75,13:30,2792.0,85,41.2,32.85
+3,2.25,2.5,13:30,2792.0,85,41.2,32.85
+3,4.25,2.75,13:30,2792.0,85,41.2,32.85
+3,2.5,4.5,13:30,2792.0,85,41.2,32.85
+3,2.5,2.5,13:30,2792.0,85,41.2,32.85
+3,2.75,3.75,13:30,2792.0,85,41.2,32.85
+3,2.75,3.5,13:30,2792.0,85,41.2,32.85
+3,4.75,4.75,13:30,2792.0,85,41.2,32.85
+3,2.25,2.75,13:30,2792.0,85,41.2,32.85
+3,2.5,3.75,13:30,2792.0,85,41.2,32.85
+3,4.5,3.5,13:30,2792.0,85,41.2,32.85
+3,3.5,5.0,13:30,2792.0,85,41.2,32.85
+3,2.5,3.5,13:30,2792.0,85,41.2,32.85
+3,2.0,4.75,13:30,2792.0,85,41.2,32.85
+3,4.25,3.75,13:30,2792.0,85,41.2,32.85
+3,2.0,3.5,13:30,2792.0,85,41.2,32.85
+3,4.0,4.75,13:30,2792.0,85,41.2,32.85
+3,2.25,3.75,13:30,2792.0,85,41.2,32.85
+3,2.25,3.5,13:30,2792.0,85,41.2,32.85
+3,4.75,4.5,13:30,2792.0,85,41.2,32.85
+3,2.5,2.75,13:30,2792.0,85,41.2,32.85
+3,4.0,3.5,13:30,2792.0,85,41.2,32.85
+3,4.5,3.75,13:30,2792.0,85,41.2,32.85
+3,3.0,2.5,13:30,2792.0,85,41.2,32.85
+3,4.0,4.5,13:30,2792.0,85,41.2,32.85
+3,3.75,5.0,13:30,2792.0,85,41.2,32.85
+3,4.5,4.5,13:30,2792.0,85,41.2,32.85
+3,3.75,2.75,13:30,2792.0,85,41.2,32.85
+2,1.0,3.25,13:30,2792.0,85,42.4,32.85
+3,3.25,3.75,13:30,2792.0,85,41.2,32.85
+3,4.5,5.0,13:30,2792.0,85,41.2,32.85
+3,4.25,4.5,13:30,2792.0,85,41.2,32.85
+3,2.5,5.0,13:30,2792.0,85,41.2,32.85
+3,3.25,4.75,13:30,2792.0,85,41.2,32.85
+3,3.25,4.5,13:30,2792.0,85,41.2,32.85
+3,3.0,4.5,13:30,2792.0,85,41.2,32.85
+3,4.25,3.5,13:30,2792.0,85,41.2,32.85
+3,4.75,3.5,13:30,2792.0,85,41.2,32.85
+3,5.0,2.5,13:30,2792.0,85,41.2,32.85
+3,3.25,2.75,13:30,2792.0,85,41.2,32.85
+3,3.0,2.75,13:30,2792.0,85,41.2,32.85
+3,3.75,4.75,13:30,2792.0,85,41.2,32.85
+3,3.75,4.5,13:30,2792.0,85,41.2,32.85
+3,3.0,5.0,13:30,2792.0,85,41.2,32.85
+3,2.5,4.75,13:30,2792.0,85,41.2,32.85
+3,3.5,3.75,13:30,2792.0,85,41.2,32.85
+3,3.5,3.5,13:30,2792.0,85,41.2,32.85
+3,4.5,4.75,13:30,2792.0,85,41.2,32.85
+3,4.5,2.5,13:30,2792.0,85,41.2,32.85
+3,3.75,3.5,13:30,2792.0,85,41.2,32.85
+3,3.0,3.75,13:30,2792.0,85,41.2,32.85
+3,4.25,5.0,13:30,2792.0,85,41.2,32.85
+3,3.75,3.75,13:30,2792.0,85,41.2,32.85
+3,4.25,4.75,13:30,2792.0,85,41.2,32.85
+3,3.25,5.0,13:30,2792.0,85,41.2,32.85
+3,3.25,2.5,13:30,2792.0,85,41.2,32.85
+3,4.75,3.75,13:30,2792.0,85,41.2,32.85
+3,2.75,2.75,13:30,2792.0,85,41.2,32.85
+3,2.0,5.0,13:30,2792.0,85,41.2,32.85
+3,3.0,4.75,13:30,2792.0,85,41.2,32.85
+3,4.5,2.75,13:30,2792.0,85,41.2,32.85
+3,3.0,3.5,13:30,2792.0,85,41.2,32.85
+3,5.0,4.75,13:30,2792.0,85,41.2,32.85
+3,2.75,2.5,13:30,2792.0,85,41.2,32.85
+3,5.0,5.0,13:30,2792.0,85,41.2,32.85
+3,5.0,4.25,13:30,2791.0,85,41.2,32.84
+3,4.0,3.0,13:30,2791.0,85,41.2,32.84
+3,5.0,4.0,13:30,2791.0,85,41.2,32.84
+3,3.0,4.25,13:30,2791.0,85,41.2,32.84
+3,5.0,3.0,13:30,2791.0,85,41.2,32.84
+3,2.75,3.0,13:30,2791.0,85,41.2,32.84
+3,3.5,3.0,13:30,2791.0,85,41.2,32.84
+3,3.75,4.0,13:30,2791.0,85,41.2,32.84
+3,3.75,3.0,13:30,2791.0,85,41.2,32.84
+3,3.25,4.25,13:30,2791.0,85,41.2,32.84
+3,3.5,4.0,13:30,2791.0,85,41.2,32.84
+3,3.25,4.0,13:30,2791.0,85,41.2,32.84
+2,1.0,5.0,13:30,2791.0,85,42.4,32.84
+3,2.5,4.0,13:30,2791.0,85,41.2,32.84
+3,3.75,4.25,13:30,2791.0,85,41.2,32.84
+3,3.0,3.0,13:30,2791.0,85,41.2,32.84
+3,3.5,4.25,13:30,2791.0,85,41.2,32.84
+3,2.5,4.25,13:30,2791.0,85,41.2,32.84
+3,4.25,4.0,13:30,2791.0,85,41.2,32.84
+3,4.25,4.25,13:30,2791.0,85,41.2,32.84
+3,4.5,4.25,13:30,2791.0,85,41.2,32.84
+3,2.75,4.25,13:30,2791.0,85,41.2,32.84
+3,2.75,4.0,13:30,2791.0,85,41.2,32.84
+3,4.5,4.0,13:30,2791.0,85,41.2,32.84
+2,1.0,2.75,13:30,2791.0,85,42.4,32.84
+3,4.75,4.25,13:30,2791.0,85,41.2,32.84
+3,3.0,4.0,13:30,2791.0,85,41.2,32.84
+3,4.5,3.0,13:30,2791.0,85,41.2,32.84
+3,4.75,4.0,13:30,2791.0,85,41.2,32.84
+3,4.25,3.0,13:30,2791.0,85,41.2,32.84
+3,3.25,3.0,13:30,2791.0,85,41.2,32.84
+3,4.0,4.25,13:30,2791.0,85,41.2,32.84
+3,2.5,3.0,13:30,2791.0,85,41.2,32.84
+3,2.0,3.0,13:30,2791.0,85,41.2,32.84
+2,1.0,2.25,13:30,2791.0,85,42.4,32.84
+3,2.25,4.0,13:30,2791.0,85,41.2,32.84
+3,2.0,4.0,13:30,2791.0,85,41.2,32.84
+3,4.75,3.0,13:30,2791.0,85,41.2,32.84
+3,2.25,3.0,13:30,2791.0,85,41.2,32.84
+3,2.25,4.25,13:30,2791.0,85,41.2,32.84
+3,4.0,4.0,13:30,2791.0,85,41.2,32.84
+3,2.0,4.25,13:30,2791.0,85,41.2,32.84
+2,1.0,3.0,13:30,2790.0,85,42.4,32.82
+2,1.0,3.75,13:30,2790.0,85,42.4,32.82
+2,1.0,4.25,13:30,2790.0,85,42.4,32.82
+2,1.0,4.0,13:30,2790.0,85,42.4,32.82
+2,1.0,3.5,13:30,2790.0,85,42.4,32.82
+2,1.0,4.75,13:30,2790.0,85,42.4,32.82
+2,1.0,4.5,13:30,2790.0,85,42.4,32.82
+2,1.0,2.5,13:30,2790.0,85,42.4,32.82
+3,1.0,1.25,14:00,2785.0,85,43.5,32.76
+2,1.0,1.0,13:30,2783.0,85,42.4,32.74
+2,1.0,1.0,14:00,2777.0,85,42.4,32.67
+3,1.0,1.5,14:00,2769.0,85,43.5,32.58
+3,1.0,1.75,14:00,2761.0,85,43.5,32.48
+3,1.0,2.0,14:00,2758.0,85,43.5,32.45
+3,0.75,0.75,13:30,2757.0,85,48.2,32.44
+3,1.0,5.0,14:00,2755.0,85,43.5,32.41
+3,1.0,2.25,14:00,2755.0,85,43.5,32.41
+3,1.0,3.25,14:00,2755.0,85,43.5,32.41
+3,1.0,4.75,14:00,2754.0,85,43.5,32.4
+3,1.0,3.75,14:00,2754.0,85,43.5,32.4
+3,1.0,2.75,14:00,2754.0,85,43.5,32.4
+3,1.0,2.5,14:00,2754.0,85,43.5,32.4
+3,1.0,4.5,14:00,2754.0,85,43.5,32.4
+3,1.0,3.5,14:00,2754.0,85,43.5,32.4
+3,1.0,3.0,14:00,2753.0,85,43.5,32.39
+3,1.0,4.25,14:00,2753.0,85,43.5,32.39
+3,1.0,4.0,14:00,2753.0,85,43.5,32.39
+3,1.5,0.75,14:00,2751.0,85,37.6,32.36
+3,1.25,0.75,14:00,2745.0,85,37.6,32.29
+3,1.0,1.25,13:30,2729.0,85,44.7,32.11
+2,0.75,0.75,14:00,2722.0,85,47.1,32.02
+3,1.0,1.5,13:30,2714.0,85,44.7,31.93
+3,1.0,1.0,13:30,2706.0,85,44.7,31.84
+3,1.0,1.75,13:30,2706.0,85,44.7,31.84
+3,1.0,2.0,13:30,2703.0,85,44.7,31.8
+2,4.0,0.75,14:00,2701.0,85,38.8,31.78
+2,3.5,0.75,14:00,2701.0,85,38.8,31.78
+2,3.25,0.75,14:00,2701.0,85,38.8,31.78
+2,2.25,0.75,14:00,2701.0,85,38.8,31.78
+2,4.25,0.75,14:00,2701.0,85,38.8,31.78
+2,2.5,0.75,14:00,2701.0,85,38.8,31.78
+2,2.75,0.75,14:00,2701.0,85,38.8,31.78
+2,3.0,0.75,14:00,2701.0,85,38.8,31.78
+2,4.5,0.75,14:00,2701.0,85,38.8,31.78
+2,2.0,0.75,14:00,2701.0,85,38.8,31.78
+2,3.75,0.75,14:00,2701.0,85,38.8,31.78
+2,4.75,0.75,14:00,2701.0,85,38.8,31.78
+2,5.0,0.75,14:00,2701.0,85,38.8,31.78
+3,1.0,2.25,13:30,2700.0,85,44.7,31.76
+3,1.0,3.25,13:30,2700.0,85,44.7,31.76
+3,1.0,4.5,13:30,2699.0,85,44.7,31.75
+3,1.0,5.0,13:30,2699.0,85,44.7,31.75
+3,1.0,2.5,13:30,2699.0,85,44.7,31.75
+3,1.0,2.75,13:30,2699.0,85,44.7,31.75
+3,1.0,4.75,13:30,2699.0,85,44.7,31.75
+2,0.75,1.25,14:30,2699.0,85,48.2,31.75
+3,1.0,3.5,13:30,2699.0,85,44.7,31.75
+3,1.0,3.75,13:30,2699.0,85,44.7,31.75
+3,1.0,3.0,13:30,2698.0,85,44.7,31.74
+3,1.0,4.25,13:30,2698.0,85,44.7,31.74
+3,1.0,4.0,13:30,2698.0,85,44.7,31.74
+2,0.75,1.5,14:30,2673.0,85,48.2,31.45
+2,0.75,1.75,14:30,2661.0,85,48.2,31.31
+3,0.75,0.75,14:00,2660.0,85,47.1,31.29
+2,0.75,2.0,14:30,2657.0,85,48.2,31.26
+2,0.75,3.25,14:30,2652.0,85,48.2,31.2
+2,0.75,5.0,14:30,2651.0,85,48.2,31.19
+2,0.75,2.25,14:30,2651.0,85,48.2,31.19
+2,0.75,2.75,14:30,2651.0,85,48.2,31.19
+3,4.5,1.0,14:00,2650.0,85,40.0,31.18
+2,0.75,3.75,14:30,2650.0,85,48.2,31.18
+3,4.75,1.0,14:00,2650.0,85,40.0,31.18
+2,0.75,3.0,14:30,2650.0,85,48.2,31.18
+2,0.75,3.5,14:30,2650.0,85,48.2,31.18
+3,4.0,1.0,14:00,2650.0,85,40.0,31.18
+3,2.0,1.0,14:00,2650.0,85,40.0,31.18
+3,2.25,1.0,14:00,2650.0,85,40.0,31.18
+3,3.0,1.0,14:00,2650.0,85,40.0,31.18
+3,3.25,1.0,14:00,2650.0,85,40.0,31.18
+3,4.25,1.0,14:00,2650.0,85,40.0,31.18
+2,0.75,4.5,14:30,2650.0,85,48.2,31.18
+2,0.75,2.5,14:30,2650.0,85,48.2,31.18
+3,3.75,1.0,14:00,2650.0,85,40.0,31.18
+3,2.75,1.0,14:00,2650.0,85,40.0,31.18
+2,0.75,4.25,14:30,2650.0,85,48.2,31.18
+2,0.75,4.0,14:30,2650.0,85,48.2,31.18
+3,2.5,1.0,14:00,2650.0,85,40.0,31.18
+3,5.0,1.0,14:00,2650.0,85,40.0,31.18
+2,0.75,4.75,14:30,2650.0,85,48.2,31.18
+3,3.5,1.0,14:00,2650.0,85,40.0,31.18
+3,1.0,1.0,14:00,2645.0,85,43.5,31.12
+3,4.75,0.75,13:30,2641.0,85,38.8,31.07
+3,2.25,0.75,13:30,2641.0,85,38.8,31.07
+3,2.0,0.75,13:30,2641.0,85,38.8,31.07
+3,4.25,0.75,13:30,2641.0,85,38.8,31.07
+3,3.25,0.75,13:30,2641.0,85,38.8,31.07
+3,3.5,0.75,13:30,2641.0,85,38.8,31.07
+3,3.0,0.75,13:30,2641.0,85,38.8,31.07
+3,3.75,0.75,13:30,2641.0,85,38.8,31.07
+3,4.5,0.75,13:30,2641.0,85,38.8,31.07
+3,2.75,0.75,13:30,2641.0,85,38.8,31.07
+3,5.0,0.75,13:30,2641.0,85,38.8,31.07
+3,2.5,0.75,13:30,2641.0,85,38.8,31.07
+3,4.0,0.75,13:30,2641.0,85,38.8,31.07
+2,0.75,1.25,12:30,2632.0,85,50.6,30.96
+3,0.75,1.25,14:30,2619.0,85,48.2,30.81
+2,0.75,1.5,12:30,2616.0,85,50.6,30.78
+2,0.75,1.75,12:30,2607.0,85,50.6,30.67
+2,0.75,2.0,12:30,2606.0,85,50.6,30.66
+2,0.75,3.25,12:30,2603.0,85,50.6,30.62
+2,0.75,2.75,12:30,2602.0,85,50.6,30.61
+2,0.75,2.25,12:30,2602.0,85,50.6,30.61
+2,0.75,4.5,12:30,2601.0,85,50.6,30.6
+2,0.75,3.5,12:30,2601.0,85,50.6,30.6
+2,0.75,2.5,12:30,2601.0,85,50.6,30.6
+2,0.75,4.0,12:30,2601.0,85,50.6,30.6
+2,0.75,3.75,12:30,2601.0,85,50.6,30.6
+2,0.75,3.0,12:30,2601.0,85,50.6,30.6
+2,0.75,4.75,12:30,2601.0,85,50.6,30.6
+2,0.75,5.0,12:30,2601.0,85,50.6,30.6
+3,0.75,1.5,14:30,2601.0,85,48.2,30.6
+2,0.75,4.25,12:30,2601.0,85,50.6,30.6
+3,0.75,1.75,14:30,2592.0,85,48.2,30.49
+3,0.75,2.0,14:30,2589.0,85,48.2,30.46
+3,0.75,5.0,14:30,2586.0,85,48.2,30.42
+3,0.75,3.25,14:30,2586.0,85,48.2,30.42
+3,0.75,2.25,14:30,2586.0,85,48.2,30.42
+3,0.75,2.75,14:30,2585.0,85,48.2,30.41
+3,0.75,4.75,14:30,2585.0,85,48.2,30.41
+3,0.75,2.5,14:30,2585.0,85,48.2,30.41
+3,0.75,3.75,14:30,2585.0,85,48.2,30.41
+3,0.75,4.5,14:30,2585.0,85,48.2,30.41
+3,0.75,3.5,14:30,2585.0,85,48.2,30.41
+3,0.75,3.0,14:30,2584.0,85,48.2,30.4
+3,0.75,4.0,14:30,2584.0,85,48.2,30.4
+3,0.75,4.25,14:30,2584.0,85,48.2,30.4
+2,0.75,0.75,12:30,2565.0,85,49.4,30.18
+2,0.75,1.0,14:30,2564.0,85,47.1,30.16
+2,0.75,1.0,12:30,2555.0,85,50.6,30.06
+2,0.75,1.0,13:00,2553.0,85,50.6,30.04
+2,0.75,1.25,13:00,2540.0,85,50.6,29.88
+3,0.75,1.0,14:30,2532.0,85,48.2,29.79
+2,0.75,1.5,13:00,2521.0,85,50.6,29.66
+2,0.75,1.75,13:00,2513.0,85,50.6,29.56
+2,0.75,2.0,13:00,2509.0,85,50.6,29.52
+2,0.75,3.25,13:00,2507.0,85,50.6,29.49
+2,0.75,2.25,13:00,2506.0,85,50.6,29.48
+2,0.75,2.75,13:00,2506.0,85,50.6,29.48
+2,0.75,3.5,13:00,2505.0,85,50.6,29.47
+2,0.75,3.75,13:00,2505.0,85,50.6,29.47
+2,0.75,3.0,13:00,2505.0,85,50.6,29.47
+2,0.75,4.75,13:00,2505.0,85,50.6,29.47
+2,0.75,4.25,13:00,2505.0,85,50.6,29.47
+2,0.75,4.0,13:00,2505.0,85,50.6,29.47
+2,0.75,4.5,13:00,2505.0,85,50.6,29.47
+2,0.75,2.5,13:00,2505.0,85,50.6,29.47
+2,0.75,5.0,13:00,2504.0,85,50.6,29.46
+3,0.75,1.25,12:30,2500.0,85,49.4,29.41
+2,1.0,0.75,13:30,2497.0,85,40.0,29.38
+3,0.75,1.0,13:00,2494.0,85,49.4,29.34
+3,0.75,1.5,12:30,2489.0,85,49.4,29.28
+2,0.75,0.75,13:00,2486.0,85,48.2,29.25
+3,3.75,0.75,14:00,2484.0,85,37.6,29.22
+3,2.5,0.75,14:00,2484.0,85,37.6,29.22
+3,3.25,0.75,14:00,2484.0,85,37.6,29.22
+3,2.75,0.75,14:00,2484.0,85,37.6,29.22
+3,2.0,0.75,14:00,2484.0,85,37.6,29.22
+3,3.5,0.75,14:00,2484.0,85,37.6,29.22
+3,4.25,0.75,14:00,2484.0,85,37.6,29.22
+3,3.0,0.75,14:00,2484.0,85,37.6,29.22
+3,4.75,0.75,14:00,2484.0,85,37.6,29.22
+3,2.25,0.75,14:00,2484.0,85,37.6,29.22
+3,5.0,0.75,14:00,2484.0,85,37.6,29.22
+3,4.0,0.75,14:00,2484.0,85,37.6,29.22
+3,4.5,0.75,14:00,2484.0,85,37.6,29.22
+3,0.75,2.0,12:30,2482.0,85,49.4,29.2
+3,0.75,1.75,12:30,2482.0,85,49.4,29.2
+3,0.75,2.25,12:30,2480.0,85,49.4,29.18
+3,0.75,3.25,12:30,2480.0,85,49.4,29.18
+3,0.75,2.5,12:30,2479.0,85,49.4,29.16
+3,0.75,4.5,12:30,2479.0,85,49.4,29.16
+3,0.75,2.75,12:30,2479.0,85,49.4,29.16
+3,0.75,5.0,12:30,2479.0,85,49.4,29.16
+3,0.75,3.5,12:30,2479.0,85,49.4,29.16
+3,0.75,3.75,12:30,2479.0,85,49.4,29.16
+3,0.75,4.75,12:30,2479.0,85,49.4,29.16
+3,0.75,3.0,12:30,2478.0,85,49.4,29.15
+3,0.75,4.25,12:30,2478.0,85,49.4,29.15
+3,0.75,4.0,12:30,2478.0,85,49.4,29.15
+3,0.75,1.25,13:00,2468.0,85,49.4,29.04
+3,0.75,0.75,12:30,2467.0,85,48.2,29.02
+2,1.25,1.25,14:30,2463.0,85,38.8,28.98
+3,0.75,1.5,13:00,2457.0,85,49.4,28.91
+3,0.75,1.0,12:30,2453.0,85,49.4,28.86
+3,0.75,1.75,13:00,2450.0,85,49.4,28.82
+3,0.75,2.0,13:00,2447.0,85,49.4,28.79
+3,0.75,3.25,13:00,2446.0,85,49.4,28.78
+3,0.75,2.25,13:00,2446.0,85,49.4,28.78
+3,0.75,3.5,13:00,2445.0,85,49.4,28.76
+3,0.75,4.5,13:00,2445.0,85,49.4,28.76
+3,0.75,3.75,13:00,2445.0,85,49.4,28.76
+3,0.75,5.0,13:00,2445.0,85,49.4,28.76
+3,0.75,4.75,13:00,2445.0,85,49.4,28.76
+3,0.75,2.5,13:00,2445.0,85,49.4,28.76
+3,0.75,2.75,13:00,2445.0,85,49.4,28.76
+3,0.75,4.25,13:00,2444.0,85,49.4,28.75
+3,0.75,3.0,13:00,2444.0,85,49.4,28.75
+3,0.75,4.0,13:00,2444.0,85,49.4,28.75
+3,1.0,0.75,13:30,2440.0,85,42.4,28.71
+3,0.75,0.75,13:00,2438.0,85,48.2,28.68
+2,1.25,1.5,14:30,2437.0,85,38.8,28.67
+2,1.0,0.75,14:00,2428.0,85,40.0,28.56
+2,1.25,1.75,14:30,2425.0,85,38.8,28.53
+2,1.25,2.0,14:30,2421.0,85,38.8,28.48
+2,1.25,3.25,14:30,2416.0,85,38.8,28.42
+2,1.25,2.25,14:30,2415.0,85,38.8,28.41
+2,1.25,5.0,14:30,2415.0,85,38.8,28.41
+2,1.25,2.75,14:30,2415.0,85,38.8,28.41
+2,1.25,4.0,14:30,2414.0,85,38.8,28.4
+2,1.25,4.25,14:30,2414.0,85,38.8,28.4
+2,1.25,3.0,14:30,2414.0,85,38.8,28.4
+2,1.25,3.5,14:30,2414.0,85,38.8,28.4
+2,1.25,3.75,14:30,2414.0,85,38.8,28.4
+2,1.25,4.5,14:30,2414.0,85,38.8,28.4
+2,1.25,4.75,14:30,2414.0,85,38.8,28.4
+2,1.25,2.5,14:30,2414.0,85,38.8,28.4
+2,1.75,1.25,14:30,2406.0,85,38.8,28.31
+2,1.75,1.5,14:30,2380.0,85,38.8,28.0
+3,0.75,0.75,14:30,2369.0,85,45.9,27.87
+2,1.75,1.75,14:30,2368.0,85,38.8,27.86
+3,1.0,0.75,14:00,2366.0,85,41.2,27.84
+2,1.75,2.0,14:30,2364.0,85,38.8,27.81
+2,0.75,0.75,14:30,2359.0,85,44.7,27.75
+2,1.75,3.25,14:30,2359.0,85,38.8,27.75
+2,1.75,2.25,14:30,2358.0,85,38.8,27.74
+2,1.75,2.75,14:30,2358.0,85,38.8,27.74
+2,1.75,5.0,14:30,2358.0,85,38.8,27.74
+2,1.75,3.5,14:30,2357.0,85,38.8,27.73
+2,1.75,4.0,14:30,2357.0,85,38.8,27.73
+2,1.75,3.0,14:30,2357.0,85,38.8,27.73
+2,1.75,2.5,14:30,2357.0,85,38.8,27.73
+2,1.75,4.5,14:30,2357.0,85,38.8,27.73
+2,1.75,3.75,14:30,2357.0,85,38.8,27.73
+2,1.75,4.75,14:30,2357.0,85,38.8,27.73
+2,1.75,4.25,14:30,2357.0,85,38.8,27.73
+2,1.5,1.25,14:30,2353.0,85,38.8,27.68
+2,1.25,0.75,14:30,2345.0,85,35.3,27.59
+2,1.5,1.5,14:30,2327.0,85,38.8,27.38
+2,1.25,1.0,14:30,2325.0,85,37.6,27.35
+2,0.75,0.5,13:30,2320.0,85,42.4,27.29
+3,0.75,0.5,13:30,2318.0,85,43.5,27.27
+2,1.5,1.75,14:30,2315.0,85,38.8,27.24
+2,1.0,1.25,14:30,2313.0,85,41.2,27.21
+2,1.5,2.0,14:30,2311.0,85,38.8,27.19
+2,1.5,3.25,14:30,2306.0,85,38.8,27.13
+2,1.5,5.0,14:30,2305.0,85,38.8,27.12
+2,1.5,2.75,14:30,2305.0,85,38.8,27.12
+2,1.5,2.25,14:30,2305.0,85,38.8,27.12
+2,1.5,4.0,14:30,2304.0,85,38.8,27.11
+2,1.5,2.5,14:30,2304.0,85,38.8,27.11
+2,1.5,3.0,14:30,2304.0,85,38.8,27.11
+2,1.5,3.5,14:30,2304.0,85,38.8,27.11
+2,1.5,4.25,14:30,2304.0,85,38.8,27.11
+2,1.5,3.75,14:30,2304.0,85,38.8,27.11
+2,1.5,4.5,14:30,2304.0,85,38.8,27.11
+2,1.5,4.75,14:30,2304.0,85,38.8,27.11
+2,1.75,0.75,14:30,2288.0,85,35.3,26.92
+2,1.0,1.5,14:30,2287.0,85,41.2,26.91
+3,0.75,1.25,15:00,2280.0,85,47.1,26.82
+2,1.0,1.75,14:30,2275.0,85,41.2,26.76
+2,1.0,2.0,14:30,2271.0,85,41.2,26.72
+2,1.75,1.0,14:30,2268.0,85,37.6,26.68
+2,1.0,3.25,14:30,2266.0,85,41.2,26.66
+2,1.0,5.0,14:30,2265.0,85,41.2,26.65
+2,1.0,2.75,14:30,2265.0,85,41.2,26.65
+2,1.0,2.25,14:30,2265.0,85,41.2,26.65
+2,1.0,4.0,14:30,2264.0,85,41.2,26.64
+2,1.0,3.75,14:30,2264.0,85,41.2,26.64
+2,1.0,4.5,14:30,2264.0,85,41.2,26.64
+2,1.0,3.5,14:30,2264.0,85,41.2,26.64
+2,1.0,3.0,14:30,2264.0,85,41.2,26.64
+2,1.0,4.25,14:30,2264.0,85,41.2,26.64
+2,1.0,4.75,14:30,2264.0,85,41.2,26.64
+2,1.0,2.5,14:30,2264.0,85,41.2,26.64
+3,0.75,1.5,15:00,2259.0,85,47.1,26.58
+3,0.75,0.5,14:00,2252.0,85,42.4,26.49
+3,0.75,1.75,15:00,2248.0,85,47.1,26.45
+3,0.75,2.0,15:00,2245.0,85,47.1,26.41
+3,0.75,3.25,15:00,2242.0,85,47.1,26.38
+3,0.75,2.25,15:00,2242.0,85,47.1,26.38
+3,0.75,4.75,15:00,2241.0,85,47.1,26.36
+3,0.75,3.5,15:00,2241.0,85,47.1,26.36
+3,0.75,2.5,15:00,2241.0,85,47.1,26.36
+3,0.75,2.75,15:00,2241.0,85,47.1,26.36
+3,0.75,4.5,15:00,2241.0,85,47.1,26.36
+3,0.75,3.75,15:00,2241.0,85,47.1,26.36
+3,0.75,5.0,15:00,2240.0,85,47.1,26.35
+3,0.75,4.0,15:00,2240.0,85,47.1,26.35
+3,0.75,3.0,15:00,2240.0,85,47.1,26.35
+3,0.75,4.25,15:00,2240.0,85,47.1,26.35
+2,1.5,0.75,14:30,2235.0,85,35.3,26.29
+2,0.75,0.75,11:30,2229.0,85,49.4,26.22
+2,0.75,0.5,14:00,2219.0,85,42.4,26.11
+2,0.75,1.25,15:00,2216.0,85,48.2,26.07
+3,0.75,1.0,15:00,2216.0,85,47.1,26.07
+2,1.5,1.0,14:30,2215.0,85,37.6,26.06
+3,1.25,1.25,14:30,2203.0,85,38.8,25.92
+2,0.75,1.25,11:30,2197.0,85,49.4,25.85
+3,1.0,1.25,14:30,2197.0,85,42.4,25.85
+2,0.75,1.5,11:30,2190.0,85,49.4,25.76
+3,1.25,1.5,14:30,2185.0,85,38.8,25.71
+2,0.75,1.75,11:30,2184.0,85,49.4,25.69
+2,0.75,1.5,15:00,2183.0,85,48.2,25.68
+2,0.75,2.0,11:30,2183.0,85,49.4,25.68
+2,0.75,2.25,11:30,2179.0,85,49.4,25.64
+2,0.75,2.75,11:30,2179.0,85,49.4,25.64
+3,1.0,1.5,14:30,2179.0,85,42.4,25.64
+2,0.75,4.0,11:30,2178.0,85,49.4,25.62
+2,0.75,3.75,11:30,2178.0,85,49.4,25.62
+2,0.75,3.0,11:30,2178.0,85,49.4,25.62
+2,0.75,4.75,11:30,2178.0,85,49.4,25.62
+2,0.75,3.25,11:30,2178.0,85,49.4,25.62
+2,0.75,4.25,11:30,2178.0,85,49.4,25.62
+2,0.75,4.5,11:30,2178.0,85,49.4,25.62
+2,0.75,2.5,11:30,2178.0,85,49.4,25.62
+2,1.0,1.0,14:30,2178.0,85,40.0,25.62
+2,0.75,3.5,11:30,2178.0,85,49.4,25.62
+2,0.75,5.0,11:30,2178.0,85,49.4,25.62
+3,1.25,1.75,14:30,2176.0,85,38.8,25.6
+3,1.25,2.0,14:30,2173.0,85,38.8,25.56
+2,0.75,1.75,15:00,2172.0,85,48.2,25.55
+3,1.0,1.75,14:30,2170.0,85,42.4,25.53
+3,1.25,5.0,14:30,2170.0,85,38.8,25.53
+3,1.25,3.25,14:30,2170.0,85,38.8,25.53
+3,1.25,2.25,14:30,2170.0,85,38.8,25.53
+3,1.25,2.5,14:30,2169.0,85,38.8,25.52
+3,1.25,3.75,14:30,2169.0,85,38.8,25.52
+3,1.25,4.75,14:30,2169.0,85,38.8,25.52
+3,1.25,4.5,14:30,2169.0,85,38.8,25.52
+3,1.25,2.75,14:30,2169.0,85,38.8,25.52
+3,1.25,3.5,14:30,2169.0,85,38.8,25.52
+2,0.75,2.0,15:00,2168.0,85,48.2,25.51
+3,1.25,4.25,14:30,2168.0,85,38.8,25.51
+3,1.25,3.0,14:30,2168.0,85,38.8,25.51
+3,1.25,4.0,14:30,2168.0,85,38.8,25.51
+3,1.0,2.0,14:30,2167.0,85,42.4,25.49
+3,1.0,2.25,14:30,2164.0,85,42.4,25.46
+3,0.75,0.75,11:30,2164.0,85,51.8,25.46
+3,1.0,3.25,14:30,2164.0,85,42.4,25.46
+3,1.0,5.0,14:30,2164.0,85,42.4,25.46
+3,1.0,4.75,14:30,2163.0,85,42.4,25.45
+3,1.0,2.75,14:30,2163.0,85,42.4,25.45
+2,0.75,3.25,15:00,2163.0,85,48.2,25.45
+3,1.0,2.5,14:30,2163.0,85,42.4,25.45
+3,1.0,4.5,14:30,2163.0,85,42.4,25.45
+3,1.0,3.75,14:30,2163.0,85,42.4,25.45
+3,1.0,3.5,14:30,2163.0,85,42.4,25.45
+3,1.0,4.25,14:30,2162.0,85,42.4,25.44
+3,1.0,3.0,14:30,2162.0,85,42.4,25.44
+3,1.0,4.0,14:30,2162.0,85,42.4,25.44
+2,0.75,2.25,15:00,2162.0,85,48.2,25.44
+2,0.75,2.75,15:00,2162.0,85,48.2,25.44
+2,0.75,4.25,15:00,2161.0,85,48.2,25.42
+2,0.75,5.0,15:00,2161.0,85,48.2,25.42
+2,0.75,3.5,15:00,2161.0,85,48.2,25.42
+2,0.75,4.5,15:00,2161.0,85,48.2,25.42
+2,0.75,3.0,15:00,2161.0,85,48.2,25.42
+2,0.75,4.75,15:00,2161.0,85,48.2,25.42
+2,0.75,4.0,15:00,2161.0,85,48.2,25.42
+2,0.75,3.75,15:00,2161.0,85,48.2,25.42
+2,0.75,2.5,15:00,2161.0,85,48.2,25.42
+2,0.75,1.0,11:30,2151.0,85,49.4,25.31
+3,1.25,0.75,14:30,2149.0,85,36.5,25.28
+3,1.75,1.25,14:30,2148.0,85,38.8,25.27
+3,1.75,1.5,14:30,2130.0,85,38.8,25.06
+3,0.75,0.75,15:00,2125.0,85,45.9,25.0
+3,0.75,1.25,11:30,2122.0,85,51.8,24.96
+3,1.75,1.75,14:30,2121.0,85,38.8,24.95
+3,0.75,1.5,11:30,2118.0,85,51.8,24.92
+3,1.75,2.0,14:30,2118.0,85,38.8,24.92
+3,1.75,3.25,14:30,2115.0,85,38.8,24.88
+3,1.75,2.25,14:30,2115.0,85,38.8,24.88
+3,1.25,1.0,14:30,2115.0,85,38.8,24.88
+2,0.75,1.0,15:00,2115.0,85,47.1,24.88
+3,1.75,5.0,14:30,2115.0,85,38.8,24.88
+3,1.75,4.75,14:30,2114.0,85,38.8,24.87
+3,1.75,4.5,14:30,2114.0,85,38.8,24.87
+3,1.75,3.5,14:30,2114.0,85,38.8,24.87
+3,1.75,2.75,14:30,2114.0,85,38.8,24.87
+3,1.75,3.75,14:30,2114.0,85,38.8,24.87
+3,1.75,2.5,14:30,2114.0,85,38.8,24.87
+3,1.75,4.0,14:30,2113.0,85,38.8,24.86
+3,1.75,3.0,14:30,2113.0,85,38.8,24.86
+3,1.75,4.25,14:30,2113.0,85,38.8,24.86
+3,0.75,2.0,11:30,2112.0,85,51.8,24.85
+3,0.75,1.75,11:30,2112.0,85,51.8,24.85
+2,4.75,1.25,14:30,2110.0,85,38.8,24.82
+2,2.75,1.25,14:30,2110.0,85,38.8,24.82
+2,2.0,1.25,14:30,2110.0,85,38.8,24.82
+2,2.25,1.25,14:30,2110.0,85,38.8,24.82
+2,4.5,1.25,14:30,2110.0,85,38.8,24.82
+2,3.75,1.25,14:30,2110.0,85,38.8,24.82
+2,4.0,1.25,14:30,2110.0,85,38.8,24.82
+2,2.5,1.25,14:30,2110.0,85,38.8,24.82
+2,3.25,1.25,14:30,2110.0,85,38.8,24.82
+2,3.5,1.25,14:30,2110.0,85,38.8,24.82
+2,5.0,1.25,14:30,2110.0,85,38.8,24.82
+3,0.75,2.25,11:30,2110.0,85,51.8,24.82
+2,3.0,1.25,14:30,2110.0,85,38.8,24.82
+2,4.25,1.25,14:30,2110.0,85,38.8,24.82
+3,1.0,1.0,14:30,2110.0,85,42.4,24.82
+3,0.75,2.5,11:30,2109.0,85,51.8,24.81
+3,0.75,2.75,11:30,2109.0,85,51.8,24.81
+3,0.75,4.75,11:30,2108.0,85,51.8,24.8
+3,0.75,3.75,11:30,2108.0,85,51.8,24.8
+3,0.75,3.0,11:30,2108.0,85,51.8,24.8
+3,0.75,3.5,11:30,2108.0,85,51.8,24.8
+3,0.75,3.25,11:30,2108.0,85,51.8,24.8
+3,0.75,4.0,11:30,2108.0,85,51.8,24.8
+3,0.75,4.5,11:30,2108.0,85,51.8,24.8
+3,0.75,5.0,11:30,2108.0,85,51.8,24.8
+3,0.75,4.25,11:30,2108.0,85,51.8,24.8
+3,1.5,1.25,14:30,2102.0,85,38.8,24.73
+3,1.75,0.75,14:30,2094.0,85,36.5,24.64
+3,0.75,0.5,13:00,2093.0,85,43.5,24.62
+3,0.75,1.0,11:30,2092.0,85,51.8,24.61
+3,0.75,0.5,14:30,2089.0,85,42.4,24.58
+2,3.0,1.5,14:30,2084.0,85,38.8,24.52
+2,4.0,1.5,14:30,2084.0,85,38.8,24.52
+2,2.75,1.5,14:30,2084.0,85,38.8,24.52
+2,3.25,1.5,14:30,2084.0,85,38.8,24.52
+3,1.5,1.5,14:30,2084.0,85,38.8,24.52
+2,2.0,1.5,14:30,2084.0,85,38.8,24.52
+2,3.5,1.5,14:30,2084.0,85,38.8,24.52
+2,3.75,1.5,14:30,2084.0,85,38.8,24.52
+2,4.5,1.5,14:30,2084.0,85,38.8,24.52
+2,2.5,1.5,14:30,2084.0,85,38.8,24.52
+2,5.0,1.5,14:30,2084.0,85,38.8,24.52
+2,2.25,1.5,14:30,2084.0,85,38.8,24.52
+2,4.25,1.5,14:30,2084.0,85,38.8,24.52
+2,4.75,1.5,14:30,2084.0,85,38.8,24.52
+2,1.75,0.5,14:00,2079.0,85,34.1,24.46
+2,0.75,0.5,12:30,2077.0,85,44.7,24.44
+3,1.5,1.75,14:30,2075.0,85,38.8,24.41
+3,1.5,2.0,14:30,2072.0,85,38.8,24.38
+2,2.25,1.75,14:30,2072.0,85,38.8,24.38
+2,4.25,1.75,14:30,2072.0,85,38.8,24.38
+2,3.0,1.75,14:30,2072.0,85,38.8,24.38
+2,5.0,1.75,14:30,2072.0,85,38.8,24.38
+2,2.0,1.75,14:30,2072.0,85,38.8,24.38
+2,2.75,1.75,14:30,2072.0,85,38.8,24.38
+2,3.75,1.75,14:30,2072.0,85,38.8,24.38
+2,4.5,1.75,14:30,2072.0,85,38.8,24.38
+2,4.0,1.75,14:30,2072.0,85,38.8,24.38
+2,3.25,1.75,14:30,2072.0,85,38.8,24.38
+2,2.5,1.75,14:30,2072.0,85,38.8,24.38
+2,4.75,1.75,14:30,2072.0,85,38.8,24.38
+2,3.5,1.75,14:30,2072.0,85,38.8,24.38
+2,0.75,0.5,13:00,2069.0,85,43.5,24.34
+3,1.5,2.25,14:30,2069.0,85,38.8,24.34
+3,1.5,5.0,14:30,2069.0,85,38.8,24.34
+3,1.5,3.25,14:30,2069.0,85,38.8,24.34
+3,1.5,4.5,14:30,2068.0,85,38.8,24.33
+3,1.5,3.5,14:30,2068.0,85,38.8,24.33
+2,4.75,2.0,14:30,2068.0,85,38.8,24.33
+2,4.0,2.0,14:30,2068.0,85,38.8,24.33
+3,1.5,3.75,14:30,2068.0,85,38.8,24.33
+3,1.5,2.5,14:30,2068.0,85,38.8,24.33
+2,2.25,2.0,14:30,2068.0,85,38.8,24.33
+2,4.25,2.0,14:30,2068.0,85,38.8,24.33
+2,2.75,2.0,14:30,2068.0,85,38.8,24.33
+2,5.0,2.0,14:30,2068.0,85,38.8,24.33
+2,3.75,2.0,14:30,2068.0,85,38.8,24.33
+3,1.5,4.75,14:30,2068.0,85,38.8,24.33
+3,0.75,0.5,12:30,2068.0,85,43.5,24.33
+2,3.5,2.0,14:30,2068.0,85,38.8,24.33
+3,1.5,2.75,14:30,2068.0,85,38.8,24.33
+2,3.0,2.0,14:30,2068.0,85,38.8,24.33
+2,2.5,2.0,14:30,2068.0,85,38.8,24.33
+2,2.0,2.0,14:30,2068.0,85,38.8,24.33
+2,4.5,2.0,14:30,2068.0,85,38.8,24.33
+2,1.0,0.75,14:30,2068.0,85,37.6,24.33
+2,3.25,2.0,14:30,2068.0,85,38.8,24.33
+3,1.5,4.25,14:30,2067.0,85,38.8,24.32
+3,1.5,3.0,14:30,2067.0,85,38.8,24.32
+3,1.5,4.0,14:30,2067.0,85,38.8,24.32
+2,4.0,3.25,14:30,2063.0,85,38.8,24.27
+2,5.0,3.25,14:30,2063.0,85,38.8,24.27
+2,4.75,3.25,14:30,2063.0,85,38.8,24.27
+2,2.5,3.25,14:30,2063.0,85,38.8,24.27
+2,2.75,3.25,14:30,2063.0,85,38.8,24.27
+2,3.25,3.25,14:30,2063.0,85,38.8,24.27
+2,3.0,3.25,14:30,2063.0,85,38.8,24.27
+2,3.75,3.25,14:30,2063.0,85,38.8,24.27
+2,4.25,3.25,14:30,2063.0,85,38.8,24.27
+2,2.0,3.25,14:30,2063.0,85,38.8,24.27
+2,4.5,3.25,14:30,2063.0,85,38.8,24.27
+2,3.5,3.25,14:30,2063.0,85,38.8,24.27
+2,2.25,3.25,14:30,2063.0,85,38.8,24.27
+2,2.25,2.75,14:30,2062.0,85,38.8,24.26
+2,4.25,5.0,14:30,2062.0,85,38.8,24.26
+2,2.75,5.0,14:30,2062.0,85,38.8,24.26
+2,3.5,2.75,14:30,2062.0,85,38.8,24.26
+2,5.0,5.0,14:30,2062.0,85,38.8,24.26
+2,2.0,2.75,14:30,2062.0,85,38.8,24.26
+2,2.0,5.0,14:30,2062.0,85,38.8,24.26
+2,2.0,2.25,14:30,2062.0,85,38.8,24.26
+2,2.5,2.25,14:30,2062.0,85,38.8,24.26
+2,4.25,2.75,14:30,2062.0,85,38.8,24.26
+2,4.25,2.25,14:30,2062.0,85,38.8,24.26
+2,3.0,2.25,14:30,2062.0,85,38.8,24.26
+2,3.25,2.75,14:30,2062.0,85,38.8,24.26
+2,4.5,2.25,14:30,2062.0,85,38.8,24.26
+2,4.5,2.75,14:30,2062.0,85,38.8,24.26
+2,2.75,2.75,14:30,2062.0,85,38.8,24.26
+2,3.5,5.0,14:30,2062.0,85,38.8,24.26
+2,3.0,5.0,14:30,2062.0,85,38.8,24.26
+2,3.5,2.25,14:30,2062.0,85,38.8,24.26
+2,4.75,2.25,14:30,2062.0,85,38.8,24.26
+2,4.75,5.0,14:30,2062.0,85,38.8,24.26
+2,2.75,2.25,14:30,2062.0,85,38.8,24.26
+2,2.5,2.75,14:30,2062.0,85,38.8,24.26
+2,4.0,2.75,14:30,2062.0,85,38.8,24.26
+2,4.75,2.75,14:30,2062.0,85,38.8,24.26
+2,2.5,5.0,14:30,2062.0,85,38.8,24.26
+2,3.25,5.0,14:30,2062.0,85,38.8,24.26
+2,4.0,2.25,14:30,2062.0,85,38.8,24.26
+2,2.25,2.25,14:30,2062.0,85,38.8,24.26
+2,3.25,2.25,14:30,2062.0,85,38.8,24.26
+2,3.75,5.0,14:30,2062.0,85,38.8,24.26
+3,1.75,0.5,14:00,2062.0,85,34.1,24.26
+2,2.25,5.0,14:30,2062.0,85,38.8,24.26
+2,5.0,2.75,14:30,2062.0,85,38.8,24.26
+2,5.0,2.25,14:30,2062.0,85,38.8,24.26
+2,3.75,2.75,14:30,2062.0,85,38.8,24.26
+2,3.75,2.25,14:30,2062.0,85,38.8,24.26
+2,4.5,5.0,14:30,2062.0,85,38.8,24.26
+2,3.0,2.75,14:30,2062.0,85,38.8,24.26
+2,4.0,5.0,14:30,2062.0,85,38.8,24.26
+2,2.75,4.75,14:30,2061.0,85,38.8,24.25
+2,2.25,4.0,14:30,2061.0,85,38.8,24.25
+2,3.5,3.5,14:30,2061.0,85,38.8,24.25
+2,3.5,4.0,14:30,2061.0,85,38.8,24.25
+2,3.5,3.0,14:30,2061.0,85,38.8,24.25
+2,3.5,2.5,14:30,2061.0,85,38.8,24.25
+2,3.5,3.75,14:30,2061.0,85,38.8,24.25
+2,4.25,4.75,14:30,2061.0,85,38.8,24.25
+2,2.25,4.5,14:30,2061.0,85,38.8,24.25
+2,2.25,3.5,14:30,2061.0,85,38.8,24.25
+2,2.25,2.5,14:30,2061.0,85,38.8,24.25
+2,4.25,4.5,14:30,2061.0,85,38.8,24.25
+2,4.25,2.5,14:30,2061.0,85,38.8,24.25
+2,2.0,4.75,14:30,2061.0,85,38.8,24.25
+2,4.75,4.75,14:30,2061.0,85,38.8,24.25
+2,3.75,4.25,14:30,2061.0,85,38.8,24.25
+2,3.75,4.75,14:30,2061.0,85,38.8,24.25
+2,4.5,3.0,14:30,2061.0,85,38.8,24.25
+2,3.75,4.0,14:30,2061.0,85,38.8,24.25
+2,3.75,3.75,14:30,2061.0,85,38.8,24.25
+2,3.25,2.5,14:30,2061.0,85,38.8,24.25
+2,3.75,4.5,14:30,2061.0,85,38.8,24.25
+2,5.0,3.0,14:30,2061.0,85,38.8,24.25
+2,4.25,3.0,14:30,2061.0,85,38.8,24.25
+2,5.0,3.5,14:30,2061.0,85,38.8,24.25
+2,3.25,3.75,14:30,2061.0,85,38.8,24.25
+2,3.25,3.5,14:30,2061.0,85,38.8,24.25
+2,2.0,4.5,14:30,2061.0,85,38.8,24.25
+2,4.5,3.5,14:30,2061.0,85,38.8,24.25
+2,3.25,3.0,14:30,2061.0,85,38.8,24.25
+2,2.75,2.5,14:30,2061.0,85,38.8,24.25
+2,2.0,3.0,14:30,2061.0,85,38.8,24.25
+2,4.5,2.5,14:30,2061.0,85,38.8,24.25
+2,3.75,3.0,14:30,2061.0,85,38.8,24.25
+2,2.75,3.0,14:30,2061.0,85,38.8,24.25
+2,2.0,3.75,14:30,2061.0,85,38.8,24.25
+2,2.0,4.25,14:30,2061.0,85,38.8,24.25
+2,5.0,4.75,14:30,2061.0,85,38.8,24.25
+2,3.5,4.5,14:30,2061.0,85,38.8,24.25
+2,3.75,3.5,14:30,2061.0,85,38.8,24.25
+2,3.5,4.75,14:30,2061.0,85,38.8,24.25
+2,3.0,2.5,14:30,2061.0,85,38.8,24.25
+2,2.5,2.5,14:30,2061.0,85,38.8,24.25
+2,4.5,4.5,14:30,2061.0,85,38.8,24.25
+2,4.5,4.0,14:30,2061.0,85,38.8,24.25
+2,2.0,4.0,14:30,2061.0,85,38.8,24.25
+2,2.0,3.5,14:30,2061.0,85,38.8,24.25
+2,3.0,3.0,14:30,2061.0,85,38.8,24.25
+2,2.5,3.0,14:30,2061.0,85,38.8,24.25
+2,3.25,4.0,14:30,2061.0,85,38.8,24.25
+2,2.0,2.5,14:30,2061.0,85,38.8,24.25
+2,4.5,4.25,14:30,2061.0,85,38.8,24.25
+2,4.5,3.75,14:30,2061.0,85,38.8,24.25
+2,5.0,2.5,14:30,2061.0,85,38.8,24.25
+2,2.5,3.5,14:30,2061.0,85,38.8,24.25
+2,2.75,3.75,14:30,2061.0,85,38.8,24.25
+2,3.75,2.5,14:30,2061.0,85,38.8,24.25
+2,4.0,4.5,14:30,2061.0,85,38.8,24.25
+2,1.25,0.5,13:30,2061.0,85,34.1,24.25
+2,4.75,3.0,14:30,2061.0,85,38.8,24.25
+2,3.0,4.0,14:30,2061.0,85,38.8,24.25
+2,2.5,4.5,14:30,2061.0,85,38.8,24.25
+2,4.0,2.5,14:30,2061.0,85,38.8,24.25
+2,5.0,4.0,14:30,2061.0,85,38.8,24.25
+2,3.0,3.5,14:30,2061.0,85,38.8,24.25
+2,5.0,4.25,14:30,2061.0,85,38.8,24.25
+2,4.75,4.0,14:30,2061.0,85,38.8,24.25
+2,4.75,4.5,14:30,2061.0,85,38.8,24.25
+2,4.5,4.75,14:30,2061.0,85,38.8,24.25
+2,3.0,3.75,14:30,2061.0,85,38.8,24.25
+2,4.75,3.75,14:30,2061.0,85,38.8,24.25
+2,4.25,4.0,14:30,2061.0,85,38.8,24.25
+2,4.25,3.5,14:30,2061.0,85,38.8,24.25
+2,2.75,4.25,14:30,2061.0,85,38.8,24.25
+2,2.75,3.5,14:30,2061.0,85,38.8,24.25
+2,2.75,4.0,14:30,2061.0,85,38.8,24.25
+2,2.75,4.5,14:30,2061.0,85,38.8,24.25
+2,2.25,4.25,14:30,2061.0,85,38.8,24.25
+2,3.25,4.75,14:30,2061.0,85,38.8,24.25
+2,5.0,3.75,14:30,2061.0,85,38.8,24.25
+2,4.0,4.75,14:30,2061.0,85,38.8,24.25
+2,4.0,4.0,14:30,2061.0,85,38.8,24.25
+2,4.0,3.75,14:30,2061.0,85,38.8,24.25
+2,4.0,4.25,14:30,2061.0,85,38.8,24.25
+2,3.0,4.5,14:30,2061.0,85,38.8,24.25
+2,3.25,4.25,14:30,2061.0,85,38.8,24.25
+2,2.25,4.75,14:30,2061.0,85,38.8,24.25
+2,4.75,4.25,14:30,2061.0,85,38.8,24.25
+2,2.5,3.75,14:30,2061.0,85,38.8,24.25
+2,4.25,3.75,14:30,2061.0,85,38.8,24.25
+2,4.25,4.25,14:30,2061.0,85,38.8,24.25
+2,3.25,4.5,14:30,2061.0,85,38.8,24.25
+2,5.0,4.5,14:30,2061.0,85,38.8,24.25
+2,2.5,4.25,14:30,2061.0,85,38.8,24.25
+2,4.75,2.5,14:30,2061.0,85,38.8,24.25
+2,4.75,3.5,14:30,2061.0,85,38.8,24.25
+2,2.5,4.75,14:30,2061.0,85,38.8,24.25
+2,3.0,4.25,14:30,2061.0,85,38.8,24.25
+2,3.0,4.75,14:30,2061.0,85,38.8,24.25
+2,4.0,3.0,14:30,2061.0,85,38.8,24.25
+2,4.0,3.5,14:30,2061.0,85,38.8,24.25
+2,2.5,4.0,14:30,2061.0,85,38.8,24.25
+2,3.5,4.25,14:30,2061.0,85,38.8,24.25
+2,2.25,3.0,14:30,2061.0,85,38.8,24.25
+2,2.25,3.75,14:30,2061.0,85,38.8,24.25
+3,1.75,1.0,14:30,2060.0,85,38.8,24.24
+2,1.25,0.5,14:00,2052.0,85,34.1,24.14
+3,1.5,0.75,14:30,2048.0,85,36.5,24.09
+3,1.5,0.5,14:00,2040.0,85,34.1,24.0
+2,0.75,0.5,14:30,2038.0,85,41.2,23.98
+3,1.0,0.75,14:30,2031.0,85,40.0,23.89
+2,1.5,0.5,14:00,2026.0,85,34.1,23.84
+2,1.5,0.75,13:00,2022.0,85,40.0,23.79
+2,1.5,1.0,13:00,2019.0,85,42.4,23.75
+3,1.5,1.0,14:30,2014.0,85,38.8,23.69
+2,0.75,1.25,12:00,2011.0,85,49.4,23.66
+2,1.5,1.25,13:00,2006.0,85,42.4,23.6
+3,1.0,1.25,15:00,2005.0,85,40.0,23.59
+2,0.75,0.75,15:00,2005.0,85,45.9,23.59
+2,1.75,0.75,13:00,2004.0,85,40.0,23.58
+2,0.75,1.5,12:00,2001.0,85,49.4,23.54
+2,1.75,1.0,13:00,2001.0,85,42.4,23.54
+2,1.0,1.25,15:00,1996.0,85,40.0,23.48
+2,0.75,1.75,12:00,1995.0,85,49.4,23.47
+2,0.75,2.0,12:00,1994.0,85,49.4,23.46
+2,4.75,0.75,14:30,1992.0,85,35.3,23.44
+2,3.25,0.75,14:30,1992.0,85,35.3,23.44
+2,3.75,0.75,14:30,1992.0,85,35.3,23.44
+2,2.5,0.75,14:30,1992.0,85,35.3,23.44
+2,2.0,0.75,14:30,1992.0,85,35.3,23.44
+2,4.25,0.75,14:30,1992.0,85,35.3,23.44
+2,4.0,0.75,14:30,1992.0,85,35.3,23.44
+2,2.75,0.75,14:30,1992.0,85,35.3,23.44
+2,3.0,0.75,14:30,1992.0,85,35.3,23.44
+2,1.75,0.5,13:30,1992.0,85,34.1,23.44
+2,3.5,0.75,14:30,1992.0,85,35.3,23.44
+2,4.5,0.75,14:30,1992.0,85,35.3,23.44
+2,2.25,0.75,14:30,1992.0,85,35.3,23.44
+2,5.0,0.75,14:30,1992.0,85,35.3,23.44
+2,0.75,3.25,12:00,1991.0,85,49.4,23.42
+2,0.75,2.25,12:00,1990.0,85,49.4,23.41
+2,0.75,2.75,12:00,1990.0,85,49.4,23.41
+2,0.75,4.0,12:00,1989.0,85,49.4,23.4
+2,0.75,4.5,12:00,1989.0,85,49.4,23.4
+3,1.25,0.5,14:00,1989.0,85,34.1,23.4
+2,0.75,5.0,12:00,1989.0,85,49.4,23.4
+2,0.75,4.75,12:00,1989.0,85,49.4,23.4
+2,0.75,4.25,12:00,1989.0,85,49.4,23.4
+2,0.75,3.75,12:00,1989.0,85,49.4,23.4
+2,0.75,3.0,12:00,1989.0,85,49.4,23.4
+2,0.75,2.5,12:00,1989.0,85,49.4,23.4
+2,0.75,3.5,12:00,1989.0,85,49.4,23.4
+2,1.75,1.25,13:00,1988.0,85,42.4,23.39
+2,1.5,1.5,13:00,1987.0,85,42.4,23.38
+3,0.75,1.25,12:00,1984.0,85,49.4,23.34
+3,1.0,1.5,15:00,1984.0,85,40.0,23.34
+3,1.75,0.5,13:30,1982.0,85,35.3,23.32
+2,0.75,0.75,12:00,1980.0,85,48.2,23.29
+2,1.5,1.75,13:00,1979.0,85,42.4,23.28
+3,0.75,1.5,12:00,1978.0,85,49.4,23.27
+2,1.5,2.0,13:00,1975.0,85,42.4,23.24
+3,1.25,0.5,13:30,1974.0,85,35.3,23.22
+3,1.0,1.75,15:00,1973.0,85,40.0,23.21
+2,1.5,3.25,13:00,1973.0,85,42.4,23.21
+2,2.25,1.0,14:30,1972.0,85,37.6,23.2
+2,1.5,2.25,13:00,1972.0,85,42.4,23.2
+2,4.5,1.0,14:30,1972.0,85,37.6,23.2
+3,0.75,2.0,12:00,1972.0,85,49.4,23.2
+3,0.75,1.75,12:00,1972.0,85,49.4,23.2
+2,2.75,1.0,14:30,1972.0,85,37.6,23.2
+2,3.5,1.0,14:30,1972.0,85,37.6,23.2
+2,3.0,1.0,14:30,1972.0,85,37.6,23.2
+2,5.0,1.0,14:30,1972.0,85,37.6,23.2
+2,3.75,1.0,14:30,1972.0,85,37.6,23.2
+2,1.5,2.75,13:00,1972.0,85,42.4,23.2
+2,2.5,1.0,14:30,1972.0,85,37.6,23.2
+2,4.75,1.0,14:30,1972.0,85,37.6,23.2
+2,3.25,1.0,14:30,1972.0,85,37.6,23.2
+2,4.0,1.0,14:30,1972.0,85,37.6,23.2
+2,4.25,1.0,14:30,1972.0,85,37.6,23.2
+2,2.0,1.0,14:30,1972.0,85,37.6,23.2
+2,1.5,4.0,13:00,1971.0,85,42.4,23.19
+2,1.5,2.5,13:00,1971.0,85,42.4,23.19
+2,1.5,3.75,13:00,1971.0,85,42.4,23.19
+2,1.5,4.25,13:00,1971.0,85,42.4,23.19
+2,1.5,3.5,13:00,1971.0,85,42.4,23.19
+2,1.5,4.5,13:00,1971.0,85,42.4,23.19
+2,1.5,3.0,13:00,1971.0,85,42.4,23.19
+2,1.5,4.75,13:00,1971.0,85,42.4,23.19
+2,1.5,5.0,13:00,1970.0,85,42.4,23.18
+3,0.75,3.25,12:00,1970.0,85,49.4,23.18
+3,0.75,2.25,12:00,1970.0,85,49.4,23.18
+3,1.0,2.0,15:00,1970.0,85,40.0,23.18
+3,0.75,3.75,12:00,1969.0,85,49.4,23.16
+3,0.75,4.5,12:00,1969.0,85,49.4,23.16
+2,1.75,1.5,13:00,1969.0,85,42.4,23.16
+3,0.75,5.0,12:00,1969.0,85,49.4,23.16
+3,0.75,4.75,12:00,1969.0,85,49.4,23.16
+3,0.75,4.25,12:00,1969.0,85,49.4,23.16
+3,0.75,4.0,12:00,1969.0,85,49.4,23.16
+3,0.75,2.75,12:00,1969.0,85,49.4,23.16
+3,0.75,3.5,12:00,1969.0,85,49.4,23.16
+3,0.75,0.75,12:00,1969.0,85,48.2,23.16
+3,0.75,2.5,12:00,1969.0,85,49.4,23.16
+3,0.75,3.0,12:00,1968.0,85,49.4,23.15
+3,1.0,2.25,15:00,1967.0,85,40.0,23.14
+3,1.0,3.25,15:00,1967.0,85,40.0,23.14
+3,1.0,2.5,15:00,1966.0,85,40.0,23.13
+3,1.0,4.75,15:00,1966.0,85,40.0,23.13
+3,1.0,4.5,15:00,1966.0,85,40.0,23.13
+3,1.0,3.5,15:00,1966.0,85,40.0,23.13
+3,1.0,3.75,15:00,1966.0,85,40.0,23.13
+3,1.0,2.75,15:00,1966.0,85,40.0,23.13
+3,1.0,3.0,15:00,1965.0,85,40.0,23.12
+3,1.0,4.25,15:00,1965.0,85,40.0,23.12
+3,1.0,5.0,15:00,1965.0,85,40.0,23.12
+3,1.0,4.0,15:00,1965.0,85,40.0,23.12
+3,0.75,0.5,15:00,1964.0,85,42.4,23.11
+2,1.0,1.5,15:00,1963.0,85,40.0,23.09
+3,1.5,0.75,13:00,1962.0,85,38.8,23.08
+2,1.75,1.75,13:00,1961.0,85,42.4,23.07
+3,1.5,0.5,13:30,1960.0,85,35.3,23.06
+2,1.75,2.0,13:00,1957.0,85,42.4,23.02
+2,1.75,3.25,13:00,1955.0,85,42.4,23.0
+2,1.75,2.25,13:00,1954.0,85,42.4,22.99
+2,1.75,2.75,13:00,1954.0,85,42.4,22.99
+2,1.75,4.75,13:00,1953.0,85,42.4,22.98
+2,1.75,3.75,13:00,1953.0,85,42.4,22.98
+2,1.75,4.0,13:00,1953.0,85,42.4,22.98
+2,1.75,3.0,13:00,1953.0,85,42.4,22.98
+2,1.75,2.5,13:00,1953.0,85,42.4,22.98
+2,1.75,3.5,13:00,1953.0,85,42.4,22.98
+2,1.75,4.5,13:00,1953.0,85,42.4,22.98
+2,1.75,4.25,13:00,1953.0,85,42.4,22.98
+2,1.75,5.0,13:00,1952.0,85,42.4,22.96
+2,1.0,1.75,15:00,1952.0,85,40.0,22.96
+3,1.5,1.0,13:00,1951.0,85,40.0,22.95
+2,1.0,2.0,15:00,1948.0,85,40.0,22.92
+2,1.0,3.25,15:00,1943.0,85,40.0,22.86
+2,1.0,2.25,15:00,1942.0,85,40.0,22.85
+2,1.0,2.75,15:00,1942.0,85,40.0,22.85
+2,1.0,4.5,15:00,1941.0,85,40.0,22.84
+2,1.0,4.25,15:00,1941.0,85,40.0,22.84
+2,1.0,5.0,15:00,1941.0,85,40.0,22.84
+2,1.0,2.5,15:00,1941.0,85,40.0,22.84
+2,1.0,4.75,15:00,1941.0,85,40.0,22.84
+3,1.0,1.0,15:00,1941.0,85,40.0,22.84
+2,1.0,3.75,15:00,1941.0,85,40.0,22.84
+2,1.0,4.0,15:00,1941.0,85,40.0,22.84
+2,1.0,3.5,15:00,1941.0,85,40.0,22.84
+2,1.0,3.0,15:00,1941.0,85,40.0,22.84
+2,1.5,0.5,13:30,1939.0,85,34.1,22.81
+2,0.75,1.0,12:00,1938.0,85,49.4,22.8
+3,0.75,1.0,12:00,1932.0,85,49.4,22.73
+3,1.5,1.25,13:00,1925.0,85,40.0,22.65
+3,1.75,0.75,13:00,1917.0,85,38.8,22.55
+3,1.5,1.5,13:00,1914.0,85,40.0,22.52
+3,1.5,1.75,13:00,1907.0,85,40.0,22.44
+3,1.75,1.0,13:00,1906.0,85,40.0,22.42
+3,1.5,2.0,13:00,1904.0,85,40.0,22.4
+3,1.5,2.25,13:00,1903.0,85,40.0,22.39
+3,1.5,3.25,13:00,1903.0,85,40.0,22.39
+3,1.5,3.75,13:00,1902.0,85,40.0,22.38
+3,1.5,2.5,13:00,1902.0,85,40.0,22.38
+3,1.5,5.0,13:00,1902.0,85,40.0,22.38
+3,1.5,2.75,13:00,1902.0,85,40.0,22.38
+3,1.5,4.5,13:00,1902.0,85,40.0,22.38
+3,1.5,3.5,13:00,1902.0,85,40.0,22.38
+3,1.5,4.75,13:00,1902.0,85,40.0,22.38
+3,1.5,4.25,13:00,1901.0,85,40.0,22.36
+3,1.5,4.0,13:00,1901.0,85,40.0,22.36
+3,1.5,3.0,13:00,1901.0,85,40.0,22.36
+2,1.0,1.0,15:00,1895.0,85,38.8,22.29
+3,1.75,1.25,13:00,1880.0,85,40.0,22.12
+3,1.0,0.75,15:00,1875.0,85,38.8,22.06
+3,1.75,1.5,13:00,1869.0,85,40.0,21.99
+2,1.0,1.25,12:30,1864.0,85,45.9,21.93
+3,1.75,1.75,13:00,1862.0,85,40.0,21.91
+2,4.0,0.5,13:30,1861.0,85,34.1,21.89
+2,4.5,0.5,13:30,1861.0,85,34.1,21.89
+2,3.0,0.5,13:30,1861.0,85,34.1,21.89
+2,3.75,0.5,13:30,1861.0,85,34.1,21.89
+2,3.25,0.5,13:30,1861.0,85,34.1,21.89
+2,3.5,0.5,13:30,1861.0,85,34.1,21.89
+2,2.75,0.5,13:30,1861.0,85,34.1,21.89
+2,4.75,0.5,13:30,1861.0,85,34.1,21.89
+2,2.0,0.5,13:30,1861.0,85,34.1,21.89
+2,4.25,0.5,13:30,1861.0,85,34.1,21.89
+2,5.0,0.5,13:30,1861.0,85,34.1,21.89
+2,2.5,0.5,13:30,1861.0,85,34.1,21.89
+2,2.25,0.5,13:30,1861.0,85,34.1,21.89
+3,1.75,2.0,13:00,1859.0,85,40.0,21.87
+3,1.75,3.25,13:00,1858.0,85,40.0,21.86
+3,1.75,2.25,13:00,1858.0,85,40.0,21.86
+3,1.75,5.0,13:00,1857.0,85,40.0,21.85
+3,1.75,3.75,13:00,1857.0,85,40.0,21.85
+3,1.75,3.5,13:00,1857.0,85,40.0,21.85
+3,1.75,4.75,13:00,1857.0,85,40.0,21.85
+3,1.75,2.75,13:00,1857.0,85,40.0,21.85
+3,1.75,2.5,13:00,1857.0,85,40.0,21.85
+3,1.75,4.5,13:00,1857.0,85,40.0,21.85
+3,1.75,3.0,13:00,1856.0,85,40.0,21.84
+3,1.75,4.0,13:00,1856.0,85,40.0,21.84
+3,1.75,4.25,13:00,1856.0,85,40.0,21.84
+2,0.75,0.5,15:00,1855.0,85,42.4,21.82
+2,1.0,1.5,12:30,1848.0,85,45.9,21.74
+2,1.0,1.0,13:00,1846.0,85,44.7,21.72
+2,1.0,1.75,12:30,1839.0,85,45.9,21.64
+2,1.0,2.0,12:30,1838.0,85,45.9,21.62
+3,3.25,1.25,14:30,1835.0,85,38.8,21.59
+3,3.0,1.25,14:30,1835.0,85,38.8,21.59
+3,4.25,1.25,14:30,1835.0,85,38.8,21.59
+3,3.5,1.25,14:30,1835.0,85,38.8,21.59
+3,3.75,1.25,14:30,1835.0,85,38.8,21.59
+3,4.0,1.25,14:30,1835.0,85,38.8,21.59
+2,1.0,3.25,12:30,1835.0,85,45.9,21.59
+3,5.0,1.25,14:30,1835.0,85,38.8,21.59
+3,2.75,1.25,14:30,1835.0,85,38.8,21.59
+3,2.5,1.25,14:30,1835.0,85,38.8,21.59
+3,2.0,1.25,14:30,1835.0,85,38.8,21.59
+3,4.5,1.25,14:30,1835.0,85,38.8,21.59
+3,2.25,1.25,14:30,1835.0,85,38.8,21.59
+3,4.75,1.25,14:30,1835.0,85,38.8,21.59
+2,1.0,2.75,12:30,1834.0,85,45.9,21.58
+2,1.0,2.25,12:30,1834.0,85,45.9,21.58
+2,1.0,4.5,12:30,1833.0,85,45.9,21.56
+2,1.0,4.0,12:30,1833.0,85,45.9,21.56
+2,1.0,3.0,12:30,1833.0,85,45.9,21.56
+2,1.0,3.75,12:30,1833.0,85,45.9,21.56
+2,1.0,4.25,12:30,1833.0,85,45.9,21.56
+2,1.0,1.25,13:00,1833.0,85,44.7,21.56
+2,1.0,2.5,12:30,1833.0,85,45.9,21.56
+2,1.0,3.5,12:30,1833.0,85,45.9,21.56
+2,1.0,5.0,12:30,1833.0,85,45.9,21.56
+2,1.0,4.75,12:30,1833.0,85,45.9,21.56
+3,1.0,1.25,12:00,1831.0,85,45.9,21.54
+3,1.0,1.5,12:00,1825.0,85,45.9,21.47
+2,4.75,0.75,13:00,1819.0,85,40.0,21.4
+2,4.0,0.75,13:00,1819.0,85,40.0,21.4
+2,4.25,0.75,13:00,1819.0,85,40.0,21.4
+3,1.0,2.0,12:00,1819.0,85,45.9,21.4
+2,2.75,0.75,13:00,1819.0,85,40.0,21.4
+2,3.25,0.75,13:00,1819.0,85,40.0,21.4
+3,1.0,1.75,12:00,1819.0,85,45.9,21.4
+2,3.0,0.75,13:00,1819.0,85,40.0,21.4
+2,3.75,0.75,13:00,1819.0,85,40.0,21.4
+2,2.0,0.75,13:00,1819.0,85,40.0,21.4
+2,5.0,0.75,13:00,1819.0,85,40.0,21.4
+2,2.5,0.75,13:00,1819.0,85,40.0,21.4
+2,2.25,0.75,13:00,1819.0,85,40.0,21.4
+2,3.5,0.75,13:00,1819.0,85,40.0,21.4
+2,4.5,0.75,13:00,1819.0,85,40.0,21.4
+3,3.5,1.5,14:30,1817.0,85,38.8,21.38
+3,5.0,1.5,14:30,1817.0,85,38.8,21.38
+3,4.25,1.5,14:30,1817.0,85,38.8,21.38
+3,2.5,1.5,14:30,1817.0,85,38.8,21.38
+3,2.25,1.5,14:30,1817.0,85,38.8,21.38
+3,4.0,1.5,14:30,1817.0,85,38.8,21.38
+3,3.0,1.5,14:30,1817.0,85,38.8,21.38
+3,4.5,1.5,14:30,1817.0,85,38.8,21.38
+3,2.75,1.5,14:30,1817.0,85,38.8,21.38
+3,1.0,2.25,12:00,1817.0,85,45.9,21.38
+3,4.75,1.5,14:30,1817.0,85,38.8,21.38
+3,3.25,1.5,14:30,1817.0,85,38.8,21.38
+3,1.0,3.25,12:00,1817.0,85,45.9,21.38
+3,2.0,1.5,14:30,1817.0,85,38.8,21.38
+3,3.75,1.5,14:30,1817.0,85,38.8,21.38
+2,3.0,1.0,13:00,1816.0,85,42.4,21.36
+2,1.0,0.75,15:00,1816.0,85,37.6,21.36
+3,1.0,4.0,12:00,1816.0,85,45.9,21.36
+3,1.0,1.0,13:00,1816.0,85,42.4,21.36
+3,1.0,4.5,12:00,1816.0,85,45.9,21.36
+2,4.0,1.0,13:00,1816.0,85,42.4,21.36
+3,1.0,5.0,12:00,1816.0,85,45.9,21.36
+2,2.5,1.0,13:00,1816.0,85,42.4,21.36
+3,1.0,4.75,12:00,1816.0,85,45.9,21.36
+2,4.5,1.0,13:00,1816.0,85,42.4,21.36
+2,2.25,1.0,13:00,1816.0,85,42.4,21.36
+2,3.75,1.0,13:00,1816.0,85,42.4,21.36
+2,3.5,1.0,13:00,1816.0,85,42.4,21.36
+2,5.0,1.0,13:00,1816.0,85,42.4,21.36
+2,2.0,1.0,13:00,1816.0,85,42.4,21.36
+2,3.25,1.0,13:00,1816.0,85,42.4,21.36
+3,1.0,3.75,12:00,1816.0,85,45.9,21.36
+3,1.0,2.75,12:00,1816.0,85,45.9,21.36
+3,1.0,4.25,12:00,1816.0,85,45.9,21.36
+3,1.0,2.5,12:00,1816.0,85,45.9,21.36
+3,1.0,0.75,12:00,1816.0,85,44.7,21.36
+2,4.75,1.0,13:00,1816.0,85,42.4,21.36
+2,2.75,1.0,13:00,1816.0,85,42.4,21.36
+2,4.25,1.0,13:00,1816.0,85,42.4,21.36
+3,1.0,3.5,12:00,1816.0,85,45.9,21.36
+3,1.0,3.0,12:00,1815.0,85,45.9,21.35
+2,1.0,1.5,13:00,1814.0,85,44.7,21.34
+2,1.0,1.25,12:00,1813.0,85,45.9,21.33
+3,2.0,1.75,14:30,1808.0,85,38.8,21.27
+3,3.25,1.75,14:30,1808.0,85,38.8,21.27
+3,2.75,1.75,14:30,1808.0,85,38.8,21.27
+3,4.75,1.75,14:30,1808.0,85,38.8,21.27
+3,4.5,1.75,14:30,1808.0,85,38.8,21.27
+3,3.75,1.75,14:30,1808.0,85,38.8,21.27
+3,3.0,1.75,14:30,1808.0,85,38.8,21.27
+3,4.0,1.75,14:30,1808.0,85,38.8,21.27
+3,2.25,1.75,14:30,1808.0,85,38.8,21.27
+3,3.5,1.75,14:30,1808.0,85,38.8,21.27
+3,2.5,1.75,14:30,1808.0,85,38.8,21.27
+3,4.25,1.75,14:30,1808.0,85,38.8,21.27
+3,5.0,1.75,14:30,1808.0,85,38.8,21.27
+2,1.0,1.75,13:00,1806.0,85,44.7,21.25
+3,5.0,2.0,14:30,1805.0,85,38.8,21.24
+3,2.75,2.0,14:30,1805.0,85,38.8,21.24
+3,3.5,2.0,14:30,1805.0,85,38.8,21.24
+3,4.5,2.0,14:30,1805.0,85,38.8,21.24
+3,2.0,2.0,14:30,1805.0,85,38.8,21.24
+3,3.25,2.0,14:30,1805.0,85,38.8,21.24
+3,4.75,2.0,14:30,1805.0,85,38.8,21.24
+3,3.75,2.0,14:30,1805.0,85,38.8,21.24
+3,3.0,2.0,14:30,1805.0,85,38.8,21.24
+3,2.25,2.0,14:30,1805.0,85,38.8,21.24
+3,4.0,2.0,14:30,1805.0,85,38.8,21.24
+3,4.25,2.0,14:30,1805.0,85,38.8,21.24
+3,2.5,2.0,14:30,1805.0,85,38.8,21.24
+2,4.0,1.25,13:00,1803.0,85,42.4,21.21
+2,1.0,1.5,12:00,1803.0,85,45.9,21.21
+2,2.0,1.25,13:00,1803.0,85,42.4,21.21
+2,3.25,1.25,13:00,1803.0,85,42.4,21.21
+2,4.25,1.25,13:00,1803.0,85,42.4,21.21
+2,2.75,1.25,13:00,1803.0,85,42.4,21.21
+2,2.5,1.25,13:00,1803.0,85,42.4,21.21
+2,3.75,1.25,13:00,1803.0,85,42.4,21.21
+2,2.25,1.25,13:00,1803.0,85,42.4,21.21
+2,5.0,1.25,13:00,1803.0,85,42.4,21.21
+2,4.75,1.25,13:00,1803.0,85,42.4,21.21
+2,3.5,1.25,13:00,1803.0,85,42.4,21.21
+2,3.0,1.25,13:00,1803.0,85,42.4,21.21
+2,4.5,1.25,13:00,1803.0,85,42.4,21.21
+3,5.0,2.25,14:30,1802.0,85,38.8,21.2
+3,2.5,3.25,14:30,1802.0,85,38.8,21.2
+3,2.75,2.25,14:30,1802.0,85,38.8,21.2
+3,2.5,5.0,14:30,1802.0,85,38.8,21.2
+3,5.0,5.0,14:30,1802.0,85,38.8,21.2
+3,4.5,5.0,14:30,1802.0,85,38.8,21.2
+3,3.0,5.0,14:30,1802.0,85,38.8,21.2
+3,2.5,2.25,14:30,1802.0,85,38.8,21.2
+3,3.5,5.0,14:30,1802.0,85,38.8,21.2
+3,4.25,2.25,14:30,1802.0,85,38.8,21.2
+3,2.0,5.0,14:30,1802.0,85,38.8,21.2
+3,4.0,2.25,14:30,1802.0,85,38.8,21.2
+3,4.25,5.0,14:30,1802.0,85,38.8,21.2
+3,4.75,5.0,14:30,1802.0,85,38.8,21.2
+3,2.25,3.25,14:30,1802.0,85,38.8,21.2
+3,2.25,2.25,14:30,1802.0,85,38.8,21.2
+3,2.25,5.0,14:30,1802.0,85,38.8,21.2
+3,2.75,5.0,14:30,1802.0,85,38.8,21.2
+3,3.5,3.25,14:30,1802.0,85,38.8,21.2
+3,3.75,3.25,14:30,1802.0,85,38.8,21.2
+3,4.0,3.25,14:30,1802.0,85,38.8,21.2
+3,2.0,3.25,14:30,1802.0,85,38.8,21.2
+3,4.75,3.25,14:30,1802.0,85,38.8,21.2
+2,1.0,2.0,13:00,1802.0,85,44.7,21.2
+3,4.5,2.25,14:30,1802.0,85,38.8,21.2
+3,3.75,2.25,14:30,1802.0,85,38.8,21.2
+3,3.0,3.25,14:30,1802.0,85,38.8,21.2
+3,4.25,3.25,14:30,1802.0,85,38.8,21.2
+3,2.0,2.25,14:30,1802.0,85,38.8,21.2
+3,4.0,5.0,14:30,1802.0,85,38.8,21.2
+3,3.25,3.25,14:30,1802.0,85,38.8,21.2
+3,4.5,3.25,14:30,1802.0,85,38.8,21.2
+3,3.25,2.25,14:30,1802.0,85,38.8,21.2
+3,4.75,2.25,14:30,1802.0,85,38.8,21.2
+3,3.0,2.25,14:30,1802.0,85,38.8,21.2
+3,3.75,5.0,14:30,1802.0,85,38.8,21.2
+3,3.25,5.0,14:30,1802.0,85,38.8,21.2
+3,2.75,3.25,14:30,1802.0,85,38.8,21.2
+3,5.0,3.25,14:30,1802.0,85,38.8,21.2
+3,3.5,2.25,14:30,1802.0,85,38.8,21.2
+3,2.75,2.75,14:30,1801.0,85,38.8,21.19
+3,5.0,4.75,14:30,1801.0,85,38.8,21.19
+3,3.5,2.5,14:30,1801.0,85,38.8,21.19
+3,2.5,3.5,14:30,1801.0,85,38.8,21.19
+3,2.75,2.5,14:30,1801.0,85,38.8,21.19
+3,2.5,4.5,14:30,1801.0,85,38.8,21.19
+3,5.0,4.5,14:30,1801.0,85,38.8,21.19
+3,5.0,2.75,14:30,1801.0,85,38.8,21.19
+3,2.5,2.75,14:30,1801.0,85,38.8,21.19
+3,3.0,4.75,14:30,1801.0,85,38.8,21.19
+3,3.0,4.5,14:30,1801.0,85,38.8,21.19
+3,4.25,2.75,14:30,1801.0,85,38.8,21.19
+3,4.25,2.5,14:30,1801.0,85,38.8,21.19
+3,2.5,2.5,14:30,1801.0,85,38.8,21.19
+3,3.75,4.5,14:30,1801.0,85,38.8,21.19
+3,3.0,2.75,14:30,1801.0,85,38.8,21.19
+3,4.0,2.75,14:30,1801.0,85,38.8,21.19
+3,4.0,3.5,14:30,1801.0,85,38.8,21.19
+3,2.75,3.75,14:30,1801.0,85,38.8,21.19
+3,2.5,3.75,14:30,1801.0,85,38.8,21.19
+3,2.75,3.5,14:30,1801.0,85,38.8,21.19
+3,4.0,4.75,14:30,1801.0,85,38.8,21.19
+3,2.0,3.5,14:30,1801.0,85,38.8,21.19
+3,2.0,2.75,14:30,1801.0,85,38.8,21.19
+3,4.75,2.5,14:30,1801.0,85,38.8,21.19
+3,2.0,2.5,14:30,1801.0,85,38.8,21.19
+3,2.5,4.75,14:30,1801.0,85,38.8,21.19
+3,3.5,3.5,14:30,1801.0,85,38.8,21.19
+3,3.25,4.75,14:30,1801.0,85,38.8,21.19
+3,3.25,4.5,14:30,1801.0,85,38.8,21.19
+3,3.5,3.75,14:30,1801.0,85,38.8,21.19
+3,2.25,4.5,14:30,1801.0,85,38.8,21.19
+3,4.0,3.75,14:30,1801.0,85,38.8,21.19
+3,4.0,2.5,14:30,1801.0,85,38.8,21.19
+3,4.5,4.75,14:30,1801.0,85,38.8,21.19
+3,4.5,2.5,14:30,1801.0,85,38.8,21.19
+3,2.75,4.75,14:30,1801.0,85,38.8,21.19
+3,4.25,4.75,14:30,1801.0,85,38.8,21.19
+3,4.5,4.5,14:30,1801.0,85,38.8,21.19
+3,3.75,4.75,14:30,1801.0,85,38.8,21.19
+3,3.0,2.5,14:30,1801.0,85,38.8,21.19
+3,3.25,3.75,14:30,1801.0,85,38.8,21.19
+3,4.5,2.75,14:30,1801.0,85,38.8,21.19
+3,2.25,3.5,14:30,1801.0,85,38.8,21.19
+3,2.25,2.75,14:30,1801.0,85,38.8,21.19
+3,3.25,2.5,14:30,1801.0,85,38.8,21.19
+3,4.25,4.5,14:30,1801.0,85,38.8,21.19
+3,4.75,4.75,14:30,1801.0,85,38.8,21.19
+3,2.25,4.75,14:30,1801.0,85,38.8,21.19
+3,2.25,3.75,14:30,1801.0,85,38.8,21.19
+3,2.75,4.5,14:30,1801.0,85,38.8,21.19
+3,4.75,3.5,14:30,1801.0,85,38.8,21.19
+3,2.0,3.75,14:30,1801.0,85,38.8,21.19
+3,4.0,4.5,14:30,1801.0,85,38.8,21.19
+3,3.5,4.75,14:30,1801.0,85,38.8,21.19
+3,3.0,3.5,14:30,1801.0,85,38.8,21.19
+3,3.0,3.75,14:30,1801.0,85,38.8,21.19
+3,3.75,2.75,14:30,1801.0,85,38.8,21.19
+3,4.5,3.5,14:30,1801.0,85,38.8,21.19
+3,3.5,2.75,14:30,1801.0,85,38.8,21.19
+3,3.75,3.5,14:30,1801.0,85,38.8,21.19
+3,5.0,2.5,14:30,1801.0,85,38.8,21.19
+3,5.0,3.75,14:30,1801.0,85,38.8,21.19
+3,4.25,3.5,14:30,1801.0,85,38.8,21.19
+3,4.5,3.75,14:30,1801.0,85,38.8,21.19
+3,5.0,3.5,14:30,1801.0,85,38.8,21.19
+3,2.0,4.5,14:30,1801.0,85,38.8,21.19
+3,4.25,3.75,14:30,1801.0,85,38.8,21.19
+3,2.0,4.75,14:30,1801.0,85,38.8,21.19
+3,3.75,3.75,14:30,1801.0,85,38.8,21.19
+3,4.75,3.75,14:30,1801.0,85,38.8,21.19
+3,3.25,3.5,14:30,1801.0,85,38.8,21.19
+3,3.5,4.5,14:30,1801.0,85,38.8,21.19
+3,4.75,4.5,14:30,1801.0,85,38.8,21.19
+3,2.25,2.5,14:30,1801.0,85,38.8,21.19
+3,4.75,2.75,14:30,1801.0,85,38.8,21.19
+3,3.25,2.75,14:30,1801.0,85,38.8,21.19
+3,3.75,2.5,14:30,1801.0,85,38.8,21.19
+3,2.75,3.0,14:30,1800.0,85,38.8,21.18
+3,5.0,4.25,14:30,1800.0,85,38.8,21.18
+3,5.0,4.0,14:30,1800.0,85,38.8,21.18
+3,5.0,3.0,14:30,1800.0,85,38.8,21.18
+3,4.0,3.0,14:30,1800.0,85,38.8,21.18
+3,2.5,3.0,14:30,1800.0,85,38.8,21.18
+3,2.5,4.0,14:30,1800.0,85,38.8,21.18
+3,3.75,3.0,14:30,1800.0,85,38.8,21.18
+3,2.0,4.0,14:30,1800.0,85,38.8,21.18
+3,2.0,4.25,14:30,1800.0,85,38.8,21.18
+3,3.0,3.0,14:30,1800.0,85,38.8,21.18
+3,4.25,4.25,14:30,1800.0,85,38.8,21.18
+3,3.5,3.0,14:30,1800.0,85,38.8,21.18
+3,4.25,4.0,14:30,1800.0,85,38.8,21.18
+3,4.75,4.0,14:30,1800.0,85,38.8,21.18
+3,4.75,4.25,14:30,1800.0,85,38.8,21.18
+3,3.75,4.25,14:30,1800.0,85,38.8,21.18
+3,3.75,4.0,14:30,1800.0,85,38.8,21.18
+3,4.0,4.0,14:30,1800.0,85,38.8,21.18
+2,1.0,3.25,13:00,1800.0,85,44.7,21.18
+3,4.5,4.25,14:30,1800.0,85,38.8,21.18
+3,2.5,4.25,14:30,1800.0,85,38.8,21.18
+3,2.25,3.0,14:30,1800.0,85,38.8,21.18
+3,2.25,4.25,14:30,1800.0,85,38.8,21.18
+3,3.0,4.25,14:30,1800.0,85,38.8,21.18
+3,3.5,4.0,14:30,1800.0,85,38.8,21.18
+3,2.75,4.0,14:30,1800.0,85,38.8,21.18
+3,4.5,3.0,14:30,1800.0,85,38.8,21.18
+3,4.25,3.0,14:30,1800.0,85,38.8,21.18
+3,3.25,4.25,14:30,1800.0,85,38.8,21.18
+3,2.75,4.25,14:30,1800.0,85,38.8,21.18
+3,2.25,4.0,14:30,1800.0,85,38.8,21.18
+3,3.25,4.0,14:30,1800.0,85,38.8,21.18
+3,3.5,4.25,14:30,1800.0,85,38.8,21.18
+3,3.0,4.0,14:30,1800.0,85,38.8,21.18
+3,4.0,4.25,14:30,1800.0,85,38.8,21.18
+3,4.5,4.0,14:30,1800.0,85,38.8,21.18
+3,4.75,3.0,14:30,1800.0,85,38.8,21.18
+3,3.25,3.0,14:30,1800.0,85,38.8,21.18
+3,2.0,3.0,14:30,1800.0,85,38.8,21.18
+2,1.0,2.75,13:00,1799.0,85,44.7,21.16
+2,1.0,2.25,13:00,1799.0,85,44.7,21.16
+2,1.0,4.75,13:00,1798.0,85,44.7,21.15
+2,1.0,2.5,13:00,1798.0,85,44.7,21.15
+2,1.0,3.0,13:00,1798.0,85,44.7,21.15
+2,1.0,4.5,13:00,1798.0,85,44.7,21.15
+2,1.0,4.25,13:00,1798.0,85,44.7,21.15
+2,1.0,3.5,13:00,1798.0,85,44.7,21.15
+2,1.0,3.75,13:00,1798.0,85,44.7,21.15
+2,1.0,4.0,13:00,1798.0,85,44.7,21.15
+2,1.0,5.0,13:00,1797.0,85,44.7,21.14
+2,1.0,1.75,12:00,1797.0,85,45.9,21.14
+2,1.0,0.75,12:30,1797.0,85,44.7,21.14
+2,1.0,2.0,12:00,1796.0,85,45.9,21.13
+3,1.0,1.25,12:30,1796.0,85,42.4,21.13
+2,1.0,3.25,12:00,1793.0,85,45.9,21.09
+2,1.0,2.75,12:00,1792.0,85,45.9,21.08
+2,1.0,2.25,12:00,1792.0,85,45.9,21.08
+2,1.0,4.75,12:00,1791.0,85,45.9,21.07
+2,1.0,5.0,12:00,1791.0,85,45.9,21.07
+2,1.0,4.0,12:00,1791.0,85,45.9,21.07
+2,1.0,3.75,12:00,1791.0,85,45.9,21.07
+2,1.0,3.0,12:00,1791.0,85,45.9,21.07
+2,1.0,4.5,12:00,1791.0,85,45.9,21.07
+2,1.0,4.25,12:00,1791.0,85,45.9,21.07
+2,1.0,3.5,12:00,1791.0,85,45.9,21.07
+2,1.25,0.75,13:00,1791.0,85,40.0,21.07
+2,1.0,2.5,12:00,1791.0,85,45.9,21.07
+3,1.0,1.25,13:00,1790.0,85,42.4,21.06
+2,1.25,1.0,13:00,1788.0,85,42.4,21.04
+3,3.5,0.5,13:30,1787.0,85,35.3,21.02
+2,1.0,1.0,12:30,1787.0,85,45.9,21.02
+3,2.75,0.5,13:30,1787.0,85,35.3,21.02
+3,2.25,0.5,13:30,1787.0,85,35.3,21.02
+3,5.0,0.5,13:30,1787.0,85,35.3,21.02
+3,2.5,0.5,13:30,1787.0,85,35.3,21.02
+3,4.0,0.5,13:30,1787.0,85,35.3,21.02
+3,4.5,0.5,13:30,1787.0,85,35.3,21.02
+3,3.25,0.5,13:30,1787.0,85,35.3,21.02
+3,3.0,0.5,13:30,1787.0,85,35.3,21.02
+3,3.75,0.5,13:30,1787.0,85,35.3,21.02
+3,4.25,0.5,13:30,1787.0,85,35.3,21.02
+3,4.75,0.5,13:30,1787.0,85,35.3,21.02
+3,2.0,0.5,13:30,1787.0,85,35.3,21.02
+3,1.0,1.5,12:30,1785.0,85,42.4,21.0
+2,4.5,1.5,13:00,1784.0,85,42.4,20.99
+2,2.5,1.5,13:00,1784.0,85,42.4,20.99
+2,4.75,1.5,13:00,1784.0,85,42.4,20.99
+2,3.0,1.5,13:00,1784.0,85,42.4,20.99
+2,2.25,1.5,13:00,1784.0,85,42.4,20.99
+2,4.0,1.5,13:00,1784.0,85,42.4,20.99
+2,2.75,1.5,13:00,1784.0,85,42.4,20.99
+2,5.0,1.5,13:00,1784.0,85,42.4,20.99
+2,2.0,1.5,13:00,1784.0,85,42.4,20.99
+2,3.25,1.5,13:00,1784.0,85,42.4,20.99
+2,4.25,1.5,13:00,1784.0,85,42.4,20.99
+2,3.75,1.5,13:00,1784.0,85,42.4,20.99
+2,3.5,1.5,13:00,1784.0,85,42.4,20.99
+2,1.0,0.75,12:00,1782.0,85,44.7,20.96
+3,4.0,0.75,14:30,1781.0,85,36.5,20.95
+3,2.75,0.75,14:30,1781.0,85,36.5,20.95
+3,2.25,0.75,14:30,1781.0,85,36.5,20.95
+3,4.75,0.75,14:30,1781.0,85,36.5,20.95
+3,3.75,0.75,14:30,1781.0,85,36.5,20.95
+3,3.5,0.75,14:30,1781.0,85,36.5,20.95
+3,2.0,0.75,14:30,1781.0,85,36.5,20.95
+3,5.0,0.75,14:30,1781.0,85,36.5,20.95
+3,2.5,0.75,14:30,1781.0,85,36.5,20.95
+3,4.25,0.75,14:30,1781.0,85,36.5,20.95
+3,4.5,0.75,14:30,1781.0,85,36.5,20.95
+3,3.25,0.75,14:30,1781.0,85,36.5,20.95
+3,3.0,0.75,14:30,1781.0,85,36.5,20.95
+2,1.0,0.75,13:00,1779.0,85,42.4,20.93
+3,1.0,1.0,12:00,1779.0,85,45.9,20.93
+3,1.0,1.5,13:00,1779.0,85,42.4,20.93
+3,1.0,2.0,12:30,1778.0,85,42.4,20.92
+3,1.0,1.75,12:30,1778.0,85,42.4,20.92
+2,1.25,1.25,12:30,1777.0,85,43.5,20.91
+3,0.75,0.75,11:00,1776.0,85,48.2,20.89
+2,4.75,1.75,13:00,1776.0,85,42.4,20.89
+2,3.0,1.75,13:00,1776.0,85,42.4,20.89
+2,2.0,1.75,13:00,1776.0,85,42.4,20.89
+2,3.25,1.75,13:00,1776.0,85,42.4,20.89
+2,5.0,1.75,13:00,1776.0,85,42.4,20.89
+2,4.0,1.75,13:00,1776.0,85,42.4,20.89
+2,2.5,1.75,13:00,1776.0,85,42.4,20.89
+2,4.25,1.75,13:00,1776.0,85,42.4,20.89
+3,1.0,2.25,12:30,1776.0,85,42.4,20.89
+2,3.75,1.75,13:00,1776.0,85,42.4,20.89
+2,4.5,1.75,13:00,1776.0,85,42.4,20.89
+2,2.75,1.75,13:00,1776.0,85,42.4,20.89
+3,1.0,3.25,12:30,1776.0,85,42.4,20.89
+2,2.25,1.75,13:00,1776.0,85,42.4,20.89
+2,3.5,1.75,13:00,1776.0,85,42.4,20.89
+3,1.0,3.75,12:30,1775.0,85,42.4,20.88
+3,1.0,4.5,12:30,1775.0,85,42.4,20.88
+3,1.0,2.5,12:30,1775.0,85,42.4,20.88
+3,1.0,2.75,12:30,1775.0,85,42.4,20.88
+3,1.0,5.0,12:30,1775.0,85,42.4,20.88
+3,1.0,3.5,12:30,1775.0,85,42.4,20.88
+2,1.25,1.25,13:00,1775.0,85,42.4,20.88
+3,1.0,4.75,12:30,1775.0,85,42.4,20.88
+3,1.0,4.0,12:30,1774.0,85,42.4,20.87
+3,1.0,4.25,12:30,1774.0,85,42.4,20.87
+3,1.0,3.0,12:30,1774.0,85,42.4,20.87
+2,4.5,2.0,13:00,1772.0,85,42.4,20.85
+3,1.0,1.75,13:00,1772.0,85,42.4,20.85
+2,2.75,2.0,13:00,1772.0,85,42.4,20.85
+2,4.75,2.0,13:00,1772.0,85,42.4,20.85
+2,3.0,2.0,13:00,1772.0,85,42.4,20.85
+2,4.0,2.0,13:00,1772.0,85,42.4,20.85
+2,3.5,2.0,13:00,1772.0,85,42.4,20.85
+2,4.25,2.0,13:00,1772.0,85,42.4,20.85
+2,2.0,2.0,13:00,1772.0,85,42.4,20.85
+2,3.25,2.0,13:00,1772.0,85,42.4,20.85
+2,5.0,2.0,13:00,1772.0,85,42.4,20.85
+2,2.5,2.0,13:00,1772.0,85,42.4,20.85
+2,3.75,2.0,13:00,1772.0,85,42.4,20.85
+2,2.25,2.0,13:00,1772.0,85,42.4,20.85
+2,3.0,3.25,13:00,1770.0,85,42.4,20.82
+2,4.25,3.25,13:00,1770.0,85,42.4,20.82
+2,4.75,3.25,13:00,1770.0,85,42.4,20.82
+2,4.5,3.25,13:00,1770.0,85,42.4,20.82
+2,2.0,3.25,13:00,1770.0,85,42.4,20.82
+2,3.75,3.25,13:00,1770.0,85,42.4,20.82
+2,3.5,3.25,13:00,1770.0,85,42.4,20.82
+2,2.25,3.25,13:00,1770.0,85,42.4,20.82
+2,3.25,3.25,13:00,1770.0,85,42.4,20.82
+2,2.5,3.25,13:00,1770.0,85,42.4,20.82
+2,2.75,3.25,13:00,1770.0,85,42.4,20.82
+2,4.0,3.25,13:00,1770.0,85,42.4,20.82
+2,5.0,3.25,13:00,1770.0,85,42.4,20.82
+2,4.5,2.75,13:00,1769.0,85,42.4,20.81
+2,4.5,2.25,13:00,1769.0,85,42.4,20.81
+2,2.5,2.25,13:00,1769.0,85,42.4,20.81
+2,2.75,2.75,13:00,1769.0,85,42.4,20.81
+2,4.25,2.25,13:00,1769.0,85,42.4,20.81
+2,3.0,2.75,13:00,1769.0,85,42.4,20.81
+2,2.75,2.25,13:00,1769.0,85,42.4,20.81
+2,3.5,2.75,13:00,1769.0,85,42.4,20.81
+2,2.25,2.75,13:00,1769.0,85,42.4,20.81
+2,4.0,2.75,13:00,1769.0,85,42.4,20.81
+3,1.0,2.0,13:00,1769.0,85,42.4,20.81
+2,2.0,2.25,13:00,1769.0,85,42.4,20.81
+2,3.5,2.25,13:00,1769.0,85,42.4,20.81
+2,2.25,2.25,13:00,1769.0,85,42.4,20.81
+2,4.75,2.75,13:00,1769.0,85,42.4,20.81
+2,4.75,2.25,13:00,1769.0,85,42.4,20.81
+2,3.75,2.25,13:00,1769.0,85,42.4,20.81
+2,3.75,2.75,13:00,1769.0,85,42.4,20.81
+2,5.0,2.25,13:00,1769.0,85,42.4,20.81
+2,5.0,2.75,13:00,1769.0,85,42.4,20.81
+2,3.25,2.75,13:00,1769.0,85,42.4,20.81
+2,2.0,2.75,13:00,1769.0,85,42.4,20.81
+2,2.5,2.75,13:00,1769.0,85,42.4,20.81
+2,3.25,2.25,13:00,1769.0,85,42.4,20.81
+2,4.0,2.25,13:00,1769.0,85,42.4,20.81
+2,4.25,2.75,13:00,1769.0,85,42.4,20.81
+2,3.0,2.25,13:00,1769.0,85,42.4,20.81
+2,3.75,3.75,13:00,1768.0,85,42.4,20.8
+2,2.0,4.5,13:00,1768.0,85,42.4,20.8
+2,2.0,3.5,13:00,1768.0,85,42.4,20.8
+2,4.5,2.5,13:00,1768.0,85,42.4,20.8
+2,2.0,3.75,13:00,1768.0,85,42.4,20.8
+2,2.0,3.0,13:00,1768.0,85,42.4,20.8
+2,3.75,4.0,13:00,1768.0,85,42.4,20.8
+2,2.5,4.0,13:00,1768.0,85,42.4,20.8
+2,2.5,3.75,13:00,1768.0,85,42.4,20.8
+2,4.75,4.25,13:00,1768.0,85,42.4,20.8
+2,4.5,3.0,13:00,1768.0,85,42.4,20.8
+2,4.5,3.5,13:00,1768.0,85,42.4,20.8
+2,2.75,2.5,13:00,1768.0,85,42.4,20.8
+2,4.25,3.75,13:00,1768.0,85,42.4,20.8
+2,3.5,4.5,13:00,1768.0,85,42.4,20.8
+2,3.5,4.0,13:00,1768.0,85,42.4,20.8
+2,3.5,3.5,13:00,1768.0,85,42.4,20.8
+2,2.25,3.5,13:00,1768.0,85,42.4,20.8
+2,4.25,4.25,13:00,1768.0,85,42.4,20.8
+2,4.25,2.5,13:00,1768.0,85,42.4,20.8
+2,2.75,4.75,13:00,1768.0,85,42.4,20.8
+2,2.25,4.0,13:00,1768.0,85,42.4,20.8
+2,2.25,4.25,13:00,1768.0,85,42.4,20.8
+3,1.0,3.25,13:00,1768.0,85,42.4,20.8
+2,3.5,3.75,13:00,1768.0,85,42.4,20.8
+2,3.5,4.25,13:00,1768.0,85,42.4,20.8
+2,4.75,3.0,13:00,1768.0,85,42.4,20.8
+2,3.25,2.5,13:00,1768.0,85,42.4,20.8
+2,3.75,4.25,13:00,1768.0,85,42.4,20.8
+2,2.0,2.5,13:00,1768.0,85,42.4,20.8
+2,3.75,4.5,13:00,1768.0,85,42.4,20.8
+2,2.5,3.0,13:00,1768.0,85,42.4,20.8
+2,3.25,3.0,13:00,1768.0,85,42.4,20.8
+2,3.75,4.75,13:00,1768.0,85,42.4,20.8
+2,4.0,2.5,13:00,1768.0,85,42.4,20.8
+2,2.5,4.5,13:00,1768.0,85,42.4,20.8
+2,2.5,2.5,13:00,1768.0,85,42.4,20.8
+2,4.75,3.75,13:00,1768.0,85,42.4,20.8
+2,4.75,4.0,13:00,1768.0,85,42.4,20.8
+2,2.5,3.5,13:00,1768.0,85,42.4,20.8
+2,4.75,4.5,13:00,1768.0,85,42.4,20.8
+2,4.75,4.75,13:00,1768.0,85,42.4,20.8
+2,4.75,3.5,13:00,1768.0,85,42.4,20.8
+2,3.0,3.0,13:00,1768.0,85,42.4,20.8
+2,4.5,4.0,13:00,1768.0,85,42.4,20.8
+2,4.5,3.75,13:00,1768.0,85,42.4,20.8
+2,5.0,2.5,13:00,1768.0,85,42.4,20.8
+2,3.75,3.5,13:00,1768.0,85,42.4,20.8
+2,3.0,4.75,13:00,1768.0,85,42.4,20.8
+2,4.0,4.0,13:00,1768.0,85,42.4,20.8
+2,2.5,4.75,13:00,1768.0,85,42.4,20.8
+2,2.75,3.75,13:00,1768.0,85,42.4,20.8
+2,4.0,3.0,13:00,1768.0,85,42.4,20.8
+2,5.0,4.25,13:00,1768.0,85,42.4,20.8
+2,4.0,3.75,13:00,1768.0,85,42.4,20.8
+2,2.75,4.0,13:00,1768.0,85,42.4,20.8
+2,4.25,3.0,13:00,1768.0,85,42.4,20.8
+2,2.75,3.0,13:00,1768.0,85,42.4,20.8
+2,5.0,4.0,13:00,1768.0,85,42.4,20.8
+2,3.25,4.0,13:00,1768.0,85,42.4,20.8
+2,3.25,3.75,13:00,1768.0,85,42.4,20.8
+2,5.0,3.0,13:00,1768.0,85,42.4,20.8
+2,2.0,4.0,13:00,1768.0,85,42.4,20.8
+2,2.0,4.25,13:00,1768.0,85,42.4,20.8
+2,3.75,2.5,13:00,1768.0,85,42.4,20.8
+2,5.0,3.5,13:00,1768.0,85,42.4,20.8
+2,3.25,4.5,13:00,1768.0,85,42.4,20.8
+2,3.25,3.5,13:00,1768.0,85,42.4,20.8
+2,3.75,3.0,13:00,1768.0,85,42.4,20.8
+2,3.25,4.25,13:00,1768.0,85,42.4,20.8
+2,2.25,4.75,13:00,1768.0,85,42.4,20.8
+2,5.0,3.75,13:00,1768.0,85,42.4,20.8
+2,3.25,4.75,13:00,1768.0,85,42.4,20.8
+2,2.0,4.75,13:00,1768.0,85,42.4,20.8
+2,4.75,2.5,13:00,1768.0,85,42.4,20.8
+2,2.5,4.25,13:00,1768.0,85,42.4,20.8
+2,2.75,4.5,13:00,1768.0,85,42.4,20.8
+2,2.75,4.25,13:00,1768.0,85,42.4,20.8
+2,2.25,2.5,13:00,1768.0,85,42.4,20.8
+2,4.0,4.25,13:00,1768.0,85,42.4,20.8
+2,2.75,3.5,13:00,1768.0,85,42.4,20.8
+2,5.0,4.75,13:00,1768.0,85,42.4,20.8
+2,5.0,4.5,13:00,1768.0,85,42.4,20.8
+2,3.0,4.25,13:00,1768.0,85,42.4,20.8
+2,4.0,3.5,13:00,1768.0,85,42.4,20.8
+2,3.0,3.75,13:00,1768.0,85,42.4,20.8
+2,3.0,4.5,13:00,1768.0,85,42.4,20.8
+2,3.0,4.0,13:00,1768.0,85,42.4,20.8
+2,4.0,4.75,13:00,1768.0,85,42.4,20.8
+2,2.25,4.5,13:00,1768.0,85,42.4,20.8
+2,4.5,4.5,13:00,1768.0,85,42.4,20.8
+2,3.0,2.5,13:00,1768.0,85,42.4,20.8
+2,4.25,3.5,13:00,1768.0,85,42.4,20.8
+2,4.25,4.0,13:00,1768.0,85,42.4,20.8
+2,4.5,4.75,13:00,1768.0,85,42.4,20.8
+2,3.5,4.75,13:00,1768.0,85,42.4,20.8
+2,4.5,4.25,13:00,1768.0,85,42.4,20.8
+3,1.0,2.25,13:00,1768.0,85,42.4,20.8
+2,3.0,3.5,13:00,1768.0,85,42.4,20.8
+2,4.0,4.5,13:00,1768.0,85,42.4,20.8
+2,3.5,2.5,13:00,1768.0,85,42.4,20.8
+2,3.5,3.0,13:00,1768.0,85,42.4,20.8
+2,4.25,4.5,13:00,1768.0,85,42.4,20.8
+2,4.25,4.75,13:00,1768.0,85,42.4,20.8
+2,2.25,3.75,13:00,1768.0,85,42.4,20.8
+2,2.25,3.0,13:00,1768.0,85,42.4,20.8
+2,4.0,5.0,13:00,1767.0,85,42.4,20.79
+2,3.5,5.0,13:00,1767.0,85,42.4,20.79
+2,2.25,5.0,13:00,1767.0,85,42.4,20.79
+2,2.0,5.0,13:00,1767.0,85,42.4,20.79
+2,3.0,5.0,13:00,1767.0,85,42.4,20.79
+2,2.75,5.0,13:00,1767.0,85,42.4,20.79
+3,1.0,4.5,13:00,1767.0,85,42.4,20.79
+3,1.0,4.75,13:00,1767.0,85,42.4,20.79
+2,4.5,5.0,13:00,1767.0,85,42.4,20.79
+2,2.5,5.0,13:00,1767.0,85,42.4,20.79
+2,5.0,5.0,13:00,1767.0,85,42.4,20.79
+3,1.0,5.0,13:00,1767.0,85,42.4,20.79
+3,1.0,3.5,13:00,1767.0,85,42.4,20.79
+2,3.25,5.0,13:00,1767.0,85,42.4,20.79
+2,4.75,5.0,13:00,1767.0,85,42.4,20.79
+3,1.0,2.75,13:00,1767.0,85,42.4,20.79
+2,3.75,5.0,13:00,1767.0,85,42.4,20.79
+3,1.0,3.75,13:00,1767.0,85,42.4,20.79
+3,1.0,2.5,13:00,1767.0,85,42.4,20.79
+2,4.25,5.0,13:00,1767.0,85,42.4,20.79
+3,1.0,3.0,13:00,1766.0,85,42.4,20.78
+3,1.0,4.0,13:00,1766.0,85,42.4,20.78
+3,1.0,4.25,13:00,1766.0,85,42.4,20.78
+2,1.25,0.75,12:30,1763.0,85,42.4,20.74
+3,1.0,0.75,12:30,1763.0,85,41.2,20.74
+2,1.25,1.5,12:30,1761.0,85,43.5,20.72
+3,1.0,0.75,13:00,1760.0,85,41.2,20.71
+2,1.25,1.5,13:00,1756.0,85,42.4,20.66
+2,1.25,1.75,12:30,1752.0,85,43.5,20.61
+2,1.25,2.0,12:30,1751.0,85,43.5,20.6
+3,1.0,1.0,12:30,1749.0,85,42.4,20.58
+2,1.25,1.75,13:00,1748.0,85,42.4,20.56
+2,1.25,3.25,12:30,1748.0,85,43.5,20.56
+3,2.75,1.0,14:30,1747.0,85,38.8,20.55
+3,3.0,1.0,14:30,1747.0,85,38.8,20.55
+3,3.25,1.0,14:30,1747.0,85,38.8,20.55
+3,4.5,1.0,14:30,1747.0,85,38.8,20.55
+3,3.5,1.0,14:30,1747.0,85,38.8,20.55
+3,5.0,1.0,14:30,1747.0,85,38.8,20.55
+3,4.0,1.0,14:30,1747.0,85,38.8,20.55
+3,2.5,1.0,14:30,1747.0,85,38.8,20.55
+3,3.75,1.0,14:30,1747.0,85,38.8,20.55
+3,2.25,1.0,14:30,1747.0,85,38.8,20.55
+3,4.25,1.0,14:30,1747.0,85,38.8,20.55
+3,2.0,1.0,14:30,1747.0,85,38.8,20.55
+2,1.25,2.75,12:30,1747.0,85,43.5,20.55
+3,4.75,1.0,14:30,1747.0,85,38.8,20.55
+2,1.25,2.25,12:30,1747.0,85,43.5,20.55
+2,1.25,3.75,12:30,1746.0,85,43.5,20.54
+2,1.25,5.0,12:30,1746.0,85,43.5,20.54
+2,1.25,2.5,12:30,1746.0,85,43.5,20.54
+2,1.25,3.0,12:30,1746.0,85,43.5,20.54
+2,1.25,4.0,12:30,1746.0,85,43.5,20.54
+2,1.25,4.75,12:30,1746.0,85,43.5,20.54
+2,1.25,4.5,12:30,1746.0,85,43.5,20.54
+2,1.25,3.5,12:30,1746.0,85,43.5,20.54
+2,1.25,4.25,12:30,1746.0,85,43.5,20.54
+2,1.25,2.0,13:00,1744.0,85,42.4,20.52
+2,1.25,3.25,13:00,1742.0,85,42.4,20.49
+2,1.25,2.75,13:00,1741.0,85,42.4,20.48
+2,1.25,2.25,13:00,1741.0,85,42.4,20.48
+2,1.25,3.5,13:00,1740.0,85,42.4,20.47
+2,1.25,3.75,13:00,1740.0,85,42.4,20.47
+2,1.25,2.5,13:00,1740.0,85,42.4,20.47
+2,1.25,3.0,13:00,1740.0,85,42.4,20.47
+2,1.25,4.5,13:00,1740.0,85,42.4,20.47
+2,1.25,4.0,13:00,1740.0,85,42.4,20.47
+2,1.25,4.25,13:00,1740.0,85,42.4,20.47
+2,1.25,4.75,13:00,1740.0,85,42.4,20.47
+2,1.0,1.0,12:00,1740.0,85,45.9,20.47
+2,1.25,5.0,13:00,1739.0,85,42.4,20.46
+2,1.25,1.25,12:00,1739.0,85,43.5,20.46
+2,1.25,1.5,12:00,1729.0,85,43.5,20.34
+2,1.25,1.75,12:00,1723.0,85,43.5,20.27
+2,1.25,2.0,12:00,1722.0,85,43.5,20.26
+2,0.75,0.75,11:00,1722.0,85,50.6,20.26
+2,1.25,3.25,12:00,1719.0,85,43.5,20.22
+2,1.25,2.25,12:00,1718.0,85,43.5,20.21
+2,1.25,2.75,12:00,1718.0,85,43.5,20.21
+2,1.25,4.25,12:00,1717.0,85,43.5,20.2
+2,1.25,2.5,12:00,1717.0,85,43.5,20.2
+2,1.25,5.0,12:00,1717.0,85,43.5,20.2
+2,1.25,4.5,12:00,1717.0,85,43.5,20.2
+2,1.25,3.0,12:00,1717.0,85,43.5,20.2
+2,1.25,3.75,12:00,1717.0,85,43.5,20.2
+2,1.25,3.5,12:00,1717.0,85,43.5,20.2
+2,1.25,4.0,12:00,1717.0,85,43.5,20.2
+2,1.25,4.75,12:00,1717.0,85,43.5,20.2
+3,1.25,1.25,12:00,1708.0,85,43.5,20.09
+3,1.25,1.5,12:00,1702.0,85,43.5,20.02
+2,1.25,1.0,12:30,1700.0,85,43.5,20.0
+3,1.25,1.75,12:00,1696.0,85,43.5,19.95
+3,1.25,2.0,12:00,1696.0,85,43.5,19.95
+3,1.25,3.25,12:00,1694.0,85,43.5,19.93
+3,1.25,2.25,12:00,1694.0,85,43.5,19.93
+3,1.25,4.75,12:00,1693.0,85,43.5,19.92
+3,1.25,2.75,12:00,1693.0,85,43.5,19.92
+3,1.25,3.5,12:00,1693.0,85,43.5,19.92
+3,1.25,2.5,12:00,1693.0,85,43.5,19.92
+3,1.25,5.0,12:00,1693.0,85,43.5,19.92
+3,1.25,4.5,12:00,1693.0,85,43.5,19.92
+3,1.25,4.0,12:00,1693.0,85,43.5,19.92
+3,1.25,3.75,12:00,1693.0,85,43.5,19.92
+3,1.25,4.25,12:00,1693.0,85,43.5,19.92
+3,1.25,0.75,13:00,1692.0,85,38.8,19.91
+3,1.25,3.0,12:00,1692.0,85,43.5,19.91
+3,2.25,0.75,13:00,1687.0,85,38.8,19.85
+3,3.0,0.75,13:00,1687.0,85,38.8,19.85
+3,3.25,0.75,13:00,1687.0,85,38.8,19.85
+3,4.25,0.75,13:00,1687.0,85,38.8,19.85
+3,2.75,0.75,13:00,1687.0,85,38.8,19.85
+3,3.5,0.75,13:00,1687.0,85,38.8,19.85
+3,4.0,0.75,13:00,1687.0,85,38.8,19.85
+3,4.75,0.75,13:00,1687.0,85,38.8,19.85
+3,2.0,0.75,13:00,1687.0,85,38.8,19.85
+3,4.5,0.75,13:00,1687.0,85,38.8,19.85
+3,3.75,0.75,13:00,1687.0,85,38.8,19.85
+3,5.0,0.75,13:00,1687.0,85,38.8,19.85
+3,2.5,0.75,13:00,1687.0,85,38.8,19.85
+2,4.75,0.5,14:00,1686.0,85,34.1,19.84
+2,2.5,0.5,14:00,1686.0,85,34.1,19.84
+2,3.25,0.5,14:00,1686.0,85,34.1,19.84
+2,2.25,0.5,14:00,1686.0,85,34.1,19.84
+2,4.5,0.5,14:00,1686.0,85,34.1,19.84
+2,4.25,0.5,14:00,1686.0,85,34.1,19.84
+2,2.75,0.5,14:00,1686.0,85,34.1,19.84
+2,5.0,0.5,14:00,1686.0,85,34.1,19.84
+2,3.5,0.5,14:00,1686.0,85,34.1,19.84
+2,4.0,0.5,14:00,1686.0,85,34.1,19.84
+2,3.75,0.5,14:00,1686.0,85,34.1,19.84
+2,3.0,0.5,14:00,1686.0,85,34.1,19.84
+2,2.0,0.5,14:00,1686.0,85,34.1,19.84
+3,0.75,0.5,11:30,1684.0,85,45.9,19.81
+2,1.75,1.25,12:00,1683.0,85,43.5,19.8
+2,1.5,1.25,12:00,1683.0,85,43.5,19.8
+3,1.25,1.0,13:00,1681.0,85,40.0,19.78
+3,4.25,1.0,13:00,1676.0,85,40.0,19.72
+3,3.5,1.0,13:00,1676.0,85,40.0,19.72
+3,3.0,1.0,13:00,1676.0,85,40.0,19.72
+3,2.25,1.0,13:00,1676.0,85,40.0,19.72
+3,5.0,1.0,13:00,1676.0,85,40.0,19.72
+3,3.75,1.0,13:00,1676.0,85,40.0,19.72
+3,4.0,1.0,13:00,1676.0,85,40.0,19.72
+3,2.5,1.0,13:00,1676.0,85,40.0,19.72
+3,2.75,1.0,13:00,1676.0,85,40.0,19.72
+3,2.0,1.0,13:00,1676.0,85,40.0,19.72
+3,4.75,1.0,13:00,1676.0,85,40.0,19.72
+3,4.5,1.0,13:00,1676.0,85,40.0,19.72
+3,3.25,1.0,13:00,1676.0,85,40.0,19.72
+2,1.75,1.5,12:00,1673.0,85,43.5,19.68
+2,1.5,1.5,12:00,1673.0,85,43.5,19.68
+3,0.75,1.0,11:00,1671.0,85,48.2,19.66
+3,3.25,0.5,14:00,1669.0,85,34.1,19.64
+3,3.0,0.5,14:00,1669.0,85,34.1,19.64
+3,2.25,0.5,14:00,1669.0,85,34.1,19.64
+3,2.5,0.5,14:00,1669.0,85,34.1,19.64
+3,4.25,0.5,14:00,1669.0,85,34.1,19.64
+3,4.5,0.5,14:00,1669.0,85,34.1,19.64
+3,3.5,0.5,14:00,1669.0,85,34.1,19.64
+3,2.75,0.5,14:00,1669.0,85,34.1,19.64
+3,3.75,0.5,14:00,1669.0,85,34.1,19.64
+3,5.0,0.5,14:00,1669.0,85,34.1,19.64
+3,4.0,0.5,14:00,1669.0,85,34.1,19.64
+3,2.0,0.5,14:00,1669.0,85,34.1,19.64
+3,4.75,0.5,14:00,1669.0,85,34.1,19.64
+3,1.5,0.5,13:00,1669.0,85,35.3,19.64
+3,1.25,0.75,12:30,1668.0,85,38.8,19.62
+2,1.75,1.75,12:00,1667.0,85,43.5,19.61
+2,1.5,1.75,12:00,1667.0,85,43.5,19.61
+2,1.25,1.0,12:00,1666.0,85,43.5,19.6
+2,1.75,2.0,12:00,1666.0,85,43.5,19.6
+2,1.5,2.0,12:00,1666.0,85,43.5,19.6
+2,0.75,0.5,11:30,1663.0,85,44.7,19.56
+2,1.5,3.25,12:00,1663.0,85,43.5,19.56
+2,1.75,3.25,12:00,1663.0,85,43.5,19.56
+2,1.75,2.75,12:00,1662.0,85,43.5,19.55
+2,1.5,2.75,12:00,1662.0,85,43.5,19.55
+2,1.75,2.25,12:00,1662.0,85,43.5,19.55
+2,1.5,2.25,12:00,1662.0,85,43.5,19.55
+2,1.75,4.75,12:00,1661.0,85,43.5,19.54
+2,1.5,4.0,12:00,1661.0,85,43.5,19.54
+2,1.75,2.5,12:00,1661.0,85,43.5,19.54
+2,1.5,3.0,12:00,1661.0,85,43.5,19.54
+2,1.5,4.25,12:00,1661.0,85,43.5,19.54
+2,1.5,4.5,12:00,1661.0,85,43.5,19.54
+2,1.5,3.75,12:00,1661.0,85,43.5,19.54
+2,1.5,4.75,12:00,1661.0,85,43.5,19.54
+2,1.75,3.75,12:00,1661.0,85,43.5,19.54
+2,1.5,2.5,12:00,1661.0,85,43.5,19.54
+2,1.75,5.0,12:00,1661.0,85,43.5,19.54
+2,1.75,4.0,12:00,1661.0,85,43.5,19.54
+2,1.75,3.5,12:00,1661.0,85,43.5,19.54
+2,1.75,4.5,12:00,1661.0,85,43.5,19.54
+2,1.75,4.25,12:00,1661.0,85,43.5,19.54
+2,1.75,3.0,12:00,1661.0,85,43.5,19.54
+2,1.5,3.5,12:00,1661.0,85,43.5,19.54
+2,1.5,5.0,12:00,1661.0,85,43.5,19.54
+3,1.25,1.0,12:00,1656.0,85,43.5,19.48
+3,1.25,1.25,13:00,1655.0,85,40.0,19.47
+3,4.25,1.25,13:00,1650.0,85,40.0,19.41
+3,2.0,1.25,13:00,1650.0,85,40.0,19.41
+3,4.75,1.25,13:00,1650.0,85,40.0,19.41
+3,4.5,1.25,13:00,1650.0,85,40.0,19.41
+3,2.5,1.25,13:00,1650.0,85,40.0,19.41
+3,5.0,1.25,13:00,1650.0,85,40.0,19.41
+3,4.0,1.25,13:00,1650.0,85,40.0,19.41
+3,3.75,1.25,13:00,1650.0,85,40.0,19.41
+3,2.25,1.25,13:00,1650.0,85,40.0,19.41
+3,3.0,1.25,13:00,1650.0,85,40.0,19.41
+3,3.25,1.25,13:00,1650.0,85,40.0,19.41
+3,2.75,1.25,13:00,1650.0,85,40.0,19.41
+3,3.5,1.25,13:00,1650.0,85,40.0,19.41
+3,1.25,1.25,12:30,1649.0,85,40.0,19.4
+3,0.75,1.25,11:00,1648.0,85,48.2,19.39
+3,0.75,1.5,11:00,1645.0,85,48.2,19.35
+3,1.0,0.5,13:30,1645.0,85,36.5,19.35
+3,1.25,1.5,13:00,1644.0,85,40.0,19.34
+3,1.75,1.25,12:00,1642.0,85,43.5,19.32
+3,0.75,0.5,12:00,1642.0,85,43.5,19.32
+3,0.75,3.25,11:00,1642.0,85,48.2,19.32
+3,0.75,2.25,11:00,1642.0,85,48.2,19.32
+3,0.75,4.25,11:00,1642.0,85,48.2,19.32
+3,0.75,4.75,11:00,1642.0,85,48.2,19.32
+3,0.75,4.0,11:00,1642.0,85,48.2,19.32
+3,0.75,3.5,11:00,1642.0,85,48.2,19.32
+3,0.75,3.0,11:00,1642.0,85,48.2,19.32
+3,0.75,2.5,11:00,1642.0,85,48.2,19.32
+3,1.5,1.25,12:00,1642.0,85,43.5,19.32
+3,0.75,4.5,11:00,1642.0,85,48.2,19.32
+3,0.75,3.75,11:00,1642.0,85,48.2,19.32
+3,0.75,2.75,11:00,1642.0,85,48.2,19.32
+3,0.75,5.0,11:00,1642.0,85,48.2,19.32
+2,1.5,0.5,13:00,1641.0,85,36.5,19.31
+3,2.25,1.5,13:00,1639.0,85,40.0,19.28
+3,2.5,1.5,13:00,1639.0,85,40.0,19.28
+3,3.25,1.5,13:00,1639.0,85,40.0,19.28
+3,4.75,1.5,13:00,1639.0,85,40.0,19.28
+3,0.75,2.0,11:00,1639.0,85,48.2,19.28
+3,0.75,1.75,11:00,1639.0,85,48.2,19.28
+3,2.75,1.5,13:00,1639.0,85,40.0,19.28
+3,3.5,1.5,13:00,1639.0,85,40.0,19.28
+3,3.0,1.5,13:00,1639.0,85,40.0,19.28
+3,4.5,1.5,13:00,1639.0,85,40.0,19.28
+3,5.0,1.5,13:00,1639.0,85,40.0,19.28
+3,2.0,1.5,13:00,1639.0,85,40.0,19.28
+3,4.0,1.5,13:00,1639.0,85,40.0,19.28
+3,4.25,1.5,13:00,1639.0,85,40.0,19.28
+3,3.75,1.5,13:00,1639.0,85,40.0,19.28
+3,1.25,1.5,12:30,1638.0,85,40.0,19.27
+3,1.25,1.75,13:00,1637.0,85,40.0,19.26
+3,1.75,1.5,12:00,1636.0,85,43.5,19.25
+3,1.5,1.5,12:00,1636.0,85,43.5,19.25
+3,1.25,2.0,13:00,1634.0,85,40.0,19.22
+3,1.25,2.25,13:00,1633.0,85,40.0,19.21
+3,1.25,3.25,13:00,1633.0,85,40.0,19.21
+3,3.5,1.75,13:00,1632.0,85,40.0,19.2
+3,1.25,3.5,13:00,1632.0,85,40.0,19.2
+3,2.75,1.75,13:00,1632.0,85,40.0,19.2
+3,1.25,4.5,13:00,1632.0,85,40.0,19.2
+3,2.0,1.75,13:00,1632.0,85,40.0,19.2
+3,1.25,5.0,13:00,1632.0,85,40.0,19.2
+3,1.25,4.75,13:00,1632.0,85,40.0,19.2
+3,3.0,1.75,13:00,1632.0,85,40.0,19.2
+3,1.25,3.75,13:00,1632.0,85,40.0,19.2
+3,1.25,2.75,13:00,1632.0,85,40.0,19.2
+3,5.0,1.75,13:00,1632.0,85,40.0,19.2
+3,4.5,1.75,13:00,1632.0,85,40.0,19.2
+3,2.25,1.75,13:00,1632.0,85,40.0,19.2
+3,2.5,1.75,13:00,1632.0,85,40.0,19.2
+3,4.25,1.75,13:00,1632.0,85,40.0,19.2
+3,4.75,1.75,13:00,1632.0,85,40.0,19.2
+3,4.0,1.75,13:00,1632.0,85,40.0,19.2
+3,3.75,1.75,13:00,1632.0,85,40.0,19.2
+3,1.25,2.5,13:00,1632.0,85,40.0,19.2
+3,3.25,1.75,13:00,1632.0,85,40.0,19.2
+3,1.25,4.25,13:00,1631.0,85,40.0,19.19
+3,1.25,2.0,12:30,1631.0,85,40.0,19.19
+3,1.25,1.75,12:30,1631.0,85,40.0,19.19
+3,1.25,4.0,13:00,1631.0,85,40.0,19.19
+3,1.25,3.0,13:00,1631.0,85,40.0,19.19
+3,1.5,2.0,12:00,1630.0,85,43.5,19.18
+3,1.75,2.0,12:00,1630.0,85,43.5,19.18
+3,1.75,1.75,12:00,1630.0,85,43.5,19.18
+3,1.5,1.75,12:00,1630.0,85,43.5,19.18
+3,4.0,2.0,13:00,1629.0,85,40.0,19.16
+3,3.25,2.0,13:00,1629.0,85,40.0,19.16
+3,3.0,2.0,13:00,1629.0,85,40.0,19.16
+3,3.5,2.0,13:00,1629.0,85,40.0,19.16
+3,1.25,3.25,12:30,1629.0,85,40.0,19.16
+3,2.75,2.0,13:00,1629.0,85,40.0,19.16
+3,2.25,2.0,13:00,1629.0,85,40.0,19.16
+3,3.75,2.0,13:00,1629.0,85,40.0,19.16
+3,2.0,2.0,13:00,1629.0,85,40.0,19.16
+3,1.25,2.25,12:30,1629.0,85,40.0,19.16
+3,2.5,2.0,13:00,1629.0,85,40.0,19.16
+3,4.75,2.0,13:00,1629.0,85,40.0,19.16
+3,5.0,2.0,13:00,1629.0,85,40.0,19.16
+3,4.25,2.0,13:00,1629.0,85,40.0,19.16
+3,4.5,2.0,13:00,1629.0,85,40.0,19.16
+3,1.25,2.5,12:30,1628.0,85,40.0,19.15
+3,4.25,3.25,13:00,1628.0,85,40.0,19.15
+3,1.5,3.25,12:00,1628.0,85,43.5,19.15
+3,1.5,2.25,12:00,1628.0,85,43.5,19.15
+3,3.75,3.25,13:00,1628.0,85,40.0,19.15
+3,3.25,3.25,13:00,1628.0,85,40.0,19.15
+3,3.5,3.25,13:00,1628.0,85,40.0,19.15
+3,4.5,3.25,13:00,1628.0,85,40.0,19.15
+3,2.25,3.25,13:00,1628.0,85,40.0,19.15
+3,4.75,2.25,13:00,1628.0,85,40.0,19.15
+3,1.25,4.75,12:30,1628.0,85,40.0,19.15
+3,4.5,2.25,13:00,1628.0,85,40.0,19.15
+3,1.25,4.5,12:30,1628.0,85,40.0,19.15
+3,1.25,5.0,12:30,1628.0,85,40.0,19.15
+3,1.25,3.75,12:30,1628.0,85,40.0,19.15
+3,4.75,3.25,13:00,1628.0,85,40.0,19.15
+3,3.25,2.25,13:00,1628.0,85,40.0,19.15
+3,1.25,3.5,12:30,1628.0,85,40.0,19.15
+3,3.75,2.25,13:00,1628.0,85,40.0,19.15
+3,5.0,3.25,13:00,1628.0,85,40.0,19.15
+3,4.25,2.25,13:00,1628.0,85,40.0,19.15
+3,2.0,3.25,13:00,1628.0,85,40.0,19.15
+3,1.25,2.75,12:30,1628.0,85,40.0,19.15
+3,2.25,2.25,13:00,1628.0,85,40.0,19.15
+3,2.5,2.25,13:00,1628.0,85,40.0,19.15
+3,5.0,2.25,13:00,1628.0,85,40.0,19.15
+3,2.75,2.25,13:00,1628.0,85,40.0,19.15
+3,2.75,3.25,13:00,1628.0,85,40.0,19.15
+3,1.75,2.25,12:00,1628.0,85,43.5,19.15
+3,2.5,3.25,13:00,1628.0,85,40.0,19.15
+3,2.0,2.25,13:00,1628.0,85,40.0,19.15
+3,3.0,2.25,13:00,1628.0,85,40.0,19.15
+3,4.0,2.25,13:00,1628.0,85,40.0,19.15
+3,3.0,3.25,13:00,1628.0,85,40.0,19.15
+3,1.75,3.25,12:00,1628.0,85,43.5,19.15
+3,4.0,3.25,13:00,1628.0,85,40.0,19.15
+3,3.5,2.25,13:00,1628.0,85,40.0,19.15
+3,2.0,5.0,13:00,1627.0,85,40.0,19.14
+3,2.0,2.75,13:00,1627.0,85,40.0,19.14
+3,4.5,5.0,13:00,1627.0,85,40.0,19.14
+3,4.0,2.5,13:00,1627.0,85,40.0,19.14
+3,4.25,3.75,13:00,1627.0,85,40.0,19.14
+3,4.75,5.0,13:00,1627.0,85,40.0,19.14
+3,2.75,5.0,13:00,1627.0,85,40.0,19.14
+3,4.25,2.5,13:00,1627.0,85,40.0,19.14
+3,2.25,3.75,13:00,1627.0,85,40.0,19.14
+3,1.75,3.5,12:00,1627.0,85,43.5,19.14
+3,3.25,4.75,13:00,1627.0,85,40.0,19.14
+3,3.25,5.0,13:00,1627.0,85,40.0,19.14
+3,4.25,4.75,13:00,1627.0,85,40.0,19.14
+3,3.75,5.0,13:00,1627.0,85,40.0,19.14
+3,5.0,4.5,13:00,1627.0,85,40.0,19.14
+3,2.0,4.75,13:00,1627.0,85,40.0,19.14
+3,2.75,2.5,13:00,1627.0,85,40.0,19.14
+3,1.75,2.5,12:00,1627.0,85,43.5,19.14
+3,3.25,4.5,13:00,1627.0,85,40.0,19.14
+3,1.75,2.75,12:00,1627.0,85,43.5,19.14
+3,1.75,3.75,12:00,1627.0,85,43.5,19.14
+3,1.75,4.25,12:00,1627.0,85,43.5,19.14
+3,5.0,3.75,13:00,1627.0,85,40.0,19.14
+3,2.25,3.5,13:00,1627.0,85,40.0,19.14
+3,3.5,2.75,13:00,1627.0,85,40.0,19.14
+3,2.5,5.0,13:00,1627.0,85,40.0,19.14
+3,5.0,3.5,13:00,1627.0,85,40.0,19.14
+3,4.25,5.0,13:00,1627.0,85,40.0,19.14
+3,2.75,2.75,13:00,1627.0,85,40.0,19.14
+3,5.0,4.75,13:00,1627.0,85,40.0,19.14
+3,3.75,4.75,13:00,1627.0,85,40.0,19.14
+3,3.75,4.5,13:00,1627.0,85,40.0,19.14
+3,1.75,4.0,12:00,1627.0,85,43.5,19.14
+3,3.0,3.5,13:00,1627.0,85,40.0,19.14
+3,4.25,4.5,13:00,1627.0,85,40.0,19.14
+3,1.75,5.0,12:00,1627.0,85,43.5,19.14
+3,4.5,3.75,13:00,1627.0,85,40.0,19.14
+3,1.5,4.0,12:00,1627.0,85,43.5,19.14
+3,3.0,2.75,13:00,1627.0,85,40.0,19.14
+3,3.25,2.5,13:00,1627.0,85,40.0,19.14
+3,3.0,4.75,13:00,1627.0,85,40.0,19.14
+3,2.25,5.0,13:00,1627.0,85,40.0,19.14
+3,2.75,4.75,13:00,1627.0,85,40.0,19.14
+3,3.75,2.5,13:00,1627.0,85,40.0,19.14
+3,1.25,4.25,12:30,1627.0,85,40.0,19.14
+3,4.0,4.5,13:00,1627.0,85,40.0,19.14
+3,2.0,3.75,13:00,1627.0,85,40.0,19.14
+3,2.0,3.5,13:00,1627.0,85,40.0,19.14
+3,1.25,4.0,12:30,1627.0,85,40.0,19.14
+3,2.25,4.75,13:00,1627.0,85,40.0,19.14
+3,3.75,2.75,13:00,1627.0,85,40.0,19.14
+3,2.0,2.5,13:00,1627.0,85,40.0,19.14
+3,4.5,2.75,13:00,1627.0,85,40.0,19.14
+3,3.0,5.0,13:00,1627.0,85,40.0,19.14
+3,4.75,2.75,13:00,1627.0,85,40.0,19.14
+3,4.5,4.75,13:00,1627.0,85,40.0,19.14
+3,4.0,3.75,13:00,1627.0,85,40.0,19.14
+3,4.0,4.75,13:00,1627.0,85,40.0,19.14
+3,2.0,4.5,13:00,1627.0,85,40.0,19.14
+3,4.75,3.5,13:00,1627.0,85,40.0,19.14
+3,4.25,3.5,13:00,1627.0,85,40.0,19.14
+3,4.5,4.5,13:00,1627.0,85,40.0,19.14
+3,2.25,4.5,13:00,1627.0,85,40.0,19.14
+3,3.5,3.75,13:00,1627.0,85,40.0,19.14
+3,3.5,2.5,13:00,1627.0,85,40.0,19.14
+3,2.75,4.5,13:00,1627.0,85,40.0,19.14
+3,1.5,2.75,12:00,1627.0,85,43.5,19.14
+3,3.25,2.75,13:00,1627.0,85,40.0,19.14
+3,3.5,5.0,13:00,1627.0,85,40.0,19.14
+3,1.25,3.0,12:30,1627.0,85,40.0,19.14
+3,4.5,2.5,13:00,1627.0,85,40.0,19.14
+3,3.75,3.5,13:00,1627.0,85,40.0,19.14
+3,1.5,4.25,12:00,1627.0,85,43.5,19.14
+3,3.25,3.5,13:00,1627.0,85,40.0,19.14
+3,1.5,4.5,12:00,1627.0,85,43.5,19.14
+3,4.25,2.75,13:00,1627.0,85,40.0,19.14
+3,2.25,2.5,13:00,1627.0,85,40.0,19.14
+3,1.5,3.75,12:00,1627.0,85,43.5,19.14
+3,3.0,2.5,13:00,1627.0,85,40.0,19.14
+3,4.0,5.0,13:00,1627.0,85,40.0,19.14
+3,1.5,3.5,12:00,1627.0,85,43.5,19.14
+3,4.75,2.5,13:00,1627.0,85,40.0,19.14
+3,1.5,2.5,12:00,1627.0,85,43.5,19.14
+3,4.5,3.5,13:00,1627.0,85,40.0,19.14
+3,4.75,4.75,13:00,1627.0,85,40.0,19.14
+3,4.75,4.5,13:00,1627.0,85,40.0,19.14
+3,2.25,2.75,13:00,1627.0,85,40.0,19.14
+3,4.75,3.75,13:00,1627.0,85,40.0,19.14
+3,3.0,4.5,13:00,1627.0,85,40.0,19.14
+3,5.0,5.0,13:00,1627.0,85,40.0,19.14
+3,2.5,4.75,13:00,1627.0,85,40.0,19.14
+3,3.5,3.5,13:00,1627.0,85,40.0,19.14
+3,3.0,3.75,13:00,1627.0,85,40.0,19.14
+3,1.75,4.5,12:00,1627.0,85,43.5,19.14
+3,2.5,2.75,13:00,1627.0,85,40.0,19.14
+3,3.5,4.75,13:00,1627.0,85,40.0,19.14
+3,2.5,2.5,13:00,1627.0,85,40.0,19.14
+3,2.5,3.75,13:00,1627.0,85,40.0,19.14
+3,1.75,4.75,12:00,1627.0,85,43.5,19.14
+3,1.5,4.75,12:00,1627.0,85,43.5,19.14
+3,3.5,4.5,13:00,1627.0,85,40.0,19.14
+3,5.0,2.5,13:00,1627.0,85,40.0,19.14
+3,5.0,2.75,13:00,1627.0,85,40.0,19.14
+3,1.5,5.0,12:00,1627.0,85,43.5,19.14
+3,3.75,3.75,13:00,1627.0,85,40.0,19.14
+3,2.5,4.5,13:00,1627.0,85,40.0,19.14
+3,2.75,3.5,13:00,1627.0,85,40.0,19.14
+3,3.25,3.75,13:00,1627.0,85,40.0,19.14
+3,2.75,3.75,13:00,1627.0,85,40.0,19.14
+3,4.0,2.75,13:00,1627.0,85,40.0,19.14
+3,2.5,3.5,13:00,1627.0,85,40.0,19.14
+3,4.0,3.5,13:00,1627.0,85,40.0,19.14
+3,2.0,4.0,13:00,1626.0,85,40.0,19.13
+3,1.75,3.0,12:00,1626.0,85,43.5,19.13
+3,3.5,3.0,13:00,1626.0,85,40.0,19.13
+3,3.5,4.0,13:00,1626.0,85,40.0,19.13
+3,3.5,4.25,13:00,1626.0,85,40.0,19.13
+3,4.0,4.25,13:00,1626.0,85,40.0,19.13
+3,3.25,4.25,13:00,1626.0,85,40.0,19.13
+3,2.25,4.25,13:00,1626.0,85,40.0,19.13
+3,2.25,4.0,13:00,1626.0,85,40.0,19.13
+3,4.75,3.0,13:00,1626.0,85,40.0,19.13
+3,2.0,3.0,13:00,1626.0,85,40.0,19.13
+3,4.25,4.0,13:00,1626.0,85,40.0,19.13
+3,4.0,4.0,13:00,1626.0,85,40.0,19.13
+3,4.5,3.0,13:00,1626.0,85,40.0,19.13
+3,3.75,4.0,13:00,1626.0,85,40.0,19.13
+3,4.5,4.0,13:00,1626.0,85,40.0,19.13
+3,3.0,3.0,13:00,1626.0,85,40.0,19.13
+3,3.75,3.0,13:00,1626.0,85,40.0,19.13
+3,2.0,4.25,13:00,1626.0,85,40.0,19.13
+3,2.25,3.0,13:00,1626.0,85,40.0,19.13
+3,4.5,4.25,13:00,1626.0,85,40.0,19.13
+3,3.0,4.25,13:00,1626.0,85,40.0,19.13
+3,2.75,4.25,13:00,1626.0,85,40.0,19.13
+3,3.25,3.0,13:00,1626.0,85,40.0,19.13
+3,1.5,3.0,12:00,1626.0,85,43.5,19.13
+3,2.5,4.25,13:00,1626.0,85,40.0,19.13
+3,3.25,4.0,13:00,1626.0,85,40.0,19.13
+3,2.5,4.0,13:00,1626.0,85,40.0,19.13
+3,3.75,4.25,13:00,1626.0,85,40.0,19.13
+3,2.75,4.0,13:00,1626.0,85,40.0,19.13
+3,2.5,3.0,13:00,1626.0,85,40.0,19.13
+3,4.25,4.25,13:00,1626.0,85,40.0,19.13
+3,3.0,4.0,13:00,1626.0,85,40.0,19.13
+3,4.75,4.25,13:00,1626.0,85,40.0,19.13
+3,4.75,4.0,13:00,1626.0,85,40.0,19.13
+3,5.0,4.0,13:00,1626.0,85,40.0,19.13
+3,4.25,3.0,13:00,1626.0,85,40.0,19.13
+3,5.0,3.0,13:00,1626.0,85,40.0,19.13
+3,4.0,3.0,13:00,1626.0,85,40.0,19.13
+3,2.75,3.0,13:00,1626.0,85,40.0,19.13
+3,5.0,4.25,13:00,1626.0,85,40.0,19.13
+3,1.75,0.5,13:00,1624.0,85,35.3,19.11
+2,1.75,0.5,13:00,1623.0,85,36.5,19.09
+3,1.25,0.75,12:00,1622.0,85,42.4,19.08
+2,1.25,0.75,12:00,1619.0,85,42.4,19.05
+2,1.75,1.0,12:00,1610.0,85,43.5,18.94
+2,1.5,1.0,12:00,1610.0,85,43.5,18.94
+2,0.75,1.0,11:00,1607.0,85,50.6,18.91
+3,1.25,1.0,12:30,1602.0,85,40.0,18.85
+3,1.0,0.5,14:00,1598.0,85,35.3,18.8
+2,1.0,0.5,13:30,1592.0,85,35.3,18.73
+2,1.25,0.5,14:30,1591.0,85,31.8,18.72
+3,1.5,1.0,12:00,1590.0,85,43.5,18.71
+3,1.75,1.0,12:00,1590.0,85,43.5,18.71
+2,0.75,0.5,12:00,1587.0,85,43.5,18.67
+2,0.75,1.25,11:00,1584.0,85,50.6,18.64
+2,0.75,1.5,11:00,1577.0,85,50.6,18.55
+2,0.75,4.75,11:00,1574.0,85,50.6,18.52
+2,0.75,2.25,11:00,1574.0,85,50.6,18.52
+2,0.75,3.0,11:00,1574.0,85,50.6,18.52
+2,0.75,2.75,11:00,1574.0,85,50.6,18.52
+2,0.75,3.25,11:00,1574.0,85,50.6,18.52
+2,0.75,2.5,11:00,1574.0,85,50.6,18.52
+2,0.75,4.25,11:00,1574.0,85,50.6,18.52
+2,0.75,4.5,11:00,1574.0,85,50.6,18.52
+2,0.75,5.0,11:00,1574.0,85,50.6,18.52
+2,0.75,3.5,11:00,1574.0,85,50.6,18.52
+2,0.75,3.75,11:00,1574.0,85,50.6,18.52
+2,0.75,4.0,11:00,1574.0,85,50.6,18.52
+2,0.75,1.75,11:00,1572.0,85,50.6,18.49
+2,0.75,2.0,11:00,1571.0,85,50.6,18.48
+2,1.75,0.75,12:00,1563.0,85,42.4,18.39
+2,1.5,0.75,12:00,1563.0,85,42.4,18.39
+2,1.75,0.5,14:30,1559.0,85,31.8,18.34
+3,1.75,0.75,12:00,1556.0,85,42.4,18.31
+3,1.5,0.75,12:00,1556.0,85,42.4,18.31
+2,1.0,0.5,14:00,1532.0,85,35.3,18.02
+2,1.25,1.25,11:30,1531.0,85,44.7,18.01
+2,1.75,1.25,12:30,1528.0,85,43.5,17.98
+2,1.5,1.25,12:30,1528.0,85,43.5,17.98
+3,1.25,0.5,14:30,1527.0,85,32.9,17.96
+2,1.25,1.5,11:30,1524.0,85,44.7,17.93
+2,1.25,1.75,11:30,1518.0,85,44.7,17.86
+2,1.25,2.0,11:30,1517.0,85,44.7,17.85
+2,1.5,0.75,12:30,1514.0,85,42.4,17.81
+2,1.75,0.75,12:30,1514.0,85,42.4,17.81
+2,1.25,2.75,11:30,1513.0,85,44.7,17.8
+2,1.25,2.25,11:30,1513.0,85,44.7,17.8
+2,1.25,2.5,11:30,1512.0,85,44.7,17.79
+2,1.25,5.0,11:30,1512.0,85,44.7,17.79
+2,1.25,4.5,11:30,1512.0,85,44.7,17.79
+2,1.25,3.25,11:30,1512.0,85,44.7,17.79
+2,1.25,3.75,11:30,1512.0,85,44.7,17.79
+2,1.25,4.25,11:30,1512.0,85,44.7,17.79
+2,1.25,4.75,11:30,1512.0,85,44.7,17.79
+2,1.25,3.5,11:30,1512.0,85,44.7,17.79
+2,1.25,3.0,11:30,1512.0,85,44.7,17.79
+2,1.5,1.5,12:30,1512.0,85,43.5,17.79
+2,1.75,1.5,12:30,1512.0,85,43.5,17.79
+2,1.25,4.0,11:30,1512.0,85,44.7,17.79
+2,1.5,0.5,14:30,1506.0,85,31.8,17.72
+2,1.75,1.75,12:30,1503.0,85,43.5,17.68
+2,1.5,1.75,12:30,1503.0,85,43.5,17.68
+2,1.75,2.0,12:30,1502.0,85,43.5,17.67
+2,1.5,2.0,12:30,1502.0,85,43.5,17.67
+2,1.75,3.25,12:30,1499.0,85,43.5,17.64
+2,1.5,3.25,12:30,1499.0,85,43.5,17.64
+2,1.5,2.25,12:30,1498.0,85,43.5,17.62
+2,1.75,2.25,12:30,1498.0,85,43.5,17.62
+2,1.5,2.75,12:30,1498.0,85,43.5,17.62
+2,1.75,2.75,12:30,1498.0,85,43.5,17.62
+2,1.5,3.0,12:30,1497.0,85,43.5,17.61
+2,1.75,4.75,12:30,1497.0,85,43.5,17.61
+2,1.75,5.0,12:30,1497.0,85,43.5,17.61
+2,1.5,4.25,12:30,1497.0,85,43.5,17.61
+2,1.5,5.0,12:30,1497.0,85,43.5,17.61
+2,1.5,3.5,12:30,1497.0,85,43.5,17.61
+2,1.5,4.5,12:30,1497.0,85,43.5,17.61
+2,1.5,4.0,12:30,1497.0,85,43.5,17.61
+2,1.5,3.75,12:30,1497.0,85,43.5,17.61
+2,1.75,3.0,12:30,1497.0,85,43.5,17.61
+2,1.75,3.5,12:30,1497.0,85,43.5,17.61
+2,1.75,4.5,12:30,1497.0,85,43.5,17.61
+2,1.75,2.5,12:30,1497.0,85,43.5,17.61
+2,1.5,2.5,12:30,1497.0,85,43.5,17.61
+2,1.5,4.75,12:30,1497.0,85,43.5,17.61
+2,1.75,3.75,12:30,1497.0,85,43.5,17.61
+2,1.75,4.0,12:30,1497.0,85,43.5,17.61
+2,1.75,4.25,12:30,1497.0,85,43.5,17.61
+2,2.75,1.25,12:00,1493.0,85,43.5,17.56
+2,4.75,1.25,12:00,1493.0,85,43.5,17.56
+2,3.75,1.25,12:00,1493.0,85,43.5,17.56
+2,3.0,1.25,12:00,1493.0,85,43.5,17.56
+2,5.0,1.25,12:00,1493.0,85,43.5,17.56
+3,1.75,0.5,14:30,1493.0,85,32.9,17.56
+2,2.25,1.25,12:00,1493.0,85,43.5,17.56
+2,4.5,1.25,12:00,1493.0,85,43.5,17.56
+2,4.25,1.25,12:00,1493.0,85,43.5,17.56
+2,4.0,1.25,12:00,1493.0,85,43.5,17.56
+2,2.0,1.25,12:00,1493.0,85,43.5,17.56
+2,3.5,1.25,12:00,1493.0,85,43.5,17.56
+2,2.5,1.25,12:00,1493.0,85,43.5,17.56
+2,3.25,1.25,12:00,1493.0,85,43.5,17.56
+2,1.25,0.75,11:30,1489.0,85,44.7,17.52
+2,1.0,0.75,11:30,1486.0,85,45.9,17.48
+2,1.25,1.0,11:30,1485.0,85,44.7,17.47
+2,4.0,1.5,12:00,1483.0,85,43.5,17.45
+2,2.25,1.5,12:00,1483.0,85,43.5,17.45
+2,3.5,1.5,12:00,1483.0,85,43.5,17.45
+2,4.25,1.5,12:00,1483.0,85,43.5,17.45
+2,2.75,1.5,12:00,1483.0,85,43.5,17.45
+2,4.75,1.5,12:00,1483.0,85,43.5,17.45
+2,3.75,1.5,12:00,1483.0,85,43.5,17.45
+2,2.0,1.5,12:00,1483.0,85,43.5,17.45
+2,2.5,1.5,12:00,1483.0,85,43.5,17.45
+2,3.0,1.5,12:00,1483.0,85,43.5,17.45
+2,3.25,1.5,12:00,1483.0,85,43.5,17.45
+2,5.0,1.5,12:00,1483.0,85,43.5,17.45
+2,4.5,1.5,12:00,1483.0,85,43.5,17.45
+2,4.75,1.75,12:00,1477.0,85,43.5,17.38
+2,2.0,1.75,12:00,1477.0,85,43.5,17.38
+2,5.0,1.75,12:00,1477.0,85,43.5,17.38
+2,2.5,1.75,12:00,1477.0,85,43.5,17.38
+2,3.0,1.75,12:00,1477.0,85,43.5,17.38
+2,2.75,1.75,12:00,1477.0,85,43.5,17.38
+2,2.25,1.75,12:00,1477.0,85,43.5,17.38
+2,3.25,1.75,12:00,1477.0,85,43.5,17.38
+2,4.25,1.75,12:00,1477.0,85,43.5,17.38
+2,3.5,1.75,12:00,1477.0,85,43.5,17.38
+2,4.5,1.75,12:00,1477.0,85,43.5,17.38
+2,4.0,1.75,12:00,1477.0,85,43.5,17.38
+2,3.75,1.75,12:00,1477.0,85,43.5,17.38
+2,3.0,2.0,12:00,1476.0,85,43.5,17.36
+2,2.0,2.0,12:00,1476.0,85,43.5,17.36
+2,2.5,2.0,12:00,1476.0,85,43.5,17.36
+2,2.75,2.0,12:00,1476.0,85,43.5,17.36
+2,3.5,2.0,12:00,1476.0,85,43.5,17.36
+2,2.25,2.0,12:00,1476.0,85,43.5,17.36
+2,3.25,2.0,12:00,1476.0,85,43.5,17.36
+2,4.75,2.0,12:00,1476.0,85,43.5,17.36
+2,3.75,2.0,12:00,1476.0,85,43.5,17.36
+2,4.0,2.0,12:00,1476.0,85,43.5,17.36
+2,5.0,2.0,12:00,1476.0,85,43.5,17.36
+2,4.5,2.0,12:00,1476.0,85,43.5,17.36
+2,4.25,2.0,12:00,1476.0,85,43.5,17.36
+3,1.5,0.75,12:30,1474.0,85,38.8,17.34
+3,1.75,0.75,12:30,1474.0,85,38.8,17.34
+2,3.75,3.25,12:00,1473.0,85,43.5,17.33
+2,3.5,3.25,12:00,1473.0,85,43.5,17.33
+2,3.25,3.25,12:00,1473.0,85,43.5,17.33
+2,3.0,3.25,12:00,1473.0,85,43.5,17.33
+2,4.5,3.25,12:00,1473.0,85,43.5,17.33
+2,2.5,3.25,12:00,1473.0,85,43.5,17.33
+2,5.0,3.25,12:00,1473.0,85,43.5,17.33
+2,4.75,3.25,12:00,1473.0,85,43.5,17.33
+2,2.75,3.25,12:00,1473.0,85,43.5,17.33
+2,4.0,3.25,12:00,1473.0,85,43.5,17.33
+2,2.0,3.25,12:00,1473.0,85,43.5,17.33
+2,4.25,3.25,12:00,1473.0,85,43.5,17.33
+2,2.25,3.25,12:00,1473.0,85,43.5,17.33
+2,3.75,2.75,12:00,1472.0,85,43.5,17.32
+2,4.25,2.75,12:00,1472.0,85,43.5,17.32
+2,2.0,2.25,12:00,1472.0,85,43.5,17.32
+2,2.25,2.75,12:00,1472.0,85,43.5,17.32
+2,2.25,2.25,12:00,1472.0,85,43.5,17.32
+2,2.0,2.75,12:00,1472.0,85,43.5,17.32
+2,5.0,2.25,12:00,1472.0,85,43.5,17.32
+2,5.0,2.75,12:00,1472.0,85,43.5,17.32
+2,2.75,2.25,12:00,1472.0,85,43.5,17.32
+2,3.5,2.75,12:00,1472.0,85,43.5,17.32
+2,2.75,2.75,12:00,1472.0,85,43.5,17.32
+2,2.5,2.25,12:00,1472.0,85,43.5,17.32
+2,4.75,2.25,12:00,1472.0,85,43.5,17.32
+2,2.5,2.75,12:00,1472.0,85,43.5,17.32
+2,4.75,2.75,12:00,1472.0,85,43.5,17.32
+2,3.75,2.25,12:00,1472.0,85,43.5,17.32
+2,3.0,2.25,12:00,1472.0,85,43.5,17.32
+2,3.0,2.75,12:00,1472.0,85,43.5,17.32
+2,3.5,2.25,12:00,1472.0,85,43.5,17.32
+2,4.5,2.25,12:00,1472.0,85,43.5,17.32
+2,4.25,2.25,12:00,1472.0,85,43.5,17.32
+2,3.25,2.75,12:00,1472.0,85,43.5,17.32
+2,4.0,2.75,12:00,1472.0,85,43.5,17.32
+2,4.5,2.75,12:00,1472.0,85,43.5,17.32
+2,3.25,2.25,12:00,1472.0,85,43.5,17.32
+2,4.0,2.25,12:00,1472.0,85,43.5,17.32
+2,2.25,3.0,12:00,1471.0,85,43.5,17.31
+2,2.25,3.75,12:00,1471.0,85,43.5,17.31
+2,3.5,2.5,12:00,1471.0,85,43.5,17.31
+2,2.25,3.5,12:00,1471.0,85,43.5,17.31
+2,4.0,3.0,12:00,1471.0,85,43.5,17.31
+2,3.0,5.0,12:00,1471.0,85,43.5,17.31
+2,3.75,3.75,12:00,1471.0,85,43.5,17.31
+2,3.75,3.5,12:00,1471.0,85,43.5,17.31
+3,2.25,1.25,12:00,1471.0,85,43.5,17.31
+2,3.25,3.75,12:00,1471.0,85,43.5,17.31
+2,4.5,4.5,12:00,1471.0,85,43.5,17.31
+2,4.5,5.0,12:00,1471.0,85,43.5,17.31
+2,3.0,4.5,12:00,1471.0,85,43.5,17.31
+2,4.0,2.5,12:00,1471.0,85,43.5,17.31
+2,4.25,4.0,12:00,1471.0,85,43.5,17.31
+2,3.5,3.0,12:00,1471.0,85,43.5,17.31
+2,3.0,3.75,12:00,1471.0,85,43.5,17.31
+2,4.0,4.75,12:00,1471.0,85,43.5,17.31
+2,4.0,4.25,12:00,1471.0,85,43.5,17.31
+2,2.25,4.25,12:00,1471.0,85,43.5,17.31
+2,2.25,4.5,12:00,1471.0,85,43.5,17.31
+3,4.75,1.25,12:00,1471.0,85,43.5,17.31
+2,2.0,4.75,12:00,1471.0,85,43.5,17.31
+2,3.25,4.75,12:00,1471.0,85,43.5,17.31
+3,2.75,1.25,12:00,1471.0,85,43.5,17.31
+2,4.5,4.25,12:00,1471.0,85,43.5,17.31
+2,3.0,4.25,12:00,1471.0,85,43.5,17.31
+2,4.25,3.0,12:00,1471.0,85,43.5,17.31
+2,3.0,4.75,12:00,1471.0,85,43.5,17.31
+2,4.0,3.5,12:00,1471.0,85,43.5,17.31
+2,4.25,3.5,12:00,1471.0,85,43.5,17.31
+2,4.25,3.75,12:00,1471.0,85,43.5,17.31
+2,5.0,2.5,12:00,1471.0,85,43.5,17.31
+2,4.0,4.0,12:00,1471.0,85,43.5,17.31
+2,2.0,2.5,12:00,1471.0,85,43.5,17.31
+2,2.25,5.0,12:00,1471.0,85,43.5,17.31
+2,4.25,4.75,12:00,1471.0,85,43.5,17.31
+2,3.0,3.5,12:00,1471.0,85,43.5,17.31
+2,4.25,4.25,12:00,1471.0,85,43.5,17.31
+2,3.5,4.75,12:00,1471.0,85,43.5,17.31
+2,3.5,3.5,12:00,1471.0,85,43.5,17.31
+2,2.75,2.5,12:00,1471.0,85,43.5,17.31
+2,4.5,4.0,12:00,1471.0,85,43.5,17.31
+2,4.5,3.75,12:00,1471.0,85,43.5,17.31
+2,4.25,4.5,12:00,1471.0,85,43.5,17.31
+2,3.5,5.0,12:00,1471.0,85,43.5,17.31
+2,2.0,3.0,12:00,1471.0,85,43.5,17.31
+2,3.75,4.25,12:00,1471.0,85,43.5,17.31
+2,2.75,5.0,12:00,1471.0,85,43.5,17.31
+2,4.5,4.75,12:00,1471.0,85,43.5,17.31
+3,3.0,1.25,12:00,1471.0,85,43.5,17.31
+2,3.25,2.5,12:00,1471.0,85,43.5,17.31
+2,2.75,3.5,12:00,1471.0,85,43.5,17.31
+2,4.0,3.75,12:00,1471.0,85,43.5,17.31
+2,2.0,3.75,12:00,1471.0,85,43.5,17.31
+2,4.75,2.5,12:00,1471.0,85,43.5,17.31
+3,4.25,1.25,12:00,1471.0,85,43.5,17.31
+2,4.25,2.5,12:00,1471.0,85,43.5,17.31
+2,2.0,3.5,12:00,1471.0,85,43.5,17.31
+2,2.5,3.5,12:00,1471.0,85,43.5,17.31
+2,3.75,4.75,12:00,1471.0,85,43.5,17.31
+2,5.0,4.75,12:00,1471.0,85,43.5,17.31
+2,2.5,2.5,12:00,1471.0,85,43.5,17.31
+2,5.0,4.5,12:00,1471.0,85,43.5,17.31
+2,4.25,5.0,12:00,1471.0,85,43.5,17.31
+3,2.0,1.25,12:00,1471.0,85,43.5,17.31
+2,2.5,3.0,12:00,1471.0,85,43.5,17.31
+2,4.75,5.0,12:00,1471.0,85,43.5,17.31
+2,2.0,4.5,12:00,1471.0,85,43.5,17.31
+2,2.0,4.0,12:00,1471.0,85,43.5,17.31
+2,3.25,4.25,12:00,1471.0,85,43.5,17.31
+2,2.0,4.25,12:00,1471.0,85,43.5,17.31
+2,3.75,5.0,12:00,1471.0,85,43.5,17.31
+2,3.25,3.5,12:00,1471.0,85,43.5,17.31
+2,4.5,3.5,12:00,1471.0,85,43.5,17.31
+2,3.25,4.0,12:00,1471.0,85,43.5,17.31
+2,3.0,2.5,12:00,1471.0,85,43.5,17.31
+2,2.75,4.75,12:00,1471.0,85,43.5,17.31
+3,5.0,1.25,12:00,1471.0,85,43.5,17.31
+2,3.25,5.0,12:00,1471.0,85,43.5,17.31
+3,2.5,1.25,12:00,1471.0,85,43.5,17.31
+2,2.5,4.75,12:00,1471.0,85,43.5,17.31
+2,3.75,4.0,12:00,1471.0,85,43.5,17.31
+2,3.75,4.5,12:00,1471.0,85,43.5,17.31
+2,2.25,4.0,12:00,1471.0,85,43.5,17.31
+2,2.25,2.5,12:00,1471.0,85,43.5,17.31
+3,3.25,1.25,12:00,1471.0,85,43.5,17.31
+2,3.25,3.0,12:00,1471.0,85,43.5,17.31
+2,5.0,3.5,12:00,1471.0,85,43.5,17.31
+2,3.5,4.25,12:00,1471.0,85,43.5,17.31
+2,3.5,4.5,12:00,1471.0,85,43.5,17.31
+2,5.0,4.25,12:00,1471.0,85,43.5,17.31
+2,2.5,4.25,12:00,1471.0,85,43.5,17.31
+2,2.75,4.0,12:00,1471.0,85,43.5,17.31
+2,4.75,4.25,12:00,1471.0,85,43.5,17.31
+2,4.75,3.75,12:00,1471.0,85,43.5,17.31
+2,3.5,4.0,12:00,1471.0,85,43.5,17.31
+2,3.75,3.0,12:00,1471.0,85,43.5,17.31
+2,2.25,4.75,12:00,1471.0,85,43.5,17.31
+2,5.0,3.75,12:00,1471.0,85,43.5,17.31
+3,4.5,1.25,12:00,1471.0,85,43.5,17.31
+2,2.5,3.75,12:00,1471.0,85,43.5,17.31
+2,4.5,2.5,12:00,1471.0,85,43.5,17.31
+2,2.75,3.0,12:00,1471.0,85,43.5,17.31
+3,4.0,1.25,12:00,1471.0,85,43.5,17.31
+2,2.5,4.0,12:00,1471.0,85,43.5,17.31
+3,3.75,1.25,12:00,1471.0,85,43.5,17.31
+2,4.5,3.0,12:00,1471.0,85,43.5,17.31
+2,4.75,4.0,12:00,1471.0,85,43.5,17.31
+2,3.25,4.5,12:00,1471.0,85,43.5,17.31
+2,2.0,5.0,12:00,1471.0,85,43.5,17.31
+2,5.0,3.0,12:00,1471.0,85,43.5,17.31
+2,4.75,4.75,12:00,1471.0,85,43.5,17.31
+2,4.75,4.5,12:00,1471.0,85,43.5,17.31
+2,3.75,2.5,12:00,1471.0,85,43.5,17.31
+2,2.5,5.0,12:00,1471.0,85,43.5,17.31
+3,3.5,1.25,12:00,1471.0,85,43.5,17.31
+2,5.0,5.0,12:00,1471.0,85,43.5,17.31
+2,4.0,4.5,12:00,1471.0,85,43.5,17.31
+2,4.75,3.5,12:00,1471.0,85,43.5,17.31
+2,4.0,5.0,12:00,1471.0,85,43.5,17.31
+2,3.5,3.75,12:00,1471.0,85,43.5,17.31
+2,3.0,4.0,12:00,1471.0,85,43.5,17.31
+2,3.0,3.0,12:00,1471.0,85,43.5,17.31
+2,2.5,4.5,12:00,1471.0,85,43.5,17.31
+3,1.5,0.5,14:30,1471.0,85,32.9,17.31
+2,2.75,3.75,12:00,1471.0,85,43.5,17.31
+2,5.0,4.0,12:00,1471.0,85,43.5,17.31
+2,2.75,4.5,12:00,1471.0,85,43.5,17.31
+2,4.75,3.0,12:00,1471.0,85,43.5,17.31
+2,2.75,4.25,12:00,1471.0,85,43.5,17.31
+3,1.0,0.5,15:00,1465.0,85,34.1,17.24
+3,4.5,1.5,12:00,1465.0,85,43.5,17.24
+3,3.0,1.5,12:00,1465.0,85,43.5,17.24
+3,2.5,1.5,12:00,1465.0,85,43.5,17.24
+2,1.5,0.75,11:00,1465.0,85,48.2,17.24
+3,1.25,1.25,11:30,1465.0,85,45.9,17.24
+3,2.25,1.5,12:00,1465.0,85,43.5,17.24
+3,5.0,1.5,12:00,1465.0,85,43.5,17.24
+3,4.75,1.5,12:00,1465.0,85,43.5,17.24
+3,2.0,1.5,12:00,1465.0,85,43.5,17.24
+3,4.25,1.5,12:00,1465.0,85,43.5,17.24
+3,4.0,1.5,12:00,1465.0,85,43.5,17.24
+2,1.75,0.75,11:00,1465.0,85,48.2,17.24
+3,3.75,1.5,12:00,1465.0,85,43.5,17.24
+3,3.25,1.5,12:00,1465.0,85,43.5,17.24
+3,3.5,1.5,12:00,1465.0,85,43.5,17.24
+3,2.75,1.5,12:00,1465.0,85,43.5,17.24
+3,1.25,1.5,11:30,1461.0,85,45.9,17.19
+3,1.0,0.75,11:30,1460.0,85,47.1,17.18
+3,2.75,2.0,12:00,1459.0,85,43.5,17.16
+3,3.5,1.75,12:00,1459.0,85,43.5,17.16
+3,3.5,2.0,12:00,1459.0,85,43.5,17.16
+3,5.0,2.0,12:00,1459.0,85,43.5,17.16
+3,4.0,2.0,12:00,1459.0,85,43.5,17.16
+3,3.0,2.0,12:00,1459.0,85,43.5,17.16
+3,1.5,0.75,11:00,1459.0,85,44.7,17.16
+3,3.75,2.0,12:00,1459.0,85,43.5,17.16
+3,5.0,1.75,12:00,1459.0,85,43.5,17.16
+3,3.25,2.0,12:00,1459.0,85,43.5,17.16
+3,4.0,1.75,12:00,1459.0,85,43.5,17.16
+3,3.25,1.75,12:00,1459.0,85,43.5,17.16
+3,2.5,2.0,12:00,1459.0,85,43.5,17.16
+3,4.75,2.0,12:00,1459.0,85,43.5,17.16
+3,3.0,1.75,12:00,1459.0,85,43.5,17.16
+3,3.75,1.75,12:00,1459.0,85,43.5,17.16
+3,2.25,2.0,12:00,1459.0,85,43.5,17.16
+3,4.5,1.75,12:00,1459.0,85,43.5,17.16
+3,4.5,2.0,12:00,1459.0,85,43.5,17.16
+3,4.75,1.75,12:00,1459.0,85,43.5,17.16
+3,2.0,2.0,12:00,1459.0,85,43.5,17.16
+3,1.75,0.75,11:00,1459.0,85,44.7,17.16
+3,2.0,1.75,12:00,1459.0,85,43.5,17.16
+3,2.25,1.75,12:00,1459.0,85,43.5,17.16
+3,2.75,1.75,12:00,1459.0,85,43.5,17.16
+3,4.25,1.75,12:00,1459.0,85,43.5,17.16
+3,2.5,1.75,12:00,1459.0,85,43.5,17.16
+3,4.25,2.0,12:00,1459.0,85,43.5,17.16
+3,2.5,3.25,12:00,1457.0,85,43.5,17.14
+3,4.0,2.25,12:00,1457.0,85,43.5,17.14
+3,3.75,2.25,12:00,1457.0,85,43.5,17.14
+3,4.75,2.25,12:00,1457.0,85,43.5,17.14
+3,5.0,2.25,12:00,1457.0,85,43.5,17.14
+3,2.25,2.25,12:00,1457.0,85,43.5,17.14
+3,3.75,3.25,12:00,1457.0,85,43.5,17.14
+3,4.5,2.25,12:00,1457.0,85,43.5,17.14
+3,3.25,3.25,12:00,1457.0,85,43.5,17.14
+3,2.0,2.25,12:00,1457.0,85,43.5,17.14
+3,5.0,3.25,12:00,1457.0,85,43.5,17.14
+3,2.0,3.25,12:00,1457.0,85,43.5,17.14
+3,4.25,2.25,12:00,1457.0,85,43.5,17.14
+3,3.0,2.25,12:00,1457.0,85,43.5,17.14
+3,3.0,3.25,12:00,1457.0,85,43.5,17.14
+3,4.25,3.25,12:00,1457.0,85,43.5,17.14
+3,2.75,3.25,12:00,1457.0,85,43.5,17.14
+3,2.5,2.25,12:00,1457.0,85,43.5,17.14
+3,4.0,3.25,12:00,1457.0,85,43.5,17.14
+3,3.5,3.25,12:00,1457.0,85,43.5,17.14
+3,2.75,2.25,12:00,1457.0,85,43.5,17.14
+3,3.5,2.25,12:00,1457.0,85,43.5,17.14
+3,4.75,3.25,12:00,1457.0,85,43.5,17.14
+3,2.25,3.25,12:00,1457.0,85,43.5,17.14
+3,4.5,3.25,12:00,1457.0,85,43.5,17.14
+3,3.25,2.25,12:00,1457.0,85,43.5,17.14
+3,4.0,4.25,12:00,1456.0,85,43.5,17.13
+3,2.5,4.0,12:00,1456.0,85,43.5,17.13
+3,4.25,3.5,12:00,1456.0,85,43.5,17.13
+3,2.25,4.0,12:00,1456.0,85,43.5,17.13
+3,5.0,2.75,12:00,1456.0,85,43.5,17.13
+3,4.25,2.75,12:00,1456.0,85,43.5,17.13
+3,3.0,5.0,12:00,1456.0,85,43.5,17.13
+3,4.5,5.0,12:00,1456.0,85,43.5,17.13
+3,4.75,2.75,12:00,1456.0,85,43.5,17.13
+3,3.5,3.75,12:00,1456.0,85,43.5,17.13
+3,3.5,4.0,12:00,1456.0,85,43.5,17.13
+3,3.75,5.0,12:00,1456.0,85,43.5,17.13
+3,4.75,4.25,12:00,1456.0,85,43.5,17.13
+3,2.75,2.75,12:00,1456.0,85,43.5,17.13
+3,3.5,2.75,12:00,1456.0,85,43.5,17.13
+3,5.0,4.25,12:00,1456.0,85,43.5,17.13
+3,2.5,4.75,12:00,1456.0,85,43.5,17.13
+3,3.75,4.25,12:00,1456.0,85,43.5,17.13
+3,3.0,3.75,12:00,1456.0,85,43.5,17.13
+3,3.75,2.75,12:00,1456.0,85,43.5,17.13
+3,2.5,3.75,12:00,1456.0,85,43.5,17.13
+3,2.25,3.5,12:00,1456.0,85,43.5,17.13
+3,4.75,4.5,12:00,1456.0,85,43.5,17.13
+3,2.5,3.5,12:00,1456.0,85,43.5,17.13
+3,3.0,3.5,12:00,1456.0,85,43.5,17.13
+3,2.5,2.75,12:00,1456.0,85,43.5,17.13
+3,3.25,3.75,12:00,1456.0,85,43.5,17.13
+3,3.5,4.5,12:00,1456.0,85,43.5,17.13
+3,2.0,2.75,12:00,1456.0,85,43.5,17.13
+3,4.0,3.5,12:00,1456.0,85,43.5,17.13
+3,2.25,2.75,12:00,1456.0,85,43.5,17.13
+3,4.5,3.75,12:00,1456.0,85,43.5,17.13
+3,4.75,3.5,12:00,1456.0,85,43.5,17.13
+3,4.25,4.25,12:00,1456.0,85,43.5,17.13
+3,3.25,3.5,12:00,1456.0,85,43.5,17.13
+3,2.75,4.0,12:00,1456.0,85,43.5,17.13
+3,4.0,2.75,12:00,1456.0,85,43.5,17.13
+3,4.5,4.75,12:00,1456.0,85,43.5,17.13
+3,2.0,2.5,12:00,1456.0,85,43.5,17.13
+3,2.0,4.25,12:00,1456.0,85,43.5,17.13
+3,2.0,4.0,12:00,1456.0,85,43.5,17.13
+3,3.0,4.75,12:00,1456.0,85,43.5,17.13
+3,2.25,4.25,12:00,1456.0,85,43.5,17.13
+3,2.5,2.5,12:00,1456.0,85,43.5,17.13
+3,2.5,4.25,12:00,1456.0,85,43.5,17.13
+3,2.5,4.5,12:00,1456.0,85,43.5,17.13
+3,2.25,4.75,12:00,1456.0,85,43.5,17.13
+3,4.75,2.5,12:00,1456.0,85,43.5,17.13
+3,4.75,4.75,12:00,1456.0,85,43.5,17.13
+3,2.25,3.75,12:00,1456.0,85,43.5,17.13
+3,4.5,3.5,12:00,1456.0,85,43.5,17.13
+3,3.5,4.75,12:00,1456.0,85,43.5,17.13
+3,2.0,3.5,12:00,1456.0,85,43.5,17.13
+3,3.75,4.5,12:00,1456.0,85,43.5,17.13
+3,2.75,3.5,12:00,1456.0,85,43.5,17.13
+3,2.75,3.75,12:00,1456.0,85,43.5,17.13
+3,5.0,2.5,12:00,1456.0,85,43.5,17.13
+3,2.75,4.75,12:00,1456.0,85,43.5,17.13
+3,2.25,5.0,12:00,1456.0,85,43.5,17.13
+3,4.75,5.0,12:00,1456.0,85,43.5,17.13
+3,3.0,4.0,12:00,1456.0,85,43.5,17.13
+3,4.5,2.75,12:00,1456.0,85,43.5,17.13
+3,2.25,4.5,12:00,1456.0,85,43.5,17.13
+3,2.75,5.0,12:00,1456.0,85,43.5,17.13
+3,3.25,4.5,12:00,1456.0,85,43.5,17.13
+3,3.25,4.25,12:00,1456.0,85,43.5,17.13
+3,4.25,4.75,12:00,1456.0,85,43.5,17.13
+3,3.25,4.0,12:00,1456.0,85,43.5,17.13
+3,3.25,2.5,12:00,1456.0,85,43.5,17.13
+3,4.25,2.5,12:00,1456.0,85,43.5,17.13
+3,4.0,4.5,12:00,1456.0,85,43.5,17.13
+3,2.0,3.75,12:00,1456.0,85,43.5,17.13
+3,4.5,4.5,12:00,1456.0,85,43.5,17.13
+3,2.25,2.5,12:00,1456.0,85,43.5,17.13
+3,4.25,3.75,12:00,1456.0,85,43.5,17.13
+3,2.0,5.0,12:00,1456.0,85,43.5,17.13
+3,3.75,3.5,12:00,1456.0,85,43.5,17.13
+3,4.0,5.0,12:00,1456.0,85,43.5,17.13
+3,2.0,4.5,12:00,1456.0,85,43.5,17.13
+3,3.0,4.25,12:00,1456.0,85,43.5,17.13
+3,2.0,4.75,12:00,1456.0,85,43.5,17.13
+3,3.0,4.5,12:00,1456.0,85,43.5,17.13
+3,3.75,4.0,12:00,1456.0,85,43.5,17.13
+3,4.0,4.75,12:00,1456.0,85,43.5,17.13
+3,3.75,2.5,12:00,1456.0,85,43.5,17.13
+3,3.25,5.0,12:00,1456.0,85,43.5,17.13
+3,3.75,4.75,12:00,1456.0,85,43.5,17.13
+3,3.5,4.25,12:00,1456.0,85,43.5,17.13
+3,4.25,4.5,12:00,1456.0,85,43.5,17.13
+3,4.25,5.0,12:00,1456.0,85,43.5,17.13
+3,4.0,3.75,12:00,1456.0,85,43.5,17.13
+3,4.0,2.5,12:00,1456.0,85,43.5,17.13
+3,3.0,2.5,12:00,1456.0,85,43.5,17.13
+3,4.5,4.0,12:00,1456.0,85,43.5,17.13
+3,4.25,4.0,12:00,1456.0,85,43.5,17.13
+3,3.5,5.0,12:00,1456.0,85,43.5,17.13
+3,3.0,2.75,12:00,1456.0,85,43.5,17.13
+3,3.25,2.75,12:00,1456.0,85,43.5,17.13
+3,2.75,4.25,12:00,1456.0,85,43.5,17.13
+3,2.75,4.5,12:00,1456.0,85,43.5,17.13
+3,4.0,4.0,12:00,1456.0,85,43.5,17.13
+3,3.75,3.75,12:00,1456.0,85,43.5,17.13
+3,5.0,4.5,12:00,1456.0,85,43.5,17.13
+3,3.5,2.5,12:00,1456.0,85,43.5,17.13
+3,5.0,3.5,12:00,1456.0,85,43.5,17.13
+3,4.5,2.5,12:00,1456.0,85,43.5,17.13
+3,3.25,4.75,12:00,1456.0,85,43.5,17.13
+3,4.75,4.0,12:00,1456.0,85,43.5,17.13
+3,4.75,3.75,12:00,1456.0,85,43.5,17.13
+3,5.0,5.0,12:00,1456.0,85,43.5,17.13
+3,2.75,2.5,12:00,1456.0,85,43.5,17.13
+3,2.5,5.0,12:00,1456.0,85,43.5,17.13
+3,4.5,4.25,12:00,1456.0,85,43.5,17.13
+3,3.5,3.5,12:00,1456.0,85,43.5,17.13
+3,5.0,4.75,12:00,1456.0,85,43.5,17.13
+3,5.0,4.0,12:00,1456.0,85,43.5,17.13
+3,5.0,3.75,12:00,1456.0,85,43.5,17.13
+3,3.5,3.0,12:00,1455.0,85,43.5,17.12
+3,2.75,3.0,12:00,1455.0,85,43.5,17.12
+3,4.5,3.0,12:00,1455.0,85,43.5,17.12
+3,1.25,1.75,11:30,1455.0,85,45.9,17.12
+3,1.5,1.25,12:30,1455.0,85,40.0,17.12
+3,2.5,3.0,12:00,1455.0,85,43.5,17.12
+3,1.75,1.25,12:30,1455.0,85,40.0,17.12
+3,2.0,3.0,12:00,1455.0,85,43.5,17.12
+3,3.0,3.0,12:00,1455.0,85,43.5,17.12
+3,3.25,3.0,12:00,1455.0,85,43.5,17.12
+3,4.25,3.0,12:00,1455.0,85,43.5,17.12
+3,5.0,3.0,12:00,1455.0,85,43.5,17.12
+3,1.25,2.0,11:30,1455.0,85,45.9,17.12
+3,2.25,3.0,12:00,1455.0,85,43.5,17.12
+3,3.75,3.0,12:00,1455.0,85,43.5,17.12
+3,4.75,3.0,12:00,1455.0,85,43.5,17.12
+3,4.0,3.0,12:00,1455.0,85,43.5,17.12
+2,1.0,1.25,11:30,1454.0,85,45.9,17.11
+3,1.25,2.25,11:30,1453.0,85,45.9,17.09
+3,1.25,2.5,11:30,1452.0,85,45.9,17.08
+3,1.25,2.75,11:30,1452.0,85,45.9,17.08
+3,1.25,3.25,11:30,1451.0,85,45.9,17.07
+3,1.25,4.0,11:30,1451.0,85,45.9,17.07
+3,1.25,4.25,11:30,1451.0,85,45.9,17.07
+3,1.25,4.5,11:30,1451.0,85,45.9,17.07
+3,1.25,4.75,11:30,1451.0,85,45.9,17.07
+2,1.75,1.0,12:30,1451.0,85,43.5,17.07
+3,1.25,5.0,11:30,1451.0,85,45.9,17.07
+2,1.5,1.0,12:30,1451.0,85,43.5,17.07
+3,1.25,3.5,11:30,1451.0,85,45.9,17.07
+3,1.25,3.0,11:30,1451.0,85,45.9,17.07
+3,1.25,3.75,11:30,1451.0,85,45.9,17.07
+2,1.25,0.75,11:00,1447.0,85,48.2,17.02
+3,1.25,0.75,11:30,1447.0,85,45.9,17.02
+2,1.0,1.5,11:30,1447.0,85,45.9,17.02
+3,1.75,1.25,15:00,1446.0,85,32.9,17.01
+3,1.75,1.5,12:30,1444.0,85,40.0,16.99
+3,1.5,1.5,12:30,1444.0,85,40.0,16.99
+3,1.75,0.75,15:00,1443.0,85,31.8,16.98
+2,1.0,1.75,11:30,1441.0,85,45.9,16.95
+3,1.25,1.25,15:00,1440.0,85,34.1,16.94
+2,1.0,2.0,11:30,1440.0,85,45.9,16.94
+2,3.25,0.5,13:00,1438.0,85,36.5,16.92
+2,3.5,0.5,13:00,1438.0,85,36.5,16.92
+2,3.75,0.5,13:00,1438.0,85,36.5,16.92
+2,4.25,0.5,13:00,1438.0,85,36.5,16.92
+2,2.25,0.5,13:00,1438.0,85,36.5,16.92
+2,2.5,0.5,13:00,1438.0,85,36.5,16.92
+2,5.0,0.5,13:00,1438.0,85,36.5,16.92
+2,4.75,0.5,13:00,1438.0,85,36.5,16.92
+2,3.0,0.5,13:00,1438.0,85,36.5,16.92
+2,4.5,0.5,13:00,1438.0,85,36.5,16.92
+2,4.0,0.5,13:00,1438.0,85,36.5,16.92
+2,2.75,0.5,13:00,1438.0,85,36.5,16.92
+2,2.0,0.5,13:00,1438.0,85,36.5,16.92
+3,1.75,2.0,12:30,1437.0,85,40.0,16.91
+3,1.5,2.0,12:30,1437.0,85,40.0,16.91
+3,1.25,0.75,15:00,1437.0,85,32.9,16.91
+3,1.5,1.75,12:30,1437.0,85,40.0,16.91
+3,1.75,1.75,12:30,1437.0,85,40.0,16.91
+2,1.0,2.75,11:30,1436.0,85,45.9,16.89
+2,1.0,2.25,11:30,1436.0,85,45.9,16.89
+2,1.0,3.25,11:30,1435.0,85,45.9,16.88
+2,1.0,3.5,11:30,1435.0,85,45.9,16.88
+2,1.0,3.75,11:30,1435.0,85,45.9,16.88
+2,1.0,4.0,11:30,1435.0,85,45.9,16.88
+2,1.0,3.0,11:30,1435.0,85,45.9,16.88
+2,1.0,2.5,11:30,1435.0,85,45.9,16.88
+3,1.75,2.25,12:30,1435.0,85,40.0,16.88
+3,1.75,3.25,12:30,1435.0,85,40.0,16.88
+3,1.5,2.25,12:30,1435.0,85,40.0,16.88
+2,1.0,4.75,11:30,1435.0,85,45.9,16.88
+3,1.25,1.0,11:30,1435.0,85,45.9,16.88
+3,1.5,3.25,12:30,1435.0,85,40.0,16.88
+2,1.0,4.5,11:30,1435.0,85,45.9,16.88
+2,1.0,4.25,11:30,1435.0,85,45.9,16.88
+2,1.0,5.0,11:30,1435.0,85,45.9,16.88
+3,1.75,4.75,12:30,1434.0,85,40.0,16.87
+3,1.75,5.0,12:30,1434.0,85,40.0,16.87
+3,1.5,5.0,12:30,1434.0,85,40.0,16.87
+3,1.75,4.5,12:30,1434.0,85,40.0,16.87
+3,1.75,3.75,12:30,1434.0,85,40.0,16.87
+3,1.75,2.5,12:30,1434.0,85,40.0,16.87
+3,1.75,2.75,12:30,1434.0,85,40.0,16.87
+3,1.75,3.5,12:30,1434.0,85,40.0,16.87
+3,1.5,3.5,12:30,1434.0,85,40.0,16.87
+3,1.5,3.75,12:30,1434.0,85,40.0,16.87
+3,1.5,4.5,12:30,1434.0,85,40.0,16.87
+3,1.5,4.75,12:30,1434.0,85,40.0,16.87
+3,1.5,2.75,12:30,1434.0,85,40.0,16.87
+3,1.5,2.5,12:30,1434.0,85,40.0,16.87
+3,1.75,4.0,12:30,1433.0,85,40.0,16.86
+3,1.5,4.0,12:30,1433.0,85,40.0,16.86
+3,1.75,4.25,12:30,1433.0,85,40.0,16.86
+3,1.5,3.0,12:30,1433.0,85,40.0,16.86
+3,1.5,4.25,12:30,1433.0,85,40.0,16.86
+3,1.75,3.0,12:30,1433.0,85,40.0,16.86
+2,1.25,1.25,15:00,1429.0,85,35.3,16.81
+3,1.0,0.5,14:30,1426.0,85,35.3,16.78
+3,1.75,1.5,15:00,1425.0,85,32.9,16.76
+2,2.75,1.0,12:00,1420.0,85,43.5,16.71
+2,4.75,1.0,12:00,1420.0,85,43.5,16.71
+2,4.0,1.0,12:00,1420.0,85,43.5,16.71
+2,3.25,1.0,12:00,1420.0,85,43.5,16.71
+2,4.5,1.0,12:00,1420.0,85,43.5,16.71
+2,5.0,1.0,12:00,1420.0,85,43.5,16.71
+2,3.5,1.0,12:00,1420.0,85,43.5,16.71
+2,4.25,1.0,12:00,1420.0,85,43.5,16.71
+2,3.0,1.0,12:00,1420.0,85,43.5,16.71
+2,2.25,1.0,12:00,1420.0,85,43.5,16.71
+2,2.5,1.0,12:00,1420.0,85,43.5,16.71
+2,2.0,1.0,12:00,1420.0,85,43.5,16.71
+2,3.75,1.0,12:00,1420.0,85,43.5,16.71
+3,3.5,1.0,12:00,1419.0,85,43.5,16.69
+3,4.0,1.0,12:00,1419.0,85,43.5,16.69
+3,3.0,1.0,12:00,1419.0,85,43.5,16.69
+3,2.25,1.0,12:00,1419.0,85,43.5,16.69
+3,1.25,1.5,15:00,1419.0,85,34.1,16.69
+3,4.5,1.0,12:00,1419.0,85,43.5,16.69
+3,3.25,1.0,12:00,1419.0,85,43.5,16.69
+3,4.25,1.0,12:00,1419.0,85,43.5,16.69
+3,2.5,1.0,12:00,1419.0,85,43.5,16.69
+3,4.75,1.0,12:00,1419.0,85,43.5,16.69
+3,2.0,1.0,12:00,1419.0,85,43.5,16.69
+3,5.0,1.0,12:00,1419.0,85,43.5,16.69
+3,2.75,1.0,12:00,1419.0,85,43.5,16.69
+3,3.75,1.0,12:00,1419.0,85,43.5,16.69
+3,1.0,1.25,11:30,1418.0,85,47.1,16.68
+3,1.25,0.75,11:00,1417.0,85,44.7,16.67
+3,1.0,1.5,11:30,1414.0,85,47.1,16.64
+3,1.75,1.75,15:00,1414.0,85,32.9,16.64
+3,1.75,2.0,15:00,1411.0,85,32.9,16.6
+2,1.25,0.5,13:00,1410.0,85,36.5,16.59
+3,1.75,3.25,15:00,1408.0,85,32.9,16.56
+2,1.0,1.0,11:30,1408.0,85,45.9,16.56
+3,1.25,1.75,15:00,1408.0,85,34.1,16.56
+3,1.75,2.25,15:00,1408.0,85,32.9,16.56
+3,1.75,1.0,12:30,1408.0,85,40.0,16.56
+3,1.5,1.0,12:30,1408.0,85,40.0,16.56
+3,1.0,1.75,11:30,1408.0,85,47.1,16.56
+3,1.0,2.0,11:30,1408.0,85,47.1,16.56
+3,1.75,2.5,15:00,1407.0,85,32.9,16.55
+3,1.75,3.5,15:00,1407.0,85,32.9,16.55
+3,1.75,3.75,15:00,1407.0,85,32.9,16.55
+3,1.75,2.75,15:00,1407.0,85,32.9,16.55
+3,1.75,4.75,15:00,1407.0,85,32.9,16.55
+3,1.75,4.5,15:00,1407.0,85,32.9,16.55
+3,1.0,2.25,11:30,1406.0,85,47.1,16.54
+3,1.75,4.25,15:00,1406.0,85,32.9,16.54
+3,1.75,4.0,15:00,1406.0,85,32.9,16.54
+3,1.75,3.0,15:00,1406.0,85,32.9,16.54
+3,1.75,5.0,15:00,1406.0,85,32.9,16.54
+3,1.0,2.5,11:30,1405.0,85,47.1,16.53
+3,1.0,2.75,11:30,1405.0,85,47.1,16.53
+3,1.25,2.0,15:00,1405.0,85,34.1,16.53
+3,1.0,3.25,11:30,1404.0,85,47.1,16.52
+3,1.0,3.5,11:30,1404.0,85,47.1,16.52
+3,1.0,4.5,11:30,1404.0,85,47.1,16.52
+3,1.0,3.75,11:30,1404.0,85,47.1,16.52
+3,1.0,3.0,11:30,1404.0,85,47.1,16.52
+3,1.0,4.25,11:30,1404.0,85,47.1,16.52
+3,1.0,4.0,11:30,1404.0,85,47.1,16.52
+3,1.0,5.0,11:30,1404.0,85,47.1,16.52
+3,1.0,4.75,11:30,1404.0,85,47.1,16.52
+3,1.25,3.25,15:00,1402.0,85,34.1,16.49
+3,1.25,2.25,15:00,1402.0,85,34.1,16.49
+3,1.25,3.75,15:00,1401.0,85,34.1,16.48
+3,1.25,2.75,15:00,1401.0,85,34.1,16.48
+3,1.25,4.75,15:00,1401.0,85,34.1,16.48
+3,1.25,4.5,15:00,1401.0,85,34.1,16.48
+3,1.25,2.5,15:00,1401.0,85,34.1,16.48
+3,1.25,3.5,15:00,1401.0,85,34.1,16.48
+3,1.25,5.0,15:00,1400.0,85,34.1,16.47
+3,1.25,4.0,15:00,1400.0,85,34.1,16.47
+3,1.25,3.0,15:00,1400.0,85,34.1,16.47
+3,1.25,4.25,15:00,1400.0,85,34.1,16.47
+3,1.25,0.5,13:00,1399.0,85,35.3,16.46
+3,1.25,0.5,12:00,1398.0,85,37.6,16.45
+2,1.25,0.75,15:00,1397.0,85,32.9,16.44
+2,1.25,1.5,15:00,1396.0,85,35.3,16.42
+3,1.75,1.0,15:00,1396.0,85,32.9,16.42
+3,2.25,0.5,13:00,1394.0,85,35.3,16.4
+3,5.0,0.5,13:00,1394.0,85,35.3,16.4
+3,4.25,0.5,13:00,1394.0,85,35.3,16.4
+3,3.25,0.5,13:00,1394.0,85,35.3,16.4
+3,2.75,0.5,13:00,1394.0,85,35.3,16.4
+3,3.5,0.5,13:00,1394.0,85,35.3,16.4
+3,3.75,0.5,13:00,1394.0,85,35.3,16.4
+3,2.5,0.5,13:00,1394.0,85,35.3,16.4
+3,4.0,0.5,13:00,1394.0,85,35.3,16.4
+3,4.5,0.5,13:00,1394.0,85,35.3,16.4
+3,4.75,0.5,13:00,1394.0,85,35.3,16.4
+3,2.0,0.5,13:00,1394.0,85,35.3,16.4
+3,3.0,0.5,13:00,1394.0,85,35.3,16.4
+2,1.0,0.5,15:00,1393.0,85,34.1,16.39
+3,1.25,1.0,15:00,1390.0,85,34.1,16.35
+3,1.0,1.0,11:30,1388.0,85,47.1,16.33
+3,3.0,0.75,12:00,1385.0,85,42.4,16.29
+3,4.75,0.75,12:00,1385.0,85,42.4,16.29
+3,2.0,0.75,12:00,1385.0,85,42.4,16.29
+3,2.25,0.75,12:00,1385.0,85,42.4,16.29
+2,1.25,1.75,15:00,1385.0,85,35.3,16.29
+3,3.75,0.75,12:00,1385.0,85,42.4,16.29
+3,3.25,0.75,12:00,1385.0,85,42.4,16.29
+3,2.75,0.75,12:00,1385.0,85,42.4,16.29
+3,4.0,0.75,12:00,1385.0,85,42.4,16.29
+3,4.25,0.75,12:00,1385.0,85,42.4,16.29
+3,2.5,0.75,12:00,1385.0,85,42.4,16.29
+3,5.0,0.75,12:00,1385.0,85,42.4,16.29
+3,4.5,0.75,12:00,1385.0,85,42.4,16.29
+3,3.5,0.75,12:00,1385.0,85,42.4,16.29
+2,1.25,2.0,15:00,1381.0,85,35.3,16.25
+2,1.25,3.25,15:00,1376.0,85,35.3,16.19
+2,1.0,0.5,14:30,1375.0,85,34.1,16.18
+2,1.25,2.75,15:00,1375.0,85,35.3,16.18
+2,1.25,2.25,15:00,1375.0,85,35.3,16.18
+2,1.25,5.0,15:00,1374.0,85,35.3,16.16
+2,1.25,4.75,15:00,1374.0,85,35.3,16.16
+2,1.25,3.5,15:00,1374.0,85,35.3,16.16
+2,1.25,4.0,15:00,1374.0,85,35.3,16.16
+2,1.75,1.25,15:00,1374.0,85,34.1,16.16
+2,1.25,3.0,15:00,1374.0,85,35.3,16.16
+2,1.25,3.75,15:00,1374.0,85,35.3,16.16
+2,1.25,2.5,15:00,1374.0,85,35.3,16.16
+2,1.25,4.5,15:00,1374.0,85,35.3,16.16
+2,1.25,4.25,15:00,1374.0,85,35.3,16.16
+2,4.5,0.75,12:00,1373.0,85,42.4,16.15
+2,2.5,0.75,12:00,1373.0,85,42.4,16.15
+2,3.0,0.75,12:00,1373.0,85,42.4,16.15
+2,4.0,0.75,12:00,1373.0,85,42.4,16.15
+2,5.0,0.75,12:00,1373.0,85,42.4,16.15
+2,2.25,0.75,12:00,1373.0,85,42.4,16.15
+2,4.25,0.75,12:00,1373.0,85,42.4,16.15
+2,2.0,0.75,12:00,1373.0,85,42.4,16.15
+2,3.5,0.75,12:00,1373.0,85,42.4,16.15
+2,3.25,0.75,12:00,1373.0,85,42.4,16.15
+2,2.75,0.75,12:00,1373.0,85,42.4,16.15
+2,3.75,0.75,12:00,1373.0,85,42.4,16.15
+2,4.75,0.75,12:00,1373.0,85,42.4,16.15
+3,1.5,1.0,11:00,1354.0,85,44.7,15.93
+3,1.75,1.0,11:00,1354.0,85,44.7,15.93
+2,1.5,1.0,11:00,1350.0,85,48.2,15.88
+2,1.75,1.0,11:00,1350.0,85,48.2,15.88
+2,1.25,1.0,15:00,1346.0,85,34.1,15.84
+3,0.75,0.5,11:00,1343.0,85,43.5,15.8
+2,1.75,0.75,15:00,1342.0,85,31.8,15.79
+2,1.75,1.5,15:00,1341.0,85,34.1,15.78
+3,1.25,0.5,12:30,1333.0,85,35.3,15.68
+3,1.75,0.5,12:00,1332.0,85,37.6,15.67
+3,1.5,0.5,12:00,1332.0,85,37.6,15.67
+2,1.25,0.5,12:00,1332.0,85,37.6,15.67
+2,1.25,1.0,11:00,1332.0,85,48.2,15.67
+3,1.75,1.25,11:00,1331.0,85,44.7,15.66
+3,1.5,1.25,11:00,1331.0,85,44.7,15.66
+2,1.75,1.75,15:00,1330.0,85,34.1,15.65
+3,1.5,1.5,11:00,1328.0,85,44.7,15.62
+3,1.75,1.5,11:00,1328.0,85,44.7,15.62
+2,1.5,1.25,11:00,1327.0,85,48.2,15.61
+2,1.75,1.25,11:00,1327.0,85,48.2,15.61
+2,1.75,2.0,15:00,1326.0,85,34.1,15.6
+3,1.75,2.25,11:00,1325.0,85,44.7,15.59
+3,1.75,3.75,11:00,1325.0,85,44.7,15.59
+3,1.75,3.25,11:00,1325.0,85,44.7,15.59
+3,1.75,2.75,11:00,1325.0,85,44.7,15.59
+3,1.5,2.5,11:00,1325.0,85,44.7,15.59
+3,1.5,2.75,11:00,1325.0,85,44.7,15.59
+3,1.5,2.25,11:00,1325.0,85,44.7,15.59
+3,1.75,2.5,11:00,1325.0,85,44.7,15.59
+3,1.5,3.25,11:00,1325.0,85,44.7,15.59
+3,1.75,4.0,11:00,1325.0,85,44.7,15.59
+3,1.5,3.5,11:00,1325.0,85,44.7,15.59
+3,1.75,4.5,11:00,1325.0,85,44.7,15.59
+3,1.75,5.0,11:00,1325.0,85,44.7,15.59
+3,1.5,5.0,11:00,1325.0,85,44.7,15.59
+3,1.5,4.5,11:00,1325.0,85,44.7,15.59
+3,1.5,4.0,11:00,1325.0,85,44.7,15.59
+3,1.5,3.0,11:00,1325.0,85,44.7,15.59
+3,1.5,3.75,11:00,1325.0,85,44.7,15.59
+3,1.75,4.75,11:00,1325.0,85,44.7,15.59
+3,1.5,4.75,11:00,1325.0,85,44.7,15.59
+3,1.5,4.25,11:00,1325.0,85,44.7,15.59
+3,1.75,3.5,11:00,1325.0,85,44.7,15.59
+3,1.75,4.25,11:00,1325.0,85,44.7,15.59
+3,1.75,3.0,11:00,1325.0,85,44.7,15.59
+3,1.75,1.75,11:00,1322.0,85,44.7,15.55
+3,1.5,1.75,11:00,1322.0,85,44.7,15.55
+3,1.5,2.0,11:00,1322.0,85,44.7,15.55
+3,1.75,2.0,11:00,1322.0,85,44.7,15.55
+2,1.75,3.25,15:00,1321.0,85,34.1,15.54
+3,2.5,1.25,15:00,1320.0,85,32.9,15.53
+3,5.0,1.25,15:00,1320.0,85,32.9,15.53
+3,2.75,1.25,15:00,1320.0,85,32.9,15.53
+3,3.25,1.25,15:00,1320.0,85,32.9,15.53
+3,3.75,1.25,15:00,1320.0,85,32.9,15.53
+3,2.0,1.25,15:00,1320.0,85,32.9,15.53
+3,4.5,1.25,15:00,1320.0,85,32.9,15.53
+3,4.75,1.25,15:00,1320.0,85,32.9,15.53
+3,4.0,1.25,15:00,1320.0,85,32.9,15.53
+3,4.25,1.25,15:00,1320.0,85,32.9,15.53
+2,1.5,1.5,11:00,1320.0,85,48.2,15.53
+3,3.5,1.25,15:00,1320.0,85,32.9,15.53
+3,3.0,1.25,15:00,1320.0,85,32.9,15.53
+3,2.25,1.25,15:00,1320.0,85,32.9,15.53
+2,1.75,2.25,15:00,1320.0,85,34.1,15.53
+2,1.75,2.75,15:00,1320.0,85,34.1,15.53
+2,1.75,1.5,11:00,1320.0,85,48.2,15.53
+2,1.75,3.75,15:00,1319.0,85,34.1,15.52
+2,1.75,2.5,15:00,1319.0,85,34.1,15.52
+2,1.75,3.5,15:00,1319.0,85,34.1,15.52
+2,1.75,4.0,15:00,1319.0,85,34.1,15.52
+2,1.75,4.75,15:00,1319.0,85,34.1,15.52
+2,1.75,5.0,15:00,1319.0,85,34.1,15.52
+2,1.75,4.25,15:00,1319.0,85,34.1,15.52
+2,1.75,4.5,15:00,1319.0,85,34.1,15.52
+2,1.75,3.0,15:00,1319.0,85,34.1,15.52
+3,3.0,0.75,15:00,1317.0,85,31.8,15.49
+2,1.5,2.5,11:00,1317.0,85,48.2,15.49
+2,1.75,3.75,11:00,1317.0,85,48.2,15.49
+3,2.5,0.75,15:00,1317.0,85,31.8,15.49
+3,4.5,0.75,15:00,1317.0,85,31.8,15.49
+3,4.0,0.75,15:00,1317.0,85,31.8,15.49
+2,1.75,3.5,11:00,1317.0,85,48.2,15.49
+3,3.75,0.75,15:00,1317.0,85,31.8,15.49
+3,3.25,0.75,15:00,1317.0,85,31.8,15.49
+2,1.5,4.5,11:00,1317.0,85,48.2,15.49
+3,5.0,0.75,15:00,1317.0,85,31.8,15.49
+3,4.25,0.75,15:00,1317.0,85,31.8,15.49
+3,2.25,0.75,15:00,1317.0,85,31.8,15.49
+2,1.75,2.5,11:00,1317.0,85,48.2,15.49
+2,1.5,3.0,11:00,1317.0,85,48.2,15.49
+2,1.75,2.75,11:00,1317.0,85,48.2,15.49
+2,1.75,3.0,11:00,1317.0,85,48.2,15.49
+2,1.75,4.0,11:00,1317.0,85,48.2,15.49
+2,1.75,4.75,11:00,1317.0,85,48.2,15.49
+2,1.75,4.25,11:00,1317.0,85,48.2,15.49
+2,1.5,3.25,11:00,1317.0,85,48.2,15.49
+2,1.5,2.75,11:00,1317.0,85,48.2,15.49
+3,4.75,0.75,15:00,1317.0,85,31.8,15.49
+3,2.0,0.75,15:00,1317.0,85,31.8,15.49
+2,1.5,2.25,11:00,1317.0,85,48.2,15.49
+2,1.75,5.0,11:00,1317.0,85,48.2,15.49
+2,1.5,3.75,11:00,1317.0,85,48.2,15.49
+2,1.5,5.0,11:00,1317.0,85,48.2,15.49
+3,3.5,0.75,15:00,1317.0,85,31.8,15.49
+2,1.75,4.5,11:00,1317.0,85,48.2,15.49
+3,2.75,0.75,15:00,1317.0,85,31.8,15.49
+2,1.75,3.25,11:00,1317.0,85,48.2,15.49
+2,1.5,4.25,11:00,1317.0,85,48.2,15.49
+2,1.5,4.0,11:00,1317.0,85,48.2,15.49
+2,1.5,3.5,11:00,1317.0,85,48.2,15.49
+2,1.5,4.75,11:00,1317.0,85,48.2,15.49
+2,1.75,2.25,11:00,1317.0,85,48.2,15.49
+2,1.75,1.75,11:00,1315.0,85,48.2,15.47
+2,1.5,1.75,11:00,1315.0,85,48.2,15.47
+2,1.75,2.0,11:00,1314.0,85,48.2,15.46
+2,1.5,2.0,11:00,1314.0,85,48.2,15.46
+3,1.25,1.0,11:00,1312.0,85,44.7,15.44
+2,1.25,1.25,11:00,1309.0,85,48.2,15.4
+2,4.75,0.75,11:00,1304.0,85,48.2,15.34
+2,3.0,0.75,11:00,1304.0,85,48.2,15.34
+2,4.0,0.75,11:00,1304.0,85,48.2,15.34
+2,2.5,0.75,11:00,1304.0,85,48.2,15.34
+2,4.5,0.75,11:00,1304.0,85,48.2,15.34
+2,2.25,0.75,11:00,1304.0,85,48.2,15.34
+2,5.0,0.75,11:00,1304.0,85,48.2,15.34
+2,4.25,0.75,11:00,1304.0,85,48.2,15.34
+2,3.75,0.75,11:00,1304.0,85,48.2,15.34
+2,3.5,0.75,11:00,1304.0,85,48.2,15.34
+2,2.75,0.75,11:00,1304.0,85,48.2,15.34
+2,2.0,0.75,11:00,1304.0,85,48.2,15.34
+2,3.25,0.75,11:00,1304.0,85,48.2,15.34
+2,1.25,1.5,11:00,1302.0,85,48.2,15.32
+3,3.5,1.5,15:00,1299.0,85,32.9,15.28
+2,1.25,3.0,11:00,1299.0,85,48.2,15.28
+3,3.25,1.5,15:00,1299.0,85,32.9,15.28
+2,1.25,3.5,11:00,1299.0,85,48.2,15.28
+2,1.25,4.0,11:00,1299.0,85,48.2,15.28
+3,4.0,1.5,15:00,1299.0,85,32.9,15.28
+3,2.75,1.5,15:00,1299.0,85,32.9,15.28
+2,1.25,2.5,11:00,1299.0,85,48.2,15.28
+2,1.25,2.25,11:00,1299.0,85,48.2,15.28
+2,1.25,3.75,11:00,1299.0,85,48.2,15.28
+3,2.5,1.5,15:00,1299.0,85,32.9,15.28
+3,3.75,1.5,15:00,1299.0,85,32.9,15.28
+3,2.0,1.5,15:00,1299.0,85,32.9,15.28
+2,1.25,2.75,11:00,1299.0,85,48.2,15.28
+2,1.25,4.5,11:00,1299.0,85,48.2,15.28
+3,3.0,1.5,15:00,1299.0,85,32.9,15.28
+3,4.75,1.5,15:00,1299.0,85,32.9,15.28
+3,2.25,1.5,15:00,1299.0,85,32.9,15.28
+2,1.25,5.0,11:00,1299.0,85,48.2,15.28
+2,1.25,4.25,11:00,1299.0,85,48.2,15.28
+3,4.25,1.5,15:00,1299.0,85,32.9,15.28
+3,4.5,1.5,15:00,1299.0,85,32.9,15.28
+3,5.0,1.5,15:00,1299.0,85,32.9,15.28
+2,1.25,3.25,11:00,1299.0,85,48.2,15.28
+2,1.25,4.75,11:00,1299.0,85,48.2,15.28
+3,5.0,0.75,11:00,1297.0,85,44.7,15.26
+3,4.25,0.75,11:00,1297.0,85,44.7,15.26
+3,3.0,0.75,11:00,1297.0,85,44.7,15.26
+3,2.5,0.75,11:00,1297.0,85,44.7,15.26
+3,2.0,0.75,11:00,1297.0,85,44.7,15.26
+3,3.25,0.75,11:00,1297.0,85,44.7,15.26
+3,4.0,0.75,11:00,1297.0,85,44.7,15.26
+2,1.25,1.75,11:00,1297.0,85,48.2,15.26
+3,2.75,0.75,11:00,1297.0,85,44.7,15.26
+3,3.5,0.75,11:00,1297.0,85,44.7,15.26
+3,3.75,0.75,11:00,1297.0,85,44.7,15.26
+3,4.5,0.75,11:00,1297.0,85,44.7,15.26
+2,1.25,0.5,12:30,1297.0,85,38.8,15.26
+3,4.75,0.75,11:00,1297.0,85,44.7,15.26
+3,2.25,0.75,11:00,1297.0,85,44.7,15.26
+2,1.25,2.0,11:00,1296.0,85,48.2,15.25
+2,1.75,1.0,15:00,1291.0,85,32.9,15.19
+3,1.25,1.25,11:00,1289.0,85,44.7,15.16
+3,2.0,1.75,15:00,1288.0,85,32.9,15.15
+3,3.0,1.75,15:00,1288.0,85,32.9,15.15
+3,4.5,1.75,15:00,1288.0,85,32.9,15.15
+3,3.25,1.75,15:00,1288.0,85,32.9,15.15
+3,4.0,1.75,15:00,1288.0,85,32.9,15.15
+3,2.25,1.75,15:00,1288.0,85,32.9,15.15
+3,4.25,1.75,15:00,1288.0,85,32.9,15.15
+3,3.5,1.75,15:00,1288.0,85,32.9,15.15
+3,5.0,1.75,15:00,1288.0,85,32.9,15.15
+3,3.75,1.75,15:00,1288.0,85,32.9,15.15
+3,4.75,1.75,15:00,1288.0,85,32.9,15.15
+3,2.5,1.75,15:00,1288.0,85,32.9,15.15
+3,2.75,1.75,15:00,1288.0,85,32.9,15.15
+3,1.25,1.5,11:00,1286.0,85,44.7,15.13
+3,3.0,2.0,15:00,1285.0,85,32.9,15.12
+3,4.75,2.0,15:00,1285.0,85,32.9,15.12
+3,2.0,2.0,15:00,1285.0,85,32.9,15.12
+3,3.25,2.0,15:00,1285.0,85,32.9,15.12
+3,4.5,2.0,15:00,1285.0,85,32.9,15.12
+3,4.25,2.0,15:00,1285.0,85,32.9,15.12
+3,4.0,2.0,15:00,1285.0,85,32.9,15.12
+3,2.25,2.0,15:00,1285.0,85,32.9,15.12
+3,2.5,2.0,15:00,1285.0,85,32.9,15.12
+3,3.75,2.0,15:00,1285.0,85,32.9,15.12
+3,3.5,2.0,15:00,1285.0,85,32.9,15.12
+3,5.0,2.0,15:00,1285.0,85,32.9,15.12
+3,2.75,2.0,15:00,1285.0,85,32.9,15.12
+3,1.25,3.5,11:00,1283.0,85,44.7,15.09
+3,1.25,4.75,11:00,1283.0,85,44.7,15.09
+3,1.25,4.0,11:00,1283.0,85,44.7,15.09
+3,1.25,3.0,11:00,1283.0,85,44.7,15.09
+3,1.25,3.25,11:00,1283.0,85,44.7,15.09
+3,1.25,2.75,11:00,1283.0,85,44.7,15.09
+3,1.25,4.5,11:00,1283.0,85,44.7,15.09
+3,1.25,5.0,11:00,1283.0,85,44.7,15.09
+3,1.25,4.25,11:00,1283.0,85,44.7,15.09
+3,1.25,3.75,11:00,1283.0,85,44.7,15.09
+3,1.25,2.25,11:00,1283.0,85,44.7,15.09
+3,1.25,2.5,11:00,1283.0,85,44.7,15.09
+3,3.0,3.25,15:00,1282.0,85,32.9,15.08
+3,3.25,2.25,15:00,1282.0,85,32.9,15.08
+3,4.75,2.25,15:00,1282.0,85,32.9,15.08
+3,4.5,2.25,15:00,1282.0,85,32.9,15.08
+3,4.0,3.25,15:00,1282.0,85,32.9,15.08
+3,5.0,2.25,15:00,1282.0,85,32.9,15.08
+3,2.5,3.25,15:00,1282.0,85,32.9,15.08
+3,4.75,3.25,15:00,1282.0,85,32.9,15.08
+3,2.75,3.25,15:00,1282.0,85,32.9,15.08
+3,2.25,3.25,15:00,1282.0,85,32.9,15.08
+3,3.75,3.25,15:00,1282.0,85,32.9,15.08
+3,2.25,2.25,15:00,1282.0,85,32.9,15.08
+3,4.0,2.25,15:00,1282.0,85,32.9,15.08
+3,3.75,2.25,15:00,1282.0,85,32.9,15.08
+3,3.5,3.25,15:00,1282.0,85,32.9,15.08
+3,2.75,2.25,15:00,1282.0,85,32.9,15.08
+3,4.5,3.25,15:00,1282.0,85,32.9,15.08
+3,4.25,3.25,15:00,1282.0,85,32.9,15.08
+3,2.0,2.25,15:00,1282.0,85,32.9,15.08
+3,2.0,3.25,15:00,1282.0,85,32.9,15.08
+3,3.5,2.25,15:00,1282.0,85,32.9,15.08
+3,3.25,3.25,15:00,1282.0,85,32.9,15.08
+3,4.25,2.25,15:00,1282.0,85,32.9,15.08
+3,5.0,3.25,15:00,1282.0,85,32.9,15.08
+3,2.5,2.25,15:00,1282.0,85,32.9,15.08
+3,3.0,2.25,15:00,1282.0,85,32.9,15.08
+3,2.75,3.75,15:00,1281.0,85,32.9,15.07
+3,3.75,2.75,15:00,1281.0,85,32.9,15.07
+3,5.0,3.75,15:00,1281.0,85,32.9,15.07
+3,2.75,3.5,15:00,1281.0,85,32.9,15.07
+3,3.5,2.75,15:00,1281.0,85,32.9,15.07
+3,4.0,4.75,15:00,1281.0,85,32.9,15.07
+3,3.75,2.5,15:00,1281.0,85,32.9,15.07
+3,4.25,3.75,15:00,1281.0,85,32.9,15.07
+3,3.0,2.5,15:00,1281.0,85,32.9,15.07
+3,2.5,4.75,15:00,1281.0,85,32.9,15.07
+3,2.0,2.75,15:00,1281.0,85,32.9,15.07
+3,4.5,4.75,15:00,1281.0,85,32.9,15.07
+3,3.5,4.75,15:00,1281.0,85,32.9,15.07
+3,3.25,2.75,15:00,1281.0,85,32.9,15.07
+3,3.0,3.5,15:00,1281.0,85,32.9,15.07
+3,4.75,3.5,15:00,1281.0,85,32.9,15.07
+3,2.0,4.75,15:00,1281.0,85,32.9,15.07
+3,2.0,4.5,15:00,1281.0,85,32.9,15.07
+3,4.5,2.5,15:00,1281.0,85,32.9,15.07
+3,3.75,4.5,15:00,1281.0,85,32.9,15.07
+3,4.0,4.5,15:00,1281.0,85,32.9,15.07
+3,2.0,3.75,15:00,1281.0,85,32.9,15.07
+3,4.0,2.75,15:00,1281.0,85,32.9,15.07
+3,2.5,2.75,15:00,1281.0,85,32.9,15.07
+3,2.0,3.5,15:00,1281.0,85,32.9,15.07
+3,2.5,3.5,15:00,1281.0,85,32.9,15.07
+3,3.75,4.75,15:00,1281.0,85,32.9,15.07
+3,4.75,2.75,15:00,1281.0,85,32.9,15.07
+3,4.5,2.75,15:00,1281.0,85,32.9,15.07
+3,3.25,2.5,15:00,1281.0,85,32.9,15.07
+3,4.75,2.5,15:00,1281.0,85,32.9,15.07
+3,2.0,2.5,15:00,1281.0,85,32.9,15.07
+3,4.25,4.75,15:00,1281.0,85,32.9,15.07
+3,2.5,2.5,15:00,1281.0,85,32.9,15.07
+3,4.5,3.75,15:00,1281.0,85,32.9,15.07
+3,3.0,4.75,15:00,1281.0,85,32.9,15.07
+3,2.25,2.5,15:00,1281.0,85,32.9,15.07
+3,4.25,3.5,15:00,1281.0,85,32.9,15.07
+3,4.75,3.75,15:00,1281.0,85,32.9,15.07
+3,3.25,3.5,15:00,1281.0,85,32.9,15.07
+3,3.0,3.75,15:00,1281.0,85,32.9,15.07
+3,3.5,4.5,15:00,1281.0,85,32.9,15.07
+3,3.75,3.75,15:00,1281.0,85,32.9,15.07
+3,3.0,4.5,15:00,1281.0,85,32.9,15.07
+3,4.0,2.5,15:00,1281.0,85,32.9,15.07
+3,4.25,2.75,15:00,1281.0,85,32.9,15.07
+3,2.5,3.75,15:00,1281.0,85,32.9,15.07
+3,5.0,2.5,15:00,1281.0,85,32.9,15.07
+3,3.25,3.75,15:00,1281.0,85,32.9,15.07
+3,4.25,4.5,15:00,1281.0,85,32.9,15.07
+3,2.25,2.75,15:00,1281.0,85,32.9,15.07
+3,2.25,3.5,15:00,1281.0,85,32.9,15.07
+3,4.75,4.75,15:00,1281.0,85,32.9,15.07
+3,2.25,3.75,15:00,1281.0,85,32.9,15.07
+3,4.5,3.5,15:00,1281.0,85,32.9,15.07
+3,3.75,3.5,15:00,1281.0,85,32.9,15.07
+3,4.75,4.5,15:00,1281.0,85,32.9,15.07
+3,4.0,3.75,15:00,1281.0,85,32.9,15.07
+3,2.75,4.5,15:00,1281.0,85,32.9,15.07
+3,4.25,2.5,15:00,1281.0,85,32.9,15.07
+3,3.5,3.75,15:00,1281.0,85,32.9,15.07
+3,4.0,3.5,15:00,1281.0,85,32.9,15.07
+3,2.25,4.75,15:00,1281.0,85,32.9,15.07
+3,2.25,4.5,15:00,1281.0,85,32.9,15.07
+3,2.75,4.75,15:00,1281.0,85,32.9,15.07
+3,3.25,4.75,15:00,1281.0,85,32.9,15.07
+3,5.0,2.75,15:00,1281.0,85,32.9,15.07
+3,3.25,4.5,15:00,1281.0,85,32.9,15.07
+3,2.5,4.5,15:00,1281.0,85,32.9,15.07
+3,3.5,2.5,15:00,1281.0,85,32.9,15.07
+3,3.5,3.5,15:00,1281.0,85,32.9,15.07
+3,3.0,2.75,15:00,1281.0,85,32.9,15.07
+3,2.75,2.75,15:00,1281.0,85,32.9,15.07
+3,4.5,4.5,15:00,1281.0,85,32.9,15.07
+3,5.0,3.5,15:00,1281.0,85,32.9,15.07
+3,5.0,4.75,15:00,1281.0,85,32.9,15.07
+3,2.75,2.5,15:00,1281.0,85,32.9,15.07
+3,5.0,4.5,15:00,1281.0,85,32.9,15.07
+3,5.0,4.25,15:00,1280.0,85,32.9,15.06
+3,5.0,5.0,15:00,1280.0,85,32.9,15.06
+3,3.5,5.0,15:00,1280.0,85,32.9,15.06
+3,3.75,4.25,15:00,1280.0,85,32.9,15.06
+3,3.5,3.0,15:00,1280.0,85,32.9,15.06
+3,4.5,4.25,15:00,1280.0,85,32.9,15.06
+3,3.75,3.0,15:00,1280.0,85,32.9,15.06
+3,2.5,5.0,15:00,1280.0,85,32.9,15.06
+3,2.5,4.0,15:00,1280.0,85,32.9,15.06
+3,3.0,5.0,15:00,1280.0,85,32.9,15.06
+3,4.25,3.0,15:00,1280.0,85,32.9,15.06
+3,2.75,5.0,15:00,1280.0,85,32.9,15.06
+3,3.25,5.0,15:00,1280.0,85,32.9,15.06
+3,4.75,5.0,15:00,1280.0,85,32.9,15.06
+3,3.25,4.0,15:00,1280.0,85,32.9,15.06
+3,2.25,4.0,15:00,1280.0,85,32.9,15.06
+3,4.75,4.25,15:00,1280.0,85,32.9,15.06
+3,2.0,3.0,15:00,1280.0,85,32.9,15.06
+3,1.25,1.75,11:00,1280.0,85,44.7,15.06
+3,3.75,5.0,15:00,1280.0,85,32.9,15.06
+3,4.5,4.0,15:00,1280.0,85,32.9,15.06
+3,2.75,4.0,15:00,1280.0,85,32.9,15.06
+3,3.0,3.0,15:00,1280.0,85,32.9,15.06
+3,2.5,3.0,15:00,1280.0,85,32.9,15.06
+3,2.0,4.0,15:00,1280.0,85,32.9,15.06
+3,4.75,3.0,15:00,1280.0,85,32.9,15.06
+3,3.25,3.0,15:00,1280.0,85,32.9,15.06
+3,4.0,4.0,15:00,1280.0,85,32.9,15.06
+3,2.25,3.0,15:00,1280.0,85,32.9,15.06
+3,2.0,5.0,15:00,1280.0,85,32.9,15.06
+3,3.0,4.25,15:00,1280.0,85,32.9,15.06
+3,4.75,4.0,15:00,1280.0,85,32.9,15.06
+3,4.0,4.25,15:00,1280.0,85,32.9,15.06
+3,4.25,4.25,15:00,1280.0,85,32.9,15.06
+3,4.25,5.0,15:00,1280.0,85,32.9,15.06
+3,3.75,4.0,15:00,1280.0,85,32.9,15.06
+3,1.25,2.0,11:00,1280.0,85,44.7,15.06
+3,4.5,3.0,15:00,1280.0,85,32.9,15.06
+3,4.25,4.0,15:00,1280.0,85,32.9,15.06
+3,3.5,4.0,15:00,1280.0,85,32.9,15.06
+3,3.5,4.25,15:00,1280.0,85,32.9,15.06
+3,3.0,4.0,15:00,1280.0,85,32.9,15.06
+3,2.75,3.0,15:00,1280.0,85,32.9,15.06
+3,3.25,4.25,15:00,1280.0,85,32.9,15.06
+3,2.25,5.0,15:00,1280.0,85,32.9,15.06
+3,2.25,4.25,15:00,1280.0,85,32.9,15.06
+3,5.0,3.0,15:00,1280.0,85,32.9,15.06
+3,4.0,3.0,15:00,1280.0,85,32.9,15.06
+3,4.0,5.0,15:00,1280.0,85,32.9,15.06
+3,2.5,4.25,15:00,1280.0,85,32.9,15.06
+3,5.0,4.0,15:00,1280.0,85,32.9,15.06
+3,2.75,4.25,15:00,1280.0,85,32.9,15.06
+3,2.0,4.25,15:00,1280.0,85,32.9,15.06
+3,4.5,5.0,15:00,1280.0,85,32.9,15.06
+2,1.5,0.5,12:00,1276.0,85,37.6,15.01
+2,1.75,0.5,12:00,1276.0,85,37.6,15.01
+3,2.0,1.0,15:00,1270.0,85,32.9,14.94
+3,4.25,1.0,15:00,1270.0,85,32.9,14.94
+3,3.75,1.0,15:00,1270.0,85,32.9,14.94
+3,3.5,1.0,15:00,1270.0,85,32.9,14.94
+3,4.5,1.0,15:00,1270.0,85,32.9,14.94
+3,2.25,1.0,15:00,1270.0,85,32.9,14.94
+3,5.0,1.0,15:00,1270.0,85,32.9,14.94
+3,2.5,1.0,15:00,1270.0,85,32.9,14.94
+3,3.25,1.0,15:00,1270.0,85,32.9,14.94
+3,4.0,1.0,15:00,1270.0,85,32.9,14.94
+3,2.75,1.0,15:00,1270.0,85,32.9,14.94
+3,3.0,1.0,15:00,1270.0,85,32.9,14.94
+3,4.75,1.0,15:00,1270.0,85,32.9,14.94
+2,4.5,0.5,14:30,1263.0,85,31.8,14.86
+2,4.25,0.5,14:30,1263.0,85,31.8,14.86
+2,3.25,0.5,14:30,1263.0,85,31.8,14.86
+2,2.75,0.5,14:30,1263.0,85,31.8,14.86
+2,2.0,0.5,14:30,1263.0,85,31.8,14.86
+2,3.5,0.5,14:30,1263.0,85,31.8,14.86
+2,3.75,0.5,14:30,1263.0,85,31.8,14.86
+2,5.0,0.5,14:30,1263.0,85,31.8,14.86
+2,3.0,0.5,14:30,1263.0,85,31.8,14.86
+2,4.75,0.5,14:30,1263.0,85,31.8,14.86
+2,4.0,0.5,14:30,1263.0,85,31.8,14.86
+2,2.5,0.5,14:30,1263.0,85,31.8,14.86
+2,2.25,0.5,14:30,1263.0,85,31.8,14.86
+3,1.0,0.75,11:00,1256.0,85,45.9,14.78
+2,3.5,1.25,15:00,1255.0,85,34.1,14.76
+2,3.25,1.25,15:00,1255.0,85,34.1,14.76
+2,5.0,1.25,15:00,1255.0,85,34.1,14.76
+2,4.0,1.25,15:00,1255.0,85,34.1,14.76
+2,3.75,1.25,15:00,1255.0,85,34.1,14.76
+2,2.5,1.25,15:00,1255.0,85,34.1,14.76
+2,4.75,1.25,15:00,1255.0,85,34.1,14.76
+2,2.25,1.25,15:00,1255.0,85,34.1,14.76
+2,2.0,1.25,15:00,1255.0,85,34.1,14.76
+2,3.0,1.25,15:00,1255.0,85,34.1,14.76
+2,4.5,1.25,15:00,1255.0,85,34.1,14.76
+2,2.75,1.25,15:00,1255.0,85,34.1,14.76
+2,4.25,1.25,15:00,1255.0,85,34.1,14.76
+2,1.75,1.25,11:30,1253.0,85,44.7,14.74
+3,1.0,0.5,12:00,1253.0,85,38.8,14.74
+2,1.5,1.25,11:30,1253.0,85,44.7,14.74
+2,1.75,1.5,11:30,1246.0,85,44.7,14.66
+2,1.5,1.5,11:30,1246.0,85,44.7,14.66
+2,1.5,1.75,11:30,1240.0,85,44.7,14.59
+2,1.75,1.75,11:30,1240.0,85,44.7,14.59
+2,1.75,2.0,11:30,1239.0,85,44.7,14.58
+2,1.5,2.0,11:30,1239.0,85,44.7,14.58
+2,1.0,0.75,11:00,1238.0,85,49.4,14.56
+3,0.5,1.25,13:30,1236.0,85,60.0,14.54
+2,1.75,2.25,11:30,1235.0,85,44.7,14.53
+2,1.5,2.25,11:30,1235.0,85,44.7,14.53
+2,1.5,2.75,11:30,1235.0,85,44.7,14.53
+2,1.75,2.75,11:30,1235.0,85,44.7,14.53
+2,1.5,3.0,11:30,1234.0,85,44.7,14.52
+2,1.5,2.5,11:30,1234.0,85,44.7,14.52
+2,1.5,3.25,11:30,1234.0,85,44.7,14.52
+2,1.75,5.0,11:30,1234.0,85,44.7,14.52
+2,1.5,5.0,11:30,1234.0,85,44.7,14.52
+2,1.5,3.5,11:30,1234.0,85,44.7,14.52
+2,1.75,4.25,11:30,1234.0,85,44.7,14.52
+2,1.5,4.0,11:30,1234.0,85,44.7,14.52
+2,1.75,3.75,11:30,1234.0,85,44.7,14.52
+2,1.5,3.75,11:30,1234.0,85,44.7,14.52
+2,1.5,4.75,11:30,1234.0,85,44.7,14.52
+2,1.5,4.5,11:30,1234.0,85,44.7,14.52
+2,1.75,4.5,11:30,1234.0,85,44.7,14.52
+2,1.75,3.0,11:30,1234.0,85,44.7,14.52
+2,1.75,3.25,11:30,1234.0,85,44.7,14.52
+2,1.75,3.5,11:30,1234.0,85,44.7,14.52
+2,1.75,4.0,11:30,1234.0,85,44.7,14.52
+2,1.5,4.25,11:30,1234.0,85,44.7,14.52
+2,1.75,2.5,11:30,1234.0,85,44.7,14.52
+2,1.75,4.75,11:30,1234.0,85,44.7,14.52
+3,0.5,1.25,14:00,1233.0,85,58.8,14.51
+2,4.25,1.25,12:30,1223.0,85,43.5,14.39
+2,3.5,1.25,12:30,1223.0,85,43.5,14.39
+2,2.5,0.75,15:00,1223.0,85,31.8,14.39
+2,4.25,0.75,15:00,1223.0,85,31.8,14.39
+2,2.5,1.25,12:30,1223.0,85,43.5,14.39
+3,1.75,1.25,11:30,1223.0,85,45.9,14.39
+2,4.5,0.75,15:00,1223.0,85,31.8,14.39
+2,2.0,1.25,12:30,1223.0,85,43.5,14.39
+2,4.0,1.25,12:30,1223.0,85,43.5,14.39
+2,4.75,0.75,15:00,1223.0,85,31.8,14.39
+2,4.75,1.25,12:30,1223.0,85,43.5,14.39
+2,3.25,0.75,15:00,1223.0,85,31.8,14.39
+2,2.0,0.75,15:00,1223.0,85,31.8,14.39
+2,3.25,1.25,12:30,1223.0,85,43.5,14.39
+2,5.0,1.25,12:30,1223.0,85,43.5,14.39
+2,5.0,0.75,15:00,1223.0,85,31.8,14.39
+3,1.5,1.25,11:30,1223.0,85,45.9,14.39
+2,3.0,0.75,15:00,1223.0,85,31.8,14.39
+2,2.75,0.75,15:00,1223.0,85,31.8,14.39
+2,3.0,1.25,12:30,1223.0,85,43.5,14.39
+2,2.25,0.75,15:00,1223.0,85,31.8,14.39
+2,3.75,0.75,15:00,1223.0,85,31.8,14.39
+2,2.25,1.25,12:30,1223.0,85,43.5,14.39
+2,4.5,1.25,12:30,1223.0,85,43.5,14.39
+2,4.0,0.75,15:00,1223.0,85,31.8,14.39
+2,2.75,1.25,12:30,1223.0,85,43.5,14.39
+2,3.75,1.25,12:30,1223.0,85,43.5,14.39
+2,3.5,0.75,15:00,1223.0,85,31.8,14.39
+2,3.0,1.5,15:00,1222.0,85,34.1,14.38
+2,4.75,1.5,15:00,1222.0,85,34.1,14.38
+2,2.75,1.5,15:00,1222.0,85,34.1,14.38
+2,2.0,1.5,15:00,1222.0,85,34.1,14.38
+2,4.5,1.5,15:00,1222.0,85,34.1,14.38
+2,3.5,1.5,15:00,1222.0,85,34.1,14.38
+2,3.75,1.5,15:00,1222.0,85,34.1,14.38
+2,2.5,1.5,15:00,1222.0,85,34.1,14.38
+2,4.25,1.5,15:00,1222.0,85,34.1,14.38
+2,5.0,1.5,15:00,1222.0,85,34.1,14.38
+2,2.25,1.5,15:00,1222.0,85,34.1,14.38
+2,4.0,1.5,15:00,1222.0,85,34.1,14.38
+2,3.25,1.5,15:00,1222.0,85,34.1,14.38
+3,0.5,1.5,13:30,1221.0,85,60.0,14.36
+3,1.5,1.5,11:30,1219.0,85,45.9,14.34
+3,1.75,1.5,11:30,1219.0,85,45.9,14.34
+3,0.5,1.5,14:00,1217.0,85,58.8,14.32
+3,1.75,1.75,11:30,1213.0,85,45.9,14.27
+3,0.5,1.75,13:30,1213.0,85,60.0,14.27
+2,0.75,0.5,11:00,1213.0,85,45.9,14.27
+3,1.75,2.0,11:30,1213.0,85,45.9,14.27
+3,1.5,2.0,11:30,1213.0,85,45.9,14.27
+3,1.5,1.75,11:30,1213.0,85,45.9,14.27
+2,4.75,1.75,15:00,1211.0,85,34.1,14.25
+2,3.5,1.75,15:00,1211.0,85,34.1,14.25
+2,2.5,1.75,15:00,1211.0,85,34.1,14.25
+3,1.5,2.25,11:30,1211.0,85,45.9,14.25
+2,1.5,0.75,11:30,1211.0,85,44.7,14.25
+2,2.75,1.75,15:00,1211.0,85,34.1,14.25
+2,4.5,1.75,15:00,1211.0,85,34.1,14.25
+2,3.75,1.75,15:00,1211.0,85,34.1,14.25
+2,2.25,1.75,15:00,1211.0,85,34.1,14.25
+2,4.25,1.75,15:00,1211.0,85,34.1,14.25
+3,1.75,2.25,11:30,1211.0,85,45.9,14.25
+2,3.25,1.75,15:00,1211.0,85,34.1,14.25
+2,5.0,1.75,15:00,1211.0,85,34.1,14.25
+2,4.0,1.75,15:00,1211.0,85,34.1,14.25
+2,2.0,1.75,15:00,1211.0,85,34.1,14.25
+2,1.75,0.75,11:30,1211.0,85,44.7,14.25
+2,3.0,1.75,15:00,1211.0,85,34.1,14.25
+3,1.75,2.75,11:30,1210.0,85,45.9,14.24
+3,1.5,2.5,11:30,1210.0,85,45.9,14.24
+3,1.5,2.75,11:30,1210.0,85,45.9,14.24
+3,0.5,2.0,13:30,1210.0,85,60.0,14.24
+3,1.75,2.5,11:30,1210.0,85,45.9,14.24
+2,4.5,0.75,12:30,1209.0,85,42.4,14.22
+3,1.75,3.75,11:30,1209.0,85,45.9,14.22
+2,4.75,0.75,12:30,1209.0,85,42.4,14.22
+3,1.75,4.75,11:30,1209.0,85,45.9,14.22
+2,2.75,0.75,12:30,1209.0,85,42.4,14.22
+3,0.5,1.0,13:30,1209.0,85,60.0,14.22
+3,0.5,1.75,14:00,1209.0,85,58.8,14.22
+3,1.5,3.0,11:30,1209.0,85,45.9,14.22
+3,1.5,3.5,11:30,1209.0,85,45.9,14.22
+2,4.0,0.75,12:30,1209.0,85,42.4,14.22
+2,5.0,0.75,12:30,1209.0,85,42.4,14.22
+2,2.0,0.75,12:30,1209.0,85,42.4,14.22
+3,1.75,3.25,11:30,1209.0,85,45.9,14.22
+3,1.75,4.0,11:30,1209.0,85,45.9,14.22
+2,3.25,0.75,12:30,1209.0,85,42.4,14.22
+2,2.5,0.75,12:30,1209.0,85,42.4,14.22
+3,1.5,5.0,11:30,1209.0,85,45.9,14.22
+3,1.5,4.5,11:30,1209.0,85,45.9,14.22
+2,3.5,0.75,12:30,1209.0,85,42.4,14.22
+3,1.75,4.5,11:30,1209.0,85,45.9,14.22
+3,1.75,5.0,11:30,1209.0,85,45.9,14.22
+3,1.5,4.75,11:30,1209.0,85,45.9,14.22
+3,1.5,4.0,11:30,1209.0,85,45.9,14.22
+2,3.0,0.75,12:30,1209.0,85,42.4,14.22
+3,1.75,3.0,11:30,1209.0,85,45.9,14.22
+3,1.5,4.25,11:30,1209.0,85,45.9,14.22
+2,4.25,0.75,12:30,1209.0,85,42.4,14.22
+2,3.75,0.75,12:30,1209.0,85,42.4,14.22
+3,1.5,3.75,11:30,1209.0,85,45.9,14.22
+3,1.5,3.25,11:30,1209.0,85,45.9,14.22
+2,2.25,0.75,12:30,1209.0,85,42.4,14.22
+3,1.75,4.25,11:30,1209.0,85,45.9,14.22
+3,1.75,3.5,11:30,1209.0,85,45.9,14.22
+2,2.25,2.0,15:00,1207.0,85,34.1,14.2
+2,3.75,1.5,12:30,1207.0,85,43.5,14.2
+2,5.0,2.0,15:00,1207.0,85,34.1,14.2
+2,3.5,2.0,15:00,1207.0,85,34.1,14.2
+2,3.75,2.0,15:00,1207.0,85,34.1,14.2
+3,0.5,3.25,13:30,1207.0,85,60.0,14.2
+2,4.5,1.5,12:30,1207.0,85,43.5,14.2
+2,3.0,2.0,15:00,1207.0,85,34.1,14.2
+2,4.25,2.0,15:00,1207.0,85,34.1,14.2
+2,3.5,1.5,12:30,1207.0,85,43.5,14.2
+2,3.0,1.5,12:30,1207.0,85,43.5,14.2
+2,1.5,1.0,11:30,1207.0,85,44.7,14.2
+2,1.75,1.0,11:30,1207.0,85,44.7,14.2
+2,4.25,1.5,12:30,1207.0,85,43.5,14.2
+2,2.25,1.5,12:30,1207.0,85,43.5,14.2
+2,2.5,1.5,12:30,1207.0,85,43.5,14.2
+3,0.5,2.25,13:30,1207.0,85,60.0,14.2
+2,3.25,2.0,15:00,1207.0,85,34.1,14.2
+2,4.75,2.0,15:00,1207.0,85,34.1,14.2
+2,2.0,2.0,15:00,1207.0,85,34.1,14.2
+2,2.0,1.5,12:30,1207.0,85,43.5,14.2
+2,3.25,1.5,12:30,1207.0,85,43.5,14.2
+2,4.75,1.5,12:30,1207.0,85,43.5,14.2
+2,2.75,1.5,12:30,1207.0,85,43.5,14.2
+2,4.5,2.0,15:00,1207.0,85,34.1,14.2
+2,4.0,1.5,12:30,1207.0,85,43.5,14.2
+2,2.5,2.0,15:00,1207.0,85,34.1,14.2
+2,2.75,2.0,15:00,1207.0,85,34.1,14.2
+2,4.0,2.0,15:00,1207.0,85,34.1,14.2
+2,5.0,1.5,12:30,1207.0,85,43.5,14.2
+3,0.5,2.0,14:00,1206.0,85,58.8,14.19
+3,0.5,2.5,13:30,1206.0,85,60.0,14.19
+3,0.5,2.75,13:30,1206.0,85,60.0,14.19
+3,0.5,4.5,13:30,1206.0,85,60.0,14.19
+3,0.5,3.75,13:30,1206.0,85,60.0,14.19
+3,0.5,3.5,13:30,1206.0,85,60.0,14.19
+3,0.5,5.0,13:30,1206.0,85,60.0,14.19
+3,0.5,4.75,13:30,1206.0,85,60.0,14.19
+2,0.5,1.25,13:30,1206.0,85,58.8,14.19
+3,0.5,4.25,13:30,1205.0,85,60.0,14.18
+3,0.5,4.0,13:30,1205.0,85,60.0,14.18
+3,0.5,3.0,13:30,1205.0,85,60.0,14.18
+3,1.5,0.75,11:30,1205.0,85,45.9,14.18
+3,1.75,0.75,11:30,1205.0,85,45.9,14.18
+3,0.5,3.25,14:00,1203.0,85,58.8,14.15
+3,0.5,5.0,14:00,1203.0,85,58.8,14.15
+3,0.5,2.25,14:00,1203.0,85,58.8,14.15
+2,4.0,3.25,15:00,1202.0,85,34.1,14.14
+2,3.5,3.25,15:00,1202.0,85,34.1,14.14
+3,0.5,3.75,14:00,1202.0,85,58.8,14.14
+3,0.5,2.5,14:00,1202.0,85,58.8,14.14
+3,0.5,2.75,14:00,1202.0,85,58.8,14.14
+2,4.75,3.25,15:00,1202.0,85,34.1,14.14
+3,0.5,4.5,14:00,1202.0,85,58.8,14.14
+3,0.5,4.75,14:00,1202.0,85,58.8,14.14
+2,2.5,3.25,15:00,1202.0,85,34.1,14.14
+2,2.0,3.25,15:00,1202.0,85,34.1,14.14
+2,4.5,3.25,15:00,1202.0,85,34.1,14.14
+2,4.25,3.25,15:00,1202.0,85,34.1,14.14
+2,3.0,3.25,15:00,1202.0,85,34.1,14.14
+2,2.75,3.25,15:00,1202.0,85,34.1,14.14
+3,0.5,3.5,14:00,1202.0,85,58.8,14.14
+2,3.25,3.25,15:00,1202.0,85,34.1,14.14
+2,5.0,3.25,15:00,1202.0,85,34.1,14.14
+2,3.75,3.25,15:00,1202.0,85,34.1,14.14
+2,2.25,3.25,15:00,1202.0,85,34.1,14.14
+2,5.0,2.75,15:00,1201.0,85,34.1,14.13
+2,2.0,2.75,15:00,1201.0,85,34.1,14.13
+2,2.5,2.25,15:00,1201.0,85,34.1,14.13
+2,2.25,2.25,15:00,1201.0,85,34.1,14.13
+2,2.5,2.75,15:00,1201.0,85,34.1,14.13
+3,0.5,4.0,14:00,1201.0,85,58.8,14.13
+2,3.0,2.75,15:00,1201.0,85,34.1,14.13
+3,0.5,4.25,14:00,1201.0,85,58.8,14.13
+2,4.0,2.75,15:00,1201.0,85,34.1,14.13
+2,2.25,2.75,15:00,1201.0,85,34.1,14.13
+3,0.5,3.0,14:00,1201.0,85,58.8,14.13
+2,4.0,2.25,15:00,1201.0,85,34.1,14.13
+2,4.5,2.25,15:00,1201.0,85,34.1,14.13
+2,4.5,2.75,15:00,1201.0,85,34.1,14.13
+2,2.75,2.25,15:00,1201.0,85,34.1,14.13
+2,2.0,2.25,15:00,1201.0,85,34.1,14.13
+2,3.25,2.25,15:00,1201.0,85,34.1,14.13
+2,3.5,2.25,15:00,1201.0,85,34.1,14.13
+2,3.25,2.75,15:00,1201.0,85,34.1,14.13
+2,3.75,2.25,15:00,1201.0,85,34.1,14.13
+2,3.75,2.75,15:00,1201.0,85,34.1,14.13
+2,4.25,2.25,15:00,1201.0,85,34.1,14.13
+2,4.25,2.75,15:00,1201.0,85,34.1,14.13
+2,3.0,2.25,15:00,1201.0,85,34.1,14.13
+2,4.75,2.75,15:00,1201.0,85,34.1,14.13
+2,4.75,2.25,15:00,1201.0,85,34.1,14.13
+2,3.5,2.75,15:00,1201.0,85,34.1,14.13
+2,2.75,2.75,15:00,1201.0,85,34.1,14.13
+2,5.0,2.25,15:00,1201.0,85,34.1,14.13
+2,2.5,2.5,15:00,1200.0,85,34.1,14.12
+2,4.5,4.0,15:00,1200.0,85,34.1,14.12
+2,4.5,4.5,15:00,1200.0,85,34.1,14.12
+2,3.5,3.75,15:00,1200.0,85,34.1,14.12
+2,2.5,3.0,15:00,1200.0,85,34.1,14.12
+2,3.0,4.75,15:00,1200.0,85,34.1,14.12
+2,4.0,4.0,15:00,1200.0,85,34.1,14.12
+2,2.25,3.5,15:00,1200.0,85,34.1,14.12
+2,4.0,2.5,15:00,1200.0,85,34.1,14.12
+2,4.5,2.5,15:00,1200.0,85,34.1,14.12
+2,2.25,4.0,15:00,1200.0,85,34.1,14.12
+2,3.5,4.0,15:00,1200.0,85,34.1,14.12
+2,2.75,2.5,15:00,1200.0,85,34.1,14.12
+2,4.0,3.0,15:00,1200.0,85,34.1,14.12
+2,2.75,3.5,15:00,1200.0,85,34.1,14.12
+2,2.25,3.0,15:00,1200.0,85,34.1,14.12
+2,4.5,4.25,15:00,1200.0,85,34.1,14.12
+2,4.0,3.5,15:00,1200.0,85,34.1,14.12
+2,2.75,4.0,15:00,1200.0,85,34.1,14.12
+2,4.5,3.75,15:00,1200.0,85,34.1,14.12
+2,3.5,4.25,15:00,1200.0,85,34.1,14.12
+2,2.25,4.25,15:00,1200.0,85,34.1,14.12
+2,2.25,4.5,15:00,1200.0,85,34.1,14.12
+2,3.5,4.75,15:00,1200.0,85,34.1,14.12
+2,4.5,5.0,15:00,1200.0,85,34.1,14.12
+2,3.0,3.75,15:00,1200.0,85,34.1,14.12
+2,2.75,4.25,15:00,1200.0,85,34.1,14.12
+2,4.75,4.75,15:00,1200.0,85,34.1,14.12
+2,2.0,2.5,15:00,1200.0,85,34.1,14.12
+2,4.0,3.75,15:00,1200.0,85,34.1,14.12
+2,3.0,5.0,15:00,1200.0,85,34.1,14.12
+2,3.5,5.0,15:00,1200.0,85,34.1,14.12
+2,3.0,4.25,15:00,1200.0,85,34.1,14.12
+2,4.75,4.25,15:00,1200.0,85,34.1,14.12
+2,3.5,4.5,15:00,1200.0,85,34.1,14.12
+2,4.0,4.75,15:00,1200.0,85,34.1,14.12
+2,2.5,3.5,15:00,1200.0,85,34.1,14.12
+2,4.0,5.0,15:00,1200.0,85,34.1,14.12
+2,3.25,5.0,15:00,1200.0,85,34.1,14.12
+2,3.0,4.0,15:00,1200.0,85,34.1,14.12
+2,4.0,4.5,15:00,1200.0,85,34.1,14.12
+2,4.75,4.5,15:00,1200.0,85,34.1,14.12
+2,4.75,4.0,15:00,1200.0,85,34.1,14.12
+2,3.0,3.5,15:00,1200.0,85,34.1,14.12
+2,2.75,4.75,15:00,1200.0,85,34.1,14.12
+2,2.25,2.5,15:00,1200.0,85,34.1,14.12
+2,5.0,5.0,15:00,1200.0,85,34.1,14.12
+2,3.75,5.0,15:00,1200.0,85,34.1,14.12
+2,4.75,5.0,15:00,1200.0,85,34.1,14.12
+2,3.75,4.5,15:00,1200.0,85,34.1,14.12
+2,4.0,4.25,15:00,1200.0,85,34.1,14.12
+2,4.5,4.75,15:00,1200.0,85,34.1,14.12
+2,5.0,4.75,15:00,1200.0,85,34.1,14.12
+2,2.0,4.0,15:00,1200.0,85,34.1,14.12
+2,2.0,3.5,15:00,1200.0,85,34.1,14.12
+2,3.25,2.5,15:00,1200.0,85,34.1,14.12
+2,3.75,4.25,15:00,1200.0,85,34.1,14.12
+2,3.75,4.0,15:00,1200.0,85,34.1,14.12
+2,3.75,3.75,15:00,1200.0,85,34.1,14.12
+2,2.5,3.75,15:00,1200.0,85,34.1,14.12
+2,4.25,4.5,15:00,1200.0,85,34.1,14.12
+2,5.0,4.0,15:00,1200.0,85,34.1,14.12
+2,3.75,2.5,15:00,1200.0,85,34.1,14.12
+2,5.0,4.5,15:00,1200.0,85,34.1,14.12
+2,3.25,4.25,15:00,1200.0,85,34.1,14.12
+2,4.25,4.75,15:00,1200.0,85,34.1,14.12
+2,3.75,4.75,15:00,1200.0,85,34.1,14.12
+2,2.0,3.75,15:00,1200.0,85,34.1,14.12
+2,2.0,3.0,15:00,1200.0,85,34.1,14.12
+2,2.75,5.0,15:00,1200.0,85,34.1,14.12
+2,3.25,4.75,15:00,1200.0,85,34.1,14.12
+2,3.25,4.5,15:00,1200.0,85,34.1,14.12
+2,2.0,5.0,15:00,1200.0,85,34.1,14.12
+2,2.0,4.5,15:00,1200.0,85,34.1,14.12
+2,4.25,3.75,15:00,1200.0,85,34.1,14.12
+2,3.0,3.0,15:00,1200.0,85,34.1,14.12
+2,4.75,3.75,15:00,1200.0,85,34.1,14.12
+2,3.75,3.5,15:00,1200.0,85,34.1,14.12
+2,3.25,3.0,15:00,1200.0,85,34.1,14.12
+2,2.75,4.5,15:00,1200.0,85,34.1,14.12
+2,4.25,5.0,15:00,1200.0,85,34.1,14.12
+2,5.0,3.75,15:00,1200.0,85,34.1,14.12
+2,2.25,5.0,15:00,1200.0,85,34.1,14.12
+2,5.0,4.25,15:00,1200.0,85,34.1,14.12
+2,4.25,4.0,15:00,1200.0,85,34.1,14.12
+2,3.75,3.0,15:00,1200.0,85,34.1,14.12
+2,3.25,3.75,15:00,1200.0,85,34.1,14.12
+2,5.0,2.5,15:00,1200.0,85,34.1,14.12
+2,2.5,5.0,15:00,1200.0,85,34.1,14.12
+2,4.25,2.5,15:00,1200.0,85,34.1,14.12
+2,2.5,4.5,15:00,1200.0,85,34.1,14.12
+2,4.75,3.0,15:00,1200.0,85,34.1,14.12
+2,4.75,3.5,15:00,1200.0,85,34.1,14.12
+2,3.25,4.0,15:00,1200.0,85,34.1,14.12
+2,4.25,4.25,15:00,1200.0,85,34.1,14.12
+2,3.0,2.5,15:00,1200.0,85,34.1,14.12
+2,5.0,3.0,15:00,1200.0,85,34.1,14.12
+2,4.75,2.5,15:00,1200.0,85,34.1,14.12
+2,2.0,4.75,15:00,1200.0,85,34.1,14.12
+2,5.0,3.5,15:00,1200.0,85,34.1,14.12
+2,2.25,4.75,15:00,1200.0,85,34.1,14.12
+2,2.5,4.75,15:00,1200.0,85,34.1,14.12
+2,2.5,4.25,15:00,1200.0,85,34.1,14.12
+2,4.25,3.0,15:00,1200.0,85,34.1,14.12
+2,4.25,3.5,15:00,1200.0,85,34.1,14.12
+2,2.5,4.0,15:00,1200.0,85,34.1,14.12
+2,4.5,3.5,15:00,1200.0,85,34.1,14.12
+2,2.0,4.25,15:00,1200.0,85,34.1,14.12
+2,3.25,3.5,15:00,1200.0,85,34.1,14.12
+2,3.5,3.5,15:00,1200.0,85,34.1,14.12
+2,3.5,3.0,15:00,1200.0,85,34.1,14.12
+2,2.75,3.0,15:00,1200.0,85,34.1,14.12
+2,2.25,3.75,15:00,1200.0,85,34.1,14.12
+2,3.0,4.5,15:00,1200.0,85,34.1,14.12
+2,2.75,3.75,15:00,1200.0,85,34.1,14.12
+2,4.5,3.0,15:00,1200.0,85,34.1,14.12
+2,3.5,2.5,15:00,1200.0,85,34.1,14.12
+2,4.75,1.75,12:30,1198.0,85,43.5,14.09
+2,4.25,1.75,12:30,1198.0,85,43.5,14.09
+2,3.0,1.75,12:30,1198.0,85,43.5,14.09
+2,5.0,1.75,12:30,1198.0,85,43.5,14.09
+2,2.5,1.75,12:30,1198.0,85,43.5,14.09
+2,2.0,1.75,12:30,1198.0,85,43.5,14.09
+2,3.25,1.75,12:30,1198.0,85,43.5,14.09
+2,4.5,1.75,12:30,1198.0,85,43.5,14.09
+2,2.75,1.75,12:30,1198.0,85,43.5,14.09
+2,4.0,1.75,12:30,1198.0,85,43.5,14.09
+2,3.5,1.75,12:30,1198.0,85,43.5,14.09
+2,3.75,1.75,12:30,1198.0,85,43.5,14.09
+2,2.25,1.75,12:30,1198.0,85,43.5,14.09
+2,3.75,2.0,12:30,1197.0,85,43.5,14.08
+2,4.75,2.0,12:30,1197.0,85,43.5,14.08
+2,4.25,2.0,12:30,1197.0,85,43.5,14.08
+2,3.5,2.0,12:30,1197.0,85,43.5,14.08
+2,3.0,2.0,12:30,1197.0,85,43.5,14.08
+2,2.25,2.0,12:30,1197.0,85,43.5,14.08
+2,2.5,2.0,12:30,1197.0,85,43.5,14.08
+2,2.0,2.0,12:30,1197.0,85,43.5,14.08
+2,4.0,2.0,12:30,1197.0,85,43.5,14.08
+2,2.75,2.0,12:30,1197.0,85,43.5,14.08
+2,5.0,2.0,12:30,1197.0,85,43.5,14.08
+2,4.5,2.0,12:30,1197.0,85,43.5,14.08
+2,3.25,2.0,12:30,1197.0,85,43.5,14.08
+2,4.5,3.25,12:30,1194.0,85,43.5,14.05
+2,5.0,3.25,12:30,1194.0,85,43.5,14.05
+2,3.75,3.25,12:30,1194.0,85,43.5,14.05
+2,3.25,3.25,12:30,1194.0,85,43.5,14.05
+2,4.75,3.25,12:30,1194.0,85,43.5,14.05
+2,2.75,3.25,12:30,1194.0,85,43.5,14.05
+2,4.0,3.25,12:30,1194.0,85,43.5,14.05
+2,4.25,3.25,12:30,1194.0,85,43.5,14.05
+2,2.25,3.25,12:30,1194.0,85,43.5,14.05
+2,2.5,3.25,12:30,1194.0,85,43.5,14.05
+2,2.0,3.25,12:30,1194.0,85,43.5,14.05
+2,3.0,3.25,12:30,1194.0,85,43.5,14.05
+2,3.5,3.25,12:30,1194.0,85,43.5,14.05
+3,1.5,1.0,11:30,1193.0,85,45.9,14.04
+2,2.5,2.75,12:30,1193.0,85,43.5,14.04
+2,4.0,2.25,12:30,1193.0,85,43.5,14.04
+2,4.5,2.25,12:30,1193.0,85,43.5,14.04
+2,5.0,2.25,12:30,1193.0,85,43.5,14.04
+2,2.25,2.75,12:30,1193.0,85,43.5,14.04
+2,3.75,2.25,12:30,1193.0,85,43.5,14.04
+2,2.25,2.25,12:30,1193.0,85,43.5,14.04
+2,5.0,2.75,12:30,1193.0,85,43.5,14.04
+2,3.25,2.25,12:30,1193.0,85,43.5,14.04
+2,2.75,2.25,12:30,1193.0,85,43.5,14.04
+2,3.5,2.75,12:30,1193.0,85,43.5,14.04
+2,3.25,2.75,12:30,1193.0,85,43.5,14.04
+2,4.5,2.75,12:30,1193.0,85,43.5,14.04
+3,1.75,1.0,11:30,1193.0,85,45.9,14.04
+2,4.75,2.25,12:30,1193.0,85,43.5,14.04
+2,4.25,2.75,12:30,1193.0,85,43.5,14.04
+2,4.75,2.75,12:30,1193.0,85,43.5,14.04
+2,3.0,2.25,12:30,1193.0,85,43.5,14.04
+2,3.0,2.75,12:30,1193.0,85,43.5,14.04
+2,3.75,2.75,12:30,1193.0,85,43.5,14.04
+2,4.25,2.25,12:30,1193.0,85,43.5,14.04
+2,2.0,2.75,12:30,1193.0,85,43.5,14.04
+2,4.0,2.75,12:30,1193.0,85,43.5,14.04
+2,2.5,2.25,12:30,1193.0,85,43.5,14.04
+2,2.0,2.25,12:30,1193.0,85,43.5,14.04
+2,2.75,2.75,12:30,1193.0,85,43.5,14.04
+2,3.5,2.25,12:30,1193.0,85,43.5,14.04
+2,2.75,3.5,12:30,1192.0,85,43.5,14.02
+2,3.5,2.5,12:30,1192.0,85,43.5,14.02
+2,2.0,4.5,12:30,1192.0,85,43.5,14.02
+2,2.5,4.25,12:30,1192.0,85,43.5,14.02
+2,3.0,3.0,12:30,1192.0,85,43.5,14.02
+2,5.0,3.5,12:30,1192.0,85,43.5,14.02
+2,3.25,3.5,12:30,1192.0,85,43.5,14.02
+2,4.75,2.5,12:30,1192.0,85,43.5,14.02
+2,4.25,3.75,12:30,1192.0,85,43.5,14.02
+3,4.75,1.0,11:00,1192.0,85,44.7,14.02
+2,4.25,4.25,12:30,1192.0,85,43.5,14.02
+2,3.25,4.0,12:30,1192.0,85,43.5,14.02
+2,4.75,3.5,12:30,1192.0,85,43.5,14.02
+3,2.25,1.0,11:00,1192.0,85,44.7,14.02
+2,4.75,3.0,12:30,1192.0,85,43.5,14.02
+2,2.5,4.5,12:30,1192.0,85,43.5,14.02
+2,4.25,2.5,12:30,1192.0,85,43.5,14.02
+2,4.25,3.5,12:30,1192.0,85,43.5,14.02
+2,4.25,4.0,12:30,1192.0,85,43.5,14.02
+2,3.75,3.75,12:30,1192.0,85,43.5,14.02
+2,2.5,5.0,12:30,1192.0,85,43.5,14.02
+2,4.5,3.0,12:30,1192.0,85,43.5,14.02
+2,3.5,3.75,12:30,1192.0,85,43.5,14.02
+2,4.5,3.5,12:30,1192.0,85,43.5,14.02
+2,4.0,3.0,12:30,1192.0,85,43.5,14.02
+2,2.5,4.75,12:30,1192.0,85,43.5,14.02
+2,2.0,4.75,12:30,1192.0,85,43.5,14.02
+2,3.25,3.75,12:30,1192.0,85,43.5,14.02
+2,4.25,3.0,12:30,1192.0,85,43.5,14.02
+2,2.5,4.0,12:30,1192.0,85,43.5,14.02
+2,5.0,3.0,12:30,1192.0,85,43.5,14.02
+3,4.5,1.0,11:00,1192.0,85,44.7,14.02
+2,3.75,3.0,12:30,1192.0,85,43.5,14.02
+2,3.75,2.5,12:30,1192.0,85,43.5,14.02
+2,3.0,5.0,12:30,1192.0,85,43.5,14.02
+2,2.25,3.75,12:30,1192.0,85,43.5,14.02
+2,2.0,5.0,12:30,1192.0,85,43.5,14.02
+3,3.0,1.0,11:00,1192.0,85,44.7,14.02
+2,2.75,3.0,12:30,1192.0,85,43.5,14.02
+2,3.5,3.0,12:30,1192.0,85,43.5,14.02
+2,2.0,3.75,12:30,1192.0,85,43.5,14.02
+2,3.25,3.0,12:30,1192.0,85,43.5,14.02
+2,3.75,4.25,12:30,1192.0,85,43.5,14.02
+2,3.75,4.75,12:30,1192.0,85,43.5,14.02
+2,2.75,5.0,12:30,1192.0,85,43.5,14.02
+2,2.0,4.0,12:30,1192.0,85,43.5,14.02
+2,5.0,4.25,12:30,1192.0,85,43.5,14.02
+2,2.75,4.75,12:30,1192.0,85,43.5,14.02
+2,4.25,4.5,12:30,1192.0,85,43.5,14.02
+2,3.75,3.5,12:30,1192.0,85,43.5,14.02
+2,3.75,4.5,12:30,1192.0,85,43.5,14.02
+2,3.25,2.5,12:30,1192.0,85,43.5,14.02
+2,2.0,4.25,12:30,1192.0,85,43.5,14.02
+2,4.75,4.0,12:30,1192.0,85,43.5,14.02
+2,3.0,2.5,12:30,1192.0,85,43.5,14.02
+2,4.25,4.75,12:30,1192.0,85,43.5,14.02
+2,2.5,3.75,12:30,1192.0,85,43.5,14.02
+2,3.75,4.0,12:30,1192.0,85,43.5,14.02
+2,5.0,4.75,12:30,1192.0,85,43.5,14.02
+2,5.0,4.5,12:30,1192.0,85,43.5,14.02
+2,3.25,4.75,12:30,1192.0,85,43.5,14.02
+2,2.25,4.75,12:30,1192.0,85,43.5,14.02
+2,2.0,3.0,12:30,1192.0,85,43.5,14.02
+2,5.0,3.75,12:30,1192.0,85,43.5,14.02
+2,3.25,4.5,12:30,1192.0,85,43.5,14.02
+2,5.0,4.0,12:30,1192.0,85,43.5,14.02
+2,2.25,4.5,12:30,1192.0,85,43.5,14.02
+2,5.0,5.0,12:30,1192.0,85,43.5,14.02
+2,2.5,3.5,12:30,1192.0,85,43.5,14.02
+3,3.75,1.0,11:00,1192.0,85,44.7,14.02
+2,4.0,4.25,12:30,1192.0,85,43.5,14.02
+2,3.75,5.0,12:30,1192.0,85,43.5,14.02
+2,3.0,3.75,12:30,1192.0,85,43.5,14.02
+2,4.0,4.75,12:30,1192.0,85,43.5,14.02
+2,3.5,5.0,12:30,1192.0,85,43.5,14.02
+2,3.5,4.75,12:30,1192.0,85,43.5,14.02
+2,2.25,2.5,12:30,1192.0,85,43.5,14.02
+3,2.5,1.0,11:00,1192.0,85,44.7,14.02
+2,2.25,5.0,12:30,1192.0,85,43.5,14.02
+2,2.0,2.5,12:30,1192.0,85,43.5,14.02
+2,2.0,3.5,12:30,1192.0,85,43.5,14.02
+2,2.75,4.25,12:30,1192.0,85,43.5,14.02
+2,3.25,5.0,12:30,1192.0,85,43.5,14.02
+3,5.0,1.0,11:00,1192.0,85,44.7,14.02
+2,3.25,4.25,12:30,1192.0,85,43.5,14.02
+2,3.0,3.5,12:30,1192.0,85,43.5,14.02
+2,4.75,4.75,12:30,1192.0,85,43.5,14.02
+2,4.75,4.5,12:30,1192.0,85,43.5,14.02
+2,4.0,4.5,12:30,1192.0,85,43.5,14.02
+2,4.0,5.0,12:30,1192.0,85,43.5,14.02
+2,4.75,3.75,12:30,1192.0,85,43.5,14.02
+2,4.75,4.25,12:30,1192.0,85,43.5,14.02
+3,4.25,1.0,11:00,1192.0,85,44.7,14.02
+2,4.25,5.0,12:30,1192.0,85,43.5,14.02
+2,2.5,3.0,12:30,1192.0,85,43.5,14.02
+3,3.5,1.0,11:00,1192.0,85,44.7,14.02
+2,3.0,4.0,12:30,1192.0,85,43.5,14.02
+2,2.25,4.0,12:30,1192.0,85,43.5,14.02
+2,3.0,4.5,12:30,1192.0,85,43.5,14.02
+2,3.0,4.75,12:30,1192.0,85,43.5,14.02
+2,4.0,4.0,12:30,1192.0,85,43.5,14.02
+2,3.5,4.25,12:30,1192.0,85,43.5,14.02
+2,3.5,4.5,12:30,1192.0,85,43.5,14.02
+2,4.5,4.75,12:30,1192.0,85,43.5,14.02
+2,4.5,4.25,12:30,1192.0,85,43.5,14.02
+2,2.5,2.5,12:30,1192.0,85,43.5,14.02
+2,2.75,4.5,12:30,1192.0,85,43.5,14.02
+2,2.25,3.5,12:30,1192.0,85,43.5,14.02
+2,4.5,5.0,12:30,1192.0,85,43.5,14.02
+2,4.5,4.5,12:30,1192.0,85,43.5,14.02
+3,4.0,1.0,11:00,1192.0,85,44.7,14.02
+2,5.0,2.5,12:30,1192.0,85,43.5,14.02
+2,4.75,5.0,12:30,1192.0,85,43.5,14.02
+2,3.5,3.5,12:30,1192.0,85,43.5,14.02
+2,4.0,3.5,12:30,1192.0,85,43.5,14.02
+2,3.0,4.25,12:30,1192.0,85,43.5,14.02
+3,2.0,1.0,11:00,1192.0,85,44.7,14.02
+2,4.0,2.5,12:30,1192.0,85,43.5,14.02
+2,4.5,3.75,12:30,1192.0,85,43.5,14.02
+2,4.5,4.0,12:30,1192.0,85,43.5,14.02
+3,3.25,1.0,11:00,1192.0,85,44.7,14.02
+2,2.75,4.0,12:30,1192.0,85,43.5,14.02
+2,2.75,2.5,12:30,1192.0,85,43.5,14.02
+2,2.25,3.0,12:30,1192.0,85,43.5,14.02
+2,3.5,4.0,12:30,1192.0,85,43.5,14.02
+2,4.0,3.75,12:30,1192.0,85,43.5,14.02
+2,2.75,3.75,12:30,1192.0,85,43.5,14.02
+2,4.5,2.5,12:30,1192.0,85,43.5,14.02
+3,2.75,1.0,11:00,1192.0,85,44.7,14.02
+2,2.25,4.25,12:30,1192.0,85,43.5,14.02
+2,2.0,1.0,11:00,1189.0,85,48.2,13.99
+2,3.25,1.0,11:00,1189.0,85,48.2,13.99
+2,4.0,1.0,11:00,1189.0,85,48.2,13.99
+2,5.0,1.0,11:00,1189.0,85,48.2,13.99
+2,4.75,1.0,11:00,1189.0,85,48.2,13.99
+2,4.5,1.0,11:00,1189.0,85,48.2,13.99
+2,3.5,1.0,11:00,1189.0,85,48.2,13.99
+2,2.75,1.0,11:00,1189.0,85,48.2,13.99
+2,2.5,1.0,11:00,1189.0,85,48.2,13.99
+2,4.25,1.0,11:00,1189.0,85,48.2,13.99
+2,3.75,1.0,11:00,1189.0,85,48.2,13.99
+2,2.25,1.0,11:00,1189.0,85,48.2,13.99
+2,3.0,1.0,11:00,1189.0,85,48.2,13.99
+2,0.5,1.5,13:30,1186.0,85,58.8,13.95
+3,3.75,0.5,14:30,1180.0,85,32.9,13.88
+3,4.5,0.5,14:30,1180.0,85,32.9,13.88
+3,2.25,0.5,14:30,1180.0,85,32.9,13.88
+3,3.0,0.5,14:30,1180.0,85,32.9,13.88
+3,5.0,0.5,14:30,1180.0,85,32.9,13.88
+3,2.5,0.5,14:30,1180.0,85,32.9,13.88
+3,4.0,0.5,14:30,1180.0,85,32.9,13.88
+3,3.5,0.5,14:30,1180.0,85,32.9,13.88
+3,4.25,0.5,14:30,1180.0,85,32.9,13.88
+3,4.75,0.5,14:30,1180.0,85,32.9,13.88
+3,2.75,0.5,14:30,1180.0,85,32.9,13.88
+3,3.25,0.5,14:30,1180.0,85,32.9,13.88
+3,2.0,0.5,14:30,1180.0,85,32.9,13.88
+2,0.5,1.75,13:30,1177.0,85,58.8,13.85
+2,0.5,1.25,14:00,1176.0,85,58.8,13.84
+2,0.5,2.0,13:30,1173.0,85,58.8,13.8
+2,3.5,1.0,15:00,1172.0,85,32.9,13.79
+2,2.75,1.0,15:00,1172.0,85,32.9,13.79
+2,4.0,1.0,15:00,1172.0,85,32.9,13.79
+2,3.25,1.0,15:00,1172.0,85,32.9,13.79
+2,4.75,1.0,15:00,1172.0,85,32.9,13.79
+2,5.0,1.0,15:00,1172.0,85,32.9,13.79
+2,2.5,1.0,15:00,1172.0,85,32.9,13.79
+2,4.5,1.0,15:00,1172.0,85,32.9,13.79
+2,2.0,1.0,15:00,1172.0,85,32.9,13.79
+2,2.25,1.0,15:00,1172.0,85,32.9,13.79
+2,4.25,1.0,15:00,1172.0,85,32.9,13.79
+2,3.75,1.0,15:00,1172.0,85,32.9,13.79
+2,3.0,1.0,15:00,1172.0,85,32.9,13.79
+3,3.5,1.25,11:00,1169.0,85,44.7,13.75
+3,4.25,1.25,11:00,1169.0,85,44.7,13.75
+3,3.75,1.25,11:00,1169.0,85,44.7,13.75
+3,2.5,1.25,11:00,1169.0,85,44.7,13.75
+3,4.75,1.25,11:00,1169.0,85,44.7,13.75
+3,5.0,1.25,11:00,1169.0,85,44.7,13.75
+3,2.25,1.25,11:00,1169.0,85,44.7,13.75
+3,4.5,1.25,11:00,1169.0,85,44.7,13.75
+3,3.0,1.25,11:00,1169.0,85,44.7,13.75
+2,0.5,3.25,13:30,1169.0,85,58.8,13.75
+3,3.25,1.25,11:00,1169.0,85,44.7,13.75
+3,2.75,1.25,11:00,1169.0,85,44.7,13.75
+3,2.0,1.25,11:00,1169.0,85,44.7,13.75
+3,4.0,1.25,11:00,1169.0,85,44.7,13.75
+2,0.5,2.75,13:30,1168.0,85,58.8,13.74
+2,0.5,2.25,13:30,1168.0,85,58.8,13.74
+2,0.5,5.0,13:30,1168.0,85,58.8,13.74
+2,0.5,3.5,13:30,1167.0,85,58.8,13.73
+2,0.5,4.25,13:30,1167.0,85,58.8,13.73
+2,0.5,3.0,13:30,1167.0,85,58.8,13.73
+2,0.5,2.5,13:30,1167.0,85,58.8,13.73
+2,0.5,4.75,13:30,1167.0,85,58.8,13.73
+2,0.5,4.5,13:30,1167.0,85,58.8,13.73
+2,0.5,4.0,13:30,1167.0,85,58.8,13.73
+2,0.5,3.75,13:30,1167.0,85,58.8,13.73
+2,5.0,1.25,11:00,1166.0,85,48.2,13.72
+3,2.0,1.5,11:00,1166.0,85,44.7,13.72
+3,5.0,1.5,11:00,1166.0,85,44.7,13.72
+2,4.0,1.25,11:00,1166.0,85,48.2,13.72
+2,4.5,1.25,11:00,1166.0,85,48.2,13.72
+3,4.0,1.5,11:00,1166.0,85,44.7,13.72
+2,3.25,1.25,11:00,1166.0,85,48.2,13.72
+3,2.75,1.5,11:00,1166.0,85,44.7,13.72
+3,3.75,1.5,11:00,1166.0,85,44.7,13.72
+2,3.0,1.25,11:00,1166.0,85,48.2,13.72
+2,2.25,1.25,11:00,1166.0,85,48.2,13.72
+3,4.5,1.5,11:00,1166.0,85,44.7,13.72
+2,3.75,1.25,11:00,1166.0,85,48.2,13.72
+2,2.0,1.25,11:00,1166.0,85,48.2,13.72
+3,4.75,1.5,11:00,1166.0,85,44.7,13.72
+2,3.5,1.25,11:00,1166.0,85,48.2,13.72
+3,2.5,1.5,11:00,1166.0,85,44.7,13.72
+3,2.25,1.5,11:00,1166.0,85,44.7,13.72
+3,4.25,1.5,11:00,1166.0,85,44.7,13.72
+2,4.75,1.25,11:00,1166.0,85,48.2,13.72
+2,4.25,1.25,11:00,1166.0,85,48.2,13.72
+2,2.75,1.25,11:00,1166.0,85,48.2,13.72
+3,3.0,1.5,11:00,1166.0,85,44.7,13.72
+2,2.5,1.25,11:00,1166.0,85,48.2,13.72
+3,3.25,1.5,11:00,1166.0,85,44.7,13.72
+3,3.5,1.5,11:00,1166.0,85,44.7,13.72
+3,4.75,2.75,11:00,1163.0,85,44.7,13.68
+3,2.5,4.25,11:00,1163.0,85,44.7,13.68
+3,4.5,4.25,11:00,1163.0,85,44.7,13.68
+3,3.0,2.25,11:00,1163.0,85,44.7,13.68
+3,5.0,3.0,11:00,1163.0,85,44.7,13.68
+3,3.5,2.5,11:00,1163.0,85,44.7,13.68
+3,4.75,2.25,11:00,1163.0,85,44.7,13.68
+3,4.5,2.25,11:00,1163.0,85,44.7,13.68
+3,2.0,2.75,11:00,1163.0,85,44.7,13.68
+3,2.5,4.5,11:00,1163.0,85,44.7,13.68
+3,3.5,2.25,11:00,1163.0,85,44.7,13.68
+3,3.75,3.0,11:00,1163.0,85,44.7,13.68
+3,3.25,3.0,11:00,1163.0,85,44.7,13.68
+3,3.5,3.75,11:00,1163.0,85,44.7,13.68
+3,3.5,4.0,11:00,1163.0,85,44.7,13.68
+3,3.5,2.75,11:00,1163.0,85,44.7,13.68
+3,2.5,4.75,11:00,1163.0,85,44.7,13.68
+3,3.75,2.75,11:00,1163.0,85,44.7,13.68
+3,4.25,2.5,11:00,1163.0,85,44.7,13.68
+3,2.75,3.25,11:00,1163.0,85,44.7,13.68
+3,3.5,3.0,11:00,1163.0,85,44.7,13.68
+3,4.0,5.0,11:00,1163.0,85,44.7,13.68
+3,3.75,2.5,11:00,1163.0,85,44.7,13.68
+3,2.75,3.5,11:00,1163.0,85,44.7,13.68
+3,4.25,3.75,11:00,1163.0,85,44.7,13.68
+3,2.5,5.0,11:00,1163.0,85,44.7,13.68
+3,2.75,2.5,11:00,1163.0,85,44.7,13.68
+3,3.5,3.25,11:00,1163.0,85,44.7,13.68
+3,3.5,3.5,11:00,1163.0,85,44.7,13.68
+3,4.25,4.5,11:00,1163.0,85,44.7,13.68
+3,4.5,2.75,11:00,1163.0,85,44.7,13.68
+3,2.0,4.75,11:00,1163.0,85,44.7,13.68
+3,2.0,5.0,11:00,1163.0,85,44.7,13.68
+3,4.0,4.75,11:00,1163.0,85,44.7,13.68
+3,2.0,4.5,11:00,1163.0,85,44.7,13.68
+3,3.25,2.5,11:00,1163.0,85,44.7,13.68
+3,3.0,3.25,11:00,1163.0,85,44.7,13.68
+3,4.0,3.5,11:00,1163.0,85,44.7,13.68
+3,4.25,2.75,11:00,1163.0,85,44.7,13.68
+3,3.0,4.75,11:00,1163.0,85,44.7,13.68
+3,3.75,3.25,11:00,1163.0,85,44.7,13.68
+3,4.25,3.25,11:00,1163.0,85,44.7,13.68
+3,2.5,2.5,11:00,1163.0,85,44.7,13.68
+3,2.5,3.0,11:00,1163.0,85,44.7,13.68
+3,4.25,5.0,11:00,1163.0,85,44.7,13.68
+3,3.75,2.25,11:00,1163.0,85,44.7,13.68
+3,4.0,2.75,11:00,1163.0,85,44.7,13.68
+3,2.5,3.5,11:00,1163.0,85,44.7,13.68
+3,4.75,3.5,11:00,1163.0,85,44.7,13.68
+3,4.25,3.0,11:00,1163.0,85,44.7,13.68
+3,2.75,4.0,11:00,1163.0,85,44.7,13.68
+3,2.5,3.75,11:00,1163.0,85,44.7,13.68
+3,5.0,2.25,11:00,1163.0,85,44.7,13.68
+3,4.0,3.75,11:00,1163.0,85,44.7,13.68
+3,2.0,3.25,11:00,1163.0,85,44.7,13.68
+3,2.0,3.75,11:00,1163.0,85,44.7,13.68
+3,4.0,4.5,11:00,1163.0,85,44.7,13.68
+3,2.0,4.25,11:00,1163.0,85,44.7,13.68
+3,2.0,4.0,11:00,1163.0,85,44.7,13.68
+3,3.75,5.0,11:00,1163.0,85,44.7,13.68
+3,4.0,3.0,11:00,1163.0,85,44.7,13.68
+3,2.5,4.0,11:00,1163.0,85,44.7,13.68
+3,5.0,2.75,11:00,1163.0,85,44.7,13.68
+3,2.75,3.75,11:00,1163.0,85,44.7,13.68
+3,5.0,2.5,11:00,1163.0,85,44.7,13.68
+3,3.0,5.0,11:00,1163.0,85,44.7,13.68
+3,2.0,2.5,11:00,1163.0,85,44.7,13.68
+3,4.5,5.0,11:00,1163.0,85,44.7,13.68
+3,3.25,3.25,11:00,1163.0,85,44.7,13.68
+3,4.75,3.25,11:00,1163.0,85,44.7,13.68
+3,2.0,3.5,11:00,1163.0,85,44.7,13.68
+3,2.5,3.25,11:00,1163.0,85,44.7,13.68
+3,2.0,3.0,11:00,1163.0,85,44.7,13.68
+3,4.75,3.0,11:00,1163.0,85,44.7,13.68
+3,3.5,5.0,11:00,1163.0,85,44.7,13.68
+3,1.0,0.5,13:00,1163.0,85,36.5,13.68
+3,4.75,2.5,11:00,1163.0,85,44.7,13.68
+3,3.0,3.0,11:00,1163.0,85,44.7,13.68
+3,4.25,4.0,11:00,1163.0,85,44.7,13.68
+3,4.5,2.5,11:00,1163.0,85,44.7,13.68
+3,3.25,2.75,11:00,1163.0,85,44.7,13.68
+3,2.0,2.25,11:00,1163.0,85,44.7,13.68
+3,4.0,2.5,11:00,1163.0,85,44.7,13.68
+3,3.5,4.5,11:00,1163.0,85,44.7,13.68
+3,3.5,4.25,11:00,1163.0,85,44.7,13.68
+3,4.25,2.25,11:00,1163.0,85,44.7,13.68
+3,2.75,4.5,11:00,1163.0,85,44.7,13.68
+3,3.75,3.75,11:00,1163.0,85,44.7,13.68
+3,4.75,3.75,11:00,1163.0,85,44.7,13.68
+3,2.75,4.25,11:00,1163.0,85,44.7,13.68
+3,3.5,4.75,11:00,1163.0,85,44.7,13.68
+3,4.0,4.0,11:00,1163.0,85,44.7,13.68
+3,4.75,4.0,11:00,1163.0,85,44.7,13.68
+3,2.25,5.0,11:00,1163.0,85,44.7,13.68
+3,2.25,4.5,11:00,1163.0,85,44.7,13.68
+3,3.0,3.75,11:00,1163.0,85,44.7,13.68
+3,3.75,4.25,11:00,1163.0,85,44.7,13.68
+3,3.75,4.5,11:00,1163.0,85,44.7,13.68
+3,4.5,3.0,11:00,1163.0,85,44.7,13.68
+3,4.75,4.25,11:00,1163.0,85,44.7,13.68
+3,2.75,4.75,11:00,1163.0,85,44.7,13.68
+3,3.25,4.75,11:00,1163.0,85,44.7,13.68
+3,4.5,3.75,11:00,1163.0,85,44.7,13.68
+3,3.25,4.5,11:00,1163.0,85,44.7,13.68
+3,3.25,4.25,11:00,1163.0,85,44.7,13.68
+3,3.25,3.5,11:00,1163.0,85,44.7,13.68
+3,3.0,3.5,11:00,1163.0,85,44.7,13.68
+3,3.25,2.25,11:00,1163.0,85,44.7,13.68
+3,4.5,3.25,11:00,1163.0,85,44.7,13.68
+3,3.75,3.5,11:00,1163.0,85,44.7,13.68
+3,3.25,5.0,11:00,1163.0,85,44.7,13.68
+3,3.25,3.75,11:00,1163.0,85,44.7,13.68
+3,3.75,4.75,11:00,1163.0,85,44.7,13.68
+3,4.25,4.25,11:00,1163.0,85,44.7,13.68
+3,2.5,2.25,11:00,1163.0,85,44.7,13.68
+3,2.5,2.75,11:00,1163.0,85,44.7,13.68
+3,2.75,5.0,11:00,1163.0,85,44.7,13.68
+3,4.75,4.75,11:00,1163.0,85,44.7,13.68
+3,2.25,2.5,11:00,1163.0,85,44.7,13.68
+3,2.25,2.25,11:00,1163.0,85,44.7,13.68
+3,2.25,2.75,11:00,1163.0,85,44.7,13.68
+3,2.25,4.75,11:00,1163.0,85,44.7,13.68
+3,3.0,4.5,11:00,1163.0,85,44.7,13.68
+3,4.5,4.0,11:00,1163.0,85,44.7,13.68
+3,3.0,4.25,11:00,1163.0,85,44.7,13.68
+3,3.75,4.0,11:00,1163.0,85,44.7,13.68
+3,2.25,4.0,11:00,1163.0,85,44.7,13.68
+3,2.25,4.25,11:00,1163.0,85,44.7,13.68
+3,4.0,2.25,11:00,1163.0,85,44.7,13.68
+3,4.5,3.5,11:00,1163.0,85,44.7,13.68
+3,3.0,4.0,11:00,1163.0,85,44.7,13.68
+3,4.0,4.25,11:00,1163.0,85,44.7,13.68
+3,4.25,3.5,11:00,1163.0,85,44.7,13.68
+3,4.25,4.75,11:00,1163.0,85,44.7,13.68
+3,2.25,3.25,11:00,1163.0,85,44.7,13.68
+3,2.25,3.5,11:00,1163.0,85,44.7,13.68
+3,2.25,3.0,11:00,1163.0,85,44.7,13.68
+3,2.25,3.75,11:00,1163.0,85,44.7,13.68
+3,4.75,5.0,11:00,1163.0,85,44.7,13.68
+3,4.75,4.5,11:00,1163.0,85,44.7,13.68
+3,3.25,4.0,11:00,1163.0,85,44.7,13.68
+3,5.0,3.75,11:00,1163.0,85,44.7,13.68
+3,4.0,3.25,11:00,1163.0,85,44.7,13.68
+3,5.0,4.0,11:00,1163.0,85,44.7,13.68
+3,2.75,2.25,11:00,1163.0,85,44.7,13.68
+3,3.0,2.75,11:00,1163.0,85,44.7,13.68
+3,5.0,4.75,11:00,1163.0,85,44.7,13.68
+3,5.0,5.0,11:00,1163.0,85,44.7,13.68
+3,5.0,4.5,11:00,1163.0,85,44.7,13.68
+3,5.0,3.5,11:00,1163.0,85,44.7,13.68
+3,3.0,2.5,11:00,1163.0,85,44.7,13.68
+3,2.75,3.0,11:00,1163.0,85,44.7,13.68
+3,5.0,3.25,11:00,1163.0,85,44.7,13.68
+3,5.0,4.25,11:00,1163.0,85,44.7,13.68
+3,2.75,2.75,11:00,1163.0,85,44.7,13.68
+3,4.5,4.75,11:00,1163.0,85,44.7,13.68
+3,4.5,4.5,11:00,1163.0,85,44.7,13.68
+3,1.5,1.25,15:00,1162.0,85,32.9,13.67
+3,5.0,0.5,12:00,1161.0,85,37.6,13.66
+3,3.0,0.5,12:00,1161.0,85,37.6,13.66
+3,4.5,0.5,12:00,1161.0,85,37.6,13.66
+3,3.5,0.5,12:00,1161.0,85,37.6,13.66
+3,2.25,0.5,12:00,1161.0,85,37.6,13.66
+3,2.0,0.5,12:00,1161.0,85,37.6,13.66
+3,2.75,0.5,12:00,1161.0,85,37.6,13.66
+3,3.75,0.5,12:00,1161.0,85,37.6,13.66
+3,4.25,0.5,12:00,1161.0,85,37.6,13.66
+3,4.75,0.5,12:00,1161.0,85,37.6,13.66
+3,2.5,0.5,12:00,1161.0,85,37.6,13.66
+3,3.25,0.5,12:00,1161.0,85,37.6,13.66
+3,4.0,0.5,12:00,1161.0,85,37.6,13.66
+3,4.0,1.75,11:00,1160.0,85,44.7,13.65
+3,2.5,1.75,11:00,1160.0,85,44.7,13.65
+3,5.0,2.0,11:00,1160.0,85,44.7,13.65
+3,4.25,2.0,11:00,1160.0,85,44.7,13.65
+3,3.75,1.75,11:00,1160.0,85,44.7,13.65
+3,3.5,1.75,11:00,1160.0,85,44.7,13.65
+3,2.25,1.75,11:00,1160.0,85,44.7,13.65
+3,5.0,1.75,11:00,1160.0,85,44.7,13.65
+3,3.25,1.75,11:00,1160.0,85,44.7,13.65
+3,4.25,1.75,11:00,1160.0,85,44.7,13.65
+3,2.25,2.0,11:00,1160.0,85,44.7,13.65
+3,3.25,2.0,11:00,1160.0,85,44.7,13.65
+3,4.0,2.0,11:00,1160.0,85,44.7,13.65
+3,2.75,1.75,11:00,1160.0,85,44.7,13.65
+3,3.0,1.75,11:00,1160.0,85,44.7,13.65
+3,3.0,2.0,11:00,1160.0,85,44.7,13.65
+3,2.5,2.0,11:00,1160.0,85,44.7,13.65
+3,4.5,1.75,11:00,1160.0,85,44.7,13.65
+3,1.0,0.5,12:30,1160.0,85,36.5,13.65
+3,3.5,2.0,11:00,1160.0,85,44.7,13.65
+3,3.75,2.0,11:00,1160.0,85,44.7,13.65
+3,4.75,1.75,11:00,1160.0,85,44.7,13.65
+3,4.75,2.0,11:00,1160.0,85,44.7,13.65
+3,2.75,2.0,11:00,1160.0,85,44.7,13.65
+3,2.0,1.75,11:00,1160.0,85,44.7,13.65
+3,2.0,2.0,11:00,1160.0,85,44.7,13.65
+3,4.5,2.0,11:00,1160.0,85,44.7,13.65
+2,2.0,1.5,11:00,1159.0,85,48.2,13.64
+3,1.5,0.75,15:00,1159.0,85,31.8,13.64
+3,4.25,0.75,12:30,1159.0,85,38.8,13.64
+3,3.5,0.75,12:30,1159.0,85,38.8,13.64
+2,4.75,1.5,11:00,1159.0,85,48.2,13.64
+3,2.25,0.75,12:30,1159.0,85,38.8,13.64
+2,4.5,1.5,11:00,1159.0,85,48.2,13.64
+3,3.75,0.75,12:30,1159.0,85,38.8,13.64
+2,3.25,1.5,11:00,1159.0,85,48.2,13.64
+2,5.0,1.5,11:00,1159.0,85,48.2,13.64
+2,3.75,1.5,11:00,1159.0,85,48.2,13.64
+3,5.0,0.75,12:30,1159.0,85,38.8,13.64
+2,4.25,1.5,11:00,1159.0,85,48.2,13.64
+3,2.5,0.75,12:30,1159.0,85,38.8,13.64
+2,2.25,1.5,11:00,1159.0,85,48.2,13.64
+3,4.5,0.75,12:30,1159.0,85,38.8,13.64
+3,3.0,0.75,12:30,1159.0,85,38.8,13.64
+3,4.75,0.75,12:30,1159.0,85,38.8,13.64
+2,3.0,1.5,11:00,1159.0,85,48.2,13.64
+3,4.0,0.75,12:30,1159.0,85,38.8,13.64
+2,2.75,1.5,11:00,1159.0,85,48.2,13.64
+2,3.5,1.5,11:00,1159.0,85,48.2,13.64
+2,2.5,1.5,11:00,1159.0,85,48.2,13.64
+2,4.0,1.5,11:00,1159.0,85,48.2,13.64
+3,3.25,0.75,12:30,1159.0,85,38.8,13.64
+3,2.75,0.75,12:30,1159.0,85,38.8,13.64
+3,2.0,0.75,12:30,1159.0,85,38.8,13.64
+2,3.25,5.0,11:00,1156.0,85,48.2,13.6
+2,4.25,3.25,11:00,1156.0,85,48.2,13.6
+2,4.25,4.0,11:00,1156.0,85,48.2,13.6
+2,2.25,2.75,11:00,1156.0,85,48.2,13.6
+2,2.5,4.75,11:00,1156.0,85,48.2,13.6
+2,2.25,2.25,11:00,1156.0,85,48.2,13.6
+2,4.75,2.25,11:00,1156.0,85,48.2,13.6
+2,3.5,5.0,11:00,1156.0,85,48.2,13.6
+2,4.25,3.75,11:00,1156.0,85,48.2,13.6
+2,3.0,2.75,11:00,1156.0,85,48.2,13.6
+2,3.25,4.5,11:00,1156.0,85,48.2,13.6
+2,3.25,3.25,11:00,1156.0,85,48.2,13.6
+2,4.75,3.5,11:00,1156.0,85,48.2,13.6
+2,2.0,5.0,11:00,1156.0,85,48.2,13.6
+2,5.0,3.25,11:00,1156.0,85,48.2,13.6
+2,4.25,4.5,11:00,1156.0,85,48.2,13.6
+2,2.0,4.5,11:00,1156.0,85,48.2,13.6
+2,3.25,3.75,11:00,1156.0,85,48.2,13.6
+2,3.25,4.0,11:00,1156.0,85,48.2,13.6
+2,4.25,3.5,11:00,1156.0,85,48.2,13.6
+2,3.0,2.25,11:00,1156.0,85,48.2,13.6
+2,4.25,4.25,11:00,1156.0,85,48.2,13.6
+2,3.25,4.25,11:00,1156.0,85,48.2,13.6
+2,2.0,4.75,11:00,1156.0,85,48.2,13.6
+2,2.75,4.75,11:00,1156.0,85,48.2,13.6
+2,4.25,4.75,11:00,1156.0,85,48.2,13.6
+2,3.25,3.0,11:00,1156.0,85,48.2,13.6
+2,2.25,4.75,11:00,1156.0,85,48.2,13.6
+2,4.75,3.0,11:00,1156.0,85,48.2,13.6
+2,5.0,3.5,11:00,1156.0,85,48.2,13.6
+2,5.0,4.0,11:00,1156.0,85,48.2,13.6
+2,5.0,4.25,11:00,1156.0,85,48.2,13.6
+2,5.0,4.75,11:00,1156.0,85,48.2,13.6
+2,4.25,2.25,11:00,1156.0,85,48.2,13.6
+2,5.0,3.75,11:00,1156.0,85,48.2,13.6
+2,3.75,2.25,11:00,1156.0,85,48.2,13.6
+2,4.75,4.0,11:00,1156.0,85,48.2,13.6
+2,2.5,4.0,11:00,1156.0,85,48.2,13.6
+2,4.25,2.5,11:00,1156.0,85,48.2,13.6
+2,4.25,2.75,11:00,1156.0,85,48.2,13.6
+2,2.5,4.5,11:00,1156.0,85,48.2,13.6
+2,2.5,5.0,11:00,1156.0,85,48.2,13.6
+2,4.75,2.75,11:00,1156.0,85,48.2,13.6
+2,4.25,3.0,11:00,1156.0,85,48.2,13.6
+2,2.25,2.5,11:00,1156.0,85,48.2,13.6
+2,3.75,2.75,11:00,1156.0,85,48.2,13.6
+2,4.75,3.75,11:00,1156.0,85,48.2,13.6
+2,4.75,3.25,11:00,1156.0,85,48.2,13.6
+2,3.5,3.5,11:00,1156.0,85,48.2,13.6
+2,3.5,3.0,11:00,1156.0,85,48.2,13.6
+2,5.0,2.5,11:00,1156.0,85,48.2,13.6
+2,3.5,2.75,11:00,1156.0,85,48.2,13.6
+2,3.5,2.5,11:00,1156.0,85,48.2,13.6
+2,4.5,3.25,11:00,1156.0,85,48.2,13.6
+2,2.75,3.5,11:00,1156.0,85,48.2,13.6
+2,4.5,2.75,11:00,1156.0,85,48.2,13.6
+2,2.75,2.75,11:00,1156.0,85,48.2,13.6
+2,2.75,2.5,11:00,1156.0,85,48.2,13.6
+2,2.25,3.5,11:00,1156.0,85,48.2,13.6
+2,4.5,2.5,11:00,1156.0,85,48.2,13.6
+2,3.5,3.75,11:00,1156.0,85,48.2,13.6
+2,2.0,2.25,11:00,1156.0,85,48.2,13.6
+2,2.0,2.75,11:00,1156.0,85,48.2,13.6
+2,2.75,2.25,11:00,1156.0,85,48.2,13.6
+2,2.25,3.0,11:00,1156.0,85,48.2,13.6
+2,3.5,4.0,11:00,1156.0,85,48.2,13.6
+2,3.5,4.5,11:00,1156.0,85,48.2,13.6
+2,4.25,5.0,11:00,1156.0,85,48.2,13.6
+2,3.0,3.5,11:00,1156.0,85,48.2,13.6
+2,2.0,3.75,11:00,1156.0,85,48.2,13.6
+2,4.75,4.5,11:00,1156.0,85,48.2,13.6
+2,2.5,3.5,11:00,1156.0,85,48.2,13.6
+2,2.5,4.25,11:00,1156.0,85,48.2,13.6
+2,2.5,3.0,11:00,1156.0,85,48.2,13.6
+2,4.75,4.25,11:00,1156.0,85,48.2,13.6
+2,3.0,3.0,11:00,1156.0,85,48.2,13.6
+2,3.75,3.5,11:00,1156.0,85,48.2,13.6
+2,3.0,2.5,11:00,1156.0,85,48.2,13.6
+2,3.75,3.75,11:00,1156.0,85,48.2,13.6
+2,3.25,4.75,11:00,1156.0,85,48.2,13.6
+2,2.5,2.75,11:00,1156.0,85,48.2,13.6
+2,2.5,3.75,11:00,1156.0,85,48.2,13.6
+2,4.75,4.75,11:00,1156.0,85,48.2,13.6
+2,3.25,3.5,11:00,1156.0,85,48.2,13.6
+2,3.5,4.75,11:00,1156.0,85,48.2,13.6
+2,2.5,3.25,11:00,1156.0,85,48.2,13.6
+2,5.0,2.75,11:00,1156.0,85,48.2,13.6
+2,2.0,4.25,11:00,1156.0,85,48.2,13.6
+2,2.25,5.0,11:00,1156.0,85,48.2,13.6
+2,3.75,3.0,11:00,1156.0,85,48.2,13.6
+2,3.75,2.5,11:00,1156.0,85,48.2,13.6
+2,4.75,2.5,11:00,1156.0,85,48.2,13.6
+2,3.75,3.25,11:00,1156.0,85,48.2,13.6
+2,4.0,3.25,11:00,1156.0,85,48.2,13.6
+2,3.25,2.25,11:00,1156.0,85,48.2,13.6
+2,2.25,4.0,11:00,1156.0,85,48.2,13.6
+2,3.0,5.0,11:00,1156.0,85,48.2,13.6
+2,3.0,4.0,11:00,1156.0,85,48.2,13.6
+2,5.0,3.0,11:00,1156.0,85,48.2,13.6
+2,5.0,5.0,11:00,1156.0,85,48.2,13.6
+2,2.0,3.5,11:00,1156.0,85,48.2,13.6
+2,2.0,4.0,11:00,1156.0,85,48.2,13.6
+2,3.25,2.5,11:00,1156.0,85,48.2,13.6
+2,3.25,2.75,11:00,1156.0,85,48.2,13.6
+2,3.75,4.25,11:00,1156.0,85,48.2,13.6
+2,4.0,4.25,11:00,1156.0,85,48.2,13.6
+2,2.75,4.0,11:00,1156.0,85,48.2,13.6
+2,3.0,3.75,11:00,1156.0,85,48.2,13.6
+2,3.75,4.0,11:00,1156.0,85,48.2,13.6
+2,4.75,5.0,11:00,1156.0,85,48.2,13.6
+2,2.0,3.0,11:00,1156.0,85,48.2,13.6
+2,2.0,3.25,11:00,1156.0,85,48.2,13.6
+2,2.75,5.0,11:00,1156.0,85,48.2,13.6
+2,3.75,4.5,11:00,1156.0,85,48.2,13.6
+2,3.0,4.5,11:00,1156.0,85,48.2,13.6
+2,5.0,4.5,11:00,1156.0,85,48.2,13.6
+2,4.0,5.0,11:00,1156.0,85,48.2,13.6
+2,4.0,4.75,11:00,1156.0,85,48.2,13.6
+2,3.0,4.25,11:00,1156.0,85,48.2,13.6
+2,3.0,3.25,11:00,1156.0,85,48.2,13.6
+2,2.25,4.25,11:00,1156.0,85,48.2,13.6
+2,2.5,2.5,11:00,1156.0,85,48.2,13.6
+2,4.5,3.75,11:00,1156.0,85,48.2,13.6
+2,3.5,2.25,11:00,1156.0,85,48.2,13.6
+2,2.75,3.0,11:00,1156.0,85,48.2,13.6
+2,4.5,3.0,11:00,1156.0,85,48.2,13.6
+2,5.0,2.25,11:00,1156.0,85,48.2,13.6
+2,2.0,2.5,11:00,1156.0,85,48.2,13.6
+2,2.25,3.25,11:00,1156.0,85,48.2,13.6
+2,4.0,3.0,11:00,1156.0,85,48.2,13.6
+2,2.25,3.75,11:00,1156.0,85,48.2,13.6
+2,4.0,4.5,11:00,1156.0,85,48.2,13.6
+2,3.75,4.75,11:00,1156.0,85,48.2,13.6
+2,2.75,4.5,11:00,1156.0,85,48.2,13.6
+2,4.5,4.75,11:00,1156.0,85,48.2,13.6
+2,4.5,4.25,11:00,1156.0,85,48.2,13.6
+2,3.5,4.25,11:00,1156.0,85,48.2,13.6
+2,3.0,4.75,11:00,1156.0,85,48.2,13.6
+2,4.0,3.5,11:00,1156.0,85,48.2,13.6
+2,4.0,4.0,11:00,1156.0,85,48.2,13.6
+2,2.25,4.5,11:00,1156.0,85,48.2,13.6
+2,3.75,5.0,11:00,1156.0,85,48.2,13.6
+2,4.5,2.25,11:00,1156.0,85,48.2,13.6
+2,2.75,3.75,11:00,1156.0,85,48.2,13.6
+2,4.0,2.5,11:00,1156.0,85,48.2,13.6
+2,4.0,2.25,11:00,1156.0,85,48.2,13.6
+2,4.5,4.5,11:00,1156.0,85,48.2,13.6
+2,2.5,2.25,11:00,1156.0,85,48.2,13.6
+2,2.75,4.25,11:00,1156.0,85,48.2,13.6
+2,4.0,2.75,11:00,1156.0,85,48.2,13.6
+2,4.0,3.75,11:00,1156.0,85,48.2,13.6
+2,4.5,5.0,11:00,1156.0,85,48.2,13.6
+2,4.5,3.5,11:00,1156.0,85,48.2,13.6
+2,3.5,3.25,11:00,1156.0,85,48.2,13.6
+2,2.75,3.25,11:00,1156.0,85,48.2,13.6
+2,4.5,4.0,11:00,1156.0,85,48.2,13.6
+2,3.5,1.75,11:00,1154.0,85,48.2,13.58
+2,5.0,1.75,11:00,1154.0,85,48.2,13.58
+2,4.5,1.75,11:00,1154.0,85,48.2,13.58
+2,4.75,1.75,11:00,1154.0,85,48.2,13.58
+2,3.0,1.75,11:00,1154.0,85,48.2,13.58
+2,2.25,1.75,11:00,1154.0,85,48.2,13.58
+2,3.75,1.75,11:00,1154.0,85,48.2,13.58
+2,2.5,1.75,11:00,1154.0,85,48.2,13.58
+2,3.25,1.75,11:00,1154.0,85,48.2,13.58
+2,2.0,1.75,11:00,1154.0,85,48.2,13.58
+2,4.25,1.75,11:00,1154.0,85,48.2,13.58
+2,2.75,1.75,11:00,1154.0,85,48.2,13.58
+2,4.0,1.75,11:00,1154.0,85,48.2,13.58
+2,3.75,2.0,11:00,1153.0,85,48.2,13.56
+2,4.75,2.0,11:00,1153.0,85,48.2,13.56
+2,0.5,1.5,14:00,1153.0,85,58.8,13.56
+2,3.0,2.0,11:00,1153.0,85,48.2,13.56
+2,2.25,2.0,11:00,1153.0,85,48.2,13.56
+2,4.25,2.0,11:00,1153.0,85,48.2,13.56
+2,2.75,2.0,11:00,1153.0,85,48.2,13.56
+2,2.0,2.0,11:00,1153.0,85,48.2,13.56
+2,5.0,2.0,11:00,1153.0,85,48.2,13.56
+2,3.5,2.0,11:00,1153.0,85,48.2,13.56
+2,4.5,2.0,11:00,1153.0,85,48.2,13.56
+2,2.5,2.0,11:00,1153.0,85,48.2,13.56
+2,3.25,2.0,11:00,1153.0,85,48.2,13.56
+2,4.0,2.0,11:00,1153.0,85,48.2,13.56
+2,0.5,1.0,13:30,1153.0,85,58.8,13.56
+3,1.0,1.0,11:00,1151.0,85,45.9,13.54
+3,0.5,1.25,14:30,1151.0,85,58.8,13.54
+3,0.75,0.5,10:30,1150.0,85,37.6,13.53
+2,3.25,1.25,11:30,1147.0,85,44.7,13.49
+2,3.0,1.25,11:30,1147.0,85,44.7,13.49
+2,2.75,1.25,11:30,1147.0,85,44.7,13.49
+2,4.0,1.25,11:30,1147.0,85,44.7,13.49
+2,3.75,1.25,11:30,1147.0,85,44.7,13.49
+2,2.25,1.25,11:30,1147.0,85,44.7,13.49
+2,5.0,1.25,11:30,1147.0,85,44.7,13.49
+2,4.5,1.25,11:30,1147.0,85,44.7,13.49
+2,4.75,1.25,11:30,1147.0,85,44.7,13.49
+2,2.0,1.25,11:30,1147.0,85,44.7,13.49
+2,4.25,1.25,11:30,1147.0,85,44.7,13.49
+2,2.5,1.25,11:30,1147.0,85,44.7,13.49
+2,3.5,1.25,11:30,1147.0,85,44.7,13.49
+2,4.0,1.0,12:30,1146.0,85,43.5,13.48
+2,4.25,1.0,12:30,1146.0,85,43.5,13.48
+2,2.5,1.0,12:30,1146.0,85,43.5,13.48
+2,5.0,1.0,12:30,1146.0,85,43.5,13.48
+2,2.25,1.0,12:30,1146.0,85,43.5,13.48
+2,3.75,1.0,12:30,1146.0,85,43.5,13.48
+2,4.75,1.0,12:30,1146.0,85,43.5,13.48
+2,4.5,1.0,12:30,1146.0,85,43.5,13.48
+2,2.0,1.0,12:30,1146.0,85,43.5,13.48
+2,2.75,1.0,12:30,1146.0,85,43.5,13.48
+2,3.25,1.0,12:30,1146.0,85,43.5,13.48
+2,3.5,1.0,12:30,1146.0,85,43.5,13.48
+2,3.0,1.0,12:30,1146.0,85,43.5,13.48
+2,0.5,1.75,14:00,1142.0,85,58.8,13.44
+3,1.5,1.5,15:00,1141.0,85,32.9,13.42
+2,3.75,1.5,11:30,1140.0,85,44.7,13.41
+3,3.25,1.25,12:30,1140.0,85,40.0,13.41
+3,4.0,1.25,12:30,1140.0,85,40.0,13.41
+3,4.75,1.25,12:30,1140.0,85,40.0,13.41
+3,4.25,1.25,12:30,1140.0,85,40.0,13.41
+2,2.25,1.5,11:30,1140.0,85,44.7,13.41
+2,3.5,1.5,11:30,1140.0,85,44.7,13.41
+3,2.25,1.25,12:30,1140.0,85,40.0,13.41
+3,4.5,1.25,12:30,1140.0,85,40.0,13.41
+2,4.25,1.5,11:30,1140.0,85,44.7,13.41
+3,3.0,1.25,12:30,1140.0,85,40.0,13.41
+2,2.75,1.5,11:30,1140.0,85,44.7,13.41
+3,3.75,1.25,12:30,1140.0,85,40.0,13.41
+2,5.0,1.5,11:30,1140.0,85,44.7,13.41
+2,4.5,1.5,11:30,1140.0,85,44.7,13.41
+2,4.75,1.5,11:30,1140.0,85,44.7,13.41
+3,3.5,1.25,12:30,1140.0,85,40.0,13.41
+2,2.5,1.5,11:30,1140.0,85,44.7,13.41
+2,4.0,1.5,11:30,1140.0,85,44.7,13.41
+3,5.0,1.25,12:30,1140.0,85,40.0,13.41
+3,2.75,1.25,12:30,1140.0,85,40.0,13.41
+2,3.25,1.5,11:30,1140.0,85,44.7,13.41
+2,3.0,1.5,11:30,1140.0,85,44.7,13.41
+2,2.0,1.5,11:30,1140.0,85,44.7,13.41
+3,2.5,1.25,12:30,1140.0,85,40.0,13.41
+3,2.0,1.25,12:30,1140.0,85,40.0,13.41
+3,4.0,1.25,11:30,1139.0,85,45.9,13.4
+3,2.0,1.25,11:30,1139.0,85,45.9,13.4
+3,2.5,1.25,11:30,1139.0,85,45.9,13.4
+3,3.5,1.25,11:30,1139.0,85,45.9,13.4
+3,3.25,1.25,11:30,1139.0,85,45.9,13.4
+3,2.75,1.25,11:30,1139.0,85,45.9,13.4
+3,3.0,1.25,11:30,1139.0,85,45.9,13.4
+3,2.25,1.25,11:30,1139.0,85,45.9,13.4
+3,4.75,1.25,11:30,1139.0,85,45.9,13.4
+3,4.5,1.25,11:30,1139.0,85,45.9,13.4
+3,3.75,1.25,11:30,1139.0,85,45.9,13.4
+3,4.25,1.25,11:30,1139.0,85,45.9,13.4
+3,5.0,1.25,11:30,1139.0,85,45.9,13.4
+3,1.75,0.5,12:30,1139.0,85,35.3,13.4
+3,1.5,0.5,12:30,1139.0,85,35.3,13.4
+2,0.5,2.0,14:00,1138.0,85,58.8,13.39
+3,4.25,1.5,11:30,1135.0,85,45.9,13.35
+3,3.0,1.5,11:30,1135.0,85,45.9,13.35
+3,2.75,1.5,11:30,1135.0,85,45.9,13.35
+3,2.25,1.5,11:30,1135.0,85,45.9,13.35
+3,3.5,1.5,11:30,1135.0,85,45.9,13.35
+3,4.75,1.5,11:30,1135.0,85,45.9,13.35
+3,4.5,1.5,11:30,1135.0,85,45.9,13.35
+3,5.0,1.5,11:30,1135.0,85,45.9,13.35
+3,2.5,1.5,11:30,1135.0,85,45.9,13.35
+3,4.0,1.5,11:30,1135.0,85,45.9,13.35
+3,3.25,1.5,11:30,1135.0,85,45.9,13.35
+3,2.0,1.5,11:30,1135.0,85,45.9,13.35
+3,3.75,1.5,11:30,1135.0,85,45.9,13.35
+2,5.0,1.75,11:30,1134.0,85,44.7,13.34
+2,4.0,1.75,11:30,1134.0,85,44.7,13.34
+2,4.75,1.75,11:30,1134.0,85,44.7,13.34
+2,0.5,3.25,14:00,1134.0,85,58.8,13.34
+2,4.5,1.75,11:30,1134.0,85,44.7,13.34
+2,3.25,1.75,11:30,1134.0,85,44.7,13.34
+2,2.0,1.75,11:30,1134.0,85,44.7,13.34
+2,2.75,1.75,11:30,1134.0,85,44.7,13.34
+2,3.0,1.75,11:30,1134.0,85,44.7,13.34
+2,2.25,1.75,11:30,1134.0,85,44.7,13.34
+2,2.5,1.75,11:30,1134.0,85,44.7,13.34
+2,3.5,1.75,11:30,1134.0,85,44.7,13.34
+2,4.25,1.75,11:30,1134.0,85,44.7,13.34
+2,3.75,1.75,11:30,1134.0,85,44.7,13.34
+2,3.75,2.0,11:30,1133.0,85,44.7,13.33
+2,4.75,2.0,11:30,1133.0,85,44.7,13.33
+2,2.5,2.0,11:30,1133.0,85,44.7,13.33
+2,3.25,2.0,11:30,1133.0,85,44.7,13.33
+2,4.0,2.0,11:30,1133.0,85,44.7,13.33
+2,5.0,2.0,11:30,1133.0,85,44.7,13.33
+2,2.25,2.0,11:30,1133.0,85,44.7,13.33
+3,0.5,1.5,14:30,1133.0,85,58.8,13.33
+2,3.0,2.0,11:30,1133.0,85,44.7,13.33
+2,4.5,2.0,11:30,1133.0,85,44.7,13.33
+2,0.5,2.75,14:00,1133.0,85,58.8,13.33
+2,3.5,2.0,11:30,1133.0,85,44.7,13.33
+2,0.5,2.25,14:00,1133.0,85,58.8,13.33
+2,4.25,2.0,11:30,1133.0,85,44.7,13.33
+2,2.75,2.0,11:30,1133.0,85,44.7,13.33
+2,2.0,2.0,11:30,1133.0,85,44.7,13.33
+2,0.5,4.0,14:00,1132.0,85,58.8,13.32
+2,0.5,5.0,14:00,1132.0,85,58.8,13.32
+2,0.5,4.75,14:00,1132.0,85,58.8,13.32
+2,0.5,4.5,14:00,1132.0,85,58.8,13.32
+2,0.5,4.25,14:00,1132.0,85,58.8,13.32
+2,0.5,3.0,14:00,1132.0,85,58.8,13.32
+2,0.5,2.5,14:00,1132.0,85,58.8,13.32
+2,0.5,3.75,14:00,1132.0,85,58.8,13.32
+2,0.5,3.5,14:00,1132.0,85,58.8,13.32
+3,1.5,1.75,15:00,1130.0,85,32.9,13.29
+2,4.5,2.25,11:30,1129.0,85,44.7,13.28
+3,2.5,1.5,12:30,1129.0,85,40.0,13.28
+3,3.75,1.75,11:30,1129.0,85,45.9,13.28
+3,3.0,1.5,12:30,1129.0,85,40.0,13.28
+3,4.5,2.0,11:30,1129.0,85,45.9,13.28
+2,5.0,2.25,11:30,1129.0,85,44.7,13.28
+3,3.25,1.5,12:30,1129.0,85,40.0,13.28
+3,5.0,1.75,11:30,1129.0,85,45.9,13.28
+3,4.25,1.5,12:30,1129.0,85,40.0,13.28
+3,2.0,1.75,11:30,1129.0,85,45.9,13.28
+2,3.25,2.75,11:30,1129.0,85,44.7,13.28
+2,2.25,2.75,11:30,1129.0,85,44.7,13.28
+2,2.25,2.25,11:30,1129.0,85,44.7,13.28
+3,5.0,1.5,12:30,1129.0,85,40.0,13.28
+3,2.5,2.0,11:30,1129.0,85,45.9,13.28
+2,4.0,2.25,11:30,1129.0,85,44.7,13.28
+3,4.75,2.0,11:30,1129.0,85,45.9,13.28
+3,3.0,1.75,11:30,1129.0,85,45.9,13.28
+3,4.25,2.0,11:30,1129.0,85,45.9,13.28
+3,4.25,1.75,11:30,1129.0,85,45.9,13.28
+2,4.0,2.75,11:30,1129.0,85,44.7,13.28
+3,4.0,1.5,12:30,1129.0,85,40.0,13.28
+2,3.5,2.25,11:30,1129.0,85,44.7,13.28
+2,3.25,2.25,11:30,1129.0,85,44.7,13.28
+3,3.5,2.0,11:30,1129.0,85,45.9,13.28
+3,3.75,1.5,12:30,1129.0,85,40.0,13.28
+2,3.0,2.75,11:30,1129.0,85,44.7,13.28
+3,3.5,1.75,11:30,1129.0,85,45.9,13.28
+3,5.0,2.0,11:30,1129.0,85,45.9,13.28
+2,4.25,2.25,11:30,1129.0,85,44.7,13.28
+2,3.0,2.25,11:30,1129.0,85,44.7,13.28
+2,3.75,2.25,11:30,1129.0,85,44.7,13.28
+3,0.75,0.75,10:30,1129.0,85,38.8,13.28
+2,4.25,2.75,11:30,1129.0,85,44.7,13.28
+3,3.5,1.5,12:30,1129.0,85,40.0,13.28
+3,2.25,1.75,11:30,1129.0,85,45.9,13.28
+3,4.0,2.0,11:30,1129.0,85,45.9,13.28
+3,2.75,1.5,12:30,1129.0,85,40.0,13.28
+3,2.75,1.75,11:30,1129.0,85,45.9,13.28
+2,3.5,2.75,11:30,1129.0,85,44.7,13.28
+3,2.0,2.0,11:30,1129.0,85,45.9,13.28
+3,2.0,1.5,12:30,1129.0,85,40.0,13.28
+2,4.5,2.75,11:30,1129.0,85,44.7,13.28
+3,2.5,1.75,11:30,1129.0,85,45.9,13.28
+3,2.75,2.0,11:30,1129.0,85,45.9,13.28
+2,2.0,2.25,11:30,1129.0,85,44.7,13.28
+2,2.0,2.75,11:30,1129.0,85,44.7,13.28
+2,2.5,2.75,11:30,1129.0,85,44.7,13.28
+3,4.75,1.5,12:30,1129.0,85,40.0,13.28
+3,4.75,1.75,11:30,1129.0,85,45.9,13.28
+3,3.75,2.0,11:30,1129.0,85,45.9,13.28
+3,3.0,2.0,11:30,1129.0,85,45.9,13.28
+3,2.25,2.0,11:30,1129.0,85,45.9,13.28
+3,3.25,2.0,11:30,1129.0,85,45.9,13.28
+2,2.75,2.25,11:30,1129.0,85,44.7,13.28
+3,2.25,1.5,12:30,1129.0,85,40.0,13.28
+2,2.75,2.75,11:30,1129.0,85,44.7,13.28
+3,4.0,1.75,11:30,1129.0,85,45.9,13.28
+2,3.75,2.75,11:30,1129.0,85,44.7,13.28
+3,4.5,1.75,11:30,1129.0,85,45.9,13.28
+2,5.0,2.75,11:30,1129.0,85,44.7,13.28
+3,3.25,1.75,11:30,1129.0,85,45.9,13.28
+2,4.75,2.75,11:30,1129.0,85,44.7,13.28
+2,2.5,2.25,11:30,1129.0,85,44.7,13.28
+3,4.5,1.5,12:30,1129.0,85,40.0,13.28
+2,4.75,2.25,11:30,1129.0,85,44.7,13.28
+2,4.5,4.75,11:30,1128.0,85,44.7,13.27
+2,3.75,4.0,11:30,1128.0,85,44.7,13.27
+2,2.0,2.5,11:30,1128.0,85,44.7,13.27
+2,3.5,2.5,11:30,1128.0,85,44.7,13.27
+2,3.5,3.0,11:30,1128.0,85,44.7,13.27
+2,3.5,3.5,11:30,1128.0,85,44.7,13.27
+2,3.5,4.0,11:30,1128.0,85,44.7,13.27
+2,4.0,3.5,11:30,1128.0,85,44.7,13.27
+2,4.0,5.0,11:30,1128.0,85,44.7,13.27
+2,5.0,2.5,11:30,1128.0,85,44.7,13.27
+2,2.75,4.75,11:30,1128.0,85,44.7,13.27
+2,3.5,4.75,11:30,1128.0,85,44.7,13.27
+2,5.0,4.5,11:30,1128.0,85,44.7,13.27
+2,2.75,3.5,11:30,1128.0,85,44.7,13.27
+2,4.5,3.25,11:30,1128.0,85,44.7,13.27
+2,2.75,4.25,11:30,1128.0,85,44.7,13.27
+2,4.5,4.0,11:30,1128.0,85,44.7,13.27
+2,4.25,3.0,11:30,1128.0,85,44.7,13.27
+2,4.25,3.75,11:30,1128.0,85,44.7,13.27
+2,2.25,4.75,11:30,1128.0,85,44.7,13.27
+2,3.25,4.25,11:30,1128.0,85,44.7,13.27
+2,3.75,2.5,11:30,1128.0,85,44.7,13.27
+2,3.0,3.0,11:30,1128.0,85,44.7,13.27
+2,3.25,4.5,11:30,1128.0,85,44.7,13.27
+2,3.0,3.5,11:30,1128.0,85,44.7,13.27
+2,5.0,3.25,11:30,1128.0,85,44.7,13.27
+2,5.0,3.0,11:30,1128.0,85,44.7,13.27
+2,4.25,5.0,11:30,1128.0,85,44.7,13.27
+2,3.25,3.0,11:30,1128.0,85,44.7,13.27
+2,4.75,4.75,11:30,1128.0,85,44.7,13.27
+2,2.5,3.75,11:30,1128.0,85,44.7,13.27
+2,2.25,3.75,11:30,1128.0,85,44.7,13.27
+2,2.75,4.5,11:30,1128.0,85,44.7,13.27
+2,2.5,3.5,11:30,1128.0,85,44.7,13.27
+2,3.75,3.5,11:30,1128.0,85,44.7,13.27
+2,3.0,3.25,11:30,1128.0,85,44.7,13.27
+2,3.0,4.5,11:30,1128.0,85,44.7,13.27
+2,2.0,4.0,11:30,1128.0,85,44.7,13.27
+2,4.75,4.5,11:30,1128.0,85,44.7,13.27
+2,3.25,3.5,11:30,1128.0,85,44.7,13.27
+2,3.75,3.75,11:30,1128.0,85,44.7,13.27
+2,2.0,4.25,11:30,1128.0,85,44.7,13.27
+2,3.0,4.25,11:30,1128.0,85,44.7,13.27
+2,2.5,3.0,11:30,1128.0,85,44.7,13.27
+2,3.75,4.5,11:30,1128.0,85,44.7,13.27
+2,3.0,4.75,11:30,1128.0,85,44.7,13.27
+2,4.75,5.0,11:30,1128.0,85,44.7,13.27
+2,2.0,5.0,11:30,1128.0,85,44.7,13.27
+2,4.5,4.25,11:30,1128.0,85,44.7,13.27
+2,4.0,4.75,11:30,1128.0,85,44.7,13.27
+2,3.0,3.75,11:30,1128.0,85,44.7,13.27
+2,2.0,3.0,11:30,1128.0,85,44.7,13.27
+2,4.0,4.25,11:30,1128.0,85,44.7,13.27
+2,4.0,4.5,11:30,1128.0,85,44.7,13.27
+2,3.0,4.0,11:30,1128.0,85,44.7,13.27
+2,3.75,4.75,11:30,1128.0,85,44.7,13.27
+2,2.5,3.25,11:30,1128.0,85,44.7,13.27
+2,3.5,5.0,11:30,1128.0,85,44.7,13.27
+2,2.0,3.5,11:30,1128.0,85,44.7,13.27
+2,3.25,2.5,11:30,1128.0,85,44.7,13.27
+2,3.75,4.25,11:30,1128.0,85,44.7,13.27
+2,3.75,5.0,11:30,1128.0,85,44.7,13.27
+2,4.25,4.75,11:30,1128.0,85,44.7,13.27
+2,2.5,4.75,11:30,1128.0,85,44.7,13.27
+2,2.25,3.25,11:30,1128.0,85,44.7,13.27
+2,2.75,3.25,11:30,1128.0,85,44.7,13.27
+2,3.25,4.0,11:30,1128.0,85,44.7,13.27
+2,3.25,3.25,11:30,1128.0,85,44.7,13.27
+2,3.75,3.25,11:30,1128.0,85,44.7,13.27
+2,3.25,3.75,11:30,1128.0,85,44.7,13.27
+2,4.0,2.5,11:30,1128.0,85,44.7,13.27
+2,4.0,4.0,11:30,1128.0,85,44.7,13.27
+2,4.25,3.5,11:30,1128.0,85,44.7,13.27
+2,2.25,3.5,11:30,1128.0,85,44.7,13.27
+2,4.75,3.75,11:30,1128.0,85,44.7,13.27
+2,4.75,4.25,11:30,1128.0,85,44.7,13.27
+2,2.0,3.25,11:30,1128.0,85,44.7,13.27
+2,2.5,4.25,11:30,1128.0,85,44.7,13.27
+3,1.0,1.25,11:00,1128.0,85,45.9,13.27
+2,2.5,2.5,11:30,1128.0,85,44.7,13.27
+2,2.0,4.5,11:30,1128.0,85,44.7,13.27
+2,2.25,4.25,11:30,1128.0,85,44.7,13.27
+2,2.75,5.0,11:30,1128.0,85,44.7,13.27
+2,3.5,4.25,11:30,1128.0,85,44.7,13.27
+2,5.0,4.75,11:30,1128.0,85,44.7,13.27
+2,2.75,3.75,11:30,1128.0,85,44.7,13.27
+2,3.25,4.75,11:30,1128.0,85,44.7,13.27
+2,4.75,4.0,11:30,1128.0,85,44.7,13.27
+2,3.25,5.0,11:30,1128.0,85,44.7,13.27
+2,5.0,3.75,11:30,1128.0,85,44.7,13.27
+2,5.0,4.25,11:30,1128.0,85,44.7,13.27
+2,4.5,5.0,11:30,1128.0,85,44.7,13.27
+2,4.5,4.5,11:30,1128.0,85,44.7,13.27
+2,2.25,5.0,11:30,1128.0,85,44.7,13.27
+2,2.0,4.75,11:30,1128.0,85,44.7,13.27
+2,2.75,2.5,11:30,1128.0,85,44.7,13.27
+2,3.75,3.0,11:30,1128.0,85,44.7,13.27
+2,4.75,3.5,11:30,1128.0,85,44.7,13.27
+2,5.0,4.0,11:30,1128.0,85,44.7,13.27
+2,3.0,2.5,11:30,1128.0,85,44.7,13.27
+2,5.0,3.5,11:30,1128.0,85,44.7,13.27
+2,2.25,4.0,11:30,1128.0,85,44.7,13.27
+2,4.25,4.25,11:30,1128.0,85,44.7,13.27
+2,4.75,2.5,11:30,1128.0,85,44.7,13.27
+2,4.25,4.5,11:30,1128.0,85,44.7,13.27
+2,2.0,3.75,11:30,1128.0,85,44.7,13.27
+2,3.5,3.75,11:30,1128.0,85,44.7,13.27
+2,4.5,3.5,11:30,1128.0,85,44.7,13.27
+2,2.75,3.0,11:30,1128.0,85,44.7,13.27
+2,3.5,3.25,11:30,1128.0,85,44.7,13.27
+2,4.25,3.25,11:30,1128.0,85,44.7,13.27
+2,5.0,5.0,11:30,1128.0,85,44.7,13.27
+2,2.25,4.5,11:30,1128.0,85,44.7,13.27
+2,4.5,3.75,11:30,1128.0,85,44.7,13.27
+2,4.5,2.5,11:30,1128.0,85,44.7,13.27
+2,4.25,2.5,11:30,1128.0,85,44.7,13.27
+2,2.5,4.0,11:30,1128.0,85,44.7,13.27
+2,4.0,3.75,11:30,1128.0,85,44.7,13.27
+2,2.75,4.0,11:30,1128.0,85,44.7,13.27
+2,4.75,3.25,11:30,1128.0,85,44.7,13.27
+2,3.5,4.5,11:30,1128.0,85,44.7,13.27
+2,2.5,5.0,11:30,1128.0,85,44.7,13.27
+2,2.5,4.5,11:30,1128.0,85,44.7,13.27
+2,4.75,3.0,11:30,1128.0,85,44.7,13.27
+2,4.25,4.0,11:30,1128.0,85,44.7,13.27
+2,4.0,3.0,11:30,1128.0,85,44.7,13.27
+2,3.0,5.0,11:30,1128.0,85,44.7,13.27
+2,2.25,2.5,11:30,1128.0,85,44.7,13.27
+2,2.25,3.0,11:30,1128.0,85,44.7,13.27
+2,4.5,3.0,11:30,1128.0,85,44.7,13.27
+2,4.0,3.25,11:30,1128.0,85,44.7,13.27
+3,2.0,2.25,11:30,1127.0,85,45.9,13.26
+3,3.25,2.25,11:30,1127.0,85,45.9,13.26
+3,1.5,2.0,15:00,1127.0,85,32.9,13.26
+3,2.75,2.25,11:30,1127.0,85,45.9,13.26
+3,4.75,2.25,11:30,1127.0,85,45.9,13.26
+3,3.0,2.25,11:30,1127.0,85,45.9,13.26
+3,3.5,2.25,11:30,1127.0,85,45.9,13.26
+3,4.5,2.25,11:30,1127.0,85,45.9,13.26
+3,4.0,2.25,11:30,1127.0,85,45.9,13.26
+3,2.25,2.25,11:30,1127.0,85,45.9,13.26
+3,5.0,2.25,11:30,1127.0,85,45.9,13.26
+3,3.75,2.25,11:30,1127.0,85,45.9,13.26
+3,4.25,2.25,11:30,1127.0,85,45.9,13.26
+3,2.5,2.25,11:30,1127.0,85,45.9,13.26
+3,2.75,2.75,11:30,1126.0,85,45.9,13.25
+3,2.5,2.75,11:30,1126.0,85,45.9,13.25
+3,4.25,2.5,11:30,1126.0,85,45.9,13.25
+3,3.25,2.75,11:30,1126.0,85,45.9,13.25
+3,3.0,2.5,11:30,1126.0,85,45.9,13.25
+3,4.25,2.75,11:30,1126.0,85,45.9,13.25
+3,4.0,2.75,11:30,1126.0,85,45.9,13.25
+3,5.0,2.75,11:30,1126.0,85,45.9,13.25
+3,3.5,2.75,11:30,1126.0,85,45.9,13.25
+3,4.75,2.75,11:30,1126.0,85,45.9,13.25
+3,3.75,2.5,11:30,1126.0,85,45.9,13.25
+3,2.0,2.5,11:30,1126.0,85,45.9,13.25
+3,2.25,2.75,11:30,1126.0,85,45.9,13.25
+3,2.25,2.5,11:30,1126.0,85,45.9,13.25
+3,4.5,2.5,11:30,1126.0,85,45.9,13.25
+3,2.0,2.75,11:30,1126.0,85,45.9,13.25
+3,3.25,2.5,11:30,1126.0,85,45.9,13.25
+3,4.0,2.5,11:30,1126.0,85,45.9,13.25
+3,3.75,2.75,11:30,1126.0,85,45.9,13.25
+3,2.75,2.5,11:30,1126.0,85,45.9,13.25
+3,3.0,2.75,11:30,1126.0,85,45.9,13.25
+3,2.5,2.5,11:30,1126.0,85,45.9,13.25
+3,4.5,2.75,11:30,1126.0,85,45.9,13.25
+3,5.0,2.5,11:30,1126.0,85,45.9,13.25
+3,3.5,2.5,11:30,1126.0,85,45.9,13.25
+3,4.75,2.5,11:30,1126.0,85,45.9,13.25
+3,3.5,4.25,11:30,1125.0,85,45.9,13.24
+3,4.5,4.75,11:30,1125.0,85,45.9,13.24
+3,3.5,3.5,11:30,1125.0,85,45.9,13.24
+3,5.0,5.0,11:30,1125.0,85,45.9,13.24
+3,5.0,4.75,11:30,1125.0,85,45.9,13.24
+3,2.75,4.5,11:30,1125.0,85,45.9,13.24
+3,5.0,4.25,11:30,1125.0,85,45.9,13.24
+3,2.75,3.0,11:30,1125.0,85,45.9,13.24
+3,5.0,4.5,11:30,1125.0,85,45.9,13.24
+3,4.0,3.25,11:30,1125.0,85,45.9,13.24
+3,5.0,3.75,11:30,1125.0,85,45.9,13.24
+3,2.5,3.75,11:30,1125.0,85,45.9,13.24
+3,2.5,3.25,11:30,1125.0,85,45.9,13.24
+3,2.75,4.0,11:30,1125.0,85,45.9,13.24
+3,4.75,3.25,11:30,1125.0,85,45.9,13.24
+3,2.0,3.5,11:30,1125.0,85,45.9,13.24
+3,2.5,3.5,11:30,1125.0,85,45.9,13.24
+3,4.75,3.0,11:30,1125.0,85,45.9,13.24
+3,3.25,3.25,11:30,1125.0,85,45.9,13.24
+3,4.5,4.5,11:30,1125.0,85,45.9,13.24
+3,2.25,4.0,11:30,1125.0,85,45.9,13.24
+3,2.25,4.25,11:30,1125.0,85,45.9,13.24
+3,2.0,4.25,11:30,1125.0,85,45.9,13.24
+3,3.0,4.0,11:30,1125.0,85,45.9,13.24
+3,2.0,3.0,11:30,1125.0,85,45.9,13.24
+3,4.25,4.0,11:30,1125.0,85,45.9,13.24
+3,4.25,4.75,11:30,1125.0,85,45.9,13.24
+3,3.75,4.0,11:30,1125.0,85,45.9,13.24
+3,3.5,4.0,11:30,1125.0,85,45.9,13.24
+3,2.5,4.75,11:30,1125.0,85,45.9,13.24
+3,3.0,4.5,11:30,1125.0,85,45.9,13.24
+3,2.75,5.0,11:30,1125.0,85,45.9,13.24
+3,2.25,4.5,11:30,1125.0,85,45.9,13.24
+3,3.5,3.75,11:30,1125.0,85,45.9,13.24
+3,3.0,3.0,11:30,1125.0,85,45.9,13.24
+3,3.25,4.0,11:30,1125.0,85,45.9,13.24
+3,2.25,4.75,11:30,1125.0,85,45.9,13.24
+3,2.25,5.0,11:30,1125.0,85,45.9,13.24
+3,4.0,4.25,11:30,1125.0,85,45.9,13.24
+3,3.0,3.75,11:30,1125.0,85,45.9,13.24
+3,3.75,4.25,11:30,1125.0,85,45.9,13.24
+3,4.75,4.75,11:30,1125.0,85,45.9,13.24
+3,3.25,4.75,11:30,1125.0,85,45.9,13.24
+3,4.5,3.5,11:30,1125.0,85,45.9,13.24
+3,4.25,3.5,11:30,1125.0,85,45.9,13.24
+3,4.5,3.0,11:30,1125.0,85,45.9,13.24
+3,3.5,5.0,11:30,1125.0,85,45.9,13.24
+3,4.75,5.0,11:30,1125.0,85,45.9,13.24
+3,2.0,3.25,11:30,1125.0,85,45.9,13.24
+3,2.25,3.75,11:30,1125.0,85,45.9,13.24
+3,2.25,3.0,11:30,1125.0,85,45.9,13.24
+3,2.25,3.5,11:30,1125.0,85,45.9,13.24
+3,2.25,3.25,11:30,1125.0,85,45.9,13.24
+3,4.75,4.5,11:30,1125.0,85,45.9,13.24
+3,2.5,4.0,11:30,1125.0,85,45.9,13.24
+3,4.5,4.25,11:30,1125.0,85,45.9,13.24
+3,2.5,5.0,11:30,1125.0,85,45.9,13.24
+3,3.75,3.0,11:30,1125.0,85,45.9,13.24
+3,4.0,3.5,11:30,1125.0,85,45.9,13.24
+3,3.0,4.75,11:30,1125.0,85,45.9,13.24
+3,3.75,3.25,11:30,1125.0,85,45.9,13.24
+3,4.0,3.0,11:30,1125.0,85,45.9,13.24
+3,3.25,4.5,11:30,1125.0,85,45.9,13.24
+3,3.25,4.25,11:30,1125.0,85,45.9,13.24
+3,4.5,3.75,11:30,1125.0,85,45.9,13.24
+3,3.5,3.0,11:30,1125.0,85,45.9,13.24
+3,2.75,3.25,11:30,1125.0,85,45.9,13.24
+3,2.75,3.75,11:30,1125.0,85,45.9,13.24
+3,2.75,3.5,11:30,1125.0,85,45.9,13.24
+3,2.0,3.75,11:30,1125.0,85,45.9,13.24
+3,3.25,3.75,11:30,1125.0,85,45.9,13.24
+3,3.75,4.5,11:30,1125.0,85,45.9,13.24
+3,3.0,4.25,11:30,1125.0,85,45.9,13.24
+3,4.0,3.75,11:30,1125.0,85,45.9,13.24
+3,4.5,5.0,11:30,1125.0,85,45.9,13.24
+3,3.75,4.75,11:30,1125.0,85,45.9,13.24
+3,3.0,5.0,11:30,1125.0,85,45.9,13.24
+3,4.75,3.5,11:30,1125.0,85,45.9,13.24
+3,4.5,4.0,11:30,1125.0,85,45.9,13.24
+3,3.0,3.5,11:30,1125.0,85,45.9,13.24
+3,4.25,5.0,11:30,1125.0,85,45.9,13.24
+3,4.25,3.0,11:30,1125.0,85,45.9,13.24
+3,4.0,4.5,11:30,1125.0,85,45.9,13.24
+3,3.25,3.5,11:30,1125.0,85,45.9,13.24
+3,4.5,3.25,11:30,1125.0,85,45.9,13.24
+3,4.75,4.25,11:30,1125.0,85,45.9,13.24
+3,4.25,4.25,11:30,1125.0,85,45.9,13.24
+3,4.75,3.75,11:30,1125.0,85,45.9,13.24
+3,3.25,3.0,11:30,1125.0,85,45.9,13.24
+3,2.75,4.75,11:30,1125.0,85,45.9,13.24
+3,2.5,3.0,11:30,1125.0,85,45.9,13.24
+3,4.0,4.75,11:30,1125.0,85,45.9,13.24
+3,4.75,4.0,11:30,1125.0,85,45.9,13.24
+3,3.5,4.75,11:30,1125.0,85,45.9,13.24
+3,2.0,4.75,11:30,1125.0,85,45.9,13.24
+3,4.0,5.0,11:30,1125.0,85,45.9,13.24
+3,2.75,4.25,11:30,1125.0,85,45.9,13.24
+3,3.25,5.0,11:30,1125.0,85,45.9,13.24
+3,5.0,3.0,11:30,1125.0,85,45.9,13.24
+3,2.0,4.5,11:30,1125.0,85,45.9,13.24
+3,2.0,5.0,11:30,1125.0,85,45.9,13.24
+3,1.0,1.5,11:00,1125.0,85,45.9,13.24
+3,3.75,5.0,11:30,1125.0,85,45.9,13.24
+3,2.0,4.0,11:30,1125.0,85,45.9,13.24
+3,3.0,3.25,11:30,1125.0,85,45.9,13.24
+3,5.0,3.25,11:30,1125.0,85,45.9,13.24
+3,5.0,4.0,11:30,1125.0,85,45.9,13.24
+3,2.5,4.5,11:30,1125.0,85,45.9,13.24
+3,2.5,4.25,11:30,1125.0,85,45.9,13.24
+3,5.0,3.5,11:30,1125.0,85,45.9,13.24
+3,3.75,3.75,11:30,1125.0,85,45.9,13.24
+3,3.75,3.5,11:30,1125.0,85,45.9,13.24
+3,3.5,4.5,11:30,1125.0,85,45.9,13.24
+3,4.25,4.5,11:30,1125.0,85,45.9,13.24
+3,4.25,3.25,11:30,1125.0,85,45.9,13.24
+3,4.0,4.0,11:30,1125.0,85,45.9,13.24
+3,4.25,3.75,11:30,1125.0,85,45.9,13.24
+3,3.5,3.25,11:30,1125.0,85,45.9,13.24
+3,1.5,2.25,15:00,1124.0,85,32.9,13.22
+3,1.5,3.25,15:00,1124.0,85,32.9,13.22
+3,0.5,1.75,14:30,1124.0,85,58.8,13.22
+3,1.5,2.5,15:00,1123.0,85,32.9,13.21
+3,1.5,2.75,15:00,1123.0,85,32.9,13.21
+3,1.5,3.5,15:00,1123.0,85,32.9,13.21
+3,1.5,4.75,15:00,1123.0,85,32.9,13.21
+3,1.5,4.5,15:00,1123.0,85,32.9,13.21
+3,1.5,3.75,15:00,1123.0,85,32.9,13.21
+2,1.0,1.0,11:00,1123.0,85,49.4,13.21
+3,4.25,2.0,12:30,1122.0,85,40.0,13.2
+3,1.5,3.0,15:00,1122.0,85,32.9,13.2
+3,1.5,4.0,15:00,1122.0,85,32.9,13.2
+3,3.75,1.75,12:30,1122.0,85,40.0,13.2
+3,2.5,2.0,12:30,1122.0,85,40.0,13.2
+3,1.5,4.25,15:00,1122.0,85,32.9,13.2
+3,2.75,2.0,12:30,1122.0,85,40.0,13.2
+3,3.25,1.75,12:30,1122.0,85,40.0,13.2
+3,5.0,1.75,12:30,1122.0,85,40.0,13.2
+3,4.0,2.0,12:30,1122.0,85,40.0,13.2
+3,1.0,4.75,11:00,1122.0,85,45.9,13.2
+3,1.0,4.5,11:00,1122.0,85,45.9,13.2
+3,4.25,1.75,12:30,1122.0,85,40.0,13.2
+3,5.0,2.0,12:30,1122.0,85,40.0,13.2
+3,2.5,1.75,12:30,1122.0,85,40.0,13.2
+3,1.0,4.0,11:00,1122.0,85,45.9,13.2
+3,3.25,2.0,12:30,1122.0,85,40.0,13.2
+3,4.5,1.75,12:30,1122.0,85,40.0,13.2
+3,4.75,1.75,12:30,1122.0,85,40.0,13.2
+3,3.0,1.75,12:30,1122.0,85,40.0,13.2
+3,4.5,2.0,12:30,1122.0,85,40.0,13.2
+3,2.0,1.75,12:30,1122.0,85,40.0,13.2
+3,3.0,2.0,12:30,1122.0,85,40.0,13.2
+3,2.0,2.0,12:30,1122.0,85,40.0,13.2
+3,4.75,2.0,12:30,1122.0,85,40.0,13.2
+3,1.0,2.25,11:00,1122.0,85,45.9,13.2
+3,1.0,2.5,11:00,1122.0,85,45.9,13.2
+3,4.0,1.75,12:30,1122.0,85,40.0,13.2
+3,1.0,3.0,11:00,1122.0,85,45.9,13.2
+3,1.0,3.25,11:00,1122.0,85,45.9,13.2
+3,1.0,2.75,11:00,1122.0,85,45.9,13.2
+3,1.0,3.75,11:00,1122.0,85,45.9,13.2
+3,1.0,4.25,11:00,1122.0,85,45.9,13.2
+3,2.25,1.75,12:30,1122.0,85,40.0,13.2
+3,2.25,2.0,12:30,1122.0,85,40.0,13.2
+3,1.0,3.5,11:00,1122.0,85,45.9,13.2
+3,1.5,5.0,15:00,1122.0,85,32.9,13.2
+3,3.5,2.0,12:30,1122.0,85,40.0,13.2
+3,3.5,1.75,12:30,1122.0,85,40.0,13.2
+3,1.0,5.0,11:00,1122.0,85,45.9,13.2
+3,3.75,2.0,12:30,1122.0,85,40.0,13.2
+3,2.75,1.75,12:30,1122.0,85,40.0,13.2
+3,4.75,0.75,11:30,1121.0,85,45.9,13.19
+3,2.0,0.75,11:30,1121.0,85,45.9,13.19
+3,4.5,0.75,11:30,1121.0,85,45.9,13.19
+3,5.0,0.75,11:30,1121.0,85,45.9,13.19
+3,3.5,0.75,11:30,1121.0,85,45.9,13.19
+3,2.5,0.75,11:30,1121.0,85,45.9,13.19
+3,3.75,0.75,11:30,1121.0,85,45.9,13.19
+3,4.25,0.75,11:30,1121.0,85,45.9,13.19
+3,2.75,0.75,11:30,1121.0,85,45.9,13.19
+3,4.0,0.75,11:30,1121.0,85,45.9,13.19
+3,0.5,2.0,14:30,1121.0,85,58.8,13.19
+3,3.0,0.75,11:30,1121.0,85,45.9,13.19
+3,2.25,0.75,11:30,1121.0,85,45.9,13.19
+3,3.25,0.75,11:30,1121.0,85,45.9,13.19
+3,2.75,3.25,12:30,1120.0,85,40.0,13.18
+3,5.0,3.25,12:30,1120.0,85,40.0,13.18
+3,2.75,2.25,12:30,1120.0,85,40.0,13.18
+3,3.0,2.25,12:30,1120.0,85,40.0,13.18
+3,2.0,2.25,12:30,1120.0,85,40.0,13.18
+3,4.75,2.25,12:30,1120.0,85,40.0,13.18
+3,4.25,2.25,12:30,1120.0,85,40.0,13.18
+3,2.25,3.25,12:30,1120.0,85,40.0,13.18
+3,2.25,2.25,12:30,1120.0,85,40.0,13.18
+3,3.5,3.25,12:30,1120.0,85,40.0,13.18
+3,3.25,3.25,12:30,1120.0,85,40.0,13.18
+3,3.0,3.25,12:30,1120.0,85,40.0,13.18
+3,4.75,3.25,12:30,1120.0,85,40.0,13.18
+3,4.5,2.25,12:30,1120.0,85,40.0,13.18
+3,2.0,3.25,12:30,1120.0,85,40.0,13.18
+3,3.5,2.25,12:30,1120.0,85,40.0,13.18
+3,5.0,2.25,12:30,1120.0,85,40.0,13.18
+3,3.25,2.25,12:30,1120.0,85,40.0,13.18
+3,4.0,2.25,12:30,1120.0,85,40.0,13.18
+3,3.75,3.25,12:30,1120.0,85,40.0,13.18
+3,2.5,2.25,12:30,1120.0,85,40.0,13.18
+3,4.0,3.25,12:30,1120.0,85,40.0,13.18
+3,4.25,3.25,12:30,1120.0,85,40.0,13.18
+3,2.5,3.25,12:30,1120.0,85,40.0,13.18
+3,3.75,2.25,12:30,1120.0,85,40.0,13.18
+3,4.5,3.25,12:30,1120.0,85,40.0,13.18
+3,2.75,5.0,12:30,1119.0,85,40.0,13.16
+3,4.25,4.75,12:30,1119.0,85,40.0,13.16
+3,2.25,4.5,12:30,1119.0,85,40.0,13.16
+3,3.25,4.5,12:30,1119.0,85,40.0,13.16
+3,4.0,2.75,12:30,1119.0,85,40.0,13.16
+3,3.0,4.75,12:30,1119.0,85,40.0,13.16
+3,3.25,5.0,12:30,1119.0,85,40.0,13.16
+3,4.25,5.0,12:30,1119.0,85,40.0,13.16
+3,2.25,5.0,12:30,1119.0,85,40.0,13.16
+3,2.25,4.75,12:30,1119.0,85,40.0,13.16
+3,2.75,4.75,12:30,1119.0,85,40.0,13.16
+3,4.0,2.5,12:30,1119.0,85,40.0,13.16
+3,3.25,4.75,12:30,1119.0,85,40.0,13.16
+3,2.75,4.5,12:30,1119.0,85,40.0,13.16
+3,2.5,2.5,12:30,1119.0,85,40.0,13.16
+3,3.0,2.5,12:30,1119.0,85,40.0,13.16
+3,5.0,4.75,12:30,1119.0,85,40.0,13.16
+3,5.0,4.5,12:30,1119.0,85,40.0,13.16
+3,3.5,3.5,12:30,1119.0,85,40.0,13.16
+3,3.75,3.5,12:30,1119.0,85,40.0,13.16
+3,5.0,3.75,12:30,1119.0,85,40.0,13.16
+3,4.5,4.5,12:30,1119.0,85,40.0,13.16
+3,2.75,2.75,12:30,1119.0,85,40.0,13.16
+3,3.0,4.5,12:30,1119.0,85,40.0,13.16
+3,2.5,2.75,12:30,1119.0,85,40.0,13.16
+3,4.0,3.75,12:30,1119.0,85,40.0,13.16
+3,4.5,3.75,12:30,1119.0,85,40.0,13.16
+3,2.25,2.75,12:30,1119.0,85,40.0,13.16
+3,2.25,2.5,12:30,1119.0,85,40.0,13.16
+3,1.0,2.0,11:00,1119.0,85,45.9,13.16
+3,4.75,3.75,12:30,1119.0,85,40.0,13.16
+3,3.75,4.75,12:30,1119.0,85,40.0,13.16
+3,3.75,4.5,12:30,1119.0,85,40.0,13.16
+3,3.25,3.5,12:30,1119.0,85,40.0,13.16
+3,4.5,5.0,12:30,1119.0,85,40.0,13.16
+3,4.5,4.75,12:30,1119.0,85,40.0,13.16
+3,3.5,2.5,12:30,1119.0,85,40.0,13.16
+3,3.25,3.75,12:30,1119.0,85,40.0,13.16
+3,2.75,3.5,12:30,1119.0,85,40.0,13.16
+3,2.75,3.75,12:30,1119.0,85,40.0,13.16
+3,5.0,2.5,12:30,1119.0,85,40.0,13.16
+3,5.0,2.75,12:30,1119.0,85,40.0,13.16
+3,3.0,3.5,12:30,1119.0,85,40.0,13.16
+3,3.0,3.75,12:30,1119.0,85,40.0,13.16
+3,3.5,4.5,12:30,1119.0,85,40.0,13.16
+3,3.0,5.0,12:30,1119.0,85,40.0,13.16
+3,4.5,3.5,12:30,1119.0,85,40.0,13.16
+3,2.25,3.5,12:30,1119.0,85,40.0,13.16
+3,4.75,5.0,12:30,1119.0,85,40.0,13.16
+3,3.75,3.75,12:30,1119.0,85,40.0,13.16
+3,4.25,4.5,12:30,1119.0,85,40.0,13.16
+3,4.25,2.75,12:30,1119.0,85,40.0,13.16
+3,4.75,4.75,12:30,1119.0,85,40.0,13.16
+3,2.5,3.75,12:30,1119.0,85,40.0,13.16
+3,2.25,3.75,12:30,1119.0,85,40.0,13.16
+3,4.75,4.5,12:30,1119.0,85,40.0,13.16
+3,4.0,3.5,12:30,1119.0,85,40.0,13.16
+3,4.25,3.5,12:30,1119.0,85,40.0,13.16
+3,2.5,3.5,12:30,1119.0,85,40.0,13.16
+3,3.25,2.5,12:30,1119.0,85,40.0,13.16
+3,2.0,5.0,12:30,1119.0,85,40.0,13.16
+3,3.5,3.75,12:30,1119.0,85,40.0,13.16
+3,2.0,3.5,12:30,1119.0,85,40.0,13.16
+3,2.5,5.0,12:30,1119.0,85,40.0,13.16
+3,4.25,3.75,12:30,1119.0,85,40.0,13.16
+3,4.0,4.5,12:30,1119.0,85,40.0,13.16
+3,2.0,3.75,12:30,1119.0,85,40.0,13.16
+3,3.5,2.75,12:30,1119.0,85,40.0,13.16
+3,4.5,2.75,12:30,1119.0,85,40.0,13.16
+3,2.5,4.75,12:30,1119.0,85,40.0,13.16
+3,2.5,4.5,12:30,1119.0,85,40.0,13.16
+3,2.0,4.75,12:30,1119.0,85,40.0,13.16
+3,4.0,4.75,12:30,1119.0,85,40.0,13.16
+3,2.0,4.5,12:30,1119.0,85,40.0,13.16
+3,3.75,5.0,12:30,1119.0,85,40.0,13.16
+3,4.75,3.5,12:30,1119.0,85,40.0,13.16
+3,1.0,1.75,11:00,1119.0,85,45.9,13.16
+3,3.5,4.75,12:30,1119.0,85,40.0,13.16
+3,3.25,2.75,12:30,1119.0,85,40.0,13.16
+3,4.5,2.5,12:30,1119.0,85,40.0,13.16
+3,2.0,2.5,12:30,1119.0,85,40.0,13.16
+3,4.75,2.75,12:30,1119.0,85,40.0,13.16
+3,2.0,2.75,12:30,1119.0,85,40.0,13.16
+3,3.75,2.5,12:30,1119.0,85,40.0,13.16
+3,3.75,2.75,12:30,1119.0,85,40.0,13.16
+3,4.0,5.0,12:30,1119.0,85,40.0,13.16
+3,3.0,2.75,12:30,1119.0,85,40.0,13.16
+3,3.5,5.0,12:30,1119.0,85,40.0,13.16
+3,4.75,2.5,12:30,1119.0,85,40.0,13.16
+3,4.25,2.5,12:30,1119.0,85,40.0,13.16
+3,5.0,3.5,12:30,1119.0,85,40.0,13.16
+3,5.0,5.0,12:30,1119.0,85,40.0,13.16
+3,2.75,2.5,12:30,1119.0,85,40.0,13.16
+3,2.75,3.0,12:30,1118.0,85,40.0,13.15
+3,2.5,4.0,12:30,1118.0,85,40.0,13.15
+3,2.5,4.25,12:30,1118.0,85,40.0,13.15
+3,3.75,3.0,12:30,1118.0,85,40.0,13.15
+3,4.25,3.0,12:30,1118.0,85,40.0,13.15
+3,3.5,3.0,12:30,1118.0,85,40.0,13.15
+3,0.5,2.25,14:30,1118.0,85,58.8,13.15
+3,3.5,4.0,12:30,1118.0,85,40.0,13.15
+3,3.75,4.25,12:30,1118.0,85,40.0,13.15
+3,3.5,4.25,12:30,1118.0,85,40.0,13.15
+3,3.75,4.0,12:30,1118.0,85,40.0,13.15
+3,4.25,4.0,12:30,1118.0,85,40.0,13.15
+3,5.0,3.0,12:30,1118.0,85,40.0,13.15
+3,3.0,4.0,12:30,1118.0,85,40.0,13.15
+3,3.0,4.25,12:30,1118.0,85,40.0,13.15
+3,3.0,3.0,12:30,1118.0,85,40.0,13.15
+3,4.5,4.25,12:30,1118.0,85,40.0,13.15
+3,5.0,4.0,12:30,1118.0,85,40.0,13.15
+3,5.0,4.25,12:30,1118.0,85,40.0,13.15
+3,4.5,4.0,12:30,1118.0,85,40.0,13.15
+3,4.25,4.25,12:30,1118.0,85,40.0,13.15
+3,4.5,3.0,12:30,1118.0,85,40.0,13.15
+3,2.5,3.0,12:30,1118.0,85,40.0,13.15
+3,2.75,4.0,12:30,1118.0,85,40.0,13.15
+3,3.25,4.25,12:30,1118.0,85,40.0,13.15
+3,4.75,4.0,12:30,1118.0,85,40.0,13.15
+3,4.75,4.25,12:30,1118.0,85,40.0,13.15
+3,2.75,4.25,12:30,1118.0,85,40.0,13.15
+3,0.5,3.25,14:30,1118.0,85,58.8,13.15
+3,3.25,4.0,12:30,1118.0,85,40.0,13.15
+3,3.25,3.0,12:30,1118.0,85,40.0,13.15
+3,0.5,5.0,14:30,1118.0,85,58.8,13.15
+3,2.0,4.0,12:30,1118.0,85,40.0,13.15
+3,2.0,3.0,12:30,1118.0,85,40.0,13.15
+3,2.0,4.25,12:30,1118.0,85,40.0,13.15
+3,2.25,3.0,12:30,1118.0,85,40.0,13.15
+3,4.75,3.0,12:30,1118.0,85,40.0,13.15
+3,2.25,4.0,12:30,1118.0,85,40.0,13.15
+3,2.25,4.25,12:30,1118.0,85,40.0,13.15
+3,4.0,4.0,12:30,1118.0,85,40.0,13.15
+3,4.0,4.25,12:30,1118.0,85,40.0,13.15
+3,4.0,3.0,12:30,1118.0,85,40.0,13.15
+3,0.5,2.5,14:30,1117.0,85,58.8,13.14
+3,0.5,3.5,14:30,1117.0,85,58.8,13.14
+3,0.5,2.75,14:30,1117.0,85,58.8,13.14
+3,0.5,4.75,14:30,1117.0,85,58.8,13.14
+3,0.5,3.75,14:30,1117.0,85,58.8,13.14
+3,0.5,4.5,14:30,1117.0,85,58.8,13.14
+3,0.5,4.0,14:30,1116.0,85,58.8,13.13
+3,0.5,4.25,14:30,1116.0,85,58.8,13.13
+3,0.5,3.0,14:30,1116.0,85,58.8,13.13
+2,0.5,1.25,14:30,1114.0,85,58.8,13.11
+3,0.5,0.75,11:30,1114.0,85,54.1,13.11
+3,1.5,1.0,15:00,1112.0,85,32.9,13.08
+2,1.0,0.5,12:00,1111.0,85,38.8,13.07
+3,5.0,1.0,11:30,1109.0,85,45.9,13.05
+3,3.5,1.0,11:30,1109.0,85,45.9,13.05
+3,4.5,1.0,11:30,1109.0,85,45.9,13.05
+3,4.0,1.0,11:30,1109.0,85,45.9,13.05
+3,2.5,1.0,11:30,1109.0,85,45.9,13.05
+3,3.25,1.0,11:30,1109.0,85,45.9,13.05
+3,2.0,1.0,11:30,1109.0,85,45.9,13.05
+3,4.25,1.0,11:30,1109.0,85,45.9,13.05
+3,3.0,1.0,11:30,1109.0,85,45.9,13.05
+3,4.75,1.0,11:30,1109.0,85,45.9,13.05
+3,2.75,1.0,11:30,1109.0,85,45.9,13.05
+3,3.75,1.0,11:30,1109.0,85,45.9,13.05
+3,2.25,1.0,11:30,1109.0,85,45.9,13.05
+2,5.0,0.75,11:30,1105.0,85,44.7,13.0
+2,2.25,0.75,11:30,1105.0,85,44.7,13.0
+2,4.0,0.75,11:30,1105.0,85,44.7,13.0
+2,3.5,0.75,11:30,1105.0,85,44.7,13.0
+2,2.0,0.75,11:30,1105.0,85,44.7,13.0
+2,3.25,0.75,11:30,1105.0,85,44.7,13.0
+2,4.5,0.75,11:30,1105.0,85,44.7,13.0
+2,4.75,0.75,11:30,1105.0,85,44.7,13.0
+2,3.75,0.75,11:30,1105.0,85,44.7,13.0
+2,2.5,0.75,11:30,1105.0,85,44.7,13.0
+2,3.0,0.75,11:30,1105.0,85,44.7,13.0
+2,2.75,0.75,11:30,1105.0,85,44.7,13.0
+2,4.25,0.75,11:30,1105.0,85,44.7,13.0
+2,4.75,1.0,11:30,1101.0,85,44.7,12.95
+2,4.5,1.0,11:30,1101.0,85,44.7,12.95
+2,2.75,1.0,11:30,1101.0,85,44.7,12.95
+2,4.25,1.0,11:30,1101.0,85,44.7,12.95
+2,2.25,1.0,11:30,1101.0,85,44.7,12.95
+2,4.0,1.0,11:30,1101.0,85,44.7,12.95
+2,2.5,1.0,11:30,1101.0,85,44.7,12.95
+2,3.5,1.0,11:30,1101.0,85,44.7,12.95
+2,5.0,1.0,11:30,1101.0,85,44.7,12.95
+2,3.0,1.0,11:30,1101.0,85,44.7,12.95
+2,3.25,1.0,11:30,1101.0,85,44.7,12.95
+2,3.75,1.0,11:30,1101.0,85,44.7,12.95
+2,2.0,1.0,11:30,1101.0,85,44.7,12.95
+2,1.0,1.25,11:00,1100.0,85,49.4,12.94
+3,2.0,1.0,12:30,1093.0,85,40.0,12.86
+3,5.0,1.0,12:30,1093.0,85,40.0,12.86
+3,4.25,1.0,12:30,1093.0,85,40.0,12.86
+3,2.25,1.0,12:30,1093.0,85,40.0,12.86
+3,3.0,1.0,12:30,1093.0,85,40.0,12.86
+3,3.25,1.0,12:30,1093.0,85,40.0,12.86
+3,3.75,1.0,12:30,1093.0,85,40.0,12.86
+3,2.75,1.0,12:30,1093.0,85,40.0,12.86
+2,1.0,1.5,11:00,1093.0,85,49.4,12.86
+3,4.5,1.0,12:30,1093.0,85,40.0,12.86
+3,4.0,1.0,12:30,1093.0,85,40.0,12.86
+3,3.5,1.0,12:30,1093.0,85,40.0,12.86
+3,2.5,1.0,12:30,1093.0,85,40.0,12.86
+3,4.75,1.0,12:30,1093.0,85,40.0,12.86
+3,0.5,1.0,14:00,1092.0,85,58.8,12.85
+2,1.0,2.75,11:00,1090.0,85,49.4,12.82
+2,1.0,3.25,11:00,1090.0,85,49.4,12.82
+2,1.0,3.0,11:00,1090.0,85,49.4,12.82
+2,1.0,5.0,11:00,1090.0,85,49.4,12.82
+2,1.0,4.25,11:00,1090.0,85,49.4,12.82
+2,1.0,4.5,11:00,1090.0,85,49.4,12.82
+2,1.0,2.5,11:00,1090.0,85,49.4,12.82
+2,1.0,3.5,11:00,1090.0,85,49.4,12.82
+2,1.0,3.75,11:00,1090.0,85,49.4,12.82
+2,1.0,4.75,11:00,1090.0,85,49.4,12.82
+2,1.0,2.25,11:00,1090.0,85,49.4,12.82
+2,1.0,4.0,11:00,1090.0,85,49.4,12.82
+2,0.5,1.5,14:30,1088.0,85,58.8,12.8
+2,1.0,1.75,11:00,1088.0,85,49.4,12.8
+2,1.0,2.0,11:00,1087.0,85,49.4,12.79
+2,5.0,0.5,12:00,1086.0,85,37.6,12.78
+2,4.75,0.5,12:00,1086.0,85,37.6,12.78
+2,4.5,0.5,12:00,1086.0,85,37.6,12.78
+2,3.5,0.5,12:00,1086.0,85,37.6,12.78
+2,2.75,0.5,12:00,1086.0,85,37.6,12.78
+2,4.25,0.5,12:00,1086.0,85,37.6,12.78
+2,4.0,0.5,12:00,1086.0,85,37.6,12.78
+2,2.25,0.5,12:00,1086.0,85,37.6,12.78
+2,2.5,0.5,12:00,1086.0,85,37.6,12.78
+2,3.25,0.5,12:00,1086.0,85,37.6,12.78
+2,3.75,0.5,12:00,1086.0,85,37.6,12.78
+2,2.0,0.5,12:00,1086.0,85,37.6,12.78
+2,3.0,0.5,12:00,1086.0,85,37.6,12.78
+3,0.5,1.25,11:30,1081.0,85,54.1,12.72
+2,1.5,1.25,15:00,1078.0,85,34.1,12.68
+3,0.5,1.5,11:30,1077.0,85,54.1,12.67
+2,0.5,1.75,14:30,1076.0,85,58.8,12.66
+2,0.5,2.0,14:30,1072.0,85,58.8,12.61
+2,1.0,0.5,13:00,1071.0,85,37.6,12.6
+3,0.5,1.75,11:30,1071.0,85,54.1,12.6
+3,0.5,2.0,11:30,1071.0,85,54.1,12.6
+3,0.5,2.25,11:30,1069.0,85,54.1,12.58
+3,0.5,2.5,11:30,1068.0,85,54.1,12.56
+3,0.5,2.75,11:30,1068.0,85,54.1,12.56
+3,0.5,3.5,11:30,1067.0,85,54.1,12.55
+2,0.5,3.25,14:30,1067.0,85,58.8,12.55
+3,0.5,5.0,11:30,1067.0,85,54.1,12.55
+3,0.5,4.25,11:30,1067.0,85,54.1,12.55
+3,0.5,4.5,11:30,1067.0,85,54.1,12.55
+3,0.5,4.0,11:30,1067.0,85,54.1,12.55
+3,0.5,3.75,11:30,1067.0,85,54.1,12.55
+3,0.5,3.25,11:30,1067.0,85,54.1,12.55
+3,0.5,4.75,11:30,1067.0,85,54.1,12.55
+3,0.5,3.0,11:30,1067.0,85,54.1,12.55
+2,0.5,5.0,14:30,1066.0,85,58.8,12.54
+2,0.5,2.75,14:30,1066.0,85,58.8,12.54
+2,0.5,2.25,14:30,1066.0,85,58.8,12.54
+2,0.5,4.25,14:30,1065.0,85,58.8,12.53
+2,0.5,3.75,14:30,1065.0,85,58.8,12.53
+2,0.5,4.75,14:30,1065.0,85,58.8,12.53
+2,0.5,4.5,14:30,1065.0,85,58.8,12.53
+2,0.5,2.5,14:30,1065.0,85,58.8,12.53
+2,0.5,3.5,14:30,1065.0,85,58.8,12.53
+2,0.5,4.0,14:30,1065.0,85,58.8,12.53
+2,0.5,3.0,14:30,1065.0,85,58.8,12.53
+3,0.5,1.0,14:30,1056.0,85,58.8,12.42
+3,1.25,0.5,15:00,1055.0,85,29.4,12.41
+3,0.5,1.0,11:30,1051.0,85,54.1,12.36
+3,0.75,1.0,10:30,1050.0,85,38.8,12.35
+2,1.5,0.5,12:30,1048.0,85,38.8,12.33
+2,1.75,0.5,12:30,1048.0,85,38.8,12.33
+2,1.5,0.75,15:00,1046.0,85,31.8,12.31
+2,1.5,1.5,15:00,1045.0,85,34.1,12.29
+3,0.5,1.25,12:00,1037.0,85,57.6,12.2
+3,1.5,0.5,11:00,1036.0,85,40.0,12.19
+3,1.75,0.5,11:00,1036.0,85,40.0,12.19
+2,1.5,1.75,15:00,1034.0,85,34.1,12.16
+2,1.0,0.5,12:30,1033.0,85,40.0,12.15
+3,0.5,1.5,12:00,1031.0,85,57.6,12.13
+2,1.5,2.0,15:00,1030.0,85,34.1,12.12
+3,0.75,2.75,10:30,1025.0,85,37.6,12.06
+3,0.75,5.0,10:30,1025.0,85,37.6,12.06
+3,0.75,4.0,10:30,1025.0,85,37.6,12.06
+3,0.75,3.75,10:30,1025.0,85,37.6,12.06
+3,0.75,4.25,10:30,1025.0,85,37.6,12.06
+3,0.75,3.5,10:30,1025.0,85,37.6,12.06
+3,0.75,2.0,10:30,1025.0,85,37.6,12.06
+3,0.75,2.5,10:30,1025.0,85,37.6,12.06
+3,0.75,3.0,10:30,1025.0,85,37.6,12.06
+3,0.75,1.5,10:30,1025.0,85,37.6,12.06
+3,0.75,3.25,10:30,1025.0,85,37.6,12.06
+3,0.75,1.25,10:30,1025.0,85,37.6,12.06
+3,0.5,1.75,12:00,1025.0,85,57.6,12.06
+3,0.5,2.0,12:00,1025.0,85,57.6,12.06
+3,0.75,2.25,10:30,1025.0,85,37.6,12.06
+3,0.75,4.5,10:30,1025.0,85,37.6,12.06
+3,0.75,4.75,10:30,1025.0,85,37.6,12.06
+3,0.75,1.75,10:30,1025.0,85,37.6,12.06
+2,1.5,3.25,15:00,1025.0,85,34.1,12.06
+2,1.5,2.75,15:00,1024.0,85,34.1,12.05
+2,1.5,2.25,15:00,1024.0,85,34.1,12.05
+2,1.5,3.75,15:00,1023.0,85,34.1,12.04
+2,1.5,5.0,15:00,1023.0,85,34.1,12.04
+3,0.5,2.25,12:00,1023.0,85,57.6,12.04
+3,0.5,3.25,12:00,1023.0,85,57.6,12.04
+2,1.5,4.75,15:00,1023.0,85,34.1,12.04
+2,1.5,4.0,15:00,1023.0,85,34.1,12.04
+2,1.5,4.5,15:00,1023.0,85,34.1,12.04
+2,1.5,4.25,15:00,1023.0,85,34.1,12.04
+2,1.5,3.5,15:00,1023.0,85,34.1,12.04
+2,1.5,3.0,15:00,1023.0,85,34.1,12.04
+2,1.5,2.5,15:00,1023.0,85,34.1,12.04
+2,0.5,0.75,11:30,1023.0,85,52.9,12.04
+3,0.5,4.25,12:00,1022.0,85,57.6,12.02
+3,0.5,3.75,12:00,1022.0,85,57.6,12.02
+3,0.5,4.0,12:00,1022.0,85,57.6,12.02
+3,0.5,4.5,12:00,1022.0,85,57.6,12.02
+3,0.5,4.75,12:00,1022.0,85,57.6,12.02
+3,0.5,3.5,12:00,1022.0,85,57.6,12.02
+3,0.5,5.0,12:00,1022.0,85,57.6,12.02
+3,0.5,2.75,12:00,1022.0,85,57.6,12.02
+3,0.5,2.5,12:00,1022.0,85,57.6,12.02
+3,0.5,3.0,12:00,1021.0,85,57.6,12.01
+3,0.5,0.75,12:00,1011.0,85,56.5,11.89
+2,0.5,1.25,11:30,1006.0,85,52.9,11.84
+3,0.5,1.25,12:30,1006.0,85,57.6,11.84
+2,0.5,1.5,11:30,999.0,85,52.9,11.75
+3,0.5,0.75,13:30,998.0,85,57.6,11.74
+3,0.5,1.5,12:30,995.0,85,57.6,11.71
+2,1.5,1.0,15:00,995.0,85,32.9,11.71
+3,1.25,0.5,11:00,994.0,85,40.0,11.69
+2,0.5,1.75,11:30,993.0,85,52.9,11.68
+2,0.5,2.0,11:30,992.0,85,52.9,11.67
+3,0.5,1.75,12:30,988.0,85,57.6,11.62
+2,0.5,2.25,11:30,988.0,85,52.9,11.62
+2,0.5,2.75,11:30,988.0,85,52.9,11.62
+2,0.5,1.0,14:00,988.0,85,57.6,11.62
+3,0.5,2.0,12:30,988.0,85,57.6,11.62
+3,0.5,1.0,12:00,987.0,85,57.6,11.61
+2,0.5,5.0,11:30,987.0,85,52.9,11.61
+2,0.5,2.5,11:30,987.0,85,52.9,11.61
+2,0.5,3.75,11:30,987.0,85,52.9,11.61
+2,0.5,4.25,11:30,987.0,85,52.9,11.61
+2,0.5,3.25,11:30,987.0,85,52.9,11.61
+2,0.5,4.0,11:30,987.0,85,52.9,11.61
+2,0.5,3.5,11:30,987.0,85,52.9,11.61
+2,0.5,3.0,11:30,987.0,85,52.9,11.61
+2,0.5,4.5,11:30,987.0,85,52.9,11.61
+2,0.5,4.75,11:30,987.0,85,52.9,11.61
+3,0.5,2.25,12:30,986.0,85,57.6,11.6
+3,0.5,3.25,12:30,986.0,85,57.6,11.6
+3,0.5,2.5,12:30,985.0,85,57.6,11.59
+3,0.5,4.5,12:30,985.0,85,57.6,11.59
+3,0.75,0.5,10:00,985.0,85,47.1,11.59
+3,0.5,3.5,12:30,985.0,85,57.6,11.59
+3,0.5,3.75,12:30,985.0,85,57.6,11.59
+3,0.5,4.75,12:30,985.0,85,57.6,11.59
+3,0.5,5.0,12:30,985.0,85,57.6,11.59
+3,0.5,2.75,12:30,985.0,85,57.6,11.59
+3,0.5,3.0,12:30,984.0,85,57.6,11.58
+3,0.5,4.0,12:30,984.0,85,57.6,11.58
+3,0.5,4.25,12:30,984.0,85,57.6,11.58
+2,1.25,0.5,15:00,972.0,85,29.4,11.44
+2,0.5,1.0,14:30,969.0,85,57.6,11.4
+2,1.75,0.5,11:00,967.0,85,43.5,11.38
+2,1.5,0.5,11:00,967.0,85,43.5,11.38
+3,0.5,1.25,15:00,965.0,85,57.6,11.35
+2,0.5,1.25,12:00,962.0,85,56.5,11.32
+3,0.5,0.75,12:30,960.0,85,56.5,11.29
+2,0.5,1.0,11:30,960.0,85,52.9,11.29
+3,0.5,1.0,12:30,959.0,85,57.6,11.28
+2,0.5,1.5,12:00,952.0,85,56.5,11.2
+2,1.25,0.5,11:00,949.0,85,43.5,11.16
+3,0.75,0.75,10:00,946.0,85,47.1,11.13
+2,0.5,1.75,12:00,946.0,85,56.5,11.13
+2,0.5,2.0,12:00,945.0,85,56.5,11.12
+3,0.5,1.5,15:00,944.0,85,57.6,11.11
+2,0.5,3.25,12:00,942.0,85,56.5,11.08
+2,0.5,2.25,12:00,941.0,85,56.5,11.07
+2,0.5,2.75,12:00,941.0,85,56.5,11.07
+2,0.5,4.5,12:00,940.0,85,56.5,11.06
+2,0.5,4.25,12:00,940.0,85,56.5,11.06
+2,0.5,3.0,12:00,940.0,85,56.5,11.06
+2,0.5,2.5,12:00,940.0,85,56.5,11.06
+2,0.5,4.0,12:00,940.0,85,56.5,11.06
+2,0.5,3.5,12:00,940.0,85,56.5,11.06
+2,0.5,5.0,12:00,940.0,85,56.5,11.06
+2,0.5,3.75,12:00,940.0,85,56.5,11.06
+2,0.5,4.75,12:00,940.0,85,56.5,11.06
+2,0.5,1.25,12:30,935.0,85,56.5,11.0
+3,0.5,1.75,15:00,933.0,85,57.6,10.98
+3,0.5,2.0,15:00,930.0,85,57.6,10.94
+3,0.5,2.25,15:00,927.0,85,57.6,10.91
+3,0.5,3.25,15:00,927.0,85,57.6,10.91
+3,0.5,4.75,15:00,926.0,85,57.6,10.89
+3,0.5,2.5,15:00,926.0,85,57.6,10.89
+3,0.5,2.75,15:00,926.0,85,57.6,10.89
+3,0.5,4.5,15:00,926.0,85,57.6,10.89
+3,0.5,3.5,15:00,926.0,85,57.6,10.89
+3,0.5,3.75,15:00,926.0,85,57.6,10.89
+3,0.5,5.0,15:00,925.0,85,57.6,10.88
+3,0.5,4.25,15:00,925.0,85,57.6,10.88
+3,0.5,3.0,15:00,925.0,85,57.6,10.88
+3,0.5,4.0,15:00,925.0,85,57.6,10.88
+2,0.5,1.5,12:30,919.0,85,56.5,10.81
+2,0.5,0.75,12:00,914.0,85,55.3,10.75
+2,0.5,1.75,12:30,910.0,85,56.5,10.71
+2,0.5,2.0,12:30,909.0,85,56.5,10.69
+3,0.75,1.0,10:00,906.0,85,47.1,10.66
+2,0.5,3.25,12:30,906.0,85,56.5,10.66
+2,0.5,2.25,12:30,905.0,85,56.5,10.65
+2,0.5,2.75,12:30,905.0,85,56.5,10.65
+3,0.5,1.0,13:00,905.0,85,57.6,10.65
+2,0.5,2.5,12:30,904.0,85,56.5,10.64
+2,0.5,4.5,12:30,904.0,85,56.5,10.64
+2,0.5,3.5,12:30,904.0,85,56.5,10.64
+2,0.5,5.0,12:30,904.0,85,56.5,10.64
+2,0.5,4.75,12:30,904.0,85,56.5,10.64
+2,0.5,3.75,12:30,904.0,85,56.5,10.64
+2,0.5,3.0,12:30,904.0,85,56.5,10.64
+2,0.5,4.25,12:30,904.0,85,56.5,10.64
+2,0.5,4.0,12:30,904.0,85,56.5,10.64
+3,0.5,0.75,11:00,900.0,85,51.8,10.59
+2,0.5,0.75,13:30,898.0,85,56.5,10.56
+3,0.75,1.5,10:00,897.0,85,47.1,10.55
+3,0.75,1.25,10:00,897.0,85,47.1,10.55
+3,0.75,2.75,10:00,897.0,85,47.1,10.55
+3,0.75,1.75,10:00,897.0,85,47.1,10.55
+3,0.75,4.75,10:00,897.0,85,47.1,10.55
+3,0.75,3.25,10:00,897.0,85,47.1,10.55
+3,0.75,2.25,10:00,897.0,85,47.1,10.55
+3,0.75,2.5,10:00,897.0,85,47.1,10.55
+3,0.75,4.0,10:00,897.0,85,47.1,10.55
+3,0.75,3.5,10:00,897.0,85,47.1,10.55
+3,0.75,4.25,10:00,897.0,85,47.1,10.55
+3,0.75,5.0,10:00,897.0,85,47.1,10.55
+3,0.75,4.5,10:00,897.0,85,47.1,10.55
+3,0.75,2.0,10:00,897.0,85,47.1,10.55
+3,0.75,3.0,10:00,897.0,85,47.1,10.55
+3,0.75,3.75,10:00,897.0,85,47.1,10.55
+3,1.25,0.5,11:30,894.0,85,40.0,10.52
+2,0.5,1.0,12:00,893.0,85,56.5,10.51
+2,0.75,0.5,10:30,889.0,85,38.8,10.46
+3,0.5,1.25,13:00,884.0,85,57.6,10.4
+3,0.5,1.0,15:00,883.0,85,57.6,10.39
+3,0.5,0.75,14:00,881.0,85,56.5,10.36
+3,3.5,0.5,11:00,874.0,85,40.0,10.28
+3,4.0,0.5,11:00,874.0,85,40.0,10.28
+3,4.25,0.5,11:00,874.0,85,40.0,10.28
+3,3.75,0.5,11:00,874.0,85,40.0,10.28
+3,4.5,0.5,11:00,874.0,85,40.0,10.28
+3,3.0,0.5,11:00,874.0,85,40.0,10.28
+3,2.0,0.5,11:00,874.0,85,40.0,10.28
+3,3.25,0.5,11:00,874.0,85,40.0,10.28
+3,2.75,0.5,11:00,874.0,85,40.0,10.28
+3,4.75,0.5,11:00,874.0,85,40.0,10.28
+3,5.0,0.5,11:00,874.0,85,40.0,10.28
+3,2.25,0.5,11:00,874.0,85,40.0,10.28
+3,2.5,0.5,11:00,874.0,85,40.0,10.28
+3,0.5,1.5,13:00,873.0,85,57.6,10.27
+3,0.5,1.75,13:00,866.0,85,57.6,10.19
+2,0.75,0.75,10:30,866.0,85,40.0,10.19
+3,0.5,2.0,13:00,863.0,85,57.6,10.15
+3,0.5,2.25,13:00,862.0,85,57.6,10.14
+3,0.5,3.25,13:00,862.0,85,57.6,10.14
+3,0.5,2.75,13:00,861.0,85,57.6,10.13
+3,0.5,5.0,13:00,861.0,85,57.6,10.13
+3,0.5,4.75,13:00,861.0,85,57.6,10.13
+3,0.5,4.5,13:00,861.0,85,57.6,10.13
+3,0.5,3.5,13:00,861.0,85,57.6,10.13
+3,0.5,2.5,13:00,861.0,85,57.6,10.13
+3,0.5,3.75,13:00,861.0,85,57.6,10.13
+3,0.5,3.0,13:00,860.0,85,57.6,10.12
+3,0.5,4.25,13:00,860.0,85,57.6,10.12
+3,0.5,4.0,13:00,860.0,85,57.6,10.12
+2,0.5,1.0,12:30,859.0,85,56.5,10.11
+3,1.0,0.5,11:30,858.0,85,41.2,10.09
+3,0.5,0.75,14:30,850.0,85,56.5,10.0
+2,0.5,0.75,12:30,848.0,85,55.3,9.98
+3,1.75,0.5,15:00,844.0,85,28.2,9.93
+2,0.5,1.25,15:00,836.0,85,57.6,9.84
+2,1.25,0.5,11:30,835.0,85,40.0,9.82
+3,1.0,0.5,11:00,833.0,85,41.2,9.8
+3,3.75,0.5,12:30,824.0,85,35.3,9.69
+3,2.5,0.5,12:30,824.0,85,35.3,9.69
+3,3.5,0.5,12:30,824.0,85,35.3,9.69
+3,2.0,0.5,12:30,824.0,85,35.3,9.69
+3,3.25,0.5,12:30,824.0,85,35.3,9.69
+3,5.0,0.5,12:30,824.0,85,35.3,9.69
+3,2.75,0.5,12:30,824.0,85,35.3,9.69
+3,4.25,0.5,12:30,824.0,85,35.3,9.69
+3,2.25,0.5,12:30,824.0,85,35.3,9.69
+3,4.0,0.5,12:30,824.0,85,35.3,9.69
+3,4.5,0.5,12:30,824.0,85,35.3,9.69
+3,3.0,0.5,12:30,824.0,85,35.3,9.69
+3,4.75,0.5,12:30,824.0,85,35.3,9.69
+3,0.5,0.75,13:00,823.0,85,56.5,9.68
+3,1.5,0.5,15:00,822.0,85,28.2,9.67
+2,2.25,0.5,11:00,806.0,85,43.5,9.48
+2,5.0,0.5,11:00,806.0,85,43.5,9.48
+2,2.0,0.5,11:00,806.0,85,43.5,9.48
+2,3.5,0.5,11:00,806.0,85,43.5,9.48
+2,4.0,0.5,11:00,806.0,85,43.5,9.48
+2,2.75,0.5,11:00,806.0,85,43.5,9.48
+2,3.0,0.5,11:00,806.0,85,43.5,9.48
+2,3.75,0.5,11:00,806.0,85,43.5,9.48
+2,4.5,0.5,11:00,806.0,85,43.5,9.48
+2,4.25,0.5,11:00,806.0,85,43.5,9.48
+2,4.75,0.5,11:00,806.0,85,43.5,9.48
+2,2.5,0.5,11:00,806.0,85,43.5,9.48
+2,3.25,0.5,11:00,806.0,85,43.5,9.48
+2,0.5,1.5,15:00,803.0,85,57.6,9.45
+3,0.5,1.0,11:00,795.0,85,51.8,9.35
+2,0.5,1.0,13:00,793.0,85,57.6,9.33
+2,0.5,1.75,15:00,792.0,85,57.6,9.32
+2,0.5,2.0,15:00,788.0,85,57.6,9.27
+2,0.5,1.25,13:00,786.0,85,57.6,9.25
+2,0.5,3.25,15:00,783.0,85,57.6,9.21
+2,0.5,2.25,15:00,782.0,85,57.6,9.2
+2,0.5,2.75,15:00,782.0,85,57.6,9.2
+2,0.5,4.25,15:00,781.0,85,57.6,9.19
+2,0.5,4.0,15:00,781.0,85,57.6,9.19
+2,0.5,3.0,15:00,781.0,85,57.6,9.19
+2,0.5,3.75,15:00,781.0,85,57.6,9.19
+2,0.5,4.5,15:00,781.0,85,57.6,9.19
+2,0.5,2.5,15:00,781.0,85,57.6,9.19
+2,0.5,3.5,15:00,781.0,85,57.6,9.19
+2,0.5,4.75,15:00,781.0,85,57.6,9.19
+2,0.5,5.0,15:00,781.0,85,57.6,9.19
+2,0.75,1.0,10:30,779.0,85,40.0,9.16
+3,0.5,1.25,11:00,772.0,85,51.8,9.08
+3,0.5,1.5,11:00,769.0,85,51.8,9.05
+2,1.0,0.5,11:30,769.0,85,41.2,9.05
+2,0.5,1.5,13:00,767.0,85,57.6,9.02
+3,0.5,4.25,11:00,766.0,85,51.8,9.01
+3,0.5,2.25,11:00,766.0,85,51.8,9.01
+3,0.5,3.75,11:00,766.0,85,51.8,9.01
+3,0.5,5.0,11:00,766.0,85,51.8,9.01
+3,0.5,4.75,11:00,766.0,85,51.8,9.01
+3,0.5,4.5,11:00,766.0,85,51.8,9.01
+3,0.5,3.25,11:00,766.0,85,51.8,9.01
+3,0.5,3.5,11:00,766.0,85,51.8,9.01
+3,0.5,2.5,11:00,766.0,85,51.8,9.01
+3,0.5,2.75,11:00,766.0,85,51.8,9.01
+3,0.5,3.0,11:00,766.0,85,51.8,9.01
+3,0.5,4.0,11:00,766.0,85,51.8,9.01
+2,0.5,0.75,11:00,764.0,85,55.3,8.99
+3,0.5,1.75,11:00,763.0,85,51.8,8.98
+3,0.5,2.0,11:00,763.0,85,51.8,8.98
+2,0.5,1.75,13:00,759.0,85,57.6,8.93
+2,0.5,2.0,13:00,755.0,85,57.6,8.88
+2,0.5,3.25,13:00,753.0,85,57.6,8.86
+2,0.5,2.75,13:00,752.0,85,57.6,8.85
+2,0.5,2.25,13:00,752.0,85,57.6,8.85
+2,0.5,2.5,13:00,751.0,85,57.6,8.84
+2,0.5,3.0,13:00,751.0,85,57.6,8.84
+2,0.5,3.5,13:00,751.0,85,57.6,8.84
+2,0.5,4.0,13:00,751.0,85,57.6,8.84
+2,0.5,4.25,13:00,751.0,85,57.6,8.84
+2,0.5,4.5,13:00,751.0,85,57.6,8.84
+2,0.5,3.75,13:00,751.0,85,57.6,8.84
+2,0.5,4.75,13:00,751.0,85,57.6,8.84
+2,0.75,1.25,10:30,750.0,85,40.0,8.82
+2,0.5,5.0,13:00,750.0,85,57.6,8.82
+2,0.75,5.0,10:30,748.0,85,40.0,8.8
+2,0.75,4.75,10:30,748.0,85,40.0,8.8
+2,0.75,4.5,10:30,748.0,85,40.0,8.8
+2,0.75,4.0,10:30,748.0,85,40.0,8.8
+2,0.75,4.25,10:30,748.0,85,40.0,8.8
+2,0.75,3.5,10:30,748.0,85,40.0,8.8
+2,0.75,3.25,10:30,748.0,85,40.0,8.8
+2,0.75,2.75,10:30,748.0,85,40.0,8.8
+2,0.75,3.75,10:30,748.0,85,40.0,8.8
+2,0.75,1.5,10:30,748.0,85,40.0,8.8
+2,0.75,2.0,10:30,748.0,85,40.0,8.8
+2,0.75,2.5,10:30,748.0,85,40.0,8.8
+2,0.75,2.25,10:30,748.0,85,40.0,8.8
+2,0.75,1.75,10:30,748.0,85,40.0,8.8
+2,0.75,3.0,10:30,748.0,85,40.0,8.8
+2,3.75,0.5,12:30,743.0,85,38.8,8.74
+2,2.0,0.5,12:30,743.0,85,38.8,8.74
+2,3.0,0.5,12:30,743.0,85,38.8,8.74
+2,2.5,0.5,12:30,743.0,85,38.8,8.74
+2,4.75,0.5,12:30,743.0,85,38.8,8.74
+2,4.5,0.5,12:30,743.0,85,38.8,8.74
+2,4.0,0.5,12:30,743.0,85,38.8,8.74
+2,3.5,0.5,12:30,743.0,85,38.8,8.74
+2,2.75,0.5,12:30,743.0,85,38.8,8.74
+2,2.25,0.5,12:30,743.0,85,38.8,8.74
+2,4.25,0.5,12:30,743.0,85,38.8,8.74
+2,5.0,0.5,12:30,743.0,85,38.8,8.74
+2,3.25,0.5,12:30,743.0,85,38.8,8.74
+2,1.0,0.5,11:00,740.0,85,44.7,8.71
+2,0.5,0.75,14:00,735.0,85,55.3,8.65
+3,2.0,0.5,15:00,729.0,85,28.2,8.58
+3,3.75,0.5,15:00,729.0,85,28.2,8.58
+3,4.75,0.5,15:00,729.0,85,28.2,8.58
+3,2.25,0.5,15:00,729.0,85,28.2,8.58
+3,4.5,0.5,15:00,729.0,85,28.2,8.58
+3,3.25,0.5,15:00,729.0,85,28.2,8.58
+3,5.0,0.5,15:00,729.0,85,28.2,8.58
+3,2.75,0.5,15:00,729.0,85,28.2,8.58
+3,3.0,0.5,15:00,729.0,85,28.2,8.58
+3,4.25,0.5,15:00,729.0,85,28.2,8.58
+3,3.5,0.5,15:00,729.0,85,28.2,8.58
+3,4.0,0.5,15:00,729.0,85,28.2,8.58
+3,2.5,0.5,15:00,729.0,85,28.2,8.58
+2,0.5,0.75,14:30,718.0,85,55.3,8.45
+3,2.75,0.5,10:30,714.0,85,37.6,8.4
+3,4.25,0.5,10:30,714.0,85,37.6,8.4
+3,3.75,0.5,10:30,714.0,85,37.6,8.4
+3,4.5,0.5,10:30,714.0,85,37.6,8.4
+3,5.0,0.5,10:30,714.0,85,37.6,8.4
+3,1.25,0.5,10:30,714.0,85,37.6,8.4
+3,1.75,0.5,10:30,714.0,85,37.6,8.4
+3,2.25,0.5,10:30,714.0,85,37.6,8.4
+3,2.5,0.5,10:30,714.0,85,37.6,8.4
+3,3.5,0.5,10:30,714.0,85,37.6,8.4
+3,3.25,0.5,10:30,714.0,85,37.6,8.4
+3,1.5,0.5,10:30,714.0,85,37.6,8.4
+3,4.0,0.5,10:30,714.0,85,37.6,8.4
+3,4.75,0.5,10:30,714.0,85,37.6,8.4
+3,3.0,0.5,10:30,714.0,85,37.6,8.4
+3,2.0,0.5,10:30,714.0,85,37.6,8.4
+2,0.5,1.0,15:00,709.0,85,56.5,8.34
+3,1.0,0.5,10:30,708.0,85,37.6,8.33
+2,1.75,0.5,15:00,699.0,85,28.2,8.22
+3,2.75,0.75,10:30,693.0,85,38.8,8.15
+3,4.25,0.75,10:30,693.0,85,38.8,8.15
+3,2.5,0.75,10:30,693.0,85,38.8,8.15
+3,2.25,0.75,10:30,693.0,85,38.8,8.15
+3,3.5,0.75,10:30,693.0,85,38.8,8.15
+3,1.25,0.75,10:30,693.0,85,38.8,8.15
+3,1.75,0.75,10:30,693.0,85,38.8,8.15
+3,5.0,0.75,10:30,693.0,85,38.8,8.15
+3,2.0,0.75,10:30,693.0,85,38.8,8.15
+3,1.5,0.75,10:30,693.0,85,38.8,8.15
+3,3.0,0.75,10:30,693.0,85,38.8,8.15
+3,3.25,0.75,10:30,693.0,85,38.8,8.15
+3,3.75,0.75,10:30,693.0,85,38.8,8.15
+3,4.75,0.75,10:30,693.0,85,38.8,8.15
+3,4.0,0.75,10:30,693.0,85,38.8,8.15
+3,4.5,0.75,10:30,693.0,85,38.8,8.15
+3,0.5,0.75,15:00,688.0,85,55.3,8.09
+3,1.0,0.75,10:30,687.0,85,38.8,8.08
+2,0.5,0.75,13:00,684.0,85,55.3,8.05
+3,1.5,0.5,11:30,652.0,85,40.0,7.67
+3,1.75,0.5,11:30,652.0,85,40.0,7.67
+2,0.5,1.0,11:00,649.0,85,55.3,7.64
+2,1.5,0.5,15:00,646.0,85,28.2,7.6
+2,0.75,0.5,10:00,633.0,85,48.2,7.45
+2,0.5,1.25,11:00,626.0,85,55.3,7.36
+2,3.75,0.5,15:00,620.0,85,28.2,7.29
+2,2.75,0.5,15:00,620.0,85,28.2,7.29
+2,2.5,0.5,15:00,620.0,85,28.2,7.29
+2,2.0,0.5,15:00,620.0,85,28.2,7.29
+2,2.25,0.5,15:00,620.0,85,28.2,7.29
+2,5.0,0.5,15:00,620.0,85,28.2,7.29
+2,3.0,0.5,15:00,620.0,85,28.2,7.29
+2,3.5,0.5,15:00,620.0,85,28.2,7.29
+2,4.25,0.5,15:00,620.0,85,28.2,7.29
+2,4.0,0.5,15:00,620.0,85,28.2,7.29
+2,3.25,0.5,15:00,620.0,85,28.2,7.29
+2,4.75,0.5,15:00,620.0,85,28.2,7.29
+2,4.5,0.5,15:00,620.0,85,28.2,7.29
+2,0.5,1.5,11:00,619.0,85,55.3,7.28
+2,0.5,2.25,11:00,616.0,85,55.3,7.25
+2,0.5,5.0,11:00,616.0,85,55.3,7.25
+2,0.5,4.75,11:00,616.0,85,55.3,7.25
+2,0.5,3.0,11:00,616.0,85,55.3,7.25
+2,0.5,2.5,11:00,616.0,85,55.3,7.25
+2,0.5,2.75,11:00,616.0,85,55.3,7.25
+2,0.5,4.0,11:00,616.0,85,55.3,7.25
+2,0.5,4.25,11:00,616.0,85,55.3,7.25
+2,0.5,3.75,11:00,616.0,85,55.3,7.25
+2,0.5,3.25,11:00,616.0,85,55.3,7.25
+2,0.5,3.5,11:00,616.0,85,55.3,7.25
+2,0.5,4.5,11:00,616.0,85,55.3,7.25
+3,2.5,1.0,10:30,614.0,85,38.8,7.22
+3,2.0,1.0,10:30,614.0,85,38.8,7.22
+3,1.75,1.0,10:30,614.0,85,38.8,7.22
+3,1.25,1.0,10:30,614.0,85,38.8,7.22
+3,4.5,1.0,10:30,614.0,85,38.8,7.22
+3,4.0,1.0,10:30,614.0,85,38.8,7.22
+3,3.25,1.0,10:30,614.0,85,38.8,7.22
+3,4.25,1.0,10:30,614.0,85,38.8,7.22
+3,1.5,1.0,10:30,614.0,85,38.8,7.22
+3,3.0,1.0,10:30,614.0,85,38.8,7.22
+3,5.0,1.0,10:30,614.0,85,38.8,7.22
+2,0.5,1.75,11:00,614.0,85,55.3,7.22
+3,2.75,1.0,10:30,614.0,85,38.8,7.22
+3,3.75,1.0,10:30,614.0,85,38.8,7.22
+3,4.75,1.0,10:30,614.0,85,38.8,7.22
+3,3.5,1.0,10:30,614.0,85,38.8,7.22
+3,2.25,1.0,10:30,614.0,85,38.8,7.22
+2,0.5,2.0,11:00,613.0,85,55.3,7.21
+3,1.0,1.0,10:30,608.0,85,38.8,7.15
+2,0.75,0.75,10:00,595.0,85,48.2,7.0
+3,2.0,5.0,10:30,589.0,85,37.6,6.93
+3,4.25,1.25,10:30,589.0,85,37.6,6.93
+3,4.25,1.5,10:30,589.0,85,37.6,6.93
+3,4.5,3.75,10:30,589.0,85,37.6,6.93
+3,3.25,4.75,10:30,589.0,85,37.6,6.93
+3,3.25,5.0,10:30,589.0,85,37.6,6.93
+3,4.75,4.25,10:30,589.0,85,37.6,6.93
+3,3.25,4.0,10:30,589.0,85,37.6,6.93
+3,3.25,4.25,10:30,589.0,85,37.6,6.93
+3,3.25,4.5,10:30,589.0,85,37.6,6.93
+3,3.5,1.25,10:30,589.0,85,37.6,6.93
+3,4.75,4.5,10:30,589.0,85,37.6,6.93
+3,4.75,4.75,10:30,589.0,85,37.6,6.93
+3,3.0,3.0,10:30,589.0,85,37.6,6.93
+3,1.75,4.75,10:30,589.0,85,37.6,6.93
+3,1.75,5.0,10:30,589.0,85,37.6,6.93
+3,2.0,2.0,10:30,589.0,85,37.6,6.93
+3,2.0,1.5,10:30,589.0,85,37.6,6.93
+3,3.25,3.5,10:30,589.0,85,37.6,6.93
+3,3.25,3.75,10:30,589.0,85,37.6,6.93
+3,2.0,1.25,10:30,589.0,85,37.6,6.93
+3,3.0,2.5,10:30,589.0,85,37.6,6.93
+3,3.0,2.75,10:30,589.0,85,37.6,6.93
+3,2.0,3.75,10:30,589.0,85,37.6,6.93
+3,2.0,3.25,10:30,589.0,85,37.6,6.93
+3,2.0,3.5,10:30,589.0,85,37.6,6.93
+3,3.5,1.5,10:30,589.0,85,37.6,6.93
+3,3.5,1.75,10:30,589.0,85,37.6,6.93
+3,3.5,2.0,10:30,589.0,85,37.6,6.93
+3,4.75,4.0,10:30,589.0,85,37.6,6.93
+3,4.0,1.75,10:30,589.0,85,37.6,6.93
+3,4.0,1.25,10:30,589.0,85,37.6,6.93
+3,4.0,1.5,10:30,589.0,85,37.6,6.93
+3,3.25,3.25,10:30,589.0,85,37.6,6.93
+3,2.75,4.0,10:30,589.0,85,37.6,6.93
+3,2.75,4.25,10:30,589.0,85,37.6,6.93
+3,2.5,3.0,10:30,589.0,85,37.6,6.93
+3,4.25,3.75,10:30,589.0,85,37.6,6.93
+3,4.25,3.25,10:30,589.0,85,37.6,6.93
+3,2.5,2.25,10:30,589.0,85,37.6,6.93
+3,4.75,3.75,10:30,589.0,85,37.6,6.93
+3,3.25,3.0,10:30,589.0,85,37.6,6.93
+3,2.5,2.75,10:30,589.0,85,37.6,6.93
+3,4.5,1.25,10:30,589.0,85,37.6,6.93
+3,2.25,4.5,10:30,589.0,85,37.6,6.93
+3,2.75,5.0,10:30,589.0,85,37.6,6.93
+3,3.5,2.25,10:30,589.0,85,37.6,6.93
+3,3.75,5.0,10:30,589.0,85,37.6,6.93
+3,4.25,1.75,10:30,589.0,85,37.6,6.93
+3,2.0,4.5,10:30,589.0,85,37.6,6.93
+3,3.0,1.75,10:30,589.0,85,37.6,6.93
+3,3.0,2.0,10:30,589.0,85,37.6,6.93
+3,2.0,4.0,10:30,589.0,85,37.6,6.93
+3,2.0,4.25,10:30,589.0,85,37.6,6.93
+3,2.25,1.25,10:30,589.0,85,37.6,6.93
+3,4.5,3.5,10:30,589.0,85,37.6,6.93
+3,4.0,2.75,10:30,589.0,85,37.6,6.93
+3,4.0,3.0,10:30,589.0,85,37.6,6.93
+3,4.75,3.0,10:30,589.0,85,37.6,6.93
+3,4.75,3.25,10:30,589.0,85,37.6,6.93
+3,4.0,2.5,10:30,589.0,85,37.6,6.93
+3,4.75,3.5,10:30,589.0,85,37.6,6.93
+3,3.25,2.5,10:30,589.0,85,37.6,6.93
+3,3.25,2.75,10:30,589.0,85,37.6,6.93
+3,4.0,2.0,10:30,589.0,85,37.6,6.93
+3,4.0,2.25,10:30,589.0,85,37.6,6.93
+3,2.0,3.0,10:30,589.0,85,37.6,6.93
+3,2.0,2.75,10:30,589.0,85,37.6,6.93
+3,3.75,4.75,10:30,589.0,85,37.6,6.93
+3,3.5,2.5,10:30,589.0,85,37.6,6.93
+3,4.5,2.0,10:30,589.0,85,37.6,6.93
+3,4.5,2.25,10:30,589.0,85,37.6,6.93
+3,2.25,3.5,10:30,589.0,85,37.6,6.93
+3,2.25,3.0,10:30,589.0,85,37.6,6.93
+3,3.25,1.75,10:30,589.0,85,37.6,6.93
+3,3.25,2.0,10:30,589.0,85,37.6,6.93
+3,1.25,2.75,10:30,589.0,85,37.6,6.93
+3,1.25,2.25,10:30,589.0,85,37.6,6.93
+3,3.25,2.25,10:30,589.0,85,37.6,6.93
+3,5.0,3.75,10:30,589.0,85,37.6,6.93
+3,5.0,4.0,10:30,589.0,85,37.6,6.93
+3,3.5,2.75,10:30,589.0,85,37.6,6.93
+3,3.5,3.0,10:30,589.0,85,37.6,6.93
+3,3.5,3.25,10:30,589.0,85,37.6,6.93
+3,4.75,5.0,10:30,589.0,85,37.6,6.93
+3,3.25,1.5,10:30,589.0,85,37.6,6.93
+3,1.25,1.25,10:30,589.0,85,37.6,6.93
+3,1.25,3.75,10:30,589.0,85,37.6,6.93
+3,1.25,4.0,10:30,589.0,85,37.6,6.93
+3,4.75,2.5,10:30,589.0,85,37.6,6.93
+3,4.0,3.25,10:30,589.0,85,37.6,6.93
+3,4.75,2.75,10:30,589.0,85,37.6,6.93
+3,2.25,4.0,10:30,589.0,85,37.6,6.93
+3,2.5,1.25,10:30,589.0,85,37.6,6.93
+3,4.5,1.5,10:30,589.0,85,37.6,6.93
+3,4.25,2.75,10:30,589.0,85,37.6,6.93
+3,4.25,3.0,10:30,589.0,85,37.6,6.93
+3,4.5,1.75,10:30,589.0,85,37.6,6.93
+3,3.75,4.25,10:30,589.0,85,37.6,6.93
+3,3.5,3.5,10:30,589.0,85,37.6,6.93
+3,3.5,3.75,10:30,589.0,85,37.6,6.93
+3,3.5,4.0,10:30,589.0,85,37.6,6.93
+3,3.75,4.5,10:30,589.0,85,37.6,6.93
+3,2.25,3.25,10:30,589.0,85,37.6,6.93
+3,4.5,2.75,10:30,589.0,85,37.6,6.93
+3,4.5,3.0,10:30,589.0,85,37.6,6.93
+3,1.25,3.5,10:30,589.0,85,37.6,6.93
+3,5.0,1.75,10:30,589.0,85,37.6,6.93
+3,3.25,1.25,10:30,589.0,85,37.6,6.93
+3,1.25,3.0,10:30,589.0,85,37.6,6.93
+3,1.25,3.25,10:30,589.0,85,37.6,6.93
+3,1.25,2.5,10:30,589.0,85,37.6,6.93
+3,1.25,2.0,10:30,589.0,85,37.6,6.93
+3,1.25,1.5,10:30,589.0,85,37.6,6.93
+3,1.25,1.75,10:30,589.0,85,37.6,6.93
+3,1.25,4.75,10:30,589.0,85,37.6,6.93
+3,1.25,4.25,10:30,589.0,85,37.6,6.93
+3,1.5,1.75,10:30,589.0,85,37.6,6.93
+3,4.75,2.0,10:30,589.0,85,37.6,6.93
+3,4.75,2.25,10:30,589.0,85,37.6,6.93
+3,2.25,2.5,10:30,589.0,85,37.6,6.93
+3,2.25,2.75,10:30,589.0,85,37.6,6.93
+3,2.25,4.75,10:30,589.0,85,37.6,6.93
+3,2.25,5.0,10:30,589.0,85,37.6,6.93
+3,4.25,2.5,10:30,589.0,85,37.6,6.93
+3,2.25,4.25,10:30,589.0,85,37.6,6.93
+3,3.5,4.75,10:30,589.0,85,37.6,6.93
+3,3.5,4.25,10:30,589.0,85,37.6,6.93
+3,2.5,4.75,10:30,589.0,85,37.6,6.93
+3,1.5,3.0,10:30,589.0,85,37.6,6.93
+3,1.5,3.25,10:30,589.0,85,37.6,6.93
+3,4.75,1.75,10:30,589.0,85,37.6,6.93
+3,4.0,3.5,10:30,589.0,85,37.6,6.93
+3,4.0,3.75,10:30,589.0,85,37.6,6.93
+3,1.25,5.0,10:30,589.0,85,37.6,6.93
+3,1.25,4.5,10:30,589.0,85,37.6,6.93
+3,3.5,4.5,10:30,589.0,85,37.6,6.93
+3,3.5,5.0,10:30,589.0,85,37.6,6.93
+3,2.5,5.0,10:30,589.0,85,37.6,6.93
+3,5.0,3.5,10:30,589.0,85,37.6,6.93
+3,2.5,4.5,10:30,589.0,85,37.6,6.93
+3,4.5,2.5,10:30,589.0,85,37.6,6.93
+3,5.0,3.0,10:30,589.0,85,37.6,6.93
+3,2.75,1.5,10:30,589.0,85,37.6,6.93
+3,5.0,5.0,10:30,589.0,85,37.6,6.93
+3,4.25,4.75,10:30,589.0,85,37.6,6.93
+3,4.25,5.0,10:30,589.0,85,37.6,6.93
+3,4.25,4.0,10:30,589.0,85,37.6,6.93
+3,4.25,3.5,10:30,589.0,85,37.6,6.93
+3,2.5,3.25,10:30,589.0,85,37.6,6.93
+3,2.5,3.5,10:30,589.0,85,37.6,6.93
+3,5.0,3.25,10:30,589.0,85,37.6,6.93
+3,1.5,2.25,10:30,589.0,85,37.6,6.93
+3,1.5,2.5,10:30,589.0,85,37.6,6.93
+3,3.0,4.75,10:30,589.0,85,37.6,6.93
+3,1.5,2.0,10:30,589.0,85,37.6,6.93
+3,1.5,1.5,10:30,589.0,85,37.6,6.93
+3,1.5,5.0,10:30,589.0,85,37.6,6.93
+3,1.5,4.5,10:30,589.0,85,37.6,6.93
+3,4.0,4.25,10:30,589.0,85,37.6,6.93
+3,4.0,4.5,10:30,589.0,85,37.6,6.93
+3,4.75,1.25,10:30,589.0,85,37.6,6.93
+3,4.75,1.5,10:30,589.0,85,37.6,6.93
+3,2.75,2.5,10:30,589.0,85,37.6,6.93
+3,4.0,4.0,10:30,589.0,85,37.6,6.93
+3,1.5,1.25,10:30,589.0,85,37.6,6.93
+3,3.0,5.0,10:30,589.0,85,37.6,6.93
+3,5.0,1.25,10:30,589.0,85,37.6,6.93
+3,3.75,4.0,10:30,589.0,85,37.6,6.93
+3,3.75,3.5,10:30,589.0,85,37.6,6.93
+3,3.75,3.75,10:30,589.0,85,37.6,6.93
+3,5.0,1.5,10:30,589.0,85,37.6,6.93
+3,3.75,1.25,10:30,589.0,85,37.6,6.93
+3,3.0,4.25,10:30,589.0,85,37.6,6.93
+3,3.0,4.5,10:30,589.0,85,37.6,6.93
+3,1.5,3.75,10:30,589.0,85,37.6,6.93
+3,1.5,4.0,10:30,589.0,85,37.6,6.93
+3,1.5,3.5,10:30,589.0,85,37.6,6.93
+3,1.75,1.25,10:30,589.0,85,37.6,6.93
+3,2.75,2.75,10:30,589.0,85,37.6,6.93
+3,2.75,2.25,10:30,589.0,85,37.6,6.93
+3,1.5,2.75,10:30,589.0,85,37.6,6.93
+3,3.75,1.5,10:30,589.0,85,37.6,6.93
+3,2.75,3.0,10:30,589.0,85,37.6,6.93
+3,5.0,2.75,10:30,589.0,85,37.6,6.93
+3,2.75,1.75,10:30,589.0,85,37.6,6.93
+3,3.0,3.5,10:30,589.0,85,37.6,6.93
+3,1.75,3.0,10:30,589.0,85,37.6,6.93
+3,2.75,2.0,10:30,589.0,85,37.6,6.93
+3,4.5,5.0,10:30,589.0,85,37.6,6.93
+3,4.0,4.75,10:30,589.0,85,37.6,6.93
+3,4.25,4.25,10:30,589.0,85,37.6,6.93
+3,3.0,4.0,10:30,589.0,85,37.6,6.93
+3,1.5,4.75,10:30,589.0,85,37.6,6.93
+3,1.75,3.25,10:30,589.0,85,37.6,6.93
+3,1.75,2.75,10:30,589.0,85,37.6,6.93
+3,1.5,4.25,10:30,589.0,85,37.6,6.93
+3,5.0,2.25,10:30,589.0,85,37.6,6.93
+3,5.0,2.5,10:30,589.0,85,37.6,6.93
+3,4.5,4.25,10:30,589.0,85,37.6,6.93
+3,2.0,1.75,10:30,589.0,85,37.6,6.93
+3,2.5,1.75,10:30,589.0,85,37.6,6.93
+3,3.0,3.75,10:30,589.0,85,37.6,6.93
+3,1.75,1.5,10:30,589.0,85,37.6,6.93
+3,1.75,1.75,10:30,589.0,85,37.6,6.93
+3,1.75,4.5,10:30,589.0,85,37.6,6.93
+3,1.75,4.0,10:30,589.0,85,37.6,6.93
+3,1.75,4.25,10:30,589.0,85,37.6,6.93
+3,2.5,2.0,10:30,589.0,85,37.6,6.93
+3,2.75,4.5,10:30,589.0,85,37.6,6.93
+3,1.75,3.75,10:30,589.0,85,37.6,6.93
+3,1.75,3.5,10:30,589.0,85,37.6,6.93
+3,3.0,3.25,10:30,589.0,85,37.6,6.93
+3,3.75,3.25,10:30,589.0,85,37.6,6.93
+3,2.5,1.5,10:30,589.0,85,37.6,6.93
+3,5.0,4.5,10:30,589.0,85,37.6,6.93
+3,5.0,4.75,10:30,589.0,85,37.6,6.93
+3,2.25,2.25,10:30,589.0,85,37.6,6.93
+3,1.75,2.25,10:30,589.0,85,37.6,6.93
+3,2.25,2.0,10:30,589.0,85,37.6,6.93
+3,2.5,4.25,10:30,589.0,85,37.6,6.93
+3,3.0,1.25,10:30,589.0,85,37.6,6.93
+3,2.25,1.5,10:30,589.0,85,37.6,6.93
+3,2.25,1.75,10:30,589.0,85,37.6,6.93
+3,2.5,4.0,10:30,589.0,85,37.6,6.93
+3,2.25,3.75,10:30,589.0,85,37.6,6.93
+3,2.5,3.75,10:30,589.0,85,37.6,6.93
+3,3.0,1.5,10:30,589.0,85,37.6,6.93
+3,1.75,2.5,10:30,589.0,85,37.6,6.93
+3,1.75,2.0,10:30,589.0,85,37.6,6.93
+3,4.25,2.0,10:30,589.0,85,37.6,6.93
+3,4.25,2.25,10:30,589.0,85,37.6,6.93
+3,4.5,3.25,10:30,589.0,85,37.6,6.93
+3,5.0,2.0,10:30,589.0,85,37.6,6.93
+3,2.75,4.75,10:30,589.0,85,37.6,6.93
+3,3.75,1.75,10:30,589.0,85,37.6,6.93
+3,3.75,2.5,10:30,589.0,85,37.6,6.93
+3,2.5,2.5,10:30,589.0,85,37.6,6.93
+3,2.75,3.75,10:30,589.0,85,37.6,6.93
+3,5.0,4.25,10:30,589.0,85,37.6,6.93
+3,2.75,3.5,10:30,589.0,85,37.6,6.93
+3,3.0,2.25,10:30,589.0,85,37.6,6.93
+3,2.0,2.25,10:30,589.0,85,37.6,6.93
+3,2.0,2.5,10:30,589.0,85,37.6,6.93
+3,4.5,4.5,10:30,589.0,85,37.6,6.93
+3,4.5,4.75,10:30,589.0,85,37.6,6.93
+3,4.0,5.0,10:30,589.0,85,37.6,6.93
+3,3.75,2.0,10:30,589.0,85,37.6,6.93
+3,3.75,2.25,10:30,589.0,85,37.6,6.93
+3,3.75,2.75,10:30,589.0,85,37.6,6.93
+3,3.75,3.0,10:30,589.0,85,37.6,6.93
+3,2.0,4.75,10:30,589.0,85,37.6,6.93
+3,4.25,4.5,10:30,589.0,85,37.6,6.93
+3,2.75,1.25,10:30,589.0,85,37.6,6.93
+3,2.75,3.25,10:30,589.0,85,37.6,6.93
+3,4.5,4.0,10:30,589.0,85,37.6,6.93
+3,1.0,3.75,10:30,583.0,85,37.6,6.86
+3,1.0,4.75,10:30,583.0,85,37.6,6.86
+3,1.0,3.5,10:30,583.0,85,37.6,6.86
+3,1.0,3.0,10:30,583.0,85,37.6,6.86
+3,1.0,5.0,10:30,583.0,85,37.6,6.86
+3,1.0,2.25,10:30,583.0,85,37.6,6.86
+3,1.0,1.25,10:30,583.0,85,37.6,6.86
+3,1.0,2.75,10:30,583.0,85,37.6,6.86
+3,1.0,1.75,10:30,583.0,85,37.6,6.86
+3,1.0,3.25,10:30,583.0,85,37.6,6.86
+3,1.0,1.5,10:30,583.0,85,37.6,6.86
+3,1.0,4.5,10:30,583.0,85,37.6,6.86
+3,1.0,4.0,10:30,583.0,85,37.6,6.86
+3,1.0,2.0,10:30,583.0,85,37.6,6.86
+3,1.0,4.25,10:30,583.0,85,37.6,6.86
+3,1.0,2.5,10:30,583.0,85,37.6,6.86
+3,0.5,0.5,12:00,577.0,85,50.6,6.79
+3,0.5,0.5,11:30,571.0,85,48.2,6.72
+3,4.0,0.5,11:30,568.0,85,40.0,6.68
+3,5.0,0.5,11:30,568.0,85,40.0,6.68
+3,2.75,0.5,11:30,568.0,85,40.0,6.68
+3,3.0,0.5,11:30,568.0,85,40.0,6.68
+3,3.25,0.5,11:30,568.0,85,40.0,6.68
+3,2.5,0.5,11:30,568.0,85,40.0,6.68
+3,3.75,0.5,11:30,568.0,85,40.0,6.68
+3,2.0,0.5,11:30,568.0,85,40.0,6.68
+3,4.75,0.5,11:30,568.0,85,40.0,6.68
+3,2.25,0.5,11:30,568.0,85,40.0,6.68
+3,4.25,0.5,11:30,568.0,85,40.0,6.68
+3,4.5,0.5,11:30,568.0,85,40.0,6.68
+3,3.5,0.5,11:30,568.0,85,40.0,6.68
+2,1.75,0.5,11:30,557.0,85,40.0,6.55
+2,1.5,0.5,11:30,557.0,85,40.0,6.55
+3,0.5,0.5,13:30,553.0,85,51.8,6.51
+3,3.0,0.5,10:00,552.0,85,45.9,6.49
+3,3.25,0.5,10:00,552.0,85,45.9,6.49
+3,2.75,0.5,10:00,552.0,85,45.9,6.49
+3,1.5,0.5,10:00,552.0,85,45.9,6.49
+3,4.5,0.5,10:00,552.0,85,45.9,6.49
+3,5.0,0.5,10:00,552.0,85,45.9,6.49
+3,2.25,0.5,10:00,552.0,85,45.9,6.49
+3,4.25,0.5,10:00,552.0,85,45.9,6.49
+3,1.75,0.5,10:00,552.0,85,45.9,6.49
+3,2.0,0.5,10:00,552.0,85,45.9,6.49
+3,4.75,0.5,10:00,552.0,85,45.9,6.49
+3,1.0,0.5,10:00,552.0,85,45.9,6.49
+3,2.5,0.5,10:00,552.0,85,45.9,6.49
+3,3.5,0.5,10:00,552.0,85,45.9,6.49
+3,4.0,0.5,10:00,552.0,85,45.9,6.49
+3,1.25,0.5,10:00,552.0,85,45.9,6.49
+3,3.75,0.5,10:00,552.0,85,45.9,6.49
+2,0.75,1.0,10:00,551.0,85,48.2,6.48
+2,0.75,1.75,10:00,538.0,85,48.2,6.33
+2,0.75,2.5,10:00,538.0,85,48.2,6.33
+2,0.75,3.0,10:00,538.0,85,48.2,6.33
+2,0.75,2.75,10:00,538.0,85,48.2,6.33
+2,0.75,3.25,10:00,538.0,85,48.2,6.33
+2,0.75,3.5,10:00,538.0,85,48.2,6.33
+2,0.75,2.0,10:00,538.0,85,48.2,6.33
+2,0.75,1.25,10:00,538.0,85,48.2,6.33
+2,0.75,3.75,10:00,538.0,85,48.2,6.33
+2,0.75,5.0,10:00,538.0,85,48.2,6.33
+2,0.75,4.0,10:00,538.0,85,48.2,6.33
+2,0.75,4.25,10:00,538.0,85,48.2,6.33
+2,0.75,4.5,10:00,538.0,85,48.2,6.33
+2,0.75,1.5,10:00,538.0,85,48.2,6.33
+2,0.75,4.75,10:00,538.0,85,48.2,6.33
+2,0.75,2.25,10:00,538.0,85,48.2,6.33
+2,1.5,0.5,10:30,517.0,85,38.8,6.08
+2,4.75,0.5,10:30,517.0,85,38.8,6.08
+2,4.0,0.5,10:30,517.0,85,38.8,6.08
+2,4.25,0.5,10:30,517.0,85,38.8,6.08
+2,2.25,0.5,10:30,517.0,85,38.8,6.08
+2,1.25,0.5,10:30,517.0,85,38.8,6.08
+2,3.75,0.5,10:30,517.0,85,38.8,6.08
+2,3.5,0.5,10:30,517.0,85,38.8,6.08
+2,2.75,0.5,10:30,517.0,85,38.8,6.08
+2,3.25,0.5,10:30,517.0,85,38.8,6.08
+2,1.75,0.5,10:30,517.0,85,38.8,6.08
+2,2.0,0.5,10:30,517.0,85,38.8,6.08
+2,3.0,0.5,10:30,517.0,85,38.8,6.08
+2,5.0,0.5,10:30,517.0,85,38.8,6.08
+2,2.5,0.5,10:30,517.0,85,38.8,6.08
+2,4.5,0.5,10:30,517.0,85,38.8,6.08
+3,3.0,0.75,10:00,513.0,85,45.9,6.04
+3,4.75,0.75,10:00,513.0,85,45.9,6.04
+3,1.75,0.75,10:00,513.0,85,45.9,6.04
+3,4.25,0.75,10:00,513.0,85,45.9,6.04
+3,2.25,0.75,10:00,513.0,85,45.9,6.04
+3,2.0,0.75,10:00,513.0,85,45.9,6.04
+3,3.75,0.75,10:00,513.0,85,45.9,6.04
+3,2.75,0.75,10:00,513.0,85,45.9,6.04
+3,1.25,0.75,10:00,513.0,85,45.9,6.04
+3,1.5,0.75,10:00,513.0,85,45.9,6.04
+3,5.0,0.75,10:00,513.0,85,45.9,6.04
+3,3.25,0.75,10:00,513.0,85,45.9,6.04
+3,2.5,0.75,10:00,513.0,85,45.9,6.04
+3,4.0,0.75,10:00,513.0,85,45.9,6.04
+3,1.0,0.75,10:00,513.0,85,45.9,6.04
+3,3.5,0.75,10:00,513.0,85,45.9,6.04
+3,4.5,0.75,10:00,513.0,85,45.9,6.04
+3,0.5,0.5,12:30,512.0,85,50.6,6.02
+3,0.5,0.5,10:00,497.0,85,45.9,5.85
+2,3.0,0.75,10:30,494.0,85,40.0,5.81
+2,2.0,0.75,10:30,494.0,85,40.0,5.81
+2,5.0,0.75,10:30,494.0,85,40.0,5.81
+2,2.75,0.75,10:30,494.0,85,40.0,5.81
+2,4.25,0.75,10:30,494.0,85,40.0,5.81
+2,3.75,0.75,10:30,494.0,85,40.0,5.81
+2,1.75,0.75,10:30,494.0,85,40.0,5.81
+2,1.5,0.75,10:30,494.0,85,40.0,5.81
+2,3.25,0.75,10:30,494.0,85,40.0,5.81
+2,4.5,0.75,10:30,494.0,85,40.0,5.81
+2,4.75,0.75,10:30,494.0,85,40.0,5.81
+2,3.5,0.75,10:30,494.0,85,40.0,5.81
+2,2.25,0.75,10:30,494.0,85,40.0,5.81
+2,4.0,0.75,10:30,494.0,85,40.0,5.81
+2,1.25,0.75,10:30,494.0,85,40.0,5.81
+2,2.5,0.75,10:30,494.0,85,40.0,5.81
+3,0.5,0.5,11:00,486.0,85,47.1,5.72
+2,0.5,0.75,15:00,477.0,85,54.1,5.61
+3,3.75,1.0,10:00,473.0,85,45.9,5.56
+3,2.5,1.0,10:00,473.0,85,45.9,5.56
+3,4.0,1.0,10:00,473.0,85,45.9,5.56
+3,3.5,1.0,10:00,473.0,85,45.9,5.56
+3,4.75,1.0,10:00,473.0,85,45.9,5.56
+3,1.75,1.0,10:00,473.0,85,45.9,5.56
+3,2.0,1.0,10:00,473.0,85,45.9,5.56
+3,4.25,1.0,10:00,473.0,85,45.9,5.56
+3,5.0,1.0,10:00,473.0,85,45.9,5.56
+3,3.0,1.0,10:00,473.0,85,45.9,5.56
+3,2.25,1.0,10:00,473.0,85,45.9,5.56
+3,1.0,1.0,10:00,473.0,85,45.9,5.56
+3,1.5,1.0,10:00,473.0,85,45.9,5.56
+3,1.25,1.0,10:00,473.0,85,45.9,5.56
+3,3.25,1.0,10:00,473.0,85,45.9,5.56
+3,4.5,1.0,10:00,473.0,85,45.9,5.56
+3,2.75,1.0,10:00,473.0,85,45.9,5.56
+3,4.5,2.75,10:00,464.0,85,45.9,5.46
+3,4.5,3.0,10:00,464.0,85,45.9,5.46
+3,2.75,4.75,10:00,464.0,85,45.9,5.46
+3,2.75,5.0,10:00,464.0,85,45.9,5.46
+3,5.0,4.75,10:00,464.0,85,45.9,5.46
+3,2.75,2.75,10:00,464.0,85,45.9,5.46
+3,2.75,2.25,10:00,464.0,85,45.9,5.46
+3,2.75,3.0,10:00,464.0,85,45.9,5.46
+3,2.75,1.75,10:00,464.0,85,45.9,5.46
+3,2.75,2.0,10:00,464.0,85,45.9,5.46
+3,2.25,1.5,10:00,464.0,85,45.9,5.46
+3,2.25,1.75,10:00,464.0,85,45.9,5.46
+3,5.0,2.5,10:00,464.0,85,45.9,5.46
+3,2.25,3.25,10:00,464.0,85,45.9,5.46
+3,5.0,4.25,10:00,464.0,85,45.9,5.46
+3,4.25,4.25,10:00,464.0,85,45.9,5.46
+3,3.5,2.0,10:00,464.0,85,45.9,5.46
+3,3.25,4.75,10:00,464.0,85,45.9,5.46
+3,5.0,1.75,10:00,464.0,85,45.9,5.46
+3,5.0,1.25,10:00,464.0,85,45.9,5.46
+3,5.0,1.5,10:00,464.0,85,45.9,5.46
+3,5.0,4.5,10:00,464.0,85,45.9,5.46
+3,4.25,4.75,10:00,464.0,85,45.9,5.46
+3,2.75,1.25,10:00,464.0,85,45.9,5.46
+3,2.75,3.25,10:00,464.0,85,45.9,5.46
+3,2.75,3.5,10:00,464.0,85,45.9,5.46
+3,4.25,4.0,10:00,464.0,85,45.9,5.46
+3,2.25,2.0,10:00,464.0,85,45.9,5.46
+3,2.25,3.75,10:00,464.0,85,45.9,5.46
+3,4.25,2.0,10:00,464.0,85,45.9,5.46
+3,4.5,3.25,10:00,464.0,85,45.9,5.46
+3,4.25,1.75,10:00,464.0,85,45.9,5.46
+3,4.75,3.25,10:00,464.0,85,45.9,5.46
+3,4.0,2.5,10:00,464.0,85,45.9,5.46
+3,4.75,3.5,10:00,464.0,85,45.9,5.46
+3,1.0,2.75,10:00,464.0,85,45.9,5.46
+3,4.0,1.75,10:00,464.0,85,45.9,5.46
+3,4.0,1.5,10:00,464.0,85,45.9,5.46
+3,2.25,4.75,10:00,464.0,85,45.9,5.46
+3,2.5,2.75,10:00,464.0,85,45.9,5.46
+3,2.5,2.25,10:00,464.0,85,45.9,5.46
+3,4.5,1.25,10:00,464.0,85,45.9,5.46
+3,4.5,1.5,10:00,464.0,85,45.9,5.46
+3,4.75,4.5,10:00,464.0,85,45.9,5.46
+3,4.75,4.75,10:00,464.0,85,45.9,5.46
+3,4.75,5.0,10:00,464.0,85,45.9,5.46
+3,3.5,1.5,10:00,464.0,85,45.9,5.46
+3,3.5,1.75,10:00,464.0,85,45.9,5.46
+3,1.0,4.0,10:00,464.0,85,45.9,5.46
+3,1.0,3.5,10:00,464.0,85,45.9,5.46
+3,1.0,4.75,10:00,464.0,85,45.9,5.46
+3,1.0,4.25,10:00,464.0,85,45.9,5.46
+3,4.0,2.0,10:00,464.0,85,45.9,5.46
+3,4.0,2.25,10:00,464.0,85,45.9,5.46
+3,4.75,4.25,10:00,464.0,85,45.9,5.46
+3,2.5,1.75,10:00,464.0,85,45.9,5.46
+3,2.5,3.75,10:00,464.0,85,45.9,5.46
+3,3.5,2.25,10:00,464.0,85,45.9,5.46
+3,3.75,5.0,10:00,464.0,85,45.9,5.46
+3,3.75,4.75,10:00,464.0,85,45.9,5.46
+3,3.5,2.5,10:00,464.0,85,45.9,5.46
+3,4.75,3.75,10:00,464.0,85,45.9,5.46
+3,4.75,4.0,10:00,464.0,85,45.9,5.46
+3,3.25,3.0,10:00,464.0,85,45.9,5.46
+3,2.5,2.5,10:00,464.0,85,45.9,5.46
+3,2.5,4.75,10:00,464.0,85,45.9,5.46
+3,4.25,3.75,10:00,464.0,85,45.9,5.46
+3,1.25,1.5,10:00,464.0,85,45.9,5.46
+3,1.25,3.75,10:00,464.0,85,45.9,5.46
+3,1.25,4.0,10:00,464.0,85,45.9,5.46
+3,4.0,3.25,10:00,464.0,85,45.9,5.46
+3,4.75,2.75,10:00,464.0,85,45.9,5.46
+3,4.75,3.0,10:00,464.0,85,45.9,5.46
+3,1.0,2.5,10:00,464.0,85,45.9,5.46
+3,1.0,2.0,10:00,464.0,85,45.9,5.46
+3,1.0,2.25,10:00,464.0,85,45.9,5.46
+3,3.25,2.5,10:00,464.0,85,45.9,5.46
+3,3.25,2.75,10:00,464.0,85,45.9,5.46
+3,1.25,2.25,10:00,464.0,85,45.9,5.46
+3,1.0,3.75,10:00,464.0,85,45.9,5.46
+3,1.5,1.25,10:00,464.0,85,45.9,5.46
+3,4.75,2.0,10:00,464.0,85,45.9,5.46
+3,4.75,2.25,10:00,464.0,85,45.9,5.46
+3,4.75,2.5,10:00,464.0,85,45.9,5.46
+3,1.25,3.5,10:00,464.0,85,45.9,5.46
+3,3.25,1.25,10:00,464.0,85,45.9,5.46
+3,3.25,2.25,10:00,464.0,85,45.9,5.46
+3,1.0,3.0,10:00,464.0,85,45.9,5.46
+3,1.0,3.25,10:00,464.0,85,45.9,5.46
+3,4.0,2.75,10:00,464.0,85,45.9,5.46
+3,4.0,3.0,10:00,464.0,85,45.9,5.46
+3,1.25,1.25,10:00,464.0,85,45.9,5.46
+3,3.5,2.75,10:00,464.0,85,45.9,5.46
+3,5.0,4.0,10:00,464.0,85,45.9,5.46
+3,3.5,3.0,10:00,464.0,85,45.9,5.46
+3,3.5,1.25,10:00,464.0,85,45.9,5.46
+3,1.25,2.5,10:00,464.0,85,45.9,5.46
+3,1.25,2.0,10:00,464.0,85,45.9,5.46
+3,1.25,1.75,10:00,464.0,85,45.9,5.46
+3,3.25,1.5,10:00,464.0,85,45.9,5.46
+3,1.5,3.0,10:00,464.0,85,45.9,5.46
+3,1.5,3.25,10:00,464.0,85,45.9,5.46
+3,4.75,1.75,10:00,464.0,85,45.9,5.46
+3,4.0,3.5,10:00,464.0,85,45.9,5.46
+3,4.0,3.75,10:00,464.0,85,45.9,5.46
+3,1.25,5.0,10:00,464.0,85,45.9,5.46
+3,3.25,1.75,10:00,464.0,85,45.9,5.46
+3,3.25,2.0,10:00,464.0,85,45.9,5.46
+3,1.0,5.0,10:00,464.0,85,45.9,5.46
+3,1.0,4.5,10:00,464.0,85,45.9,5.46
+3,1.25,2.75,10:00,464.0,85,45.9,5.46
+3,1.5,1.75,10:00,464.0,85,45.9,5.46
+3,2.5,1.5,10:00,464.0,85,45.9,5.46
+3,3.5,3.5,10:00,464.0,85,45.9,5.46
+3,3.75,4.5,10:00,464.0,85,45.9,5.46
+3,3.5,4.75,10:00,464.0,85,45.9,5.46
+3,3.5,4.25,10:00,464.0,85,45.9,5.46
+3,3.5,4.5,10:00,464.0,85,45.9,5.46
+3,3.5,5.0,10:00,464.0,85,45.9,5.46
+3,4.25,2.75,10:00,464.0,85,45.9,5.46
+3,4.25,3.0,10:00,464.0,85,45.9,5.46
+3,4.5,1.75,10:00,464.0,85,45.9,5.46
+3,4.5,2.0,10:00,464.0,85,45.9,5.46
+3,4.5,2.25,10:00,464.0,85,45.9,5.46
+3,4.25,2.5,10:00,464.0,85,45.9,5.46
+3,2.25,3.5,10:00,464.0,85,45.9,5.46
+3,1.25,3.0,10:00,464.0,85,45.9,5.46
+3,1.25,3.25,10:00,464.0,85,45.9,5.46
+3,1.5,4.75,10:00,464.0,85,45.9,5.46
+3,4.0,4.25,10:00,464.0,85,45.9,5.46
+3,4.0,4.5,10:00,464.0,85,45.9,5.46
+3,4.75,1.25,10:00,464.0,85,45.9,5.46
+3,4.75,1.5,10:00,464.0,85,45.9,5.46
+3,4.0,4.0,10:00,464.0,85,45.9,5.46
+3,3.0,5.0,10:00,464.0,85,45.9,5.46
+3,1.25,4.5,10:00,464.0,85,45.9,5.46
+3,1.25,4.75,10:00,464.0,85,45.9,5.46
+3,1.25,4.25,10:00,464.0,85,45.9,5.46
+3,2.25,4.0,10:00,464.0,85,45.9,5.46
+3,2.25,4.25,10:00,464.0,85,45.9,5.46
+3,2.5,1.25,10:00,464.0,85,45.9,5.46
+3,4.25,3.25,10:00,464.0,85,45.9,5.46
+3,2.5,2.0,10:00,464.0,85,45.9,5.46
+3,2.75,4.5,10:00,464.0,85,45.9,5.46
+3,1.5,2.0,10:00,464.0,85,45.9,5.46
+3,1.5,1.5,10:00,464.0,85,45.9,5.46
+3,1.5,4.5,10:00,464.0,85,45.9,5.46
+3,3.25,5.0,10:00,464.0,85,45.9,5.46
+3,3.25,3.25,10:00,464.0,85,45.9,5.46
+3,3.25,3.5,10:00,464.0,85,45.9,5.46
+3,1.0,1.75,10:00,464.0,85,45.9,5.46
+3,1.0,1.25,10:00,464.0,85,45.9,5.46
+3,2.25,4.5,10:00,464.0,85,45.9,5.46
+3,1.0,1.5,10:00,464.0,85,45.9,5.46
+3,4.0,1.25,10:00,464.0,85,45.9,5.46
+3,3.25,3.75,10:00,464.0,85,45.9,5.46
+3,3.25,4.0,10:00,464.0,85,45.9,5.46
+3,3.25,4.25,10:00,464.0,85,45.9,5.46
+3,3.25,4.5,10:00,464.0,85,45.9,5.46
+3,2.5,3.25,10:00,464.0,85,45.9,5.46
+3,1.5,5.0,10:00,464.0,85,45.9,5.46
+3,1.75,2.75,10:00,464.0,85,45.9,5.46
+3,1.75,2.25,10:00,464.0,85,45.9,5.46
+3,1.5,4.25,10:00,464.0,85,45.9,5.46
+3,3.0,3.5,10:00,464.0,85,45.9,5.46
+3,1.75,3.0,10:00,464.0,85,45.9,5.46
+3,1.75,3.25,10:00,464.0,85,45.9,5.46
+3,3.0,4.5,10:00,464.0,85,45.9,5.46
+3,1.5,3.75,10:00,464.0,85,45.9,5.46
+3,1.5,4.0,10:00,464.0,85,45.9,5.46
+3,1.5,3.5,10:00,464.0,85,45.9,5.46
+3,1.5,2.75,10:00,464.0,85,45.9,5.46
+3,1.5,2.25,10:00,464.0,85,45.9,5.46
+3,1.5,2.5,10:00,464.0,85,45.9,5.46
+3,3.0,4.75,10:00,464.0,85,45.9,5.46
+3,2.25,3.0,10:00,464.0,85,45.9,5.46
+3,4.5,4.75,10:00,464.0,85,45.9,5.46
+3,4.0,5.0,10:00,464.0,85,45.9,5.46
+3,1.75,2.5,10:00,464.0,85,45.9,5.46
+3,1.75,2.0,10:00,464.0,85,45.9,5.46
+3,3.0,3.75,10:00,464.0,85,45.9,5.46
+3,1.75,1.5,10:00,464.0,85,45.9,5.46
+3,1.75,1.75,10:00,464.0,85,45.9,5.46
+3,2.0,3.5,10:00,464.0,85,45.9,5.46
+3,3.0,3.0,10:00,464.0,85,45.9,5.46
+3,1.75,4.75,10:00,464.0,85,45.9,5.46
+3,1.75,1.25,10:00,464.0,85,45.9,5.46
+3,1.75,4.25,10:00,464.0,85,45.9,5.46
+3,4.5,5.0,10:00,464.0,85,45.9,5.46
+3,4.0,4.75,10:00,464.0,85,45.9,5.46
+3,3.0,4.0,10:00,464.0,85,45.9,5.46
+3,3.0,4.25,10:00,464.0,85,45.9,5.46
+3,3.5,3.75,10:00,464.0,85,45.9,5.46
+3,3.5,3.25,10:00,464.0,85,45.9,5.46
+3,3.5,4.0,10:00,464.0,85,45.9,5.46
+3,5.0,3.0,10:00,464.0,85,45.9,5.46
+3,5.0,3.25,10:00,464.0,85,45.9,5.46
+3,3.75,4.0,10:00,464.0,85,45.9,5.46
+3,3.75,3.5,10:00,464.0,85,45.9,5.46
+3,3.75,3.75,10:00,464.0,85,45.9,5.46
+3,1.75,3.5,10:00,464.0,85,45.9,5.46
+3,3.0,3.25,10:00,464.0,85,45.9,5.46
+3,2.0,3.0,10:00,464.0,85,45.9,5.46
+3,2.0,3.25,10:00,464.0,85,45.9,5.46
+3,2.0,2.75,10:00,464.0,85,45.9,5.46
+3,3.0,2.25,10:00,464.0,85,45.9,5.46
+3,2.0,2.25,10:00,464.0,85,45.9,5.46
+3,4.5,4.5,10:00,464.0,85,45.9,5.46
+3,3.0,2.5,10:00,464.0,85,45.9,5.46
+3,3.0,2.75,10:00,464.0,85,45.9,5.46
+3,3.0,1.75,10:00,464.0,85,45.9,5.46
+3,3.0,2.0,10:00,464.0,85,45.9,5.46
+3,2.0,4.0,10:00,464.0,85,45.9,5.46
+3,2.0,4.25,10:00,464.0,85,45.9,5.46
+3,2.0,3.75,10:00,464.0,85,45.9,5.46
+3,1.75,5.0,10:00,464.0,85,45.9,5.46
+3,1.75,4.5,10:00,464.0,85,45.9,5.46
+3,2.0,2.0,10:00,464.0,85,45.9,5.46
+3,2.0,1.5,10:00,464.0,85,45.9,5.46
+3,1.75,3.75,10:00,464.0,85,45.9,5.46
+3,1.75,4.0,10:00,464.0,85,45.9,5.46
+3,5.0,3.5,10:00,464.0,85,45.9,5.46
+3,5.0,3.75,10:00,464.0,85,45.9,5.46
+3,3.75,4.25,10:00,464.0,85,45.9,5.46
+3,3.0,1.25,10:00,464.0,85,45.9,5.46
+3,2.25,1.25,10:00,464.0,85,45.9,5.46
+3,4.5,3.5,10:00,464.0,85,45.9,5.46
+3,4.5,3.75,10:00,464.0,85,45.9,5.46
+3,4.25,1.25,10:00,464.0,85,45.9,5.46
+3,3.0,1.5,10:00,464.0,85,45.9,5.46
+3,2.0,4.75,10:00,464.0,85,45.9,5.46
+3,2.25,2.25,10:00,464.0,85,45.9,5.46
+3,2.25,2.5,10:00,464.0,85,45.9,5.46
+3,2.0,2.5,10:00,464.0,85,45.9,5.46
+3,2.0,5.0,10:00,464.0,85,45.9,5.46
+3,4.25,1.5,10:00,464.0,85,45.9,5.46
+3,4.5,4.0,10:00,464.0,85,45.9,5.46
+3,4.5,4.25,10:00,464.0,85,45.9,5.46
+3,2.0,1.75,10:00,464.0,85,45.9,5.46
+3,2.0,1.25,10:00,464.0,85,45.9,5.46
+3,2.5,4.0,10:00,464.0,85,45.9,5.46
+3,5.0,5.0,10:00,464.0,85,45.9,5.46
+3,3.75,2.25,10:00,464.0,85,45.9,5.46
+3,3.75,2.75,10:00,464.0,85,45.9,5.46
+3,3.75,3.0,10:00,464.0,85,45.9,5.46
+3,2.25,5.0,10:00,464.0,85,45.9,5.46
+3,3.75,1.25,10:00,464.0,85,45.9,5.46
+3,5.0,2.75,10:00,464.0,85,45.9,5.46
+3,4.25,3.5,10:00,464.0,85,45.9,5.46
+3,2.5,3.5,10:00,464.0,85,45.9,5.46
+3,2.75,4.0,10:00,464.0,85,45.9,5.46
+3,2.75,4.25,10:00,464.0,85,45.9,5.46
+3,2.5,3.0,10:00,464.0,85,45.9,5.46
+3,2.75,3.75,10:00,464.0,85,45.9,5.46
+3,3.75,1.5,10:00,464.0,85,45.9,5.46
+3,4.5,2.5,10:00,464.0,85,45.9,5.46
+3,2.0,4.5,10:00,464.0,85,45.9,5.46
+3,2.25,2.75,10:00,464.0,85,45.9,5.46
+3,4.25,4.5,10:00,464.0,85,45.9,5.46
+3,3.75,3.25,10:00,464.0,85,45.9,5.46
+3,5.0,2.0,10:00,464.0,85,45.9,5.46
+3,5.0,2.25,10:00,464.0,85,45.9,5.46
+3,3.75,1.75,10:00,464.0,85,45.9,5.46
+3,3.75,2.0,10:00,464.0,85,45.9,5.46
+3,3.75,2.5,10:00,464.0,85,45.9,5.46
+3,4.25,5.0,10:00,464.0,85,45.9,5.46
+3,2.5,4.25,10:00,464.0,85,45.9,5.46
+3,4.25,2.25,10:00,464.0,85,45.9,5.46
+3,2.5,4.5,10:00,464.0,85,45.9,5.46
+3,2.5,5.0,10:00,464.0,85,45.9,5.46
+3,2.75,2.5,10:00,464.0,85,45.9,5.46
+3,2.75,1.5,10:00,464.0,85,45.9,5.46
+2,1.0,0.5,10:30,461.0,85,38.8,5.42
+3,0.5,0.75,10:00,458.0,85,45.9,5.39
+2,4.5,0.5,11:30,451.0,85,40.0,5.31
+2,3.0,0.5,11:30,451.0,85,40.0,5.31
+2,3.5,0.5,11:30,451.0,85,40.0,5.31
+2,2.5,0.5,11:30,451.0,85,40.0,5.31
+2,2.0,0.5,11:30,451.0,85,40.0,5.31
+2,4.25,0.5,11:30,451.0,85,40.0,5.31
+2,5.0,0.5,11:30,451.0,85,40.0,5.31
+2,2.75,0.5,11:30,451.0,85,40.0,5.31
+2,4.75,0.5,11:30,451.0,85,40.0,5.31
+2,4.0,0.5,11:30,451.0,85,40.0,5.31
+2,2.25,0.5,11:30,451.0,85,40.0,5.31
+2,3.75,0.5,11:30,451.0,85,40.0,5.31
+2,3.25,0.5,11:30,451.0,85,40.0,5.31
+3,0.5,0.75,10:30,447.0,85,43.5,5.26
+3,0.5,0.5,14:30,444.0,85,50.6,5.22
+2,1.0,0.75,10:30,438.0,85,40.0,5.15
+3,0.5,0.5,14:00,427.0,85,50.6,5.02
+3,0.5,1.0,10:00,418.0,85,45.9,4.92
+3,0.5,0.5,13:00,414.0,85,50.6,4.87
+3,0.5,3.75,10:00,409.0,85,45.9,4.81
+3,0.5,2.5,10:00,409.0,85,45.9,4.81
+3,0.5,1.75,10:00,409.0,85,45.9,4.81
+3,0.5,1.5,10:00,409.0,85,45.9,4.81
+3,0.5,4.0,10:00,409.0,85,45.9,4.81
+3,0.5,4.25,10:00,409.0,85,45.9,4.81
+3,0.5,2.25,10:00,409.0,85,45.9,4.81
+3,0.5,2.0,10:00,409.0,85,45.9,4.81
+3,0.5,2.75,10:00,409.0,85,45.9,4.81
+3,0.5,3.5,10:00,409.0,85,45.9,4.81
+3,0.5,4.5,10:00,409.0,85,45.9,4.81
+3,0.5,4.75,10:00,409.0,85,45.9,4.81
+3,0.5,3.0,10:00,409.0,85,45.9,4.81
+3,0.5,1.25,10:00,409.0,85,45.9,4.81
+3,0.5,5.0,10:00,409.0,85,45.9,4.81
+3,0.5,3.25,10:00,409.0,85,45.9,4.81
+2,2.5,1.0,10:30,407.0,85,40.0,4.79
+2,2.0,1.0,10:30,407.0,85,40.0,4.79
+2,4.5,1.0,10:30,407.0,85,40.0,4.79
+2,1.25,1.0,10:30,407.0,85,40.0,4.79
+2,3.0,1.0,10:30,407.0,85,40.0,4.79
+2,1.5,1.0,10:30,407.0,85,40.0,4.79
+2,2.75,1.0,10:30,407.0,85,40.0,4.79
+2,4.75,1.0,10:30,407.0,85,40.0,4.79
+2,5.0,1.0,10:30,407.0,85,40.0,4.79
+2,4.25,1.0,10:30,407.0,85,40.0,4.79
+2,3.75,1.0,10:30,407.0,85,40.0,4.79
+2,3.5,1.0,10:30,407.0,85,40.0,4.79
+2,4.0,1.0,10:30,407.0,85,40.0,4.79
+2,2.25,1.0,10:30,407.0,85,40.0,4.79
+2,3.25,1.0,10:30,407.0,85,40.0,4.79
+2,1.75,1.0,10:30,407.0,85,40.0,4.79
+3,0.5,0.5,10:30,403.0,85,41.2,4.74
+2,0.5,0.5,12:00,400.0,85,50.6,4.71
+2,3.0,1.25,10:30,378.0,85,40.0,4.45
+2,2.5,1.25,10:30,378.0,85,40.0,4.45
+2,3.75,1.25,10:30,378.0,85,40.0,4.45
+2,3.25,1.25,10:30,378.0,85,40.0,4.45
+2,2.75,1.25,10:30,378.0,85,40.0,4.45
+2,2.0,1.25,10:30,378.0,85,40.0,4.45
+2,3.5,1.25,10:30,378.0,85,40.0,4.45
+2,1.25,1.25,10:30,378.0,85,40.0,4.45
+2,1.5,1.25,10:30,378.0,85,40.0,4.45
+2,4.0,1.25,10:30,378.0,85,40.0,4.45
+2,1.75,1.25,10:30,378.0,85,40.0,4.45
+2,4.25,1.25,10:30,378.0,85,40.0,4.45
+2,2.25,1.25,10:30,378.0,85,40.0,4.45
+2,5.0,1.25,10:30,378.0,85,40.0,4.45
+2,4.75,1.25,10:30,378.0,85,40.0,4.45
+2,4.5,1.25,10:30,378.0,85,40.0,4.45
+2,2.5,1.5,10:30,376.0,85,40.0,4.42
+2,2.5,1.75,10:30,376.0,85,40.0,4.42
+2,4.75,4.75,10:30,376.0,85,40.0,4.42
+2,4.75,4.25,10:30,376.0,85,40.0,4.42
+2,5.0,1.5,10:30,376.0,85,40.0,4.42
+2,5.0,3.0,10:30,376.0,85,40.0,4.42
+2,5.0,2.5,10:30,376.0,85,40.0,4.42
+2,5.0,2.0,10:30,376.0,85,40.0,4.42
+2,4.75,4.0,10:30,376.0,85,40.0,4.42
+2,4.75,3.5,10:30,376.0,85,40.0,4.42
+2,4.75,3.75,10:30,376.0,85,40.0,4.42
+2,2.25,4.75,10:30,376.0,85,40.0,4.42
+2,2.25,5.0,10:30,376.0,85,40.0,4.42
+2,2.25,4.5,10:30,376.0,85,40.0,4.42
+2,2.25,4.25,10:30,376.0,85,40.0,4.42
+2,2.25,3.75,10:30,376.0,85,40.0,4.42
+2,4.75,3.25,10:30,376.0,85,40.0,4.42
+2,4.75,2.75,10:30,376.0,85,40.0,4.42
+2,4.75,3.0,10:30,376.0,85,40.0,4.42
+2,4.75,2.5,10:30,376.0,85,40.0,4.42
+2,4.75,2.0,10:30,376.0,85,40.0,4.42
+2,4.75,2.25,10:30,376.0,85,40.0,4.42
+2,4.75,1.75,10:30,376.0,85,40.0,4.42
+2,2.5,5.0,10:30,376.0,85,40.0,4.42
+2,2.25,3.5,10:30,376.0,85,40.0,4.42
+2,2.25,3.0,10:30,376.0,85,40.0,4.42
+2,2.25,3.25,10:30,376.0,85,40.0,4.42
+2,2.25,2.75,10:30,376.0,85,40.0,4.42
+2,2.5,3.0,10:30,376.0,85,40.0,4.42
+2,2.5,3.25,10:30,376.0,85,40.0,4.42
+2,2.5,2.75,10:30,376.0,85,40.0,4.42
+2,4.75,1.5,10:30,376.0,85,40.0,4.42
+2,4.75,4.5,10:30,376.0,85,40.0,4.42
+2,5.0,2.25,10:30,376.0,85,40.0,4.42
+2,5.0,1.75,10:30,376.0,85,40.0,4.42
+2,5.0,4.25,10:30,376.0,85,40.0,4.42
+2,5.0,4.0,10:30,376.0,85,40.0,4.42
+2,2.5,2.25,10:30,376.0,85,40.0,4.42
+2,2.5,2.5,10:30,376.0,85,40.0,4.42
+2,2.5,2.0,10:30,376.0,85,40.0,4.42
+2,2.25,2.25,10:30,376.0,85,40.0,4.42
+2,2.25,2.5,10:30,376.0,85,40.0,4.42
+2,2.25,2.0,10:30,376.0,85,40.0,4.42
+2,2.25,1.5,10:30,376.0,85,40.0,4.42
+2,5.0,3.5,10:30,376.0,85,40.0,4.42
+2,4.5,4.0,10:30,376.0,85,40.0,4.42
+2,4.5,3.5,10:30,376.0,85,40.0,4.42
+2,4.5,3.75,10:30,376.0,85,40.0,4.42
+2,4.5,5.0,10:30,376.0,85,40.0,4.42
+2,4.5,3.0,10:30,376.0,85,40.0,4.42
+2,4.5,2.5,10:30,376.0,85,40.0,4.42
+2,2.5,4.5,10:30,376.0,85,40.0,4.42
+2,2.5,4.0,10:30,376.0,85,40.0,4.42
+2,2.5,4.25,10:30,376.0,85,40.0,4.42
+2,2.5,3.75,10:30,376.0,85,40.0,4.42
+2,2.5,3.5,10:30,376.0,85,40.0,4.42
+2,2.5,4.75,10:30,376.0,85,40.0,4.42
+2,2.25,1.75,10:30,376.0,85,40.0,4.42
+2,4.5,2.0,10:30,376.0,85,40.0,4.42
+2,4.5,2.25,10:30,376.0,85,40.0,4.42
+2,4.5,1.75,10:30,376.0,85,40.0,4.42
+2,4.5,4.75,10:30,376.0,85,40.0,4.42
+2,4.5,4.25,10:30,376.0,85,40.0,4.42
+2,4.5,4.5,10:30,376.0,85,40.0,4.42
+2,4.5,1.5,10:30,376.0,85,40.0,4.42
+2,4.5,3.25,10:30,376.0,85,40.0,4.42
+2,4.5,2.75,10:30,376.0,85,40.0,4.42
+2,4.25,3.75,10:30,376.0,85,40.0,4.42
+2,4.25,3.25,10:30,376.0,85,40.0,4.42
+2,4.25,2.75,10:30,376.0,85,40.0,4.42
+2,4.25,3.0,10:30,376.0,85,40.0,4.42
+2,4.25,5.0,10:30,376.0,85,40.0,4.42
+2,2.0,5.0,10:30,376.0,85,40.0,4.42
+2,2.0,4.5,10:30,376.0,85,40.0,4.42
+2,2.0,4.75,10:30,376.0,85,40.0,4.42
+2,2.0,4.25,10:30,376.0,85,40.0,4.42
+2,2.75,2.5,10:30,376.0,85,40.0,4.42
+2,2.75,2.0,10:30,376.0,85,40.0,4.42
+2,4.25,4.75,10:30,376.0,85,40.0,4.42
+2,4.25,4.25,10:30,376.0,85,40.0,4.42
+2,4.25,2.25,10:30,376.0,85,40.0,4.42
+2,4.25,1.75,10:30,376.0,85,40.0,4.42
+2,4.25,2.0,10:30,376.0,85,40.0,4.42
+2,4.25,1.5,10:30,376.0,85,40.0,4.42
+2,4.25,4.5,10:30,376.0,85,40.0,4.42
+2,2.75,1.5,10:30,376.0,85,40.0,4.42
+2,2.75,1.75,10:30,376.0,85,40.0,4.42
+2,2.0,3.75,10:30,376.0,85,40.0,4.42
+2,2.0,4.0,10:30,376.0,85,40.0,4.42
+2,2.0,3.5,10:30,376.0,85,40.0,4.42
+2,2.0,3.0,10:30,376.0,85,40.0,4.42
+2,2.0,3.25,10:30,376.0,85,40.0,4.42
+2,4.25,4.0,10:30,376.0,85,40.0,4.42
+2,4.25,3.5,10:30,376.0,85,40.0,4.42
+2,4.0,4.25,10:30,376.0,85,40.0,4.42
+2,4.0,4.5,10:30,376.0,85,40.0,4.42
+2,4.0,4.0,10:30,376.0,85,40.0,4.42
+2,4.0,3.5,10:30,376.0,85,40.0,4.42
+2,4.0,5.0,10:30,376.0,85,40.0,4.42
+2,4.25,2.5,10:30,376.0,85,40.0,4.42
+2,2.0,2.75,10:30,376.0,85,40.0,4.42
+2,2.0,2.25,10:30,376.0,85,40.0,4.42
+2,2.0,2.5,10:30,376.0,85,40.0,4.42
+2,2.0,2.0,10:30,376.0,85,40.0,4.42
+2,2.0,1.5,10:30,376.0,85,40.0,4.42
+2,2.0,1.75,10:30,376.0,85,40.0,4.42
+2,2.75,4.25,10:30,376.0,85,40.0,4.42
+2,4.0,1.5,10:30,376.0,85,40.0,4.42
+2,4.0,3.75,10:30,376.0,85,40.0,4.42
+2,4.0,3.25,10:30,376.0,85,40.0,4.42
+2,4.0,3.0,10:30,376.0,85,40.0,4.42
+2,4.0,2.5,10:30,376.0,85,40.0,4.42
+2,4.0,2.75,10:30,376.0,85,40.0,4.42
+2,4.0,4.75,10:30,376.0,85,40.0,4.42
+2,3.75,3.75,10:30,376.0,85,40.0,4.42
+2,3.75,3.25,10:30,376.0,85,40.0,4.42
+2,3.75,5.0,10:30,376.0,85,40.0,4.42
+2,4.0,2.25,10:30,376.0,85,40.0,4.42
+2,4.0,1.75,10:30,376.0,85,40.0,4.42
+2,2.75,5.0,10:30,376.0,85,40.0,4.42
+2,2.75,3.75,10:30,376.0,85,40.0,4.42
+2,2.75,3.25,10:30,376.0,85,40.0,4.42
+2,2.75,3.5,10:30,376.0,85,40.0,4.42
+2,2.75,3.0,10:30,376.0,85,40.0,4.42
+2,2.75,2.75,10:30,376.0,85,40.0,4.42
+2,2.75,2.25,10:30,376.0,85,40.0,4.42
+2,1.75,5.0,10:30,376.0,85,40.0,4.42
+2,4.0,2.0,10:30,376.0,85,40.0,4.42
+2,3.75,2.75,10:30,376.0,85,40.0,4.42
+2,3.75,2.25,10:30,376.0,85,40.0,4.42
+2,3.75,1.75,10:30,376.0,85,40.0,4.42
+2,3.75,4.75,10:30,376.0,85,40.0,4.42
+2,3.75,4.25,10:30,376.0,85,40.0,4.42
+2,3.75,4.5,10:30,376.0,85,40.0,4.42
+2,3.75,4.0,10:30,376.0,85,40.0,4.42
+2,1.75,4.5,10:30,376.0,85,40.0,4.42
+2,1.75,4.75,10:30,376.0,85,40.0,4.42
+2,1.75,4.25,10:30,376.0,85,40.0,4.42
+2,1.75,3.75,10:30,376.0,85,40.0,4.42
+2,1.75,4.0,10:30,376.0,85,40.0,4.42
+2,1.75,3.5,10:30,376.0,85,40.0,4.42
+2,2.75,4.75,10:30,376.0,85,40.0,4.42
+2,3.75,1.5,10:30,376.0,85,40.0,4.42
+2,3.5,5.0,10:30,376.0,85,40.0,4.42
+2,3.75,3.5,10:30,376.0,85,40.0,4.42
+2,3.75,3.0,10:30,376.0,85,40.0,4.42
+2,3.75,2.5,10:30,376.0,85,40.0,4.42
+2,3.5,4.75,10:30,376.0,85,40.0,4.42
+2,3.5,4.5,10:30,376.0,85,40.0,4.42
+2,3.5,4.0,10:30,376.0,85,40.0,4.42
+2,3.0,3.0,10:30,376.0,85,40.0,4.42
+2,2.75,4.5,10:30,376.0,85,40.0,4.42
+2,2.75,4.0,10:30,376.0,85,40.0,4.42
+2,1.75,3.0,10:30,376.0,85,40.0,4.42
+2,1.75,3.25,10:30,376.0,85,40.0,4.42
+2,1.75,2.75,10:30,376.0,85,40.0,4.42
+2,1.75,2.25,10:30,376.0,85,40.0,4.42
+2,1.75,2.5,10:30,376.0,85,40.0,4.42
+2,1.75,2.0,10:30,376.0,85,40.0,4.42
+2,3.75,2.0,10:30,376.0,85,40.0,4.42
+2,3.5,3.5,10:30,376.0,85,40.0,4.42
+2,3.5,3.0,10:30,376.0,85,40.0,4.42
+2,3.5,2.5,10:30,376.0,85,40.0,4.42
+2,1.5,4.75,10:30,376.0,85,40.0,4.42
+2,1.75,1.75,10:30,376.0,85,40.0,4.42
+2,3.0,1.5,10:30,376.0,85,40.0,4.42
+2,3.0,1.75,10:30,376.0,85,40.0,4.42
+2,1.75,1.5,10:30,376.0,85,40.0,4.42
+2,3.0,3.5,10:30,376.0,85,40.0,4.42
+2,3.5,4.25,10:30,376.0,85,40.0,4.42
+2,3.5,3.75,10:30,376.0,85,40.0,4.42
+2,3.5,3.25,10:30,376.0,85,40.0,4.42
+2,3.5,2.75,10:30,376.0,85,40.0,4.42
+2,3.5,2.25,10:30,376.0,85,40.0,4.42
+2,3.5,1.75,10:30,376.0,85,40.0,4.42
+2,3.5,2.0,10:30,376.0,85,40.0,4.42
+2,3.5,1.5,10:30,376.0,85,40.0,4.42
+2,1.25,2.5,10:30,376.0,85,40.0,4.42
+2,1.25,2.0,10:30,376.0,85,40.0,4.42
+2,1.25,2.25,10:30,376.0,85,40.0,4.42
+2,1.25,1.75,10:30,376.0,85,40.0,4.42
+2,1.25,1.5,10:30,376.0,85,40.0,4.42
+2,3.0,4.25,10:30,376.0,85,40.0,4.42
+2,3.0,2.5,10:30,376.0,85,40.0,4.42
+2,3.0,2.75,10:30,376.0,85,40.0,4.42
+2,3.0,2.25,10:30,376.0,85,40.0,4.42
+2,3.0,2.0,10:30,376.0,85,40.0,4.42
+2,1.5,5.0,10:30,376.0,85,40.0,4.42
+2,1.5,4.5,10:30,376.0,85,40.0,4.42
+2,3.25,4.0,10:30,376.0,85,40.0,4.42
+2,3.25,4.25,10:30,376.0,85,40.0,4.42
+2,3.25,3.75,10:30,376.0,85,40.0,4.42
+2,1.25,4.0,10:30,376.0,85,40.0,4.42
+2,1.25,3.5,10:30,376.0,85,40.0,4.42
+2,1.25,3.25,10:30,376.0,85,40.0,4.42
+2,1.25,2.75,10:30,376.0,85,40.0,4.42
+2,1.5,2.5,10:30,376.0,85,40.0,4.42
+2,1.5,4.25,10:30,376.0,85,40.0,4.42
+2,1.5,3.75,10:30,376.0,85,40.0,4.42
+2,1.5,4.0,10:30,376.0,85,40.0,4.42
+2,1.5,3.5,10:30,376.0,85,40.0,4.42
+2,1.5,3.0,10:30,376.0,85,40.0,4.42
+2,3.0,5.0,10:30,376.0,85,40.0,4.42
+2,3.0,4.5,10:30,376.0,85,40.0,4.42
+2,3.0,4.0,10:30,376.0,85,40.0,4.42
+2,1.25,3.0,10:30,376.0,85,40.0,4.42
+2,1.25,5.0,10:30,376.0,85,40.0,4.42
+2,1.25,4.5,10:30,376.0,85,40.0,4.42
+2,1.25,4.75,10:30,376.0,85,40.0,4.42
+2,1.25,4.25,10:30,376.0,85,40.0,4.42
+2,1.25,3.75,10:30,376.0,85,40.0,4.42
+2,3.25,4.75,10:30,376.0,85,40.0,4.42
+2,3.25,5.0,10:30,376.0,85,40.0,4.42
+2,1.5,1.5,10:30,376.0,85,40.0,4.42
+2,3.0,3.75,10:30,376.0,85,40.0,4.42
+2,3.0,3.25,10:30,376.0,85,40.0,4.42
+2,3.0,4.75,10:30,376.0,85,40.0,4.42
+2,1.5,3.25,10:30,376.0,85,40.0,4.42
+2,1.5,2.75,10:30,376.0,85,40.0,4.42
+2,3.25,4.5,10:30,376.0,85,40.0,4.42
+2,3.25,3.25,10:30,376.0,85,40.0,4.42
+2,3.25,3.5,10:30,376.0,85,40.0,4.42
+2,3.25,3.0,10:30,376.0,85,40.0,4.42
+2,3.25,2.5,10:30,376.0,85,40.0,4.42
+2,3.25,2.75,10:30,376.0,85,40.0,4.42
+2,3.25,2.25,10:30,376.0,85,40.0,4.42
+2,3.25,1.75,10:30,376.0,85,40.0,4.42
+2,3.25,2.0,10:30,376.0,85,40.0,4.42
+2,3.25,1.5,10:30,376.0,85,40.0,4.42
+2,1.5,2.0,10:30,376.0,85,40.0,4.42
+2,1.5,2.25,10:30,376.0,85,40.0,4.42
+2,1.5,1.75,10:30,376.0,85,40.0,4.42
+2,4.75,5.0,10:30,376.0,85,40.0,4.42
+2,2.25,4.0,10:30,376.0,85,40.0,4.42
+2,5.0,3.75,10:30,376.0,85,40.0,4.42
+2,5.0,3.25,10:30,376.0,85,40.0,4.42
+2,5.0,2.75,10:30,376.0,85,40.0,4.42
+2,5.0,5.0,10:30,376.0,85,40.0,4.42
+2,5.0,4.5,10:30,376.0,85,40.0,4.42
+2,5.0,4.75,10:30,376.0,85,40.0,4.42
+2,0.5,0.5,13:30,374.0,85,51.8,4.4
+2,0.5,0.5,11:30,369.0,85,48.2,4.34
+3,0.5,1.0,10:30,368.0,85,43.5,4.33
+2,1.0,1.0,10:30,351.0,85,40.0,4.13
+3,0.5,1.25,10:30,343.0,85,42.4,4.04
+3,0.5,4.0,10:30,343.0,85,42.4,4.04
+3,0.5,3.5,10:30,343.0,85,42.4,4.04
+3,0.5,5.0,10:30,343.0,85,42.4,4.04
+3,0.5,4.75,10:30,343.0,85,42.4,4.04
+3,0.5,4.5,10:30,343.0,85,42.4,4.04
+3,0.5,3.75,10:30,343.0,85,42.4,4.04
+3,0.5,3.25,10:30,343.0,85,42.4,4.04
+3,0.5,1.5,10:30,343.0,85,42.4,4.04
+3,0.5,1.75,10:30,343.0,85,42.4,4.04
+3,0.5,2.25,10:30,343.0,85,42.4,4.04
+3,0.5,3.0,10:30,343.0,85,42.4,4.04
+3,0.5,2.5,10:30,343.0,85,42.4,4.04
+3,0.5,2.75,10:30,343.0,85,42.4,4.04
+3,0.5,2.0,10:30,343.0,85,42.4,4.04
+3,0.5,4.25,10:30,343.0,85,42.4,4.04
+2,1.0,1.25,10:30,322.0,85,40.0,3.79
+2,1.0,3.25,10:30,320.0,85,40.0,3.76
+2,1.0,2.25,10:30,320.0,85,40.0,3.76
+2,1.0,2.0,10:30,320.0,85,40.0,3.76
+2,1.0,1.5,10:30,320.0,85,40.0,3.76
+2,1.0,1.75,10:30,320.0,85,40.0,3.76
+2,1.0,4.75,10:30,320.0,85,40.0,3.76
+2,1.0,2.75,10:30,320.0,85,40.0,3.76
+2,1.0,3.5,10:30,320.0,85,40.0,3.76
+2,1.0,4.25,10:30,320.0,85,40.0,3.76
+2,1.0,4.0,10:30,320.0,85,40.0,3.76
+2,1.0,3.0,10:30,320.0,85,40.0,3.76
+2,1.0,5.0,10:30,320.0,85,40.0,3.76
+2,1.0,3.75,10:30,320.0,85,40.0,3.76
+2,1.0,4.5,10:30,320.0,85,40.0,3.76
+2,1.0,2.5,10:30,320.0,85,40.0,3.76
+2,0.5,0.5,12:30,309.0,85,50.6,3.64
+3,0.5,0.5,15:00,299.0,85,49.4,3.52
+2,0.5,0.5,11:00,275.0,85,50.6,3.24
+2,0.5,0.5,14:30,262.0,85,50.6,3.08
+2,0.5,0.5,14:00,202.0,85,50.6,2.38
+2,0.5,0.5,13:00,190.0,85,50.6,2.24
+2,4.75,0.5,10:00,186.0,85,47.1,2.19
+2,3.25,0.5,10:00,186.0,85,47.1,2.19
+2,4.5,0.5,10:00,186.0,85,47.1,2.19
+2,2.25,0.5,10:00,186.0,85,47.1,2.19
+2,4.25,0.5,10:00,186.0,85,47.1,2.19
+2,4.0,0.5,10:00,186.0,85,47.1,2.19
+2,2.0,0.5,10:00,186.0,85,47.1,2.19
+2,1.0,0.5,10:00,186.0,85,47.1,2.19
+2,3.75,0.5,10:00,186.0,85,47.1,2.19
+2,2.75,0.5,10:00,186.0,85,47.1,2.19
+2,2.5,0.5,10:00,186.0,85,47.1,2.19
+2,1.5,0.5,10:00,186.0,85,47.1,2.19
+2,1.75,0.5,10:00,186.0,85,47.1,2.19
+2,3.5,0.5,10:00,186.0,85,47.1,2.19
+2,1.25,0.5,10:00,186.0,85,47.1,2.19
+2,3.0,0.5,10:00,186.0,85,47.1,2.19
+2,5.0,0.5,10:00,186.0,85,47.1,2.19
+2,1.75,0.75,10:00,148.0,85,47.1,1.74
+2,2.5,0.75,10:00,148.0,85,47.1,1.74
+2,5.0,0.75,10:00,148.0,85,47.1,1.74
+2,3.5,0.75,10:00,148.0,85,47.1,1.74
+2,1.5,0.75,10:00,148.0,85,47.1,1.74
+2,4.5,0.75,10:00,148.0,85,47.1,1.74
+2,4.75,0.75,10:00,148.0,85,47.1,1.74
+2,4.25,0.75,10:00,148.0,85,47.1,1.74
+2,2.75,0.75,10:00,148.0,85,47.1,1.74
+2,2.25,0.75,10:00,148.0,85,47.1,1.74
+2,3.0,0.75,10:00,148.0,85,47.1,1.74
+2,1.0,0.75,10:00,148.0,85,47.1,1.74
+2,1.25,0.75,10:00,148.0,85,47.1,1.74
+2,3.25,0.75,10:00,148.0,85,47.1,1.74
+2,3.75,0.75,10:00,148.0,85,47.1,1.74
+2,4.0,0.75,10:00,148.0,85,47.1,1.74
+2,2.0,0.75,10:00,148.0,85,47.1,1.74
+2,3.25,1.0,10:00,104.0,85,47.1,1.22
+2,1.25,1.0,10:00,104.0,85,47.1,1.22
+2,4.0,1.0,10:00,104.0,85,47.1,1.22
+2,4.25,1.0,10:00,104.0,85,47.1,1.22
+2,2.25,1.0,10:00,104.0,85,47.1,1.22
+2,4.5,1.0,10:00,104.0,85,47.1,1.22
+2,5.0,1.0,10:00,104.0,85,47.1,1.22
+2,2.75,1.0,10:00,104.0,85,47.1,1.22
+2,4.75,1.0,10:00,104.0,85,47.1,1.22
+2,2.0,1.0,10:00,104.0,85,47.1,1.22
+2,3.75,1.0,10:00,104.0,85,47.1,1.22
+2,1.0,1.0,10:00,104.0,85,47.1,1.22
+2,3.5,1.0,10:00,104.0,85,47.1,1.22
+2,1.75,1.0,10:00,104.0,85,47.1,1.22
+2,3.0,1.0,10:00,104.0,85,47.1,1.22
+2,1.5,1.0,10:00,104.0,85,47.1,1.22
+2,2.5,1.0,10:00,104.0,85,47.1,1.22
+2,4.75,3.0,10:00,91.0,85,47.1,1.07
+2,1.5,5.0,10:00,91.0,85,47.1,1.07
+2,3.0,1.5,10:00,91.0,85,47.1,1.07
+2,3.0,2.0,10:00,91.0,85,47.1,1.07
+2,3.0,2.5,10:00,91.0,85,47.1,1.07
+2,3.0,2.25,10:00,91.0,85,47.1,1.07
+2,3.0,2.75,10:00,91.0,85,47.1,1.07
+2,1.25,1.5,10:00,91.0,85,47.1,1.07
+2,1.25,1.25,10:00,91.0,85,47.1,1.07
+2,1.25,4.25,10:00,91.0,85,47.1,1.07
+2,1.25,4.75,10:00,91.0,85,47.1,1.07
+2,1.25,4.5,10:00,91.0,85,47.1,1.07
+2,1.25,5.0,10:00,91.0,85,47.1,1.07
+2,5.0,4.75,10:00,91.0,85,47.1,1.07
+2,4.75,4.5,10:00,91.0,85,47.1,1.07
+2,2.5,2.75,10:00,91.0,85,47.1,1.07
+2,2.5,3.25,10:00,91.0,85,47.1,1.07
+2,3.5,4.25,10:00,91.0,85,47.1,1.07
+2,1.0,3.75,10:00,91.0,85,47.1,1.07
+2,1.0,3.5,10:00,91.0,85,47.1,1.07
+2,1.0,4.0,10:00,91.0,85,47.1,1.07
+2,3.0,4.25,10:00,91.0,85,47.1,1.07
+2,3.25,1.25,10:00,91.0,85,47.1,1.07
+2,3.25,1.75,10:00,91.0,85,47.1,1.07
+2,3.25,1.5,10:00,91.0,85,47.1,1.07
+2,1.5,2.0,10:00,91.0,85,47.1,1.07
+2,3.25,2.0,10:00,91.0,85,47.1,1.07
+2,3.25,2.25,10:00,91.0,85,47.1,1.07
+2,3.25,2.75,10:00,91.0,85,47.1,1.07
+2,3.25,2.5,10:00,91.0,85,47.1,1.07
+2,4.75,1.75,10:00,91.0,85,47.1,1.07
+2,4.75,2.25,10:00,91.0,85,47.1,1.07
+2,4.75,2.0,10:00,91.0,85,47.1,1.07
+2,3.0,1.75,10:00,91.0,85,47.1,1.07
+2,1.0,2.5,10:00,91.0,85,47.1,1.07
+2,1.0,3.0,10:00,91.0,85,47.1,1.07
+2,3.25,3.0,10:00,91.0,85,47.1,1.07
+2,3.25,3.5,10:00,91.0,85,47.1,1.07
+2,3.25,3.25,10:00,91.0,85,47.1,1.07
+2,1.25,2.5,10:00,91.0,85,47.1,1.07
+2,1.0,4.75,10:00,91.0,85,47.1,1.07
+2,1.0,5.0,10:00,91.0,85,47.1,1.07
+2,3.5,1.25,10:00,91.0,85,47.1,1.07
+2,3.5,1.5,10:00,91.0,85,47.1,1.07
+2,3.5,2.0,10:00,91.0,85,47.1,1.07
+2,3.5,1.75,10:00,91.0,85,47.1,1.07
+2,3.5,2.25,10:00,91.0,85,47.1,1.07
+2,3.5,3.25,10:00,91.0,85,47.1,1.07
+2,3.5,3.75,10:00,91.0,85,47.1,1.07
+2,3.0,3.25,10:00,91.0,85,47.1,1.07
+2,3.0,3.75,10:00,91.0,85,47.1,1.07
+2,3.25,4.5,10:00,91.0,85,47.1,1.07
+2,3.25,5.0,10:00,91.0,85,47.1,1.07
+2,1.25,4.0,10:00,91.0,85,47.1,1.07
+2,1.0,2.75,10:00,91.0,85,47.1,1.07
+2,1.0,3.25,10:00,91.0,85,47.1,1.07
+2,3.5,2.75,10:00,91.0,85,47.1,1.07
+2,3.5,2.5,10:00,91.0,85,47.1,1.07
+2,1.0,4.5,10:00,91.0,85,47.1,1.07
+2,1.0,4.25,10:00,91.0,85,47.1,1.07
+2,1.0,2.0,10:00,91.0,85,47.1,1.07
+2,3.0,3.0,10:00,91.0,85,47.1,1.07
+2,1.75,1.5,10:00,91.0,85,47.1,1.07
+2,1.75,1.25,10:00,91.0,85,47.1,1.07
+2,3.0,1.25,10:00,91.0,85,47.1,1.07
+2,2.75,4.0,10:00,91.0,85,47.1,1.07
+2,2.75,4.5,10:00,91.0,85,47.1,1.07
+2,1.0,1.5,10:00,91.0,85,47.1,1.07
+2,1.0,1.25,10:00,91.0,85,47.1,1.07
+2,1.0,1.75,10:00,91.0,85,47.1,1.07
+2,1.0,2.25,10:00,91.0,85,47.1,1.07
+2,3.5,4.0,10:00,91.0,85,47.1,1.07
+2,3.5,4.5,10:00,91.0,85,47.1,1.07
+2,3.5,5.0,10:00,91.0,85,47.1,1.07
+2,1.5,2.5,10:00,91.0,85,47.1,1.07
+2,1.5,3.0,10:00,91.0,85,47.1,1.07
+2,1.5,2.75,10:00,91.0,85,47.1,1.07
+2,1.5,3.25,10:00,91.0,85,47.1,1.07
+2,3.0,5.0,10:00,91.0,85,47.1,1.07
+2,3.0,4.75,10:00,91.0,85,47.1,1.07
+2,3.0,3.5,10:00,91.0,85,47.1,1.07
+2,3.75,1.25,10:00,91.0,85,47.1,1.07
+2,3.75,1.5,10:00,91.0,85,47.1,1.07
+2,3.75,4.25,10:00,91.0,85,47.1,1.07
+2,2.75,5.0,10:00,91.0,85,47.1,1.07
+2,2.75,4.75,10:00,91.0,85,47.1,1.07
+2,1.75,3.0,10:00,91.0,85,47.1,1.07
+2,1.75,3.5,10:00,91.0,85,47.1,1.07
+2,1.75,4.0,10:00,91.0,85,47.1,1.07
+2,1.75,3.75,10:00,91.0,85,47.1,1.07
+2,3.5,3.0,10:00,91.0,85,47.1,1.07
+2,3.5,3.5,10:00,91.0,85,47.1,1.07
+2,1.75,2.25,10:00,91.0,85,47.1,1.07
+2,1.75,2.0,10:00,91.0,85,47.1,1.07
+2,1.75,2.5,10:00,91.0,85,47.1,1.07
+2,1.75,2.75,10:00,91.0,85,47.1,1.07
+2,1.75,3.25,10:00,91.0,85,47.1,1.07
+2,1.75,1.75,10:00,91.0,85,47.1,1.07
+2,3.75,4.0,10:00,91.0,85,47.1,1.07
+2,3.75,4.5,10:00,91.0,85,47.1,1.07
+2,3.75,4.75,10:00,91.0,85,47.1,1.07
+2,3.75,2.0,10:00,91.0,85,47.1,1.07
+2,3.75,1.75,10:00,91.0,85,47.1,1.07
+2,3.75,2.25,10:00,91.0,85,47.1,1.07
+2,3.75,2.75,10:00,91.0,85,47.1,1.07
+2,1.75,5.0,10:00,91.0,85,47.1,1.07
+2,2.75,2.25,10:00,91.0,85,47.1,1.07
+2,2.75,2.75,10:00,91.0,85,47.1,1.07
+2,2.75,3.25,10:00,91.0,85,47.1,1.07
+2,2.75,3.0,10:00,91.0,85,47.1,1.07
+2,3.5,4.75,10:00,91.0,85,47.1,1.07
+2,3.75,2.5,10:00,91.0,85,47.1,1.07
+2,3.75,3.0,10:00,91.0,85,47.1,1.07
+2,3.0,4.0,10:00,91.0,85,47.1,1.07
+2,3.0,4.5,10:00,91.0,85,47.1,1.07
+2,1.5,3.5,10:00,91.0,85,47.1,1.07
+2,1.5,4.0,10:00,91.0,85,47.1,1.07
+2,1.5,3.75,10:00,91.0,85,47.1,1.07
+2,1.5,4.25,10:00,91.0,85,47.1,1.07
+2,1.25,3.0,10:00,91.0,85,47.1,1.07
+2,1.25,2.75,10:00,91.0,85,47.1,1.07
+2,1.25,3.25,10:00,91.0,85,47.1,1.07
+2,1.25,3.75,10:00,91.0,85,47.1,1.07
+2,1.25,1.75,10:00,91.0,85,47.1,1.07
+2,1.25,2.25,10:00,91.0,85,47.1,1.07
+2,1.25,2.0,10:00,91.0,85,47.1,1.07
+2,3.25,4.75,10:00,91.0,85,47.1,1.07
+2,1.5,4.75,10:00,91.0,85,47.1,1.07
+2,1.75,4.75,10:00,91.0,85,47.1,1.07
+2,2.75,3.5,10:00,91.0,85,47.1,1.07
+2,4.0,2.0,10:00,91.0,85,47.1,1.07
+2,4.0,1.75,10:00,91.0,85,47.1,1.07
+2,4.0,2.25,10:00,91.0,85,47.1,1.07
+2,3.75,5.0,10:00,91.0,85,47.1,1.07
+2,4.0,1.25,10:00,91.0,85,47.1,1.07
+2,3.75,3.5,10:00,91.0,85,47.1,1.07
+2,3.75,3.25,10:00,91.0,85,47.1,1.07
+2,3.75,3.75,10:00,91.0,85,47.1,1.07
+2,4.0,4.25,10:00,91.0,85,47.1,1.07
+2,4.0,4.75,10:00,91.0,85,47.1,1.07
+2,4.0,2.75,10:00,91.0,85,47.1,1.07
+2,4.0,2.5,10:00,91.0,85,47.1,1.07
+2,4.0,3.0,10:00,91.0,85,47.1,1.07
+2,4.0,3.5,10:00,91.0,85,47.1,1.07
+2,1.75,4.25,10:00,91.0,85,47.1,1.07
+2,2.75,3.75,10:00,91.0,85,47.1,1.07
+2,4.25,4.0,10:00,91.0,85,47.1,1.07
+2,4.25,1.5,10:00,91.0,85,47.1,1.07
+2,4.0,3.25,10:00,91.0,85,47.1,1.07
+2,4.0,1.5,10:00,91.0,85,47.1,1.07
+2,4.25,2.75,10:00,91.0,85,47.1,1.07
+2,2.75,4.25,10:00,91.0,85,47.1,1.07
+2,2.0,1.5,10:00,91.0,85,47.1,1.07
+2,2.0,1.25,10:00,91.0,85,47.1,1.07
+2,2.0,1.75,10:00,91.0,85,47.1,1.07
+2,2.0,2.0,10:00,91.0,85,47.1,1.07
+2,2.0,2.5,10:00,91.0,85,47.1,1.07
+2,2.0,2.25,10:00,91.0,85,47.1,1.07
+2,1.75,4.5,10:00,91.0,85,47.1,1.07
+2,4.0,5.0,10:00,91.0,85,47.1,1.07
+2,4.25,1.25,10:00,91.0,85,47.1,1.07
+2,2.0,4.75,10:00,91.0,85,47.1,1.07
+2,2.0,4.5,10:00,91.0,85,47.1,1.07
+2,2.0,5.0,10:00,91.0,85,47.1,1.07
+2,2.0,2.75,10:00,91.0,85,47.1,1.07
+2,4.25,5.0,10:00,91.0,85,47.1,1.07
+2,4.0,3.75,10:00,91.0,85,47.1,1.07
+2,4.0,4.0,10:00,91.0,85,47.1,1.07
+2,4.0,4.5,10:00,91.0,85,47.1,1.07
+2,4.25,3.5,10:00,91.0,85,47.1,1.07
+2,2.0,3.25,10:00,91.0,85,47.1,1.07
+2,2.0,3.0,10:00,91.0,85,47.1,1.07
+2,2.0,3.5,10:00,91.0,85,47.1,1.07
+2,2.0,4.0,10:00,91.0,85,47.1,1.07
+2,2.0,3.75,10:00,91.0,85,47.1,1.07
+2,2.75,1.25,10:00,91.0,85,47.1,1.07
+2,2.75,1.75,10:00,91.0,85,47.1,1.07
+2,4.5,1.5,10:00,91.0,85,47.1,1.07
+2,4.5,2.0,10:00,91.0,85,47.1,1.07
+2,4.5,4.5,10:00,91.0,85,47.1,1.07
+2,4.5,4.25,10:00,91.0,85,47.1,1.07
+2,4.5,4.75,10:00,91.0,85,47.1,1.07
+2,4.5,1.75,10:00,91.0,85,47.1,1.07
+2,4.5,2.25,10:00,91.0,85,47.1,1.07
+2,4.25,2.0,10:00,91.0,85,47.1,1.07
+2,4.25,1.75,10:00,91.0,85,47.1,1.07
+2,4.25,2.25,10:00,91.0,85,47.1,1.07
+2,4.25,4.5,10:00,91.0,85,47.1,1.07
+2,4.25,4.25,10:00,91.0,85,47.1,1.07
+2,4.25,4.75,10:00,91.0,85,47.1,1.07
+2,2.75,2.0,10:00,91.0,85,47.1,1.07
+2,2.75,2.5,10:00,91.0,85,47.1,1.07
+2,2.0,4.25,10:00,91.0,85,47.1,1.07
+2,2.5,4.5,10:00,91.0,85,47.1,1.07
+2,2.75,1.5,10:00,91.0,85,47.1,1.07
+2,4.5,2.5,10:00,91.0,85,47.1,1.07
+2,4.5,5.0,10:00,91.0,85,47.1,1.07
+2,4.75,1.25,10:00,91.0,85,47.1,1.07
+2,4.5,3.25,10:00,91.0,85,47.1,1.07
+2,4.5,3.75,10:00,91.0,85,47.1,1.07
+2,4.5,3.5,10:00,91.0,85,47.1,1.07
+2,4.5,4.0,10:00,91.0,85,47.1,1.07
+2,4.25,2.5,10:00,91.0,85,47.1,1.07
+2,4.25,3.0,10:00,91.0,85,47.1,1.07
+2,4.25,3.25,10:00,91.0,85,47.1,1.07
+2,4.25,3.75,10:00,91.0,85,47.1,1.07
+2,4.5,3.0,10:00,91.0,85,47.1,1.07
+2,4.5,2.75,10:00,91.0,85,47.1,1.07
+2,4.5,1.25,10:00,91.0,85,47.1,1.07
+2,2.5,1.5,10:00,91.0,85,47.1,1.07
+2,2.5,2.0,10:00,91.0,85,47.1,1.07
+2,2.5,2.5,10:00,91.0,85,47.1,1.07
+2,2.25,1.25,10:00,91.0,85,47.1,1.07
+2,5.0,3.5,10:00,91.0,85,47.1,1.07
+2,5.0,4.0,10:00,91.0,85,47.1,1.07
+2,5.0,4.5,10:00,91.0,85,47.1,1.07
+2,5.0,4.25,10:00,91.0,85,47.1,1.07
+2,5.0,1.25,10:00,91.0,85,47.1,1.07
+2,5.0,1.75,10:00,91.0,85,47.1,1.07
+2,5.0,2.25,10:00,91.0,85,47.1,1.07
+2,2.5,4.75,10:00,91.0,85,47.1,1.07
+2,2.5,3.5,10:00,91.0,85,47.1,1.07
+2,2.5,4.0,10:00,91.0,85,47.1,1.07
+2,2.5,3.75,10:00,91.0,85,47.1,1.07
+2,2.5,4.25,10:00,91.0,85,47.1,1.07
+2,2.5,3.0,10:00,91.0,85,47.1,1.07
+2,2.25,2.25,10:00,91.0,85,47.1,1.07
+2,2.25,2.75,10:00,91.0,85,47.1,1.07
+2,2.25,3.25,10:00,91.0,85,47.1,1.07
+2,2.25,3.0,10:00,91.0,85,47.1,1.07
+2,2.25,3.5,10:00,91.0,85,47.1,1.07
+2,4.75,1.5,10:00,91.0,85,47.1,1.07
+2,1.5,1.5,10:00,91.0,85,47.1,1.07
+2,1.5,1.25,10:00,91.0,85,47.1,1.07
+2,1.5,1.75,10:00,91.0,85,47.1,1.07
+2,1.5,2.25,10:00,91.0,85,47.1,1.07
+2,2.5,5.0,10:00,91.0,85,47.1,1.07
+2,2.25,1.75,10:00,91.0,85,47.1,1.07
+2,2.25,1.5,10:00,91.0,85,47.1,1.07
+2,2.25,2.0,10:00,91.0,85,47.1,1.07
+2,2.25,2.5,10:00,91.0,85,47.1,1.07
+2,4.75,5.0,10:00,91.0,85,47.1,1.07
+2,2.5,1.25,10:00,91.0,85,47.1,1.07
+2,2.5,2.25,10:00,91.0,85,47.1,1.07
+2,4.75,3.75,10:00,91.0,85,47.1,1.07
+2,4.75,3.5,10:00,91.0,85,47.1,1.07
+2,5.0,2.0,10:00,91.0,85,47.1,1.07
+2,5.0,2.5,10:00,91.0,85,47.1,1.07
+2,5.0,1.5,10:00,91.0,85,47.1,1.07
+2,4.75,4.25,10:00,91.0,85,47.1,1.07
+2,2.5,1.75,10:00,91.0,85,47.1,1.07
+2,1.25,3.5,10:00,91.0,85,47.1,1.07
+2,3.25,3.75,10:00,91.0,85,47.1,1.07
+2,3.25,4.25,10:00,91.0,85,47.1,1.07
+2,3.25,4.0,10:00,91.0,85,47.1,1.07
+2,4.75,4.0,10:00,91.0,85,47.1,1.07
+2,1.5,4.5,10:00,91.0,85,47.1,1.07
+2,4.75,2.5,10:00,91.0,85,47.1,1.07
+2,5.0,3.75,10:00,91.0,85,47.1,1.07
+2,4.75,4.75,10:00,91.0,85,47.1,1.07
+2,4.75,2.75,10:00,91.0,85,47.1,1.07
+2,4.75,3.25,10:00,91.0,85,47.1,1.07
+2,2.25,4.0,10:00,91.0,85,47.1,1.07
+2,2.25,3.75,10:00,91.0,85,47.1,1.07
+2,2.25,4.25,10:00,91.0,85,47.1,1.07
+2,2.25,4.75,10:00,91.0,85,47.1,1.07
+2,2.25,4.5,10:00,91.0,85,47.1,1.07
+2,2.25,5.0,10:00,91.0,85,47.1,1.07
+2,0.5,0.75,10:30,91.0,85,44.7,1.07
+2,5.0,3.25,10:00,91.0,85,47.1,1.07
+2,5.0,2.75,10:00,91.0,85,47.1,1.07
+2,5.0,3.0,10:00,91.0,85,47.1,1.07
+2,5.0,5.0,10:00,91.0,85,47.1,1.07
+2,0.5,0.5,10:00,89.0,85,48.2,1.05
+2,0.5,0.75,10:00,51.0,85,48.2,0.6
+2,0.5,0.5,10:30,49.0,85,42.4,0.58
+2,0.5,0.5,15:00,43.0,85,49.4,0.51
+2,0.5,1.0,10:00,7.0,85,48.2,0.08
+2,0.5,1.0,10:30,4.0,85,44.7,0.05
+2,0.5,4.5,10:00,-6.0,85,48.2,-0.07
+2,0.5,1.25,10:00,-6.0,85,48.2,-0.07
+2,0.5,2.0,10:00,-6.0,85,48.2,-0.07
+2,0.5,1.5,10:00,-6.0,85,48.2,-0.07
+2,0.5,2.75,10:00,-6.0,85,48.2,-0.07
+2,0.5,3.25,10:00,-6.0,85,48.2,-0.07
+2,0.5,3.0,10:00,-6.0,85,48.2,-0.07
+2,0.5,2.5,10:00,-6.0,85,48.2,-0.07
+2,0.5,3.75,10:00,-6.0,85,48.2,-0.07
+2,0.5,4.0,10:00,-6.0,85,48.2,-0.07
+2,0.5,4.75,10:00,-6.0,85,48.2,-0.07
+2,0.5,5.0,10:00,-6.0,85,48.2,-0.07
+2,0.5,4.25,10:00,-6.0,85,48.2,-0.07
+2,0.5,3.5,10:00,-6.0,85,48.2,-0.07
+2,0.5,1.75,10:00,-6.0,85,48.2,-0.07
+2,0.5,2.25,10:00,-6.0,85,48.2,-0.07
+2,0.5,1.25,10:30,-25.0,85,44.7,-0.29
+2,0.5,3.75,10:30,-27.0,85,44.7,-0.32
+2,0.5,2.75,10:30,-27.0,85,44.7,-0.32
+2,0.5,1.75,10:30,-27.0,85,44.7,-0.32
+2,0.5,3.0,10:30,-27.0,85,44.7,-0.32
+2,0.5,2.0,10:30,-27.0,85,44.7,-0.32
+2,0.5,2.5,10:30,-27.0,85,44.7,-0.32
+2,0.5,2.25,10:30,-27.0,85,44.7,-0.32
+2,0.5,4.5,10:30,-27.0,85,44.7,-0.32
+2,0.5,4.25,10:30,-27.0,85,44.7,-0.32
+2,0.5,3.25,10:30,-27.0,85,44.7,-0.32
+2,0.5,3.5,10:30,-27.0,85,44.7,-0.32
+2,0.5,4.75,10:30,-27.0,85,44.7,-0.32
+2,0.5,4.0,10:30,-27.0,85,44.7,-0.32
+2,0.5,1.5,10:30,-27.0,85,44.7,-0.32
+2,0.5,5.0,10:30,-27.0,85,44.7,-0.32
