行权价,上涨触发%,下跌触发%,平仓时间,累计盈亏$,交易天数,胜率%,日均盈亏$
±3,1.5,0.5,13:00,-237.0,50,38.0,-4.74
±3,1.5,0.75,13:00,-239.0,50,46.0,-4.78
±3,1.75,0.5,13:00,-291.0,50,38.0,-5.82
±3,1.75,0.75,13:00,-293.0,50,46.0,-5.86
±2,1.5,0.75,13:00,-311.0,50,46.0,-6.22
±2,1.25,0.5,13:30,-312.0,50,46.0,-6.24
±3,1.25,0.5,13:30,-314.0,50,44.0,-6.28
±2,1.5,0.5,13:00,-315.0,50,42.0,-6.3
±2,1.75,0.75,13:00,-340.0,50,46.0,-6.8
±2,1.75,0.5,13:00,-344.0,50,42.0,-6.88
±3,1.75,0.5,13:30,-405.0,50,42.0,-8.1
±3,0.75,1.0,14:00,-413.0,50,42.0,-8.26
±3,1.5,0.5,13:30,-416.0,50,42.0,-8.32
±2,1.25,0.75,12:30,-433.0,50,46.0,-8.66
±3,1.25,0.75,12:30,-435.0,50,46.0,-8.7
±3,1.25,0.75,13:30,-447.0,50,52.0,-8.94
±3,1.25,1.0,14:00,-469.0,50,42.0,-9.38
±2,1.25,0.75,13:30,-470.0,50,50.0,-9.4
±2,1.25,1.0,14:00,-472.0,50,50.0,-9.44
±2,1.75,0.5,13:30,-478.0,50,44.0,-9.56
±3,1.75,1.0,14:00,-480.0,50,38.0,-9.6
±3,1.5,1.0,14:00,-491.0,50,38.0,-9.82
±3,1.25,0.5,13:00,-491.0,50,38.0,-9.82
±3,1.25,0.75,13:00,-493.0,50,46.0,-9.86
±2,0.75,1.0,14:00,-495.0,50,46.0,-9.9
±2,1.25,1.0,13:30,-507.0,50,46.0,-10.14
±2,1.5,0.5,13:30,-518.0,50,44.0,-10.36
±2,1.25,0.75,13:00,-525.0,50,46.0,-10.5
±2,1.25,0.5,13:00,-529.0,50,42.0,-10.58
±2,1.75,1.0,14:00,-532.0,50,48.0,-10.64
±3,1.75,0.75,13:30,-538.0,50,50.0,-10.76
±3,4.75,0.5,13:00,-545.0,50,38.0,-10.9
±3,3.5,0.5,13:00,-545.0,50,38.0,-10.9
±3,4.25,0.5,13:00,-545.0,50,38.0,-10.9
±3,3.25,0.5,13:00,-545.0,50,38.0,-10.9
±3,2.5,0.5,13:00,-545.0,50,38.0,-10.9
±3,4.0,0.5,13:00,-545.0,50,38.0,-10.9
±3,2.75,0.5,13:00,-545.0,50,38.0,-10.9
±3,2.0,0.5,13:00,-545.0,50,38.0,-10.9
±3,3.75,0.5,13:00,-545.0,50,38.0,-10.9
±3,2.25,0.5,13:00,-545.0,50,38.0,-10.9
±3,3.0,0.5,13:00,-545.0,50,38.0,-10.9
±3,5.0,0.5,13:00,-545.0,50,38.0,-10.9
±3,4.5,0.5,13:00,-545.0,50,38.0,-10.9
±3,3.75,0.75,13:00,-547.0,50,46.0,-10.94
±3,3.0,0.75,13:00,-547.0,50,46.0,-10.94
±3,5.0,0.75,13:00,-547.0,50,46.0,-10.94
±3,4.5,0.75,13:00,-547.0,50,46.0,-10.94
±3,2.25,0.75,13:00,-547.0,50,46.0,-10.94
±3,4.0,0.75,13:00,-547.0,50,46.0,-10.94
±3,4.75,0.75,13:00,-547.0,50,46.0,-10.94
±3,2.75,0.75,13:00,-547.0,50,46.0,-10.94
±3,3.25,0.75,13:00,-547.0,50,46.0,-10.94
±3,3.5,0.75,13:00,-547.0,50,46.0,-10.94
±3,4.25,0.75,13:00,-547.0,50,46.0,-10.94
±3,2.0,0.75,13:00,-547.0,50,46.0,-10.94
±3,2.5,0.75,13:00,-547.0,50,46.0,-10.94
±3,1.5,0.75,13:30,-549.0,50,50.0,-10.98
±2,2.25,0.75,13:00,-552.0,50,46.0,-11.04
±2,2.5,0.75,13:00,-552.0,50,46.0,-11.04
±2,4.0,0.75,13:00,-552.0,50,46.0,-11.04
±2,4.75,0.75,13:00,-552.0,50,46.0,-11.04
±2,3.5,0.75,13:00,-552.0,50,46.0,-11.04
±2,2.75,0.75,13:00,-552.0,50,46.0,-11.04
±2,2.0,0.75,13:00,-552.0,50,46.0,-11.04
±2,3.25,0.75,13:00,-552.0,50,46.0,-11.04
±2,4.25,0.75,13:00,-552.0,50,46.0,-11.04
±2,3.0,0.75,13:00,-552.0,50,46.0,-11.04
±3,1.25,1.0,13:30,-552.0,50,46.0,-11.04
±2,3.75,0.75,13:00,-552.0,50,46.0,-11.04
±2,5.0,0.75,13:00,-552.0,50,46.0,-11.04
±2,4.5,0.75,13:00,-552.0,50,46.0,-11.04
±2,4.75,0.5,13:00,-556.0,50,42.0,-11.12
±2,4.25,0.5,13:00,-556.0,50,42.0,-11.12
±2,3.0,0.5,13:00,-556.0,50,42.0,-11.12
±2,2.5,0.5,13:00,-556.0,50,42.0,-11.12
±2,3.75,0.5,13:00,-556.0,50,42.0,-11.12
±2,2.25,0.5,13:00,-556.0,50,42.0,-11.12
±2,3.25,0.5,13:00,-556.0,50,42.0,-11.12
±2,4.5,0.5,13:00,-556.0,50,42.0,-11.12
±2,4.0,0.5,13:00,-556.0,50,42.0,-11.12
±2,3.5,0.5,13:00,-556.0,50,42.0,-11.12
±2,2.0,0.5,13:00,-556.0,50,42.0,-11.12
±2,2.75,0.5,13:00,-556.0,50,42.0,-11.12
±2,5.0,0.5,13:00,-556.0,50,42.0,-11.12
±2,1.5,1.0,14:00,-572.0,50,48.0,-11.44
±3,1.25,0.5,14:00,-593.0,50,40.0,-11.86
±3,1.75,0.5,14:00,-604.0,50,36.0,-12.08
±3,1.5,0.5,14:00,-615.0,50,36.0,-12.3
±3,3.0,0.5,13:30,-626.0,50,42.0,-12.52
±3,2.0,0.5,13:30,-626.0,50,42.0,-12.52
±3,2.25,0.5,13:30,-626.0,50,42.0,-12.52
±3,3.5,0.5,13:30,-626.0,50,42.0,-12.52
±3,3.75,0.5,13:30,-626.0,50,42.0,-12.52
±3,2.5,0.5,13:30,-626.0,50,42.0,-12.52
±3,4.75,0.5,13:30,-626.0,50,42.0,-12.52
±3,2.75,0.5,13:30,-626.0,50,42.0,-12.52
±3,4.0,0.5,13:30,-626.0,50,42.0,-12.52
±3,4.25,0.5,13:30,-626.0,50,42.0,-12.52
±3,3.25,0.5,13:30,-626.0,50,42.0,-12.52
±3,4.5,0.5,13:30,-626.0,50,42.0,-12.52
±3,5.0,0.5,13:30,-626.0,50,42.0,-12.52
±3,1.5,0.75,12:30,-633.0,50,46.0,-12.66
±3,1.75,0.75,12:30,-633.0,50,46.0,-12.66
±2,1.75,0.75,13:30,-636.0,50,48.0,-12.72
±3,0.75,1.0,15:00,-638.0,50,44.0,-12.76
±2,2.0,0.5,13:30,-639.0,50,44.0,-12.78
±2,4.5,0.5,13:30,-639.0,50,44.0,-12.78
±2,5.0,0.5,13:30,-639.0,50,44.0,-12.78
±2,3.75,0.5,13:30,-639.0,50,44.0,-12.78
±2,3.25,0.5,13:30,-639.0,50,44.0,-12.78
±2,4.0,0.5,13:30,-639.0,50,44.0,-12.78
±2,3.0,0.5,13:30,-639.0,50,44.0,-12.78
±2,4.75,0.5,13:30,-639.0,50,44.0,-12.78
±2,4.25,0.5,13:30,-639.0,50,44.0,-12.78
±2,2.5,0.5,13:30,-639.0,50,44.0,-12.78
±2,2.25,0.5,13:30,-639.0,50,44.0,-12.78
±2,3.5,0.5,13:30,-639.0,50,44.0,-12.78
±2,2.75,0.5,13:30,-639.0,50,44.0,-12.78
±3,1.75,1.0,13:30,-643.0,50,44.0,-12.86
±3,1.5,1.0,13:30,-654.0,50,44.0,-13.08
±3,1.25,0.5,12:30,-660.0,50,36.0,-13.2
±2,1.75,1.0,13:30,-673.0,50,44.0,-13.46
±2,1.5,0.75,13:30,-676.0,50,48.0,-13.52
±2,1.25,0.5,14:00,-676.0,50,48.0,-13.52
±2,1.75,0.75,12:30,-684.0,50,46.0,-13.68
±2,1.5,0.75,12:30,-684.0,50,46.0,-13.68
±3,1.25,0.75,12:00,-693.0,50,42.0,-13.86
±3,1.5,1.0,13:00,-699.0,50,34.0,-13.98
±2,1.5,1.0,13:30,-713.0,50,44.0,-14.26
±2,1.25,0.75,12:00,-717.0,50,40.0,-14.34
±2,1.25,0.5,12:30,-728.0,50,40.0,-14.56
±3,1.0,1.0,14:00,-733.0,50,44.0,-14.66
±2,1.75,0.5,14:00,-736.0,50,46.0,-14.72
±3,1.25,1.25,13:30,-736.0,50,42.0,-14.72
±3,0.75,1.0,14:30,-736.0,50,42.0,-14.72
±2,1.25,1.25,13:30,-745.0,50,42.0,-14.9
±3,1.75,1.0,13:00,-753.0,50,34.0,-15.06
±3,1.25,1.0,15:00,-757.0,50,44.0,-15.14
±3,1.75,0.75,11:00,-758.0,50,40.0,-15.16
±3,1.5,0.75,11:00,-758.0,50,40.0,-15.16
±3,5.0,0.75,13:30,-759.0,50,50.0,-15.18
±3,3.0,0.75,13:30,-759.0,50,50.0,-15.18
±3,4.5,0.75,13:30,-759.0,50,50.0,-15.18
±3,2.25,0.75,13:30,-759.0,50,50.0,-15.18
±3,2.5,0.75,13:30,-759.0,50,50.0,-15.18
±3,4.0,0.75,13:30,-759.0,50,50.0,-15.18
±3,3.75,0.75,13:30,-759.0,50,50.0,-15.18
±3,2.75,0.75,13:30,-759.0,50,50.0,-15.18
±3,4.25,0.75,13:30,-759.0,50,50.0,-15.18
±3,3.5,0.75,13:30,-759.0,50,50.0,-15.18
±3,4.75,0.75,13:30,-759.0,50,50.0,-15.18
±3,3.25,0.75,13:30,-759.0,50,50.0,-15.18
±3,2.0,0.75,13:30,-759.0,50,50.0,-15.18
±3,1.5,0.75,12:00,-766.0,50,42.0,-15.32
±3,1.75,0.75,12:00,-766.0,50,42.0,-15.32
±2,1.5,1.0,13:00,-770.0,50,42.0,-15.4
±3,1.5,1.5,11:00,-772.0,50,34.0,-15.44
±3,1.75,1.5,11:00,-772.0,50,34.0,-15.44
±3,0.5,0.5,10:00,-774.0,50,36.0,-15.48
±2,1.5,0.5,14:00,-776.0,50,46.0,-15.52
±2,1.75,0.75,12:00,-780.0,50,40.0,-15.6
±2,1.5,0.75,12:00,-780.0,50,40.0,-15.6
±2,1.75,0.75,11:00,-783.0,50,38.0,-15.66
±2,1.5,0.75,11:00,-783.0,50,38.0,-15.66
±3,0.75,0.75,13:30,-788.0,50,50.0,-15.76
±2,3.25,0.75,13:30,-797.0,50,48.0,-15.94
±2,2.25,0.75,13:30,-797.0,50,48.0,-15.94
±2,3.5,0.75,13:30,-797.0,50,48.0,-15.94
±2,4.5,0.75,13:30,-797.0,50,48.0,-15.94
±2,4.0,0.75,13:30,-797.0,50,48.0,-15.94
±2,2.5,0.75,13:30,-797.0,50,48.0,-15.94
±2,3.75,0.75,13:30,-797.0,50,48.0,-15.94
±2,2.75,0.75,13:30,-797.0,50,48.0,-15.94
±3,1.25,0.75,11:00,-797.0,50,40.0,-15.94
±2,5.0,0.75,13:30,-797.0,50,48.0,-15.94
±2,3.0,0.75,13:30,-797.0,50,48.0,-15.94
±2,4.25,0.75,13:30,-797.0,50,48.0,-15.94
±2,2.0,0.75,13:30,-797.0,50,48.0,-15.94
±2,4.75,0.75,13:30,-797.0,50,48.0,-15.94
±2,1.75,1.0,13:00,-799.0,50,42.0,-15.98
±2,1.25,0.75,11:00,-800.0,50,38.0,-16.0
±3,1.25,1.0,12:30,-807.0,50,38.0,-16.14
±3,1.25,1.5,11:00,-811.0,50,34.0,-16.22
±2,0.75,1.0,15:00,-813.0,50,46.0,-16.26
±3,1.0,1.0,15:00,-821.0,50,46.0,-16.42
±3,1.75,1.25,13:30,-827.0,50,40.0,-16.54
±3,0.75,0.75,14:00,-831.0,50,48.0,-16.62
±3,0.5,1.0,10:00,-832.0,50,34.0,-16.64
±2,2.75,1.0,13:30,-834.0,50,44.0,-16.68
±2,5.0,1.0,13:30,-834.0,50,44.0,-16.68
±2,3.0,1.0,13:30,-834.0,50,44.0,-16.68
±2,4.25,1.0,13:30,-834.0,50,44.0,-16.68
±2,3.5,1.0,13:30,-834.0,50,44.0,-16.68
±2,3.25,1.0,13:30,-834.0,50,44.0,-16.68
±2,2.0,1.0,13:30,-834.0,50,44.0,-16.68
±2,4.0,1.0,13:30,-834.0,50,44.0,-16.68
±2,3.75,1.0,13:30,-834.0,50,44.0,-16.68
±2,4.5,1.0,13:30,-834.0,50,44.0,-16.68
±2,2.25,1.0,13:30,-834.0,50,44.0,-16.68
±2,2.5,1.0,13:30,-834.0,50,44.0,-16.68
±2,4.75,1.0,13:30,-834.0,50,44.0,-16.68
±2,1.5,1.5,11:00,-838.0,50,32.0,-16.76
±3,1.5,1.25,13:30,-838.0,50,40.0,-16.76
±2,1.75,1.5,11:00,-838.0,50,32.0,-16.76
±2,1.25,1.0,12:30,-839.0,50,40.0,-16.78
±3,0.5,5.0,10:00,-845.0,50,34.0,-16.9
±3,0.5,2.5,10:00,-845.0,50,34.0,-16.9
±3,0.5,2.0,10:00,-845.0,50,34.0,-16.9
±3,0.5,1.75,10:00,-845.0,50,34.0,-16.9
±3,0.5,1.25,10:00,-845.0,50,34.0,-16.9
±3,0.5,1.5,10:00,-845.0,50,34.0,-16.9
±3,0.5,2.25,10:00,-845.0,50,34.0,-16.9
±3,0.5,3.25,10:00,-845.0,50,34.0,-16.9
±3,0.5,3.75,10:00,-845.0,50,34.0,-16.9
±3,0.5,4.5,10:00,-845.0,50,34.0,-16.9
±3,0.5,4.25,10:00,-845.0,50,34.0,-16.9
±3,0.5,4.75,10:00,-845.0,50,34.0,-16.9
±3,0.5,3.5,10:00,-845.0,50,34.0,-16.9
±3,0.5,2.75,10:00,-845.0,50,34.0,-16.9
±3,0.5,3.0,10:00,-845.0,50,34.0,-16.9
±3,0.5,4.0,10:00,-845.0,50,34.0,-16.9
±3,0.5,0.75,10:00,-849.0,50,34.0,-16.98
±2,1.25,1.5,11:00,-855.0,50,32.0,-17.1
±3,0.75,0.5,10:00,-856.0,50,32.0,-17.12
±3,1.75,0.5,12:30,-858.0,50,36.0,-17.16
±3,1.5,0.5,12:30,-858.0,50,36.0,-17.16
±3,1.75,1.25,11:00,-861.0,50,34.0,-17.22
±3,1.5,1.25,11:00,-861.0,50,34.0,-17.22
±3,4.25,1.0,13:30,-864.0,50,44.0,-17.28
±3,3.0,1.0,13:30,-864.0,50,44.0,-17.28
±3,3.25,1.0,13:30,-864.0,50,44.0,-17.28
±3,3.75,1.0,13:30,-864.0,50,44.0,-17.28
±3,2.25,1.0,13:30,-864.0,50,44.0,-17.28
±3,3.5,1.0,13:30,-864.0,50,44.0,-17.28
±3,4.0,1.0,13:30,-864.0,50,44.0,-17.28
±3,2.0,1.0,13:30,-864.0,50,44.0,-17.28
±3,2.75,1.0,13:30,-864.0,50,44.0,-17.28
±2,1.0,1.0,14:00,-864.0,50,50.0,-17.28
±3,2.5,1.0,13:30,-864.0,50,44.0,-17.28
±3,4.75,1.0,13:30,-864.0,50,44.0,-17.28
±3,5.0,1.0,13:30,-864.0,50,44.0,-17.28
±3,4.5,1.0,13:30,-864.0,50,44.0,-17.28
±3,0.75,0.5,14:00,-876.0,50,40.0,-17.52
±3,0.75,0.5,13:30,-880.0,50,42.0,-17.6
±3,1.75,1.0,11:00,-881.0,50,36.0,-17.62
±3,1.5,1.0,11:00,-881.0,50,36.0,-17.62
±3,1.25,0.75,14:00,-884.0,50,48.0,-17.68
±3,1.0,0.75,13:30,-887.0,50,52.0,-17.74
±2,0.75,0.75,13:30,-887.0,50,50.0,-17.74
±3,0.75,1.0,13:30,-893.0,50,44.0,-17.86
±3,1.75,0.75,14:00,-895.0,50,44.0,-17.9
±2,0.75,1.0,14:30,-896.0,50,44.0,-17.92
±3,4.75,1.0,14:00,-900.0,50,38.0,-18.0
±3,4.0,1.0,14:00,-900.0,50,38.0,-18.0
±3,3.75,1.0,14:00,-900.0,50,38.0,-18.0
±3,2.75,1.0,14:00,-900.0,50,38.0,-18.0
±3,2.0,1.0,14:00,-900.0,50,38.0,-18.0
±3,1.25,1.25,11:00,-900.0,50,34.0,-18.0
±3,2.5,1.0,14:00,-900.0,50,38.0,-18.0
±3,4.25,1.0,14:00,-900.0,50,38.0,-18.0
±3,5.0,1.0,14:00,-900.0,50,38.0,-18.0
±3,3.5,1.0,14:00,-900.0,50,38.0,-18.0
±3,4.5,1.0,14:00,-900.0,50,38.0,-18.0
±3,2.25,1.0,14:00,-900.0,50,38.0,-18.0
±3,3.25,1.0,14:00,-900.0,50,38.0,-18.0
±3,3.0,1.0,14:00,-900.0,50,38.0,-18.0
±3,1.5,0.75,14:00,-906.0,50,44.0,-18.12
±3,1.25,1.5,13:30,-908.0,50,40.0,-18.16
±2,1.75,1.25,13:30,-911.0,50,40.0,-18.22
±3,0.75,1.0,10:00,-914.0,50,30.0,-18.28
±3,0.75,1.25,14:00,-916.0,50,38.0,-18.32
±3,0.75,1.5,15:00,-918.0,50,36.0,-18.36
±3,1.25,1.0,11:00,-920.0,50,36.0,-18.4
±2,0.5,0.5,10:00,-921.0,50,36.0,-18.42
±3,2.25,0.75,11:00,-922.0,50,40.0,-18.44
±3,2.75,0.75,11:00,-922.0,50,40.0,-18.44
±3,3.75,0.75,11:00,-922.0,50,40.0,-18.44
±3,5.0,0.75,11:00,-922.0,50,40.0,-18.44
±3,2.0,0.75,11:00,-922.0,50,40.0,-18.44
±3,4.75,0.75,11:00,-922.0,50,40.0,-18.44
±3,4.0,0.75,11:00,-922.0,50,40.0,-18.44
±3,2.5,0.75,11:00,-922.0,50,40.0,-18.44
±2,1.5,1.0,11:00,-922.0,50,34.0,-18.44
±3,3.0,0.75,11:00,-922.0,50,40.0,-18.44
±3,3.25,0.75,11:00,-922.0,50,40.0,-18.44
±3,3.5,0.75,11:00,-922.0,50,40.0,-18.44
±2,1.75,1.0,11:00,-922.0,50,34.0,-18.44
±3,4.5,0.75,11:00,-922.0,50,40.0,-18.44
±3,4.25,0.75,11:00,-922.0,50,40.0,-18.44
±2,1.5,1.25,11:00,-923.0,50,32.0,-18.46
±2,1.75,1.25,11:00,-923.0,50,32.0,-18.46
±2,0.75,1.0,13:30,-924.0,50,46.0,-18.48
±3,0.75,5.0,10:00,-927.0,50,30.0,-18.54
±3,1.75,1.0,15:00,-927.0,50,40.0,-18.54
±3,0.75,1.75,10:00,-927.0,50,30.0,-18.54
±3,0.75,1.5,10:00,-927.0,50,30.0,-18.54
±3,0.75,2.0,10:00,-927.0,50,30.0,-18.54
±3,0.75,2.25,10:00,-927.0,50,30.0,-18.54
±3,0.75,1.25,10:00,-927.0,50,30.0,-18.54
±3,0.75,3.25,10:00,-927.0,50,30.0,-18.54
±3,0.75,2.75,10:00,-927.0,50,30.0,-18.54
±3,0.75,3.5,10:00,-927.0,50,30.0,-18.54
±3,0.75,3.0,10:00,-927.0,50,30.0,-18.54
±3,0.75,3.75,10:00,-927.0,50,30.0,-18.54
±3,0.75,4.0,10:00,-927.0,50,30.0,-18.54
±3,0.75,2.5,10:00,-927.0,50,30.0,-18.54
±3,0.75,4.75,10:00,-927.0,50,30.0,-18.54
±3,0.75,4.5,10:00,-927.0,50,30.0,-18.54
±3,0.75,4.25,10:00,-927.0,50,30.0,-18.54
±2,1.25,1.5,13:30,-931.0,50,40.0,-18.62
±3,0.75,0.75,10:00,-931.0,50,30.0,-18.62
±2,1.25,1.0,15:00,-932.0,50,44.0,-18.64
±3,3.25,1.5,11:00,-936.0,50,34.0,-18.72
±3,3.75,1.5,11:00,-936.0,50,34.0,-18.72
±3,4.25,1.5,11:00,-936.0,50,34.0,-18.72
±3,4.0,1.5,11:00,-936.0,50,34.0,-18.72
±3,5.0,1.5,11:00,-936.0,50,34.0,-18.72
±3,4.75,1.5,11:00,-936.0,50,34.0,-18.72
±3,2.5,1.5,11:00,-936.0,50,34.0,-18.72
±3,2.75,1.5,11:00,-936.0,50,34.0,-18.72
±3,3.0,1.5,11:00,-936.0,50,34.0,-18.72
±3,2.0,1.5,11:00,-936.0,50,34.0,-18.72
±3,4.5,1.5,11:00,-936.0,50,34.0,-18.72
±3,3.5,1.5,11:00,-936.0,50,34.0,-18.72
±3,2.25,1.5,11:00,-936.0,50,34.0,-18.72
±3,1.5,1.0,15:00,-938.0,50,40.0,-18.76
±2,1.25,1.0,11:00,-939.0,50,34.0,-18.78
±2,1.25,1.25,11:00,-940.0,50,32.0,-18.8
±3,4.5,0.5,10:00,-941.0,50,32.0,-18.82
±3,2.25,0.5,10:00,-941.0,50,32.0,-18.82
±3,1.25,0.5,10:00,-941.0,50,32.0,-18.82
±3,3.5,0.5,10:00,-941.0,50,32.0,-18.82
±3,3.25,0.5,10:00,-941.0,50,32.0,-18.82
±3,1.0,0.5,10:00,-941.0,50,32.0,-18.82
±3,3.0,0.5,10:00,-941.0,50,32.0,-18.82
±3,5.0,0.5,10:00,-941.0,50,32.0,-18.82
±3,2.75,0.5,10:00,-941.0,50,32.0,-18.82
±3,2.0,0.5,10:00,-941.0,50,32.0,-18.82
±3,1.75,0.5,10:00,-941.0,50,32.0,-18.82
±3,4.75,0.5,10:00,-941.0,50,32.0,-18.82
±3,4.0,0.5,10:00,-941.0,50,32.0,-18.82
±3,2.5,0.5,10:00,-941.0,50,32.0,-18.82
±3,3.75,0.5,10:00,-941.0,50,32.0,-18.82
±3,1.5,0.5,10:00,-941.0,50,32.0,-18.82
±3,4.25,0.5,10:00,-941.0,50,32.0,-18.82
±2,2.75,0.75,11:00,-947.0,50,38.0,-18.94
±2,2.5,0.75,11:00,-947.0,50,38.0,-18.94
±2,2.25,0.75,11:00,-947.0,50,38.0,-18.94
±2,3.75,0.75,11:00,-947.0,50,38.0,-18.94
±2,5.0,0.75,11:00,-947.0,50,38.0,-18.94
±2,2.0,0.75,11:00,-947.0,50,38.0,-18.94
±2,3.25,0.75,11:00,-947.0,50,38.0,-18.94
±2,3.0,0.75,11:00,-947.0,50,38.0,-18.94
±2,4.0,0.75,11:00,-947.0,50,38.0,-18.94
±2,4.75,0.75,11:00,-947.0,50,38.0,-18.94
±2,4.5,0.75,11:00,-947.0,50,38.0,-18.94
±2,4.25,0.75,11:00,-947.0,50,38.0,-18.94
±2,3.5,0.75,11:00,-947.0,50,38.0,-18.94
±2,1.5,1.25,13:30,-951.0,50,40.0,-19.02
±3,3.0,0.75,12:00,-952.0,50,42.0,-19.04
±3,5.0,0.75,12:00,-952.0,50,42.0,-19.04
±3,4.0,0.75,12:00,-952.0,50,42.0,-19.04
±3,2.5,0.75,12:00,-952.0,50,42.0,-19.04
±3,4.75,0.75,12:00,-952.0,50,42.0,-19.04
±3,2.0,0.75,12:00,-952.0,50,42.0,-19.04
±3,2.75,0.75,12:00,-952.0,50,42.0,-19.04
±3,4.5,0.75,12:00,-952.0,50,42.0,-19.04
±3,3.75,0.75,12:00,-952.0,50,42.0,-19.04
±3,2.25,0.75,12:00,-952.0,50,42.0,-19.04
±3,3.25,0.75,12:00,-952.0,50,42.0,-19.04
±3,4.25,0.75,12:00,-952.0,50,42.0,-19.04
±3,3.5,0.75,12:00,-952.0,50,42.0,-19.04
±3,1.25,1.0,13:00,-953.0,50,34.0,-19.06
±3,1.5,1.25,13:00,-957.0,50,30.0,-19.14
±2,3.25,1.0,14:00,-958.0,50,48.0,-19.16
±3,1.25,0.5,14:30,-958.0,50,40.0,-19.16
±2,4.25,1.0,14:00,-958.0,50,48.0,-19.16
±2,3.0,1.0,14:00,-958.0,50,48.0,-19.16
±2,3.5,1.0,14:00,-958.0,50,48.0,-19.16
±2,4.5,1.0,14:00,-958.0,50,48.0,-19.16
±2,2.5,1.0,14:00,-958.0,50,48.0,-19.16
±2,2.75,1.0,14:00,-958.0,50,48.0,-19.16
±2,2.0,1.0,14:00,-958.0,50,48.0,-19.16
±2,3.75,1.0,14:00,-958.0,50,48.0,-19.16
±2,5.0,1.0,14:00,-958.0,50,48.0,-19.16
±2,4.0,1.0,14:00,-958.0,50,48.0,-19.16
±2,2.25,1.0,14:00,-958.0,50,48.0,-19.16
±2,4.75,1.0,14:00,-958.0,50,48.0,-19.16
±3,2.0,0.75,12:30,-966.0,50,46.0,-19.32
±3,4.5,0.75,12:30,-966.0,50,46.0,-19.32
±3,3.5,0.75,12:30,-966.0,50,46.0,-19.32
±3,5.0,0.75,12:30,-966.0,50,46.0,-19.32
±3,3.0,0.75,12:30,-966.0,50,46.0,-19.32
±3,4.25,0.75,12:30,-966.0,50,46.0,-19.32
±3,4.75,0.75,12:30,-966.0,50,46.0,-19.32
±3,2.25,0.75,12:30,-966.0,50,46.0,-19.32
±3,4.0,0.75,12:30,-966.0,50,46.0,-19.32
±3,3.25,0.75,12:30,-966.0,50,46.0,-19.32
±3,2.75,0.75,12:30,-966.0,50,46.0,-19.32
±3,2.5,0.75,12:30,-966.0,50,46.0,-19.32
±3,3.75,0.75,12:30,-966.0,50,46.0,-19.32
±3,1.25,1.25,14:00,-972.0,50,38.0,-19.44
±2,0.5,1.0,10:00,-977.0,50,36.0,-19.54
±2,1.75,0.5,12:30,-979.0,50,40.0,-19.58
±2,1.5,0.5,12:30,-979.0,50,40.0,-19.58
±2,0.75,0.5,13:30,-981.0,50,46.0,-19.62
±3,1.75,1.25,14:00,-983.0,50,34.0,-19.66
±3,0.75,4.5,10:30,-984.0,50,32.0,-19.68
±3,0.75,3.25,10:30,-984.0,50,32.0,-19.68
±3,0.75,1.75,10:30,-984.0,50,32.0,-19.68
±3,0.75,2.25,10:30,-984.0,50,32.0,-19.68
±3,0.75,5.0,10:30,-984.0,50,32.0,-19.68
±3,0.75,2.5,10:30,-984.0,50,32.0,-19.68
±3,0.75,3.75,10:30,-984.0,50,32.0,-19.68
±3,0.75,2.75,10:30,-984.0,50,32.0,-19.68
±3,0.75,3.0,10:30,-984.0,50,32.0,-19.68
±3,0.75,4.75,10:30,-984.0,50,32.0,-19.68
±3,0.75,4.0,10:30,-984.0,50,32.0,-19.68
±2,1.25,1.0,13:00,-984.0,50,42.0,-19.68
±3,0.75,1.5,10:30,-984.0,50,32.0,-19.68
±3,0.75,4.25,10:30,-984.0,50,32.0,-19.68
±3,0.75,2.0,10:30,-984.0,50,32.0,-19.68
±3,0.75,3.5,10:30,-984.0,50,32.0,-19.68
±3,1.25,0.5,12:00,-985.0,50,32.0,-19.7
±3,1.25,1.0,14:30,-986.0,50,42.0,-19.72
±3,1.25,0.5,15:00,-986.0,50,40.0,-19.72
±2,0.75,0.75,14:00,-986.0,50,50.0,-19.72
±2,4.75,0.75,12:00,-987.0,50,40.0,-19.74
±2,3.0,0.75,12:00,-987.0,50,40.0,-19.74
±2,3.25,0.75,12:00,-987.0,50,40.0,-19.74
±2,2.5,0.75,12:00,-987.0,50,40.0,-19.74
±2,4.25,0.75,12:00,-987.0,50,40.0,-19.74
±2,3.75,0.75,12:00,-987.0,50,40.0,-19.74
±2,2.0,0.75,12:00,-987.0,50,40.0,-19.74
±2,4.5,0.75,12:00,-987.0,50,40.0,-19.74
±2,1.25,1.25,14:00,-987.0,50,46.0,-19.74
±2,2.75,0.75,12:00,-987.0,50,40.0,-19.74
±2,2.25,0.75,12:00,-987.0,50,40.0,-19.74
±2,3.5,0.75,12:00,-987.0,50,40.0,-19.74
±2,4.0,0.75,12:00,-987.0,50,40.0,-19.74
±2,5.0,0.75,12:00,-987.0,50,40.0,-19.74
±3,1.0,1.0,13:30,-992.0,50,46.0,-19.84
±2,1.25,0.75,14:00,-993.0,50,52.0,-19.86
±3,1.25,4.0,13:30,-994.0,50,40.0,-19.88
±3,1.25,2.5,13:30,-994.0,50,40.0,-19.88
±3,1.25,4.75,13:30,-994.0,50,40.0,-19.88
±3,1.5,1.25,14:00,-994.0,50,34.0,-19.88
±3,1.25,2.75,13:30,-994.0,50,40.0,-19.88
±3,1.25,2.25,13:30,-994.0,50,40.0,-19.88
±3,1.25,4.25,13:30,-994.0,50,40.0,-19.88
±3,1.25,3.75,13:30,-994.0,50,40.0,-19.88
±3,1.25,5.0,13:30,-994.0,50,40.0,-19.88
±3,1.25,3.25,13:30,-994.0,50,40.0,-19.88
±2,0.5,0.75,10:00,-994.0,50,34.0,-19.88
±3,1.25,4.5,13:30,-994.0,50,40.0,-19.88
±3,1.25,3.5,13:30,-994.0,50,40.0,-19.88
±3,1.25,1.75,13:30,-994.0,50,40.0,-19.88
±3,1.25,3.0,13:30,-994.0,50,40.0,-19.88
±3,1.25,2.0,13:30,-994.0,50,40.0,-19.88
±2,0.5,2.5,10:00,-995.0,50,36.0,-19.9
±2,0.5,2.0,10:00,-995.0,50,36.0,-19.9
±2,0.5,1.75,10:00,-995.0,50,36.0,-19.9
±2,0.5,1.25,10:00,-995.0,50,36.0,-19.9
±2,0.5,3.5,10:00,-995.0,50,36.0,-19.9
±2,0.5,3.0,10:00,-995.0,50,36.0,-19.9
±2,0.5,2.75,10:00,-995.0,50,36.0,-19.9
±2,0.5,4.5,10:00,-995.0,50,36.0,-19.9
±2,0.5,4.0,10:00,-995.0,50,36.0,-19.9
±2,0.5,3.75,10:00,-995.0,50,36.0,-19.9
±2,0.5,3.25,10:00,-995.0,50,36.0,-19.9
±2,0.5,1.5,10:00,-995.0,50,36.0,-19.9
±2,0.5,4.25,10:00,-995.0,50,36.0,-19.9
±2,0.5,5.0,10:00,-995.0,50,36.0,-19.9
±2,0.5,2.25,10:00,-995.0,50,36.0,-19.9
±2,0.5,4.75,10:00,-995.0,50,36.0,-19.9
±3,4.0,1.0,10:00,-999.0,50,30.0,-19.98
±3,1.5,1.0,10:00,-999.0,50,30.0,-19.98
±3,4.75,1.0,10:00,-999.0,50,30.0,-19.98
±3,1.25,1.0,10:00,-999.0,50,30.0,-19.98
±3,1.75,1.0,10:00,-999.0,50,30.0,-19.98
±3,4.5,1.0,10:00,-999.0,50,30.0,-19.98
±3,3.5,1.0,10:00,-999.0,50,30.0,-19.98
±3,2.0,1.0,10:00,-999.0,50,30.0,-19.98
±3,2.25,1.0,10:00,-999.0,50,30.0,-19.98
±3,2.5,1.0,10:00,-999.0,50,30.0,-19.98
±3,3.75,1.0,10:00,-999.0,50,30.0,-19.98
±3,2.75,1.0,10:00,-999.0,50,30.0,-19.98
±3,3.0,1.0,10:00,-999.0,50,30.0,-19.98
±3,3.25,1.0,10:00,-999.0,50,30.0,-19.98
±3,1.75,1.5,13:30,-999.0,50,38.0,-19.98
±3,5.0,1.0,10:00,-999.0,50,30.0,-19.98
±3,1.0,1.0,10:00,-999.0,50,30.0,-19.98
±3,4.25,1.0,10:00,-999.0,50,30.0,-19.98
±2,0.75,0.5,10:00,-1000.0,50,34.0,-20.0
±2,3.75,1.5,11:00,-1002.0,50,32.0,-20.04
±2,4.0,1.5,11:00,-1002.0,50,32.0,-20.04
±2,2.25,1.5,11:00,-1002.0,50,32.0,-20.04
±2,3.25,1.5,11:00,-1002.0,50,32.0,-20.04
±2,4.5,1.5,11:00,-1002.0,50,32.0,-20.04
±2,2.75,1.5,11:00,-1002.0,50,32.0,-20.04
±2,5.0,1.5,11:00,-1002.0,50,32.0,-20.04
±2,4.75,1.5,11:00,-1002.0,50,32.0,-20.04
±2,3.5,1.5,11:00,-1002.0,50,32.0,-20.04
±2,2.0,1.5,11:00,-1002.0,50,32.0,-20.04
±2,3.0,1.5,11:00,-1002.0,50,32.0,-20.04
±2,4.25,1.5,11:00,-1002.0,50,32.0,-20.04
±2,2.5,1.5,11:00,-1002.0,50,32.0,-20.04
±2,1.25,1.75,13:30,-1003.0,50,40.0,-20.06
±2,1.25,3.5,13:30,-1003.0,50,40.0,-20.06
±2,1.25,2.0,13:30,-1003.0,50,40.0,-20.06
±2,1.25,2.75,13:30,-1003.0,50,40.0,-20.06
±2,1.25,3.0,13:30,-1003.0,50,40.0,-20.06
±2,1.25,4.5,13:30,-1003.0,50,40.0,-20.06
±2,1.25,4.75,13:30,-1003.0,50,40.0,-20.06
±2,1.25,3.75,13:30,-1003.0,50,40.0,-20.06
±2,1.25,5.0,13:30,-1003.0,50,40.0,-20.06
±2,1.25,3.25,13:30,-1003.0,50,40.0,-20.06
±2,1.25,4.25,13:30,-1003.0,50,40.0,-20.06
±2,1.25,4.0,13:30,-1003.0,50,40.0,-20.06
±2,1.25,2.25,13:30,-1003.0,50,40.0,-20.06
±2,1.25,2.5,13:30,-1003.0,50,40.0,-20.06
±3,0.75,1.5,14:00,-1005.0,50,38.0,-20.1
±3,1.5,1.0,12:30,-1005.0,50,38.0,-20.1
±3,1.75,1.0,12:30,-1005.0,50,38.0,-20.1
±3,2.25,1.0,13:00,-1007.0,50,34.0,-20.14
±3,4.25,1.0,13:00,-1007.0,50,34.0,-20.14
±3,2.75,1.0,13:00,-1007.0,50,34.0,-20.14
±3,3.25,1.0,13:00,-1007.0,50,34.0,-20.14
±3,3.75,1.0,13:00,-1007.0,50,34.0,-20.14
±3,4.5,1.0,13:00,-1007.0,50,34.0,-20.14
±3,3.5,1.0,13:00,-1007.0,50,34.0,-20.14
±3,2.0,1.0,13:00,-1007.0,50,34.0,-20.14
±3,3.0,1.0,13:00,-1007.0,50,34.0,-20.14
±3,4.75,1.0,13:00,-1007.0,50,34.0,-20.14
±3,2.5,1.0,13:00,-1007.0,50,34.0,-20.14
±3,5.0,1.0,13:00,-1007.0,50,34.0,-20.14
±3,4.0,1.0,13:00,-1007.0,50,34.0,-20.14
±3,1.0,0.5,13:30,-1008.0,50,42.0,-20.16
±2,2.5,0.75,12:30,-1009.0,50,46.0,-20.18
±2,4.5,0.75,12:30,-1009.0,50,46.0,-20.18
±2,5.0,0.75,12:30,-1009.0,50,46.0,-20.18
±2,3.25,0.75,12:30,-1009.0,50,46.0,-20.18
±2,4.25,0.75,12:30,-1009.0,50,46.0,-20.18
±2,2.25,0.75,12:30,-1009.0,50,46.0,-20.18
±2,4.0,0.75,12:30,-1009.0,50,46.0,-20.18
±2,4.75,0.75,12:30,-1009.0,50,46.0,-20.18
±2,3.0,0.75,12:30,-1009.0,50,46.0,-20.18
±2,3.75,0.75,12:30,-1009.0,50,46.0,-20.18
±2,3.5,0.75,12:30,-1009.0,50,46.0,-20.18
±2,2.75,0.75,12:30,-1009.0,50,46.0,-20.18
±2,2.0,0.75,12:30,-1009.0,50,46.0,-20.18
±3,1.5,1.5,13:30,-1010.0,50,38.0,-20.2
±2,0.75,1.25,14:00,-1010.0,50,42.0,-20.2
±3,1.75,1.25,13:00,-1011.0,50,30.0,-20.22
±2,4.5,1.0,13:00,-1011.0,50,42.0,-20.22
±2,3.75,1.0,13:00,-1011.0,50,42.0,-20.22
±2,5.0,1.0,13:00,-1011.0,50,42.0,-20.22
±2,4.75,1.0,13:00,-1011.0,50,42.0,-20.22
±2,3.5,1.0,13:00,-1011.0,50,42.0,-20.22
±2,2.0,1.0,13:00,-1011.0,50,42.0,-20.22
±2,2.75,1.0,13:00,-1011.0,50,42.0,-20.22
±2,3.0,1.0,13:00,-1011.0,50,42.0,-20.22
±2,4.25,1.0,13:00,-1011.0,50,42.0,-20.22
±2,3.25,1.0,13:00,-1011.0,50,42.0,-20.22
±2,4.0,1.0,13:00,-1011.0,50,42.0,-20.22
±2,2.25,1.0,13:00,-1011.0,50,42.0,-20.22
±2,2.5,1.0,13:00,-1011.0,50,42.0,-20.22
±3,3.0,2.25,10:00,-1012.0,50,30.0,-20.24
±3,1.25,2.0,10:00,-1012.0,50,30.0,-20.24
±3,2.0,1.75,10:00,-1012.0,50,30.0,-20.24
±3,4.0,2.5,10:00,-1012.0,50,30.0,-20.24
±3,4.0,2.25,10:00,-1012.0,50,30.0,-20.24
±3,4.0,2.0,10:00,-1012.0,50,30.0,-20.24
±3,1.25,1.75,10:00,-1012.0,50,30.0,-20.24
±3,1.5,1.5,10:00,-1012.0,50,30.0,-20.24
±3,2.75,4.25,10:00,-1012.0,50,30.0,-20.24
±3,2.75,4.0,10:00,-1012.0,50,30.0,-20.24
±3,2.75,3.75,10:00,-1012.0,50,30.0,-20.24
±3,3.5,3.5,10:00,-1012.0,50,30.0,-20.24
±3,3.5,3.25,10:00,-1012.0,50,30.0,-20.24
±3,1.25,3.0,10:00,-1012.0,50,30.0,-20.24
±3,1.5,1.75,10:00,-1012.0,50,30.0,-20.24
±3,2.0,1.5,10:00,-1012.0,50,30.0,-20.24
±3,1.5,5.0,10:00,-1012.0,50,30.0,-20.24
±3,1.5,4.75,10:00,-1012.0,50,30.0,-20.24
±3,4.5,3.25,10:00,-1012.0,50,30.0,-20.24
±3,4.5,3.0,10:00,-1012.0,50,30.0,-20.24
±3,3.0,3.0,10:00,-1012.0,50,30.0,-20.24
±3,3.0,2.75,10:00,-1012.0,50,30.0,-20.24
±3,1.0,2.25,10:00,-1012.0,50,30.0,-20.24
±3,1.0,2.0,10:00,-1012.0,50,30.0,-20.24
±3,1.0,1.75,10:00,-1012.0,50,30.0,-20.24
±3,3.0,3.75,10:00,-1012.0,50,30.0,-20.24
±3,3.0,3.5,10:00,-1012.0,50,30.0,-20.24
±3,3.0,3.25,10:00,-1012.0,50,30.0,-20.24
±3,4.5,3.75,10:00,-1012.0,50,30.0,-20.24
±3,4.5,3.5,10:00,-1012.0,50,30.0,-20.24
±3,1.0,2.75,10:00,-1012.0,50,30.0,-20.24
±3,3.25,5.0,10:00,-1012.0,50,30.0,-20.24
±3,3.25,4.75,10:00,-1012.0,50,30.0,-20.24
±3,1.0,2.5,10:00,-1012.0,50,30.0,-20.24
±3,3.0,4.5,10:00,-1012.0,50,30.0,-20.24
±3,3.0,4.25,10:00,-1012.0,50,30.0,-20.24
±3,2.75,3.0,10:00,-1012.0,50,30.0,-20.24
±3,3.5,4.0,10:00,-1012.0,50,30.0,-20.24
±3,3.5,3.75,10:00,-1012.0,50,30.0,-20.24
±3,1.25,3.25,10:00,-1012.0,50,30.0,-20.24
±3,4.5,4.25,10:00,-1012.0,50,30.0,-20.24
±3,4.5,5.0,10:00,-1012.0,50,30.0,-20.24
±3,4.0,1.25,10:00,-1012.0,50,30.0,-20.24
±3,4.0,1.75,10:00,-1012.0,50,30.0,-20.24
±3,4.0,1.5,10:00,-1012.0,50,30.0,-20.24
±3,4.5,4.0,10:00,-1012.0,50,30.0,-20.24
±3,4.25,5.0,10:00,-1012.0,50,30.0,-20.24
±3,5.0,2.75,10:00,-1012.0,50,30.0,-20.24
±3,5.0,4.5,10:00,-1012.0,50,30.0,-20.24
±3,5.0,1.5,10:00,-1012.0,50,30.0,-20.24
±3,5.0,1.25,10:00,-1012.0,50,30.0,-20.24
±3,5.0,2.0,10:00,-1012.0,50,30.0,-20.24
±3,5.0,1.75,10:00,-1012.0,50,30.0,-20.24
±3,3.25,2.0,10:00,-1012.0,50,30.0,-20.24
±3,3.25,1.75,10:00,-1012.0,50,30.0,-20.24
±3,1.25,5.0,10:00,-1012.0,50,30.0,-20.24
±3,1.25,4.75,10:00,-1012.0,50,30.0,-20.24
±3,2.0,4.5,10:00,-1012.0,50,30.0,-20.24
±3,4.25,3.75,10:00,-1012.0,50,30.0,-20.24
±3,4.25,3.5,10:00,-1012.0,50,30.0,-20.24
±3,4.25,3.25,10:00,-1012.0,50,30.0,-20.24
±3,3.25,1.5,10:00,-1012.0,50,30.0,-20.24
±3,1.5,3.0,10:00,-1012.0,50,30.0,-20.24
±3,2.0,5.0,10:00,-1012.0,50,30.0,-20.24
±3,3.0,4.0,10:00,-1012.0,50,30.0,-20.24
±3,3.0,5.0,10:00,-1012.0,50,30.0,-20.24
±3,2.0,4.75,10:00,-1012.0,50,30.0,-20.24
±3,4.25,4.0,10:00,-1012.0,50,30.0,-20.24
±3,2.25,2.0,10:00,-1012.0,50,30.0,-20.24
±3,2.25,1.75,10:00,-1012.0,50,30.0,-20.24
±3,4.25,2.25,10:00,-1012.0,50,30.0,-20.24
±3,4.25,2.0,10:00,-1012.0,50,30.0,-20.24
±3,4.5,4.75,10:00,-1012.0,50,30.0,-20.24
±3,4.5,4.5,10:00,-1012.0,50,30.0,-20.24
±3,3.5,4.25,10:00,-1012.0,50,30.0,-20.24
±3,1.25,3.5,10:00,-1012.0,50,30.0,-20.24
±3,2.75,3.5,10:00,-1012.0,50,30.0,-20.24
±3,2.75,3.25,10:00,-1012.0,50,30.0,-20.24
±3,4.25,1.75,10:00,-1012.0,50,30.0,-20.24
±3,2.25,1.5,10:00,-1012.0,50,30.0,-20.24
±3,4.25,3.0,10:00,-1012.0,50,30.0,-20.24
±3,4.25,2.75,10:00,-1012.0,50,30.0,-20.24
±3,4.25,2.5,10:00,-1012.0,50,30.0,-20.24
±3,2.25,1.25,10:00,-1012.0,50,30.0,-20.24
±3,1.5,3.25,10:00,-1012.0,50,30.0,-20.24
±3,3.5,2.0,10:00,-1012.0,50,30.0,-20.24
±3,2.0,3.0,10:00,-1012.0,50,30.0,-20.24
±3,3.25,4.25,10:00,-1012.0,50,30.0,-20.24
±3,1.0,3.5,10:00,-1012.0,50,30.0,-20.24
±3,1.0,3.25,10:00,-1012.0,50,30.0,-20.24
±3,1.0,3.0,10:00,-1012.0,50,30.0,-20.24
±3,3.0,4.75,10:00,-1012.0,50,30.0,-20.24
±3,1.25,1.5,10:00,-1012.0,50,30.0,-20.24
±3,2.0,4.25,10:00,-1012.0,50,30.0,-20.24
±3,1.25,1.25,10:00,-1012.0,50,30.0,-20.24
±3,1.75,5.0,10:00,-1012.0,50,30.0,-20.24
±3,1.75,4.75,10:00,-1012.0,50,30.0,-20.24
±3,4.25,4.75,10:00,-1012.0,50,30.0,-20.24
±3,3.75,5.0,10:00,-1012.0,50,30.0,-20.24
±3,2.75,2.25,10:00,-1012.0,50,30.0,-20.24
±3,1.25,3.75,10:00,-1012.0,50,30.0,-20.24
±3,4.25,4.5,10:00,-1012.0,50,30.0,-20.24
±3,3.5,4.5,10:00,-1012.0,50,30.0,-20.24
±3,4.25,4.25,10:00,-1012.0,50,30.0,-20.24
±3,1.5,3.5,10:00,-1012.0,50,30.0,-20.24
±3,4.75,1.5,10:00,-1012.0,50,30.0,-20.24
±3,4.75,1.25,10:00,-1012.0,50,30.0,-20.24
±3,1.5,4.0,10:00,-1012.0,50,30.0,-20.24
±3,1.75,4.5,10:00,-1012.0,50,30.0,-20.24
±3,3.25,4.0,10:00,-1012.0,50,30.0,-20.24
±3,1.5,3.75,10:00,-1012.0,50,30.0,-20.24
±3,3.75,4.75,10:00,-1012.0,50,30.0,-20.24
±3,2.5,1.25,10:00,-1012.0,50,30.0,-20.24
±3,2.0,4.0,10:00,-1012.0,50,30.0,-20.24
±3,1.5,1.25,10:00,-1012.0,50,30.0,-20.24
±3,2.0,3.75,10:00,-1012.0,50,30.0,-20.24
±3,1.5,2.75,10:00,-1012.0,50,30.0,-20.24
±3,4.5,1.25,10:00,-1012.0,50,30.0,-20.24
±3,3.25,4.5,10:00,-1012.0,50,30.0,-20.24
±3,4.25,1.25,10:00,-1012.0,50,30.0,-20.24
±3,1.5,2.25,10:00,-1012.0,50,30.0,-20.24
±3,3.5,4.75,10:00,-1012.0,50,30.0,-20.24
±3,3.5,2.25,10:00,-1012.0,50,30.0,-20.24
±3,2.75,2.75,10:00,-1012.0,50,30.0,-20.24
±3,2.75,2.5,10:00,-1012.0,50,30.0,-20.24
±3,2.5,2.25,10:00,-1012.0,50,30.0,-20.24
±3,2.5,2.0,10:00,-1012.0,50,30.0,-20.24
±3,2.5,3.0,10:00,-1012.0,50,30.0,-20.24
±3,3.75,4.25,10:00,-1012.0,50,30.0,-20.24
±3,3.5,1.5,10:00,-1012.0,50,30.0,-20.24
±3,3.5,1.75,10:00,-1012.0,50,30.0,-20.24
±3,2.5,1.75,10:00,-1012.0,50,30.0,-20.24
±3,2.5,1.5,10:00,-1012.0,50,30.0,-20.24
±3,1.25,2.5,10:00,-1012.0,50,30.0,-20.24
±3,3.75,4.0,10:00,-1012.0,50,30.0,-20.24
±3,3.75,3.75,10:00,-1012.0,50,30.0,-20.24
±3,2.0,3.25,10:00,-1012.0,50,30.0,-20.24
±3,1.25,2.25,10:00,-1012.0,50,30.0,-20.24
±3,3.5,1.25,10:00,-1012.0,50,30.0,-20.24
±3,1.75,4.25,10:00,-1012.0,50,30.0,-20.24
±3,2.0,2.5,10:00,-1012.0,50,30.0,-20.24
±3,4.75,2.25,10:00,-1012.0,50,30.0,-20.24
±3,4.75,2.0,10:00,-1012.0,50,30.0,-20.24
±3,4.75,1.75,10:00,-1012.0,50,30.0,-20.24
±3,3.75,4.5,10:00,-1012.0,50,30.0,-20.24
±3,2.5,2.75,10:00,-1012.0,50,30.0,-20.24
±3,2.5,2.5,10:00,-1012.0,50,30.0,-20.24
±3,2.0,2.25,10:00,-1012.0,50,30.0,-20.24
±3,2.75,2.0,10:00,-1012.0,50,30.0,-20.24
±3,2.75,1.75,10:00,-1012.0,50,30.0,-20.24
±3,1.5,4.5,10:00,-1012.0,50,30.0,-20.24
±3,1.5,4.25,10:00,-1012.0,50,30.0,-20.24
±3,1.75,4.0,10:00,-1012.0,50,30.0,-20.24
±3,3.5,2.75,10:00,-1012.0,50,30.0,-20.24
±3,1.0,4.0,10:00,-1012.0,50,30.0,-20.24
±3,1.0,3.75,10:00,-1012.0,50,30.0,-20.24
±3,3.25,3.75,10:00,-1012.0,50,30.0,-20.24
±3,3.25,1.25,10:00,-1012.0,50,30.0,-20.24
±3,3.5,2.5,10:00,-1012.0,50,30.0,-20.24
±3,2.25,2.5,10:00,-1012.0,50,30.0,-20.24
±3,2.25,2.25,10:00,-1012.0,50,30.0,-20.24
±3,3.75,3.25,10:00,-1012.0,50,30.0,-20.24
±3,2.5,3.75,10:00,-1012.0,50,30.0,-20.24
±3,1.5,2.5,10:00,-1012.0,50,30.0,-20.24
±3,4.25,1.5,10:00,-1012.0,50,30.0,-20.24
±3,2.5,3.5,10:00,-1012.0,50,30.0,-20.24
±3,2.5,3.25,10:00,-1012.0,50,30.0,-20.24
±3,1.0,1.5,10:00,-1012.0,50,30.0,-20.24
±3,1.0,1.25,10:00,-1012.0,50,30.0,-20.24
±3,3.0,2.0,10:00,-1012.0,50,30.0,-20.24
±3,3.75,3.0,10:00,-1012.0,50,30.0,-20.24
±3,3.75,2.75,10:00,-1012.0,50,30.0,-20.24
±3,2.5,4.25,10:00,-1012.0,50,30.0,-20.24
±3,2.5,4.0,10:00,-1012.0,50,30.0,-20.24
±3,2.75,1.25,10:00,-1012.0,50,30.0,-20.24
±3,3.0,1.75,10:00,-1012.0,50,30.0,-20.24
±3,2.25,3.5,10:00,-1012.0,50,30.0,-20.24
±3,2.25,3.0,10:00,-1012.0,50,30.0,-20.24
±3,3.5,5.0,10:00,-1012.0,50,30.0,-20.24
±3,2.25,2.75,10:00,-1012.0,50,30.0,-20.24
±3,1.25,4.0,10:00,-1012.0,50,30.0,-20.24
±3,2.0,3.5,10:00,-1012.0,50,30.0,-20.24
±3,4.75,3.0,10:00,-1012.0,50,30.0,-20.24
±3,4.75,2.75,10:00,-1012.0,50,30.0,-20.24
±3,4.75,2.5,10:00,-1012.0,50,30.0,-20.24
±3,1.75,3.75,10:00,-1012.0,50,30.0,-20.24
±3,1.75,3.5,10:00,-1012.0,50,30.0,-20.24
±3,1.75,3.25,10:00,-1012.0,50,30.0,-20.24
±3,1.75,3.0,10:00,-1012.0,50,30.0,-20.24
±3,4.75,4.0,10:00,-1012.0,50,30.0,-20.24
±3,4.75,3.75,10:00,-1012.0,50,30.0,-20.24
±3,4.75,3.5,10:00,-1012.0,50,30.0,-20.24
±3,4.75,3.25,10:00,-1012.0,50,30.0,-20.24
±3,3.0,1.25,10:00,-1012.0,50,30.0,-20.24
±3,4.0,3.75,10:00,-1012.0,50,30.0,-20.24
±3,3.75,2.5,10:00,-1012.0,50,30.0,-20.24
±3,4.0,3.5,10:00,-1012.0,50,30.0,-20.24
±3,1.0,4.75,10:00,-1012.0,50,30.0,-20.24
±3,1.0,4.5,10:00,-1012.0,50,30.0,-20.24
±3,1.0,4.25,10:00,-1012.0,50,30.0,-20.24
±3,1.75,2.75,10:00,-1012.0,50,30.0,-20.24
±3,2.25,3.25,10:00,-1012.0,50,30.0,-20.24
±3,4.0,4.75,10:00,-1012.0,50,30.0,-20.24
±3,1.25,4.5,10:00,-1012.0,50,30.0,-20.24
±3,4.0,4.5,10:00,-1012.0,50,30.0,-20.24
±3,4.0,4.25,10:00,-1012.0,50,30.0,-20.24
±3,2.25,3.75,10:00,-1012.0,50,30.0,-20.24
±3,1.25,4.25,10:00,-1012.0,50,30.0,-20.24
±3,2.75,1.5,10:00,-1012.0,50,30.0,-20.24
±3,4.75,4.75,10:00,-1012.0,50,30.0,-20.24
±3,4.0,5.0,10:00,-1012.0,50,30.0,-20.24
±3,1.75,2.5,10:00,-1012.0,50,30.0,-20.24
±3,1.75,2.25,10:00,-1012.0,50,30.0,-20.24
±3,4.5,1.5,10:00,-1012.0,50,30.0,-20.24
±3,4.75,5.0,10:00,-1012.0,50,30.0,-20.24
±3,2.0,1.25,10:00,-1012.0,50,30.0,-20.24
±3,3.5,3.0,10:00,-1012.0,50,30.0,-20.24
±3,2.0,2.0,10:00,-1012.0,50,30.0,-20.24
±3,2.5,4.5,10:00,-1012.0,50,30.0,-20.24
±3,2.0,2.75,10:00,-1012.0,50,30.0,-20.24
±3,3.75,2.25,10:00,-1012.0,50,30.0,-20.24
±3,3.75,2.0,10:00,-1012.0,50,30.0,-20.24
±3,3.75,1.75,10:00,-1012.0,50,30.0,-20.24
±3,4.5,2.25,10:00,-1012.0,50,30.0,-20.24
±3,3.25,3.25,10:00,-1012.0,50,30.0,-20.24
±3,3.25,3.0,10:00,-1012.0,50,30.0,-20.24
±3,1.0,5.0,10:00,-1012.0,50,30.0,-20.24
±3,3.25,2.75,10:00,-1012.0,50,30.0,-20.24
±3,3.25,2.5,10:00,-1012.0,50,30.0,-20.24
±3,3.25,3.5,10:00,-1012.0,50,30.0,-20.24
±3,4.5,2.0,10:00,-1012.0,50,30.0,-20.24
±3,1.75,2.0,10:00,-1012.0,50,30.0,-20.24
±3,3.75,1.5,10:00,-1012.0,50,30.0,-20.24
±3,4.5,1.75,10:00,-1012.0,50,30.0,-20.24
±3,1.5,2.0,10:00,-1012.0,50,30.0,-20.24
±3,4.0,4.0,10:00,-1012.0,50,30.0,-20.24
±3,2.5,5.0,10:00,-1012.0,50,30.0,-20.24
±3,2.5,4.75,10:00,-1012.0,50,30.0,-20.24
±3,4.0,3.25,10:00,-1012.0,50,30.0,-20.24
±3,4.75,4.5,10:00,-1012.0,50,30.0,-20.24
±3,4.75,4.25,10:00,-1012.0,50,30.0,-20.24
±3,2.25,5.0,10:00,-1012.0,50,30.0,-20.24
±3,1.75,1.25,10:00,-1012.0,50,30.0,-20.24
±3,5.0,4.75,10:00,-1012.0,50,30.0,-20.24
±3,2.25,4.75,10:00,-1012.0,50,30.0,-20.24
±3,2.25,4.5,10:00,-1012.0,50,30.0,-20.24
±3,2.25,4.25,10:00,-1012.0,50,30.0,-20.24
±3,5.0,3.0,10:00,-1012.0,50,30.0,-20.24
±3,2.25,4.0,10:00,-1012.0,50,30.0,-20.24
±3,4.0,3.0,10:00,-1012.0,50,30.0,-20.24
±3,4.0,2.75,10:00,-1012.0,50,30.0,-20.24
±3,2.75,5.0,10:00,-1012.0,50,30.0,-20.24
±3,3.75,1.25,10:00,-1012.0,50,30.0,-20.24
±3,1.75,1.5,10:00,-1012.0,50,30.0,-20.24
±3,5.0,3.75,10:00,-1012.0,50,30.0,-20.24
±3,2.75,4.75,10:00,-1012.0,50,30.0,-20.24
±3,5.0,3.5,10:00,-1012.0,50,30.0,-20.24
±3,5.0,2.25,10:00,-1012.0,50,30.0,-20.24
±3,5.0,5.0,10:00,-1012.0,50,30.0,-20.24
±3,1.75,1.75,10:00,-1012.0,50,30.0,-20.24
±3,1.25,2.75,10:00,-1012.0,50,30.0,-20.24
±3,5.0,2.5,10:00,-1012.0,50,30.0,-20.24
±3,2.75,4.5,10:00,-1012.0,50,30.0,-20.24
±3,4.5,2.75,10:00,-1012.0,50,30.0,-20.24
±3,4.5,2.5,10:00,-1012.0,50,30.0,-20.24
±3,5.0,4.25,10:00,-1012.0,50,30.0,-20.24
±3,5.0,4.0,10:00,-1012.0,50,30.0,-20.24
±3,5.0,3.25,10:00,-1012.0,50,30.0,-20.24
±3,3.0,1.5,10:00,-1012.0,50,30.0,-20.24
±3,3.0,2.5,10:00,-1012.0,50,30.0,-20.24
±3,3.25,2.25,10:00,-1012.0,50,30.0,-20.24
±3,3.75,3.5,10:00,-1012.0,50,30.0,-20.24
±3,1.25,0.75,10:00,-1016.0,50,30.0,-20.32
±3,2.25,0.75,10:00,-1016.0,50,30.0,-20.32
±3,2.75,0.75,10:00,-1016.0,50,30.0,-20.32
±3,1.5,0.75,10:00,-1016.0,50,30.0,-20.32
±3,3.75,0.75,10:00,-1016.0,50,30.0,-20.32
±3,3.25,0.75,10:00,-1016.0,50,30.0,-20.32
±3,1.75,0.75,10:00,-1016.0,50,30.0,-20.32
±3,4.0,0.75,10:00,-1016.0,50,30.0,-20.32
±3,2.5,0.75,10:00,-1016.0,50,30.0,-20.32
±3,4.75,0.75,10:00,-1016.0,50,30.0,-20.32
±3,2.0,0.75,10:00,-1016.0,50,30.0,-20.32
±3,1.0,0.75,10:00,-1016.0,50,30.0,-20.32
±3,5.0,0.75,10:00,-1016.0,50,30.0,-20.32
±3,3.0,0.75,10:00,-1016.0,50,30.0,-20.32
±3,4.5,0.75,10:00,-1016.0,50,30.0,-20.32
±3,3.5,0.75,10:00,-1016.0,50,30.0,-20.32
±3,4.25,0.75,10:00,-1016.0,50,30.0,-20.32
±3,0.5,4.25,10:30,-1019.0,50,36.0,-20.38
±3,0.5,5.0,10:30,-1019.0,50,36.0,-20.38
±3,0.5,4.75,10:30,-1019.0,50,36.0,-20.38
±3,0.5,3.75,10:30,-1019.0,50,36.0,-20.38
±3,0.5,4.0,10:30,-1019.0,50,36.0,-20.38
±3,0.5,3.0,10:30,-1019.0,50,36.0,-20.38
±3,0.5,4.5,10:30,-1019.0,50,36.0,-20.38
±3,0.5,1.75,10:30,-1019.0,50,36.0,-20.38
±3,0.5,1.5,10:30,-1019.0,50,36.0,-20.38
±3,0.5,3.5,10:30,-1019.0,50,36.0,-20.38
±3,0.5,3.25,10:30,-1019.0,50,36.0,-20.38
±3,0.5,2.75,10:30,-1019.0,50,36.0,-20.38
±3,0.5,2.5,10:30,-1019.0,50,36.0,-20.38
±3,0.5,2.0,10:30,-1019.0,50,36.0,-20.38
±3,0.5,2.25,10:30,-1019.0,50,36.0,-20.38
±3,3.75,0.5,14:00,-1024.0,50,36.0,-20.48
±3,3.5,0.5,14:00,-1024.0,50,36.0,-20.48
±3,3.25,0.5,14:00,-1024.0,50,36.0,-20.48
±3,4.75,0.5,14:00,-1024.0,50,36.0,-20.48
±3,2.0,0.5,14:00,-1024.0,50,36.0,-20.48
±3,2.5,0.5,14:00,-1024.0,50,36.0,-20.48
±3,4.0,0.5,14:00,-1024.0,50,36.0,-20.48
±3,5.0,0.5,14:00,-1024.0,50,36.0,-20.48
±3,2.75,0.5,14:00,-1024.0,50,36.0,-20.48
±3,2.25,0.5,14:00,-1024.0,50,36.0,-20.48
±3,4.5,0.5,14:00,-1024.0,50,36.0,-20.48
±3,3.0,0.5,14:00,-1024.0,50,36.0,-20.48
±3,4.25,0.5,14:00,-1024.0,50,36.0,-20.48
±3,4.25,1.25,11:00,-1025.0,50,34.0,-20.5
±3,2.25,1.25,11:00,-1025.0,50,34.0,-20.5
±3,4.5,1.25,11:00,-1025.0,50,34.0,-20.5
±3,3.0,1.25,11:00,-1025.0,50,34.0,-20.5
±3,2.5,1.25,11:00,-1025.0,50,34.0,-20.5
±3,4.0,1.25,11:00,-1025.0,50,34.0,-20.5
±3,3.75,1.25,11:00,-1025.0,50,34.0,-20.5
±3,3.5,1.25,11:00,-1025.0,50,34.0,-20.5
±3,4.75,1.25,11:00,-1025.0,50,34.0,-20.5
±3,2.0,1.25,11:00,-1025.0,50,34.0,-20.5
±3,3.25,1.25,11:00,-1025.0,50,34.0,-20.5
±3,2.75,1.25,11:00,-1025.0,50,34.0,-20.5
±3,5.0,1.25,11:00,-1025.0,50,34.0,-20.5
±2,0.75,0.5,14:00,-1026.0,50,46.0,-20.52
±2,1.0,0.75,13:30,-1028.0,50,50.0,-20.56
±3,0.75,0.75,13:00,-1030.0,50,44.0,-20.6
±3,1.5,1.5,13:00,-1036.0,50,30.0,-20.72
±3,1.25,1.5,15:00,-1037.0,50,36.0,-20.74
±3,1.75,4.5,11:00,-1041.0,50,34.0,-20.82
±3,1.75,5.0,11:00,-1041.0,50,34.0,-20.82
±3,1.75,4.0,11:00,-1041.0,50,34.0,-20.82
±3,1.75,4.75,11:00,-1041.0,50,34.0,-20.82
±3,1.75,2.75,11:00,-1041.0,50,34.0,-20.82
±3,1.75,2.25,11:00,-1041.0,50,34.0,-20.82
±3,1.75,3.25,11:00,-1041.0,50,34.0,-20.82
±3,1.75,3.0,11:00,-1041.0,50,34.0,-20.82
±3,1.75,3.5,11:00,-1041.0,50,34.0,-20.82
±3,1.75,3.75,11:00,-1041.0,50,34.0,-20.82
±3,1.75,4.25,11:00,-1041.0,50,34.0,-20.82
±3,1.75,2.0,11:00,-1041.0,50,34.0,-20.82
±3,1.5,4.5,11:00,-1041.0,50,34.0,-20.82
±3,1.5,5.0,11:00,-1041.0,50,34.0,-20.82
±3,1.5,4.75,11:00,-1041.0,50,34.0,-20.82
±3,1.5,3.0,11:00,-1041.0,50,34.0,-20.82
±3,1.5,4.25,11:00,-1041.0,50,34.0,-20.82
±3,1.5,4.0,11:00,-1041.0,50,34.0,-20.82
±3,1.5,3.75,11:00,-1041.0,50,34.0,-20.82
±3,1.5,3.5,11:00,-1041.0,50,34.0,-20.82
±3,1.5,2.25,11:00,-1041.0,50,34.0,-20.82
±3,1.5,2.75,11:00,-1041.0,50,34.0,-20.82
±3,1.5,3.25,11:00,-1041.0,50,34.0,-20.82
±3,1.5,2.5,11:00,-1041.0,50,34.0,-20.82
±3,1.5,1.75,11:00,-1041.0,50,34.0,-20.82
±3,1.5,2.0,11:00,-1041.0,50,34.0,-20.82
±3,1.75,2.5,11:00,-1041.0,50,34.0,-20.82
±3,1.75,1.75,11:00,-1041.0,50,34.0,-20.82
±3,1.75,0.5,14:30,-1043.0,50,36.0,-20.86
±2,1.0,1.0,15:00,-1043.0,50,46.0,-20.86
±3,2.75,1.0,11:00,-1045.0,50,36.0,-20.9
±3,3.25,1.0,11:00,-1045.0,50,36.0,-20.9
±3,4.75,1.0,11:00,-1045.0,50,36.0,-20.9
±3,4.0,1.0,11:00,-1045.0,50,36.0,-20.9
±3,3.75,1.0,11:00,-1045.0,50,36.0,-20.9
±3,0.75,1.0,10:30,-1045.0,50,34.0,-20.9
±3,2.25,1.0,11:00,-1045.0,50,36.0,-20.9
±3,4.25,1.0,11:00,-1045.0,50,36.0,-20.9
±3,3.0,1.0,11:00,-1045.0,50,36.0,-20.9
±3,3.5,1.0,11:00,-1045.0,50,36.0,-20.9
±3,4.5,1.0,11:00,-1045.0,50,36.0,-20.9
±3,2.5,1.0,11:00,-1045.0,50,36.0,-20.9
±3,2.0,1.0,11:00,-1045.0,50,36.0,-20.9
±3,5.0,1.0,11:00,-1045.0,50,36.0,-20.9
±2,1.75,1.25,14:00,-1047.0,50,44.0,-20.94
±3,4.75,1.25,13:30,-1048.0,50,40.0,-20.96
±3,2.0,1.25,13:30,-1048.0,50,40.0,-20.96
±3,3.25,1.25,13:30,-1048.0,50,40.0,-20.96
±3,2.75,1.25,13:30,-1048.0,50,40.0,-20.96
±3,3.75,1.25,13:30,-1048.0,50,40.0,-20.96
±3,4.0,1.25,13:30,-1048.0,50,40.0,-20.96
±3,3.0,1.25,13:30,-1048.0,50,40.0,-20.96
±3,3.5,1.25,13:30,-1048.0,50,40.0,-20.96
±3,2.25,1.25,13:30,-1048.0,50,40.0,-20.96
±3,4.25,1.25,13:30,-1048.0,50,40.0,-20.96
±3,2.5,1.25,13:30,-1048.0,50,40.0,-20.96
±3,4.5,1.25,13:30,-1048.0,50,40.0,-20.96
±3,5.0,1.25,13:30,-1048.0,50,40.0,-20.96
±2,1.25,0.5,14:30,-1053.0,50,42.0,-21.06
±2,1.75,0.75,14:00,-1053.0,50,50.0,-21.06
±3,1.5,0.5,14:30,-1054.0,50,36.0,-21.08
±2,0.75,1.0,10:00,-1056.0,50,34.0,-21.12
±3,1.75,0.5,12:00,-1058.0,50,32.0,-21.16
±3,1.5,0.5,12:00,-1058.0,50,32.0,-21.16
±2,1.25,0.5,12:00,-1059.0,50,34.0,-21.18
±3,1.25,1.5,14:00,-1061.0,50,38.0,-21.22
±3,0.75,0.75,12:30,-1062.0,50,42.0,-21.24
±2,1.0,1.0,13:30,-1065.0,50,46.0,-21.3
±3,1.75,1.0,14:30,-1071.0,50,38.0,-21.42
±3,1.75,1.5,14:00,-1072.0,50,34.0,-21.44
±2,2.0,1.25,13:30,-1072.0,50,40.0,-21.44
±2,2.5,1.25,13:30,-1072.0,50,40.0,-21.44
±2,4.75,1.25,13:30,-1072.0,50,40.0,-21.44
±2,3.5,1.25,13:30,-1072.0,50,40.0,-21.44
±2,4.5,1.25,13:30,-1072.0,50,40.0,-21.44
±2,5.0,1.25,13:30,-1072.0,50,40.0,-21.44
±2,3.75,1.25,13:30,-1072.0,50,40.0,-21.44
±2,4.25,1.25,13:30,-1072.0,50,40.0,-21.44
±2,3.0,1.25,13:30,-1072.0,50,40.0,-21.44
±2,2.75,1.25,13:30,-1072.0,50,40.0,-21.44
±2,4.0,1.25,13:30,-1072.0,50,40.0,-21.44
±2,2.25,1.25,13:30,-1072.0,50,40.0,-21.44
±2,3.25,1.25,13:30,-1072.0,50,40.0,-21.44
±3,0.75,0.5,13:00,-1073.0,50,36.0,-21.46
±3,0.75,1.25,10:30,-1073.0,50,32.0,-21.46
±2,0.75,0.75,10:00,-1073.0,50,32.0,-21.46
±2,0.75,5.0,10:00,-1074.0,50,34.0,-21.48
±2,0.75,4.25,10:00,-1074.0,50,34.0,-21.48
±2,0.75,1.25,10:00,-1074.0,50,34.0,-21.48
±2,0.75,1.75,10:00,-1074.0,50,34.0,-21.48
±2,0.75,2.25,10:00,-1074.0,50,34.0,-21.48
±2,0.75,1.5,10:00,-1074.0,50,34.0,-21.48
±2,0.75,2.5,10:00,-1074.0,50,34.0,-21.48
±2,0.75,3.75,10:00,-1074.0,50,34.0,-21.48
±2,0.75,4.5,10:00,-1074.0,50,34.0,-21.48
±2,0.75,4.75,10:00,-1074.0,50,34.0,-21.48
±2,0.75,4.0,10:00,-1074.0,50,34.0,-21.48
±2,0.75,3.5,10:00,-1074.0,50,34.0,-21.48
±2,0.75,3.25,10:00,-1074.0,50,34.0,-21.48
±2,0.75,3.0,10:00,-1074.0,50,34.0,-21.48
±2,0.75,2.75,10:00,-1074.0,50,34.0,-21.48
±2,0.75,2.0,10:00,-1074.0,50,34.0,-21.48
±3,2.25,1.0,15:00,-1076.0,50,40.0,-21.52
±3,3.75,1.0,15:00,-1076.0,50,40.0,-21.52
±3,5.0,1.0,15:00,-1076.0,50,40.0,-21.52
±3,4.25,1.0,15:00,-1076.0,50,40.0,-21.52
±3,2.5,1.0,15:00,-1076.0,50,40.0,-21.52
±3,2.0,1.0,15:00,-1076.0,50,40.0,-21.52
±3,3.25,1.0,15:00,-1076.0,50,40.0,-21.52
±3,2.75,1.0,15:00,-1076.0,50,40.0,-21.52
±3,3.5,1.0,15:00,-1076.0,50,40.0,-21.52
±3,4.75,1.0,15:00,-1076.0,50,40.0,-21.52
±3,3.0,1.0,15:00,-1076.0,50,40.0,-21.52
±3,4.0,1.0,15:00,-1076.0,50,40.0,-21.52
±3,4.5,1.0,15:00,-1076.0,50,40.0,-21.52
±3,0.75,1.25,13:30,-1077.0,50,40.0,-21.54
±3,3.5,3.25,10:30,-1079.0,50,36.0,-21.58
±3,1.75,2.5,10:30,-1079.0,50,36.0,-21.58
±3,5.0,1.5,10:30,-1079.0,50,36.0,-21.58
±3,5.0,3.75,10:30,-1079.0,50,36.0,-21.58
±3,5.0,3.5,10:30,-1079.0,50,36.0,-21.58
±3,5.0,3.25,10:30,-1079.0,50,36.0,-21.58
±3,5.0,2.0,10:30,-1079.0,50,36.0,-21.58
±3,5.0,1.75,10:30,-1079.0,50,36.0,-21.58
±3,5.0,2.75,10:30,-1079.0,50,36.0,-21.58
±3,4.75,4.5,10:30,-1079.0,50,36.0,-21.58
±3,1.5,2.25,10:30,-1079.0,50,36.0,-21.58
±3,4.25,1.5,10:30,-1079.0,50,36.0,-21.58
±3,3.5,2.25,10:30,-1079.0,50,36.0,-21.58
±3,4.0,2.75,10:30,-1079.0,50,36.0,-21.58
±3,2.75,5.0,10:30,-1079.0,50,36.0,-21.58
±3,2.75,4.75,10:30,-1079.0,50,36.0,-21.58
±3,1.25,2.75,10:30,-1079.0,50,36.0,-21.58
±3,3.5,3.0,10:30,-1079.0,50,36.0,-21.58
±3,3.5,2.75,10:30,-1079.0,50,36.0,-21.58
±3,1.5,2.0,10:30,-1079.0,50,36.0,-21.58
±3,4.0,4.0,10:30,-1079.0,50,36.0,-21.58
±3,4.0,3.75,10:30,-1079.0,50,36.0,-21.58
±3,4.0,3.5,10:30,-1079.0,50,36.0,-21.58
±3,2.25,4.25,10:30,-1079.0,50,36.0,-21.58
±3,2.25,3.25,10:30,-1079.0,50,36.0,-21.58
±3,2.25,3.75,10:30,-1079.0,50,36.0,-21.58
±3,4.25,3.0,10:30,-1079.0,50,36.0,-21.58
±3,4.25,2.75,10:30,-1079.0,50,36.0,-21.58
±3,4.25,2.5,10:30,-1079.0,50,36.0,-21.58
±3,1.5,2.75,10:30,-1079.0,50,36.0,-21.58
±3,1.0,0.75,12:30,-1079.0,50,44.0,-21.58
±3,4.0,4.5,10:30,-1079.0,50,36.0,-21.58
±3,4.0,4.25,10:30,-1079.0,50,36.0,-21.58
±3,4.0,5.0,10:30,-1079.0,50,36.0,-21.58
±3,2.25,3.5,10:30,-1079.0,50,36.0,-21.58
±3,2.25,3.0,10:30,-1079.0,50,36.0,-21.58
±3,2.25,2.75,10:30,-1079.0,50,36.0,-21.58
±3,3.5,2.5,10:30,-1079.0,50,36.0,-21.58
±3,2.25,2.25,10:30,-1079.0,50,36.0,-21.58
±3,1.5,2.5,10:30,-1079.0,50,36.0,-21.58
±3,2.0,4.75,10:30,-1079.0,50,36.0,-21.58
±3,4.25,4.0,10:30,-1079.0,50,36.0,-21.58
±3,1.5,3.25,10:30,-1079.0,50,36.0,-21.58
±3,3.5,2.0,10:30,-1079.0,50,36.0,-21.58
±3,3.5,1.75,10:30,-1079.0,50,36.0,-21.58
±3,2.0,4.5,10:30,-1079.0,50,36.0,-21.58
±3,2.0,4.25,10:30,-1079.0,50,36.0,-21.58
±3,2.0,4.0,10:30,-1079.0,50,36.0,-21.58
±3,4.25,4.75,10:30,-1079.0,50,36.0,-21.58
±3,2.25,2.0,10:30,-1079.0,50,36.0,-21.58
±3,2.25,1.75,10:30,-1079.0,50,36.0,-21.58
±3,2.25,1.5,10:30,-1079.0,50,36.0,-21.58
±3,2.25,2.5,10:30,-1079.0,50,36.0,-21.58
±3,4.25,2.25,10:30,-1079.0,50,36.0,-21.58
±3,4.25,2.0,10:30,-1079.0,50,36.0,-21.58
±3,4.25,1.75,10:30,-1079.0,50,36.0,-21.58
±3,3.75,4.75,10:30,-1079.0,50,36.0,-21.58
±3,2.5,2.25,10:30,-1079.0,50,36.0,-21.58
±3,4.25,5.0,10:30,-1079.0,50,36.0,-21.58
±3,1.5,4.0,10:30,-1079.0,50,36.0,-21.58
±3,1.5,3.75,10:30,-1079.0,50,36.0,-21.58
±3,2.0,3.75,10:30,-1079.0,50,36.0,-21.58
±3,1.25,2.5,10:30,-1079.0,50,36.0,-21.58
±3,3.5,1.5,10:30,-1079.0,50,36.0,-21.58
±3,2.5,3.75,10:30,-1079.0,50,36.0,-21.58
±3,2.5,3.5,10:30,-1079.0,50,36.0,-21.58
±3,3.75,4.0,10:30,-1079.0,50,36.0,-21.58
±3,4.25,3.75,10:30,-1079.0,50,36.0,-21.58
±3,4.25,3.5,10:30,-1079.0,50,36.0,-21.58
±3,4.25,3.25,10:30,-1079.0,50,36.0,-21.58
±3,1.5,3.0,10:30,-1079.0,50,36.0,-21.58
±3,4.25,4.25,10:30,-1079.0,50,36.0,-21.58
±3,1.5,3.5,10:30,-1079.0,50,36.0,-21.58
±3,2.0,5.0,10:30,-1079.0,50,36.0,-21.58
±3,2.75,4.5,10:30,-1079.0,50,36.0,-21.58
±3,4.0,2.5,10:30,-1079.0,50,36.0,-21.58
±3,4.0,2.25,10:30,-1079.0,50,36.0,-21.58
±3,4.0,2.0,10:30,-1079.0,50,36.0,-21.58
±3,4.0,3.25,10:30,-1079.0,50,36.0,-21.58
±3,2.25,5.0,10:30,-1079.0,50,36.0,-21.58
±3,2.25,4.75,10:30,-1079.0,50,36.0,-21.58
±3,2.25,4.5,10:30,-1079.0,50,36.0,-21.58
±3,2.25,4.0,10:30,-1079.0,50,36.0,-21.58
±3,4.0,3.0,10:30,-1079.0,50,36.0,-21.58
±3,2.5,1.5,10:30,-1079.0,50,36.0,-21.58
±3,3.75,3.75,10:30,-1079.0,50,36.0,-21.58
±3,3.75,3.5,10:30,-1079.0,50,36.0,-21.58
±3,3.75,4.5,10:30,-1079.0,50,36.0,-21.58
±3,2.5,2.75,10:30,-1079.0,50,36.0,-21.58
±3,2.5,2.5,10:30,-1079.0,50,36.0,-21.58
±3,2.75,2.0,10:30,-1079.0,50,36.0,-21.58
±3,2.75,1.75,10:30,-1079.0,50,36.0,-21.58
±3,3.5,4.75,10:30,-1079.0,50,36.0,-21.58
±3,2.75,2.75,10:30,-1079.0,50,36.0,-21.58
±3,2.75,2.5,10:30,-1079.0,50,36.0,-21.58
±3,2.5,2.0,10:30,-1079.0,50,36.0,-21.58
±3,2.5,1.75,10:30,-1079.0,50,36.0,-21.58
±3,2.5,3.0,10:30,-1079.0,50,36.0,-21.58
±3,2.0,3.25,10:30,-1079.0,50,36.0,-21.58
±3,2.0,3.0,10:30,-1079.0,50,36.0,-21.58
±3,4.25,4.5,10:30,-1079.0,50,36.0,-21.58
±3,4.5,2.5,10:30,-1079.0,50,36.0,-21.58
±3,1.5,4.5,10:30,-1079.0,50,36.0,-21.58
±3,1.25,3.0,10:30,-1079.0,50,36.0,-21.58
±3,2.0,3.5,10:30,-1079.0,50,36.0,-21.58
±3,1.25,5.0,10:30,-1079.0,50,36.0,-21.58
±3,1.25,2.25,10:30,-1079.0,50,36.0,-21.58
±3,5.0,2.5,10:30,-1079.0,50,36.0,-21.58
±3,2.0,2.25,10:30,-1079.0,50,36.0,-21.58
±3,1.5,4.25,10:30,-1079.0,50,36.0,-21.58
±3,4.75,2.75,10:30,-1079.0,50,36.0,-21.58
±3,4.5,1.5,10:30,-1079.0,50,36.0,-21.58
±3,3.0,2.0,10:30,-1079.0,50,36.0,-21.58
±3,3.0,2.5,10:30,-1079.0,50,36.0,-21.58
±3,3.0,3.75,10:30,-1079.0,50,36.0,-21.58
±3,3.0,3.5,10:30,-1079.0,50,36.0,-21.58
±3,3.0,3.25,10:30,-1079.0,50,36.0,-21.58
±3,1.25,1.75,10:30,-1079.0,50,36.0,-21.58
±3,3.0,1.75,10:30,-1079.0,50,36.0,-21.58
±3,3.0,1.5,10:30,-1079.0,50,36.0,-21.58
±3,2.0,2.0,10:30,-1079.0,50,36.0,-21.58
±3,2.0,2.75,10:30,-1079.0,50,36.0,-21.58
±3,1.25,4.75,10:30,-1079.0,50,36.0,-21.58
±3,4.5,2.25,10:30,-1079.0,50,36.0,-21.58
±3,4.5,2.0,10:30,-1079.0,50,36.0,-21.58
±3,4.5,1.75,10:30,-1079.0,50,36.0,-21.58
±3,2.0,2.5,10:30,-1079.0,50,36.0,-21.58
±3,4.5,2.75,10:30,-1079.0,50,36.0,-21.58
±3,5.0,4.5,10:30,-1079.0,50,36.0,-21.58
±3,3.25,4.75,10:30,-1079.0,50,36.0,-21.58
±3,3.0,4.5,10:30,-1079.0,50,36.0,-21.58
±3,3.0,4.25,10:30,-1079.0,50,36.0,-21.58
±3,3.0,4.0,10:30,-1079.0,50,36.0,-21.58
±3,4.5,4.75,10:30,-1079.0,50,36.0,-21.58
±3,3.0,2.25,10:30,-1079.0,50,36.0,-21.58
±3,1.25,2.0,10:30,-1079.0,50,36.0,-21.58
±3,3.0,3.0,10:30,-1079.0,50,36.0,-21.58
±3,2.0,1.5,10:30,-1079.0,50,36.0,-21.58
±3,1.5,5.0,10:30,-1079.0,50,36.0,-21.58
±3,1.5,4.75,10:30,-1079.0,50,36.0,-21.58
±3,1.75,1.75,10:30,-1079.0,50,36.0,-21.58
±3,1.75,1.5,10:30,-1079.0,50,36.0,-21.58
±3,4.5,3.25,10:30,-1079.0,50,36.0,-21.58
±3,4.5,3.0,10:30,-1079.0,50,36.0,-21.58
±3,3.0,2.75,10:30,-1079.0,50,36.0,-21.58
±3,4.5,3.5,10:30,-1079.0,50,36.0,-21.58
±3,3.75,5.0,10:30,-1079.0,50,36.0,-21.58
±3,2.75,2.25,10:30,-1079.0,50,36.0,-21.58
±3,1.25,3.75,10:30,-1079.0,50,36.0,-21.58
±3,3.5,4.5,10:30,-1079.0,50,36.0,-21.58
±3,3.5,4.25,10:30,-1079.0,50,36.0,-21.58
±3,1.25,3.5,10:30,-1079.0,50,36.0,-21.58
±3,2.75,3.5,10:30,-1079.0,50,36.0,-21.58
±3,2.75,3.25,10:30,-1079.0,50,36.0,-21.58
±3,1.5,1.5,10:30,-1079.0,50,36.0,-21.58
±3,3.25,1.75,10:30,-1079.0,50,36.0,-21.58
±3,2.75,3.0,10:30,-1079.0,50,36.0,-21.58
±3,3.25,1.5,10:30,-1079.0,50,36.0,-21.58
±3,2.0,1.75,10:30,-1079.0,50,36.0,-21.58
±3,1.25,1.5,10:30,-1079.0,50,36.0,-21.58
±3,3.25,5.0,10:30,-1079.0,50,36.0,-21.58
±3,3.0,4.75,10:30,-1079.0,50,36.0,-21.58
±3,1.75,5.0,10:30,-1079.0,50,36.0,-21.58
±3,1.75,4.75,10:30,-1079.0,50,36.0,-21.58
±3,4.5,4.5,10:30,-1079.0,50,36.0,-21.58
±3,4.5,4.25,10:30,-1079.0,50,36.0,-21.58
±3,3.25,2.75,10:30,-1079.0,50,36.0,-21.58
±3,3.25,2.5,10:30,-1079.0,50,36.0,-21.58
±3,4.5,5.0,10:30,-1079.0,50,36.0,-21.58
±3,3.25,2.0,10:30,-1079.0,50,36.0,-21.58
±3,1.75,2.0,10:30,-1079.0,50,36.0,-21.58
±3,3.25,2.25,10:30,-1079.0,50,36.0,-21.58
±3,3.25,4.5,10:30,-1079.0,50,36.0,-21.58
±3,3.25,4.25,10:30,-1079.0,50,36.0,-21.58
±3,5.0,4.75,10:30,-1079.0,50,36.0,-21.58
±3,4.5,4.0,10:30,-1079.0,50,36.0,-21.58
±3,4.5,3.75,10:30,-1079.0,50,36.0,-21.58
±3,4.75,2.0,10:30,-1079.0,50,36.0,-21.58
±3,4.75,1.75,10:30,-1079.0,50,36.0,-21.58
±3,1.75,4.0,10:30,-1079.0,50,36.0,-21.58
±3,3.25,3.75,10:30,-1079.0,50,36.0,-21.58
±3,3.25,3.5,10:30,-1079.0,50,36.0,-21.58
±3,5.0,5.0,10:30,-1079.0,50,36.0,-21.58
±3,3.75,2.5,10:30,-1079.0,50,36.0,-21.58
±3,2.5,3.25,10:30,-1079.0,50,36.0,-21.58
±3,3.75,3.0,10:30,-1079.0,50,36.0,-21.58
±3,3.75,2.75,10:30,-1079.0,50,36.0,-21.58
±3,2.5,4.25,10:30,-1079.0,50,36.0,-21.58
±3,2.5,4.0,10:30,-1079.0,50,36.0,-21.58
±3,4.75,4.75,10:30,-1079.0,50,36.0,-21.58
±3,1.25,4.0,10:30,-1079.0,50,36.0,-21.58
±3,3.5,5.0,10:30,-1079.0,50,36.0,-21.58
±3,3.75,3.25,10:30,-1079.0,50,36.0,-21.58
±3,1.75,3.25,10:30,-1079.0,50,36.0,-21.58
±3,1.75,3.0,10:30,-1079.0,50,36.0,-21.58
±3,4.75,4.0,10:30,-1079.0,50,36.0,-21.58
±3,4.75,3.75,10:30,-1079.0,50,36.0,-21.58
±3,4.75,3.5,10:30,-1079.0,50,36.0,-21.58
±3,4.75,3.25,10:30,-1079.0,50,36.0,-21.58
±3,3.25,3.25,10:30,-1079.0,50,36.0,-21.58
±3,3.25,3.0,10:30,-1079.0,50,36.0,-21.58
±3,1.75,3.5,10:30,-1079.0,50,36.0,-21.58
±3,4.75,1.5,10:30,-1079.0,50,36.0,-21.58
±3,4.0,4.75,10:30,-1079.0,50,36.0,-21.58
±3,1.75,4.5,10:30,-1079.0,50,36.0,-21.58
±3,3.25,4.0,10:30,-1079.0,50,36.0,-21.58
±3,3.0,5.0,10:30,-1079.0,50,36.0,-21.58
±3,1.75,4.25,10:30,-1079.0,50,36.0,-21.58
±3,4.75,2.25,10:30,-1079.0,50,36.0,-21.58
±3,5.0,2.25,10:30,-1079.0,50,36.0,-21.58
±3,1.75,2.25,10:30,-1079.0,50,36.0,-21.58
±3,4.75,5.0,10:30,-1079.0,50,36.0,-21.58
±3,1.5,1.75,10:30,-1079.0,50,36.0,-21.58
±3,2.75,4.0,10:30,-1079.0,50,36.0,-21.58
±3,2.5,4.5,10:30,-1079.0,50,36.0,-21.58
±3,3.75,2.25,10:30,-1079.0,50,36.0,-21.58
±3,3.75,2.0,10:30,-1079.0,50,36.0,-21.58
±3,3.75,1.75,10:30,-1079.0,50,36.0,-21.58
±3,1.25,4.5,10:30,-1079.0,50,36.0,-21.58
±3,1.25,4.25,10:30,-1079.0,50,36.0,-21.58
±3,2.75,1.5,10:30,-1079.0,50,36.0,-21.58
±3,1.75,2.75,10:30,-1079.0,50,36.0,-21.58
±3,5.0,3.0,10:30,-1079.0,50,36.0,-21.58
±3,5.0,4.0,10:30,-1079.0,50,36.0,-21.58
±3,4.75,3.0,10:30,-1079.0,50,36.0,-21.58
±3,4.75,4.25,10:30,-1079.0,50,36.0,-21.58
±3,4.75,2.5,10:30,-1079.0,50,36.0,-21.58
±3,1.75,3.75,10:30,-1079.0,50,36.0,-21.58
±3,2.75,3.75,10:30,-1079.0,50,36.0,-21.58
±3,4.0,1.75,10:30,-1079.0,50,36.0,-21.58
±3,4.0,1.5,10:30,-1079.0,50,36.0,-21.58
±3,3.5,4.0,10:30,-1079.0,50,36.0,-21.58
±3,3.5,3.75,10:30,-1079.0,50,36.0,-21.58
±3,1.25,3.25,10:30,-1079.0,50,36.0,-21.58
±3,2.75,4.25,10:30,-1079.0,50,36.0,-21.58
±3,3.75,4.25,10:30,-1079.0,50,36.0,-21.58
±3,3.5,3.5,10:30,-1079.0,50,36.0,-21.58
±3,3.75,1.5,10:30,-1079.0,50,36.0,-21.58
±3,2.5,5.0,10:30,-1079.0,50,36.0,-21.58
±3,2.5,4.75,10:30,-1079.0,50,36.0,-21.58
±3,5.0,4.25,10:30,-1079.0,50,36.0,-21.58
±3,1.25,3.5,11:00,-1080.0,50,34.0,-21.6
±3,1.25,3.25,11:00,-1080.0,50,34.0,-21.6
±3,1.25,3.75,11:00,-1080.0,50,34.0,-21.6
±3,1.25,4.5,11:00,-1080.0,50,34.0,-21.6
±3,1.25,4.25,11:00,-1080.0,50,34.0,-21.6
±3,1.25,4.0,11:00,-1080.0,50,34.0,-21.6
±3,0.5,1.0,10:30,-1080.0,50,38.0,-21.6
±3,1.25,1.25,12:30,-1080.0,50,34.0,-21.6
±3,1.25,2.75,11:00,-1080.0,50,34.0,-21.6
±3,1.25,2.5,11:00,-1080.0,50,34.0,-21.6
±3,1.25,2.25,11:00,-1080.0,50,34.0,-21.6
±3,1.25,2.0,11:00,-1080.0,50,34.0,-21.6
±3,1.25,4.75,11:00,-1080.0,50,34.0,-21.6
±3,1.25,1.75,11:00,-1080.0,50,34.0,-21.6
±3,1.25,3.0,11:00,-1080.0,50,34.0,-21.6
±3,1.25,5.0,11:00,-1080.0,50,34.0,-21.6
±2,1.25,1.5,14:00,-1081.0,50,46.0,-21.62
±3,1.5,1.0,14:30,-1082.0,50,38.0,-21.64
±3,1.5,1.5,14:00,-1083.0,50,34.0,-21.66
±3,1.75,5.0,13:30,-1085.0,50,38.0,-21.7
±3,1.75,4.25,13:30,-1085.0,50,38.0,-21.7
±3,1.75,3.0,13:30,-1085.0,50,38.0,-21.7
±3,1.75,2.25,13:30,-1085.0,50,38.0,-21.7
±3,1.75,4.5,13:30,-1085.0,50,38.0,-21.7
±3,1.75,4.75,13:30,-1085.0,50,38.0,-21.7
±3,1.75,2.75,13:30,-1085.0,50,38.0,-21.7
±3,1.75,3.25,13:30,-1085.0,50,38.0,-21.7
±3,1.75,3.5,13:30,-1085.0,50,38.0,-21.7
±3,1.75,2.0,13:30,-1085.0,50,38.0,-21.7
±3,1.75,1.75,13:30,-1085.0,50,38.0,-21.7
±3,1.75,2.5,13:30,-1085.0,50,38.0,-21.7
±3,1.75,3.75,13:30,-1085.0,50,38.0,-21.7
±3,1.75,4.0,13:30,-1085.0,50,38.0,-21.7
±2,4.0,1.0,11:00,-1086.0,50,34.0,-21.72
±2,4.25,1.0,11:00,-1086.0,50,34.0,-21.72
±2,3.5,1.0,11:00,-1086.0,50,34.0,-21.72
±2,4.5,1.0,11:00,-1086.0,50,34.0,-21.72
±2,2.0,1.0,11:00,-1086.0,50,34.0,-21.72
±3,1.0,0.75,13:00,-1086.0,50,46.0,-21.72
±2,4.75,1.0,11:00,-1086.0,50,34.0,-21.72
±2,2.25,1.0,11:00,-1086.0,50,34.0,-21.72
±2,3.0,1.0,11:00,-1086.0,50,34.0,-21.72
±2,5.0,1.0,11:00,-1086.0,50,34.0,-21.72
±2,3.75,1.0,11:00,-1086.0,50,34.0,-21.72
±2,2.5,1.0,11:00,-1086.0,50,34.0,-21.72
±2,2.75,1.0,11:00,-1086.0,50,34.0,-21.72
±2,3.25,1.0,11:00,-1086.0,50,34.0,-21.72
±2,1.5,1.25,13:00,-1087.0,50,38.0,-21.74
±2,3.5,1.25,11:00,-1087.0,50,32.0,-21.74
±2,2.0,1.25,11:00,-1087.0,50,32.0,-21.74
±2,5.0,1.25,11:00,-1087.0,50,32.0,-21.74
±2,3.0,1.25,11:00,-1087.0,50,32.0,-21.74
±2,2.75,1.25,11:00,-1087.0,50,32.0,-21.74
±2,4.75,1.25,11:00,-1087.0,50,32.0,-21.74
±2,4.5,1.25,11:00,-1087.0,50,32.0,-21.74
±2,3.75,1.25,11:00,-1087.0,50,32.0,-21.74
±2,1.5,1.25,14:00,-1087.0,50,44.0,-21.74
±2,4.0,1.25,11:00,-1087.0,50,32.0,-21.74
±2,3.25,1.25,11:00,-1087.0,50,32.0,-21.74
±2,2.5,1.25,11:00,-1087.0,50,32.0,-21.74
±2,2.25,1.25,11:00,-1087.0,50,32.0,-21.74
±2,4.25,1.25,11:00,-1087.0,50,32.0,-21.74
±2,1.5,1.0,12:30,-1090.0,50,40.0,-21.8
±3,1.75,1.5,13:00,-1090.0,50,30.0,-21.8
±2,1.75,1.0,12:30,-1090.0,50,40.0,-21.8
±2,2.0,0.5,10:00,-1091.0,50,32.0,-21.82
±2,4.25,0.5,10:00,-1091.0,50,32.0,-21.82
±2,3.0,0.5,10:00,-1091.0,50,32.0,-21.82
±2,2.5,0.5,10:00,-1091.0,50,32.0,-21.82
±2,1.5,0.5,10:00,-1091.0,50,32.0,-21.82
±2,3.25,0.5,10:00,-1091.0,50,32.0,-21.82
±2,2.75,0.5,10:00,-1091.0,50,32.0,-21.82
±2,5.0,0.5,10:00,-1091.0,50,32.0,-21.82
±2,1.0,0.5,10:00,-1091.0,50,32.0,-21.82
±2,4.5,0.5,10:00,-1091.0,50,32.0,-21.82
±2,3.75,0.5,10:00,-1091.0,50,32.0,-21.82
±2,4.75,0.5,10:00,-1091.0,50,32.0,-21.82
±2,1.25,0.5,10:00,-1091.0,50,32.0,-21.82
±2,4.0,0.5,10:00,-1091.0,50,32.0,-21.82
±2,2.25,0.5,10:00,-1091.0,50,32.0,-21.82
±2,1.75,0.5,10:00,-1091.0,50,32.0,-21.82
±2,3.5,0.5,10:00,-1091.0,50,32.0,-21.82
±2,0.75,1.5,15:00,-1093.0,50,42.0,-21.86
±2,1.5,0.75,14:00,-1093.0,50,50.0,-21.86
±2,1.25,1.0,14:30,-1094.0,50,42.0,-21.88
±3,1.5,2.75,13:30,-1096.0,50,38.0,-21.92
±3,1.5,4.25,13:30,-1096.0,50,38.0,-21.92
±3,1.5,2.5,13:30,-1096.0,50,38.0,-21.92
±3,1.5,3.0,13:30,-1096.0,50,38.0,-21.92
±3,1.5,3.75,13:30,-1096.0,50,38.0,-21.92
±3,1.5,3.5,13:30,-1096.0,50,38.0,-21.92
±3,1.5,4.75,13:30,-1096.0,50,38.0,-21.92
±3,1.5,3.25,13:30,-1096.0,50,38.0,-21.92
±3,1.5,4.0,13:30,-1096.0,50,38.0,-21.92
±3,0.75,0.5,14:30,-1096.0,50,40.0,-21.92
±3,1.5,2.25,13:30,-1096.0,50,38.0,-21.92
±3,1.5,5.0,13:30,-1096.0,50,38.0,-21.92
±3,1.5,1.75,13:30,-1096.0,50,38.0,-21.92
±3,1.5,2.0,13:30,-1096.0,50,38.0,-21.92
±3,1.5,4.5,13:30,-1096.0,50,38.0,-21.92
±2,1.75,1.5,13:30,-1097.0,50,38.0,-21.94
±3,0.75,1.25,15:00,-1100.0,50,36.0,-22.0
±3,1.0,1.5,15:00,-1101.0,50,38.0,-22.02
±2,0.75,1.5,14:00,-1104.0,50,42.0,-22.08
±3,0.5,1.25,10:30,-1108.0,50,36.0,-22.16
±2,1.75,1.25,13:00,-1116.0,50,38.0,-22.32
±2,1.75,2.0,11:00,-1116.0,50,32.0,-22.32
±2,1.75,3.0,11:00,-1116.0,50,32.0,-22.32
±2,1.75,2.75,11:00,-1116.0,50,32.0,-22.32
±2,1.75,1.75,11:00,-1116.0,50,32.0,-22.32
±2,1.5,3.0,11:00,-1116.0,50,32.0,-22.32
±2,1.5,2.5,11:00,-1116.0,50,32.0,-22.32
±2,1.5,3.75,11:00,-1116.0,50,32.0,-22.32
±2,1.5,4.25,11:00,-1116.0,50,32.0,-22.32
±2,1.5,2.25,11:00,-1116.0,50,32.0,-22.32
±2,1.5,2.75,11:00,-1116.0,50,32.0,-22.32
±2,1.75,4.25,11:00,-1116.0,50,32.0,-22.32
±2,1.75,2.25,11:00,-1116.0,50,32.0,-22.32
±2,1.5,4.5,11:00,-1116.0,50,32.0,-22.32
±2,1.5,4.75,11:00,-1116.0,50,32.0,-22.32
±2,1.75,3.25,11:00,-1116.0,50,32.0,-22.32
±2,1.5,2.0,11:00,-1116.0,50,32.0,-22.32
±2,1.75,3.5,11:00,-1116.0,50,32.0,-22.32
±2,1.75,2.5,11:00,-1116.0,50,32.0,-22.32
±2,1.5,1.75,11:00,-1116.0,50,32.0,-22.32
±2,1.5,3.25,11:00,-1116.0,50,32.0,-22.32
±2,1.5,3.5,11:00,-1116.0,50,32.0,-22.32
±2,1.75,4.0,11:00,-1116.0,50,32.0,-22.32
±2,1.75,4.5,11:00,-1116.0,50,32.0,-22.32
±2,1.5,5.0,11:00,-1116.0,50,32.0,-22.32
±2,1.75,3.75,11:00,-1116.0,50,32.0,-22.32
±2,1.75,5.0,11:00,-1116.0,50,32.0,-22.32
±2,1.5,4.0,11:00,-1116.0,50,32.0,-22.32
±2,1.75,4.75,11:00,-1116.0,50,32.0,-22.32
±3,1.0,0.5,14:00,-1118.0,50,40.0,-22.36
±2,1.5,0.5,12:00,-1122.0,50,34.0,-22.44
±2,1.75,0.5,12:00,-1122.0,50,34.0,-22.44
±3,1.25,1.5,12:30,-1123.0,50,34.0,-22.46
±2,1.25,1.75,11:00,-1133.0,50,32.0,-22.66
±2,1.25,2.0,11:00,-1133.0,50,32.0,-22.66
±2,1.25,4.0,11:00,-1133.0,50,32.0,-22.66
±2,1.25,2.25,11:00,-1133.0,50,32.0,-22.66
±2,1.25,4.5,11:00,-1133.0,50,32.0,-22.66
±2,1.25,4.25,11:00,-1133.0,50,32.0,-22.66
±2,1.25,4.75,11:00,-1133.0,50,32.0,-22.66
±2,1.25,3.5,11:00,-1133.0,50,32.0,-22.66
±2,1.25,2.5,11:00,-1133.0,50,32.0,-22.66
±2,1.25,2.75,11:00,-1133.0,50,32.0,-22.66
±2,1.25,5.0,11:00,-1133.0,50,32.0,-22.66
±2,1.25,3.0,11:00,-1133.0,50,32.0,-22.66
±2,1.25,3.25,11:00,-1133.0,50,32.0,-22.66
±2,1.25,3.75,11:00,-1133.0,50,32.0,-22.66
±2,0.75,4.5,10:30,-1134.0,50,32.0,-22.68
±2,0.75,4.0,10:30,-1134.0,50,32.0,-22.68
±2,0.75,3.0,10:30,-1134.0,50,32.0,-22.68
±2,0.75,3.75,10:30,-1134.0,50,32.0,-22.68
±2,0.75,4.25,10:30,-1134.0,50,32.0,-22.68
±2,0.75,2.25,10:30,-1134.0,50,32.0,-22.68
±2,0.75,5.0,10:30,-1134.0,50,32.0,-22.68
±2,0.75,3.25,10:30,-1134.0,50,32.0,-22.68
±2,0.75,4.75,10:30,-1134.0,50,32.0,-22.68
±2,0.75,2.75,10:30,-1134.0,50,32.0,-22.68
±2,0.75,2.0,10:30,-1134.0,50,32.0,-22.68
±2,0.75,2.5,10:30,-1134.0,50,32.0,-22.68
±2,0.75,1.5,10:30,-1134.0,50,32.0,-22.68
±2,0.75,3.5,10:30,-1134.0,50,32.0,-22.68
±2,0.75,1.75,10:30,-1134.0,50,32.0,-22.68
±2,1.5,1.5,13:30,-1137.0,50,38.0,-22.74
±3,4.25,1.0,10:30,-1140.0,50,38.0,-22.8
±3,3.25,1.0,10:30,-1140.0,50,38.0,-22.8
±3,1.75,1.0,10:30,-1140.0,50,38.0,-22.8
±3,1.25,1.0,10:30,-1140.0,50,38.0,-22.8
±3,2.25,1.0,10:30,-1140.0,50,38.0,-22.8
±3,2.75,1.0,10:30,-1140.0,50,38.0,-22.8
±3,3.0,1.0,10:30,-1140.0,50,38.0,-22.8
±3,4.75,1.0,10:30,-1140.0,50,38.0,-22.8
±3,5.0,1.0,10:30,-1140.0,50,38.0,-22.8
±3,4.5,1.0,10:30,-1140.0,50,38.0,-22.8
±3,2.0,1.0,10:30,-1140.0,50,38.0,-22.8
±3,3.5,1.0,10:30,-1140.0,50,38.0,-22.8
±3,2.5,1.0,10:30,-1140.0,50,38.0,-22.8
±3,1.5,1.0,10:30,-1140.0,50,38.0,-22.8
±3,4.0,1.0,10:30,-1140.0,50,38.0,-22.8
±3,3.75,1.0,10:30,-1140.0,50,38.0,-22.8
±2,1.75,1.5,14:00,-1141.0,50,44.0,-22.82
±2,0.75,0.75,13:00,-1144.0,50,44.0,-22.88
±2,1.75,0.5,14:30,-1144.0,50,38.0,-22.88
±2,1.0,0.5,13:30,-1147.0,50,44.0,-22.94
±2,4.75,1.0,10:00,-1147.0,50,32.0,-22.94
±2,0.75,0.75,12:30,-1147.0,50,44.0,-22.94
±2,3.5,1.0,10:00,-1147.0,50,32.0,-22.94
±2,1.0,1.0,10:00,-1147.0,50,32.0,-22.94
±2,3.0,1.0,10:00,-1147.0,50,32.0,-22.94
±2,4.0,1.0,10:00,-1147.0,50,32.0,-22.94
±2,4.5,1.0,10:00,-1147.0,50,32.0,-22.94
±2,4.25,1.0,10:00,-1147.0,50,32.0,-22.94
±2,2.75,1.0,10:00,-1147.0,50,32.0,-22.94
±2,1.25,1.0,10:00,-1147.0,50,32.0,-22.94
±2,2.25,1.0,10:00,-1147.0,50,32.0,-22.94
±2,1.5,1.0,10:00,-1147.0,50,32.0,-22.94
±2,1.75,1.0,10:00,-1147.0,50,32.0,-22.94
±2,3.75,1.0,10:00,-1147.0,50,32.0,-22.94
±2,3.25,1.0,10:00,-1147.0,50,32.0,-22.94
±2,2.5,1.0,10:00,-1147.0,50,32.0,-22.94
±2,2.0,1.0,10:00,-1147.0,50,32.0,-22.94
±2,5.0,1.0,10:00,-1147.0,50,32.0,-22.94
±3,1.0,1.5,10:30,-1148.0,50,34.0,-22.96
±3,1.0,1.75,10:30,-1148.0,50,34.0,-22.96
±3,1.0,2.0,10:30,-1148.0,50,34.0,-22.96
±3,1.0,0.75,14:00,-1148.0,50,50.0,-22.96
±3,1.0,3.5,10:30,-1148.0,50,34.0,-22.96
±3,1.0,3.75,10:30,-1148.0,50,34.0,-22.96
±3,1.0,4.75,10:30,-1148.0,50,34.0,-22.96
±3,1.0,2.75,10:30,-1148.0,50,34.0,-22.96
±3,1.0,4.25,10:30,-1148.0,50,34.0,-22.96
±3,1.0,4.5,10:30,-1148.0,50,34.0,-22.96
±3,1.0,4.0,10:30,-1148.0,50,34.0,-22.96
±3,1.0,5.0,10:30,-1148.0,50,34.0,-22.96
±3,1.0,3.0,10:30,-1148.0,50,34.0,-22.96
±3,1.0,3.25,10:30,-1148.0,50,34.0,-22.96
±3,1.0,2.25,10:30,-1148.0,50,34.0,-22.96
±3,1.0,2.5,10:30,-1148.0,50,34.0,-22.96
±3,1.5,2.25,13:00,-1150.0,50,30.0,-23.0
±3,1.5,5.0,13:00,-1150.0,50,30.0,-23.0
±3,1.5,2.5,13:00,-1150.0,50,30.0,-23.0
±3,1.5,4.75,13:00,-1150.0,50,30.0,-23.0
±3,1.5,4.0,13:00,-1150.0,50,30.0,-23.0
±3,1.5,3.0,13:00,-1150.0,50,30.0,-23.0
±3,1.5,2.75,13:00,-1150.0,50,30.0,-23.0
±3,1.5,3.5,13:00,-1150.0,50,30.0,-23.0
±3,1.5,2.0,13:00,-1150.0,50,30.0,-23.0
±3,1.5,4.25,13:00,-1150.0,50,30.0,-23.0
±3,1.5,1.75,13:00,-1150.0,50,30.0,-23.0
±3,1.5,3.25,13:00,-1150.0,50,30.0,-23.0
±3,1.5,4.5,13:00,-1150.0,50,30.0,-23.0
±3,1.5,3.75,13:00,-1150.0,50,30.0,-23.0
±3,1.0,1.0,14:30,-1151.0,50,44.0,-23.02
±3,1.5,0.5,11:00,-1151.0,50,30.0,-23.02
±3,1.75,0.5,11:00,-1151.0,50,30.0,-23.02
±2,1.25,1.25,12:30,-1152.0,50,36.0,-23.04
±2,1.5,1.5,13:00,-1155.0,50,38.0,-23.1
±3,1.75,0.5,15:00,-1156.0,50,36.0,-23.12
±2,0.75,1.0,10:30,-1160.0,50,36.0,-23.2
±2,4.5,0.5,14:00,-1162.0,50,46.0,-23.24
±2,3.0,0.5,14:00,-1162.0,50,46.0,-23.24
±2,4.75,0.5,14:00,-1162.0,50,46.0,-23.24
±2,2.0,0.5,14:00,-1162.0,50,46.0,-23.24
±2,3.25,0.5,14:00,-1162.0,50,46.0,-23.24
±2,0.75,1.25,13:30,-1162.0,50,42.0,-23.24
±2,4.0,0.5,14:00,-1162.0,50,46.0,-23.24
±2,2.75,0.5,14:00,-1162.0,50,46.0,-23.24
±2,5.0,0.5,14:00,-1162.0,50,46.0,-23.24
±2,2.5,0.5,14:00,-1162.0,50,46.0,-23.24
±2,4.25,0.5,14:00,-1162.0,50,46.0,-23.24
±2,3.75,0.5,14:00,-1162.0,50,46.0,-23.24
±2,2.25,0.5,14:00,-1162.0,50,46.0,-23.24
±2,3.5,0.5,14:00,-1162.0,50,46.0,-23.24
±2,4.75,0.75,10:00,-1164.0,50,30.0,-23.28
±2,3.5,0.75,10:00,-1164.0,50,30.0,-23.28
±2,3.75,0.75,10:00,-1164.0,50,30.0,-23.28
±2,4.25,0.75,10:00,-1164.0,50,30.0,-23.28
±2,1.25,0.75,10:00,-1164.0,50,30.0,-23.28
±2,2.25,0.75,10:00,-1164.0,50,30.0,-23.28
±2,1.5,0.75,10:00,-1164.0,50,30.0,-23.28
±2,1.75,0.75,10:00,-1164.0,50,30.0,-23.28
±2,4.0,0.75,10:00,-1164.0,50,30.0,-23.28
±2,4.5,0.75,10:00,-1164.0,50,30.0,-23.28
±2,2.5,0.75,10:00,-1164.0,50,30.0,-23.28
±2,3.25,0.75,10:00,-1164.0,50,30.0,-23.28
±2,3.0,0.75,10:00,-1164.0,50,30.0,-23.28
±2,1.0,0.75,10:00,-1164.0,50,30.0,-23.28
±2,2.75,0.75,10:00,-1164.0,50,30.0,-23.28
±2,5.0,0.75,10:00,-1164.0,50,30.0,-23.28
±2,2.0,0.75,10:00,-1164.0,50,30.0,-23.28
±2,4.5,4.25,10:00,-1165.0,50,32.0,-23.3
±2,4.5,4.75,10:00,-1165.0,50,32.0,-23.3
±2,4.5,4.5,10:00,-1165.0,50,32.0,-23.3
±2,3.75,3.0,10:00,-1165.0,50,32.0,-23.3
±2,3.75,3.5,10:00,-1165.0,50,32.0,-23.3
±2,3.75,4.0,10:00,-1165.0,50,32.0,-23.3
±2,3.25,3.5,10:00,-1165.0,50,32.0,-23.3
±2,5.0,1.25,10:00,-1165.0,50,32.0,-23.3
±2,3.25,3.75,10:00,-1165.0,50,32.0,-23.3
±2,2.75,4.5,10:00,-1165.0,50,32.0,-23.3
±2,2.75,3.75,10:00,-1165.0,50,32.0,-23.3
±2,1.5,3.75,10:00,-1165.0,50,32.0,-23.3
±2,3.5,5.0,10:00,-1165.0,50,32.0,-23.3
±2,2.25,3.0,10:00,-1165.0,50,32.0,-23.3
±2,4.0,2.5,10:00,-1165.0,50,32.0,-23.3
±2,4.0,2.75,10:00,-1165.0,50,32.0,-23.3
±2,1.5,4.0,10:00,-1165.0,50,32.0,-23.3
±2,4.0,2.25,10:00,-1165.0,50,32.0,-23.3
±2,4.0,1.75,10:00,-1165.0,50,32.0,-23.3
±2,4.0,2.0,10:00,-1165.0,50,32.0,-23.3
±2,3.0,3.75,10:00,-1165.0,50,32.0,-23.3
±2,2.25,2.0,10:00,-1165.0,50,32.0,-23.3
±2,2.25,2.75,10:00,-1165.0,50,32.0,-23.3
±2,2.25,2.25,10:00,-1165.0,50,32.0,-23.3
±2,3.25,2.0,10:00,-1165.0,50,32.0,-23.3
±2,4.75,2.5,10:00,-1165.0,50,32.0,-23.3
±2,4.5,3.25,10:00,-1165.0,50,32.0,-23.3
±2,1.75,4.25,10:00,-1165.0,50,32.0,-23.3
±2,1.75,4.5,10:00,-1165.0,50,32.0,-23.3
±2,1.75,4.75,10:00,-1165.0,50,32.0,-23.3
±2,2.0,2.0,10:00,-1165.0,50,32.0,-23.3
±2,2.0,2.25,10:00,-1165.0,50,32.0,-23.3
±2,2.0,2.5,10:00,-1165.0,50,32.0,-23.3
±2,2.75,4.0,10:00,-1165.0,50,32.0,-23.3
±2,2.75,4.25,10:00,-1165.0,50,32.0,-23.3
±2,5.0,1.5,10:00,-1165.0,50,32.0,-23.3
±2,4.25,5.0,10:00,-1165.0,50,32.0,-23.3
±2,1.0,0.75,12:30,-1165.0,50,44.0,-23.3
±2,4.5,1.5,10:00,-1165.0,50,32.0,-23.3
±2,5.0,2.0,10:00,-1165.0,50,32.0,-23.3
±2,3.25,4.0,10:00,-1165.0,50,32.0,-23.3
±2,2.0,3.0,10:00,-1165.0,50,32.0,-23.3
±2,2.25,3.75,10:00,-1165.0,50,32.0,-23.3
±2,2.25,4.0,10:00,-1165.0,50,32.0,-23.3
±2,1.5,3.5,10:00,-1165.0,50,32.0,-23.3
±2,3.5,4.5,10:00,-1165.0,50,32.0,-23.3
±2,3.5,4.75,10:00,-1165.0,50,32.0,-23.3
±2,4.75,2.75,10:00,-1165.0,50,32.0,-23.3
±2,3.0,3.25,10:00,-1165.0,50,32.0,-23.3
±2,2.0,2.75,10:00,-1165.0,50,32.0,-23.3
±2,1.75,4.0,10:00,-1165.0,50,32.0,-23.3
±2,3.25,4.25,10:00,-1165.0,50,32.0,-23.3
±2,5.0,2.25,10:00,-1165.0,50,32.0,-23.3
±2,5.0,2.5,10:00,-1165.0,50,32.0,-23.3
±2,4.25,4.25,10:00,-1165.0,50,32.0,-23.3
±2,1.5,3.0,10:00,-1165.0,50,32.0,-23.3
±2,3.5,4.0,10:00,-1165.0,50,32.0,-23.3
±2,3.5,4.25,10:00,-1165.0,50,32.0,-23.3
±2,4.0,3.75,10:00,-1165.0,50,32.0,-23.3
±2,1.5,3.25,10:00,-1165.0,50,32.0,-23.3
±2,4.0,3.0,10:00,-1165.0,50,32.0,-23.3
±2,2.25,3.5,10:00,-1165.0,50,32.0,-23.3
±2,2.25,4.25,10:00,-1165.0,50,32.0,-23.3
±2,2.75,3.5,10:00,-1165.0,50,32.0,-23.3
±2,5.0,1.75,10:00,-1165.0,50,32.0,-23.3
±2,4.25,4.75,10:00,-1165.0,50,32.0,-23.3
±2,5.0,2.75,10:00,-1165.0,50,32.0,-23.3
±2,5.0,3.0,10:00,-1165.0,50,32.0,-23.3
±2,3.25,4.5,10:00,-1165.0,50,32.0,-23.3
±2,2.75,3.0,10:00,-1165.0,50,32.0,-23.3
±2,2.75,3.25,10:00,-1165.0,50,32.0,-23.3
±2,3.25,3.0,10:00,-1165.0,50,32.0,-23.3
±2,4.0,1.5,10:00,-1165.0,50,32.0,-23.3
±2,1.5,4.5,10:00,-1165.0,50,32.0,-23.3
±2,2.25,5.0,10:00,-1165.0,50,32.0,-23.3
±2,2.25,4.5,10:00,-1165.0,50,32.0,-23.3
±2,2.25,4.75,10:00,-1165.0,50,32.0,-23.3
±2,4.0,3.25,10:00,-1165.0,50,32.0,-23.3
±2,4.0,3.5,10:00,-1165.0,50,32.0,-23.3
±2,1.5,2.75,10:00,-1165.0,50,32.0,-23.3
±2,2.0,3.25,10:00,-1165.0,50,32.0,-23.3
±2,2.0,3.5,10:00,-1165.0,50,32.0,-23.3
±2,3.75,2.75,10:00,-1165.0,50,32.0,-23.3
±2,3.75,2.5,10:00,-1165.0,50,32.0,-23.3
±2,4.5,2.0,10:00,-1165.0,50,32.0,-23.3
±2,3.0,1.25,10:00,-1165.0,50,32.0,-23.3
±2,4.75,4.75,10:00,-1165.0,50,32.0,-23.3
±2,1.5,2.0,10:00,-1165.0,50,32.0,-23.3
±2,1.5,2.25,10:00,-1165.0,50,32.0,-23.3
±2,4.0,4.0,10:00,-1165.0,50,32.0,-23.3
±2,1.5,2.5,10:00,-1165.0,50,32.0,-23.3
±2,3.5,3.75,10:00,-1165.0,50,32.0,-23.3
±2,2.25,2.5,10:00,-1165.0,50,32.0,-23.3
±2,1.5,4.25,10:00,-1165.0,50,32.0,-23.3
±2,4.75,5.0,10:00,-1165.0,50,32.0,-23.3
±2,1.0,1.75,10:00,-1165.0,50,32.0,-23.3
±2,5.0,3.5,10:00,-1165.0,50,32.0,-23.3
±2,2.75,2.75,10:00,-1165.0,50,32.0,-23.3
±2,3.25,5.0,10:00,-1165.0,50,32.0,-23.3
±2,4.25,4.5,10:00,-1165.0,50,32.0,-23.3
±2,1.0,1.25,10:00,-1165.0,50,32.0,-23.3
±2,1.0,1.5,10:00,-1165.0,50,32.0,-23.3
±2,3.25,4.75,10:00,-1165.0,50,32.0,-23.3
±2,1.5,4.75,10:00,-1165.0,50,32.0,-23.3
±2,2.25,1.5,10:00,-1165.0,50,32.0,-23.3
±2,2.25,1.75,10:00,-1165.0,50,32.0,-23.3
±2,1.5,1.5,10:00,-1165.0,50,32.0,-23.3
±2,3.5,3.25,10:00,-1165.0,50,32.0,-23.3
±2,3.5,3.5,10:00,-1165.0,50,32.0,-23.3
±2,1.5,1.75,10:00,-1165.0,50,32.0,-23.3
±2,2.75,2.25,10:00,-1165.0,50,32.0,-23.3
±2,2.75,2.5,10:00,-1165.0,50,32.0,-23.3
±2,5.0,3.25,10:00,-1165.0,50,32.0,-23.3
±2,4.25,4.0,10:00,-1165.0,50,32.0,-23.3
±2,2.75,1.75,10:00,-1165.0,50,32.0,-23.3
±2,5.0,3.75,10:00,-1165.0,50,32.0,-23.3
±2,5.0,4.0,10:00,-1165.0,50,32.0,-23.3
±2,4.25,3.5,10:00,-1165.0,50,32.0,-23.3
±2,1.0,2.0,10:00,-1165.0,50,32.0,-23.3
±2,3.0,4.0,10:00,-1165.0,50,32.0,-23.3
±2,3.0,4.25,10:00,-1165.0,50,32.0,-23.3
±2,1.75,1.25,10:00,-1165.0,50,32.0,-23.3
±2,3.0,3.0,10:00,-1165.0,50,32.0,-23.3
±2,4.75,3.0,10:00,-1165.0,50,32.0,-23.3
±2,4.5,2.75,10:00,-1165.0,50,32.0,-23.3
±2,4.5,3.0,10:00,-1165.0,50,32.0,-23.3
±2,1.5,1.25,10:00,-1165.0,50,32.0,-23.3
±2,2.75,2.0,10:00,-1165.0,50,32.0,-23.3
±2,1.0,2.25,10:00,-1165.0,50,32.0,-23.3
±2,1.0,2.75,10:00,-1165.0,50,32.0,-23.3
±2,1.0,3.0,10:00,-1165.0,50,32.0,-23.3
±2,1.0,2.5,10:00,-1165.0,50,32.0,-23.3
±2,4.25,3.75,10:00,-1165.0,50,32.0,-23.3
±2,5.0,4.25,10:00,-1165.0,50,32.0,-23.3
±2,5.0,4.5,10:00,-1165.0,50,32.0,-23.3
±2,2.75,1.5,10:00,-1165.0,50,32.0,-23.3
±2,1.75,2.25,10:00,-1165.0,50,32.0,-23.3
±2,4.0,4.25,10:00,-1165.0,50,32.0,-23.3
±2,4.0,4.5,10:00,-1165.0,50,32.0,-23.3
±2,3.5,3.0,10:00,-1165.0,50,32.0,-23.3
±2,3.0,2.75,10:00,-1165.0,50,32.0,-23.3
±2,3.0,3.5,10:00,-1165.0,50,32.0,-23.3
±2,1.5,5.0,10:00,-1165.0,50,32.0,-23.3
±2,4.75,2.0,10:00,-1165.0,50,32.0,-23.3
±2,4.75,2.25,10:00,-1165.0,50,32.0,-23.3
±2,1.75,3.0,10:00,-1165.0,50,32.0,-23.3
±2,4.5,4.0,10:00,-1165.0,50,32.0,-23.3
±2,3.0,4.5,10:00,-1165.0,50,32.0,-23.3
±2,3.0,4.75,10:00,-1165.0,50,32.0,-23.3
±2,3.0,5.0,10:00,-1165.0,50,32.0,-23.3
±2,3.75,4.5,10:00,-1165.0,50,32.0,-23.3
±2,1.75,3.75,10:00,-1165.0,50,32.0,-23.3
±2,4.5,1.75,10:00,-1165.0,50,32.0,-23.3
±2,3.0,2.0,10:00,-1165.0,50,32.0,-23.3
±2,3.0,1.5,10:00,-1165.0,50,32.0,-23.3
±2,3.5,2.75,10:00,-1165.0,50,32.0,-23.3
±2,2.5,2.0,10:00,-1165.0,50,32.0,-23.3
±2,4.0,4.75,10:00,-1165.0,50,32.0,-23.3
±2,1.25,5.0,10:00,-1165.0,50,32.0,-23.3
±2,2.5,1.75,10:00,-1165.0,50,32.0,-23.3
±2,2.5,1.25,10:00,-1165.0,50,32.0,-23.3
±2,2.25,1.25,10:00,-1165.0,50,32.0,-23.3
±2,4.0,1.25,10:00,-1165.0,50,32.0,-23.3
±2,1.75,1.5,10:00,-1165.0,50,32.0,-23.3
±2,1.75,2.0,10:00,-1165.0,50,32.0,-23.3
±2,2.5,2.5,10:00,-1165.0,50,32.0,-23.3
±2,1.25,4.5,10:00,-1165.0,50,32.0,-23.3
±2,1.25,4.75,10:00,-1165.0,50,32.0,-23.3
±2,3.5,2.5,10:00,-1165.0,50,32.0,-23.3
±2,3.0,1.75,10:00,-1165.0,50,32.0,-23.3
±2,3.25,2.5,10:00,-1165.0,50,32.0,-23.3
±2,4.25,3.0,10:00,-1165.0,50,32.0,-23.3
±2,4.25,3.25,10:00,-1165.0,50,32.0,-23.3
±2,1.0,3.25,10:00,-1165.0,50,32.0,-23.3
±2,5.0,4.75,10:00,-1165.0,50,32.0,-23.3
±2,2.75,1.25,10:00,-1165.0,50,32.0,-23.3
±2,1.0,3.5,10:00,-1165.0,50,32.0,-23.3
±2,1.0,3.75,10:00,-1165.0,50,32.0,-23.3
±2,4.25,2.5,10:00,-1165.0,50,32.0,-23.3
±2,5.0,5.0,10:00,-1165.0,50,32.0,-23.3
±2,4.25,2.75,10:00,-1165.0,50,32.0,-23.3
±2,1.0,4.5,10:00,-1165.0,50,32.0,-23.3
±2,1.0,4.0,10:00,-1165.0,50,32.0,-23.3
±2,3.25,2.75,10:00,-1165.0,50,32.0,-23.3
±2,2.0,3.75,10:00,-1165.0,50,32.0,-23.3
±2,2.0,4.0,10:00,-1165.0,50,32.0,-23.3
±2,2.0,4.25,10:00,-1165.0,50,32.0,-23.3
±2,4.75,3.75,10:00,-1165.0,50,32.0,-23.3
±2,4.5,2.5,10:00,-1165.0,50,32.0,-23.3
±2,4.75,3.25,10:00,-1165.0,50,32.0,-23.3
±2,3.25,2.25,10:00,-1165.0,50,32.0,-23.3
±2,1.25,4.25,10:00,-1165.0,50,32.0,-23.3
±2,2.5,1.5,10:00,-1165.0,50,32.0,-23.3
±2,3.75,1.25,10:00,-1165.0,50,32.0,-23.3
±2,1.75,1.75,10:00,-1165.0,50,32.0,-23.3
±2,1.75,3.5,10:00,-1165.0,50,32.0,-23.3
±2,3.75,4.75,10:00,-1165.0,50,32.0,-23.3
±2,3.0,2.5,10:00,-1165.0,50,32.0,-23.3
±2,4.75,4.25,10:00,-1165.0,50,32.0,-23.3
±2,4.75,4.5,10:00,-1165.0,50,32.0,-23.3
±2,4.5,2.25,10:00,-1165.0,50,32.0,-23.3
±2,4.25,2.25,10:00,-1165.0,50,32.0,-23.3
±2,1.0,4.75,10:00,-1165.0,50,32.0,-23.3
±2,2.5,4.5,10:00,-1165.0,50,32.0,-23.3
±2,1.75,2.75,10:00,-1165.0,50,32.0,-23.3
±2,3.75,1.5,10:00,-1165.0,50,32.0,-23.3
±2,3.75,5.0,10:00,-1165.0,50,32.0,-23.3
±2,2.5,2.75,10:00,-1165.0,50,32.0,-23.3
±2,1.25,4.0,10:00,-1165.0,50,32.0,-23.3
±2,4.0,5.0,10:00,-1165.0,50,32.0,-23.3
±2,3.5,2.25,10:00,-1165.0,50,32.0,-23.3
±2,1.25,3.25,10:00,-1165.0,50,32.0,-23.3
±2,3.5,1.75,10:00,-1165.0,50,32.0,-23.3
±2,4.75,4.0,10:00,-1165.0,50,32.0,-23.3
±2,3.0,2.25,10:00,-1165.0,50,32.0,-23.3
±2,4.75,3.5,10:00,-1165.0,50,32.0,-23.3
±2,1.25,3.5,10:00,-1165.0,50,32.0,-23.3
±2,1.25,3.75,10:00,-1165.0,50,32.0,-23.3
±2,2.5,2.25,10:00,-1165.0,50,32.0,-23.3
±2,4.75,1.75,10:00,-1165.0,50,32.0,-23.3
±2,4.5,3.5,10:00,-1165.0,50,32.0,-23.3
±2,4.5,3.75,10:00,-1165.0,50,32.0,-23.3
±2,3.25,1.5,10:00,-1165.0,50,32.0,-23.3
±2,1.75,3.25,10:00,-1165.0,50,32.0,-23.3
±2,2.5,4.75,10:00,-1165.0,50,32.0,-23.3
±2,2.5,5.0,10:00,-1165.0,50,32.0,-23.3
±2,4.25,1.75,10:00,-1165.0,50,32.0,-23.3
±2,3.5,1.25,10:00,-1165.0,50,32.0,-23.3
±2,1.0,4.25,10:00,-1165.0,50,32.0,-23.3
±2,1.0,5.0,10:00,-1165.0,50,32.0,-23.3
±2,1.25,1.5,10:00,-1165.0,50,32.0,-23.3
±2,4.25,1.5,10:00,-1165.0,50,32.0,-23.3
±2,1.25,1.25,10:00,-1165.0,50,32.0,-23.3
±2,1.25,2.0,10:00,-1165.0,50,32.0,-23.3
±2,2.5,4.0,10:00,-1165.0,50,32.0,-23.3
±2,2.5,3.5,10:00,-1165.0,50,32.0,-23.3
±2,4.25,1.25,10:00,-1165.0,50,32.0,-23.3
±2,1.25,2.75,10:00,-1165.0,50,32.0,-23.3
±2,1.25,3.0,10:00,-1165.0,50,32.0,-23.3
±2,2.5,3.0,10:00,-1165.0,50,32.0,-23.3
±2,2.5,3.25,10:00,-1165.0,50,32.0,-23.3
±2,4.25,2.0,10:00,-1165.0,50,32.0,-23.3
±2,2.5,4.25,10:00,-1165.0,50,32.0,-23.3
±2,1.25,1.75,10:00,-1165.0,50,32.0,-23.3
±2,1.25,2.25,10:00,-1165.0,50,32.0,-23.3
±2,2.5,3.75,10:00,-1165.0,50,32.0,-23.3
±2,3.5,1.5,10:00,-1165.0,50,32.0,-23.3
±2,3.5,2.0,10:00,-1165.0,50,32.0,-23.3
±2,3.75,2.25,10:00,-1165.0,50,32.0,-23.3
±2,3.75,1.75,10:00,-1165.0,50,32.0,-23.3
±2,3.75,2.0,10:00,-1165.0,50,32.0,-23.3
±2,2.0,5.0,10:00,-1165.0,50,32.0,-23.3
±2,2.0,4.5,10:00,-1165.0,50,32.0,-23.3
±2,2.0,4.75,10:00,-1165.0,50,32.0,-23.3
±2,1.75,2.5,10:00,-1165.0,50,32.0,-23.3
±2,1.25,2.5,10:00,-1165.0,50,32.0,-23.3
±2,3.25,3.25,10:00,-1165.0,50,32.0,-23.3
±2,1.75,5.0,10:00,-1165.0,50,32.0,-23.3
±2,2.0,1.75,10:00,-1165.0,50,32.0,-23.3
±2,3.75,3.75,10:00,-1165.0,50,32.0,-23.3
±2,3.75,3.25,10:00,-1165.0,50,32.0,-23.3
±2,4.75,1.25,10:00,-1165.0,50,32.0,-23.3
±2,2.25,3.25,10:00,-1165.0,50,32.0,-23.3
±2,3.75,4.25,10:00,-1165.0,50,32.0,-23.3
±2,2.0,1.5,10:00,-1165.0,50,32.0,-23.3
±2,2.0,1.25,10:00,-1165.0,50,32.0,-23.3
±2,4.5,1.25,10:00,-1165.0,50,32.0,-23.3
±2,2.75,4.75,10:00,-1165.0,50,32.0,-23.3
±2,2.75,5.0,10:00,-1165.0,50,32.0,-23.3
±2,4.75,1.5,10:00,-1165.0,50,32.0,-23.3
±2,3.25,1.75,10:00,-1165.0,50,32.0,-23.3
±2,3.25,1.25,10:00,-1165.0,50,32.0,-23.3
±2,4.5,5.0,10:00,-1165.0,50,32.0,-23.3
±3,1.5,0.5,15:00,-1167.0,50,36.0,-23.34
±3,3.25,1.25,10:30,-1168.0,50,36.0,-23.36
±3,4.75,1.25,10:30,-1168.0,50,36.0,-23.36
±3,1.25,1.25,10:30,-1168.0,50,36.0,-23.36
±3,2.75,1.25,10:30,-1168.0,50,36.0,-23.36
±3,3.75,1.25,10:30,-1168.0,50,36.0,-23.36
±3,2.25,1.25,10:30,-1168.0,50,36.0,-23.36
±3,4.25,1.25,10:30,-1168.0,50,36.0,-23.36
±3,2.0,1.25,10:30,-1168.0,50,36.0,-23.36
±3,3.5,1.25,10:30,-1168.0,50,36.0,-23.36
±3,3.0,1.25,10:30,-1168.0,50,36.0,-23.36
±3,1.75,1.25,10:30,-1168.0,50,36.0,-23.36
±3,4.0,1.25,10:30,-1168.0,50,36.0,-23.36
±3,1.5,1.25,10:30,-1168.0,50,36.0,-23.36
±3,2.5,1.25,10:30,-1168.0,50,36.0,-23.36
±3,4.5,1.25,10:30,-1168.0,50,36.0,-23.36
±3,5.0,1.25,10:30,-1168.0,50,36.0,-23.36
±2,1.75,4.5,13:30,-1169.0,50,38.0,-23.38
±2,1.75,3.5,13:30,-1169.0,50,38.0,-23.38
±2,1.75,1.75,13:30,-1169.0,50,38.0,-23.38
±2,1.75,2.0,13:30,-1169.0,50,38.0,-23.38
±2,1.75,3.25,13:30,-1169.0,50,38.0,-23.38
±2,1.75,2.5,13:30,-1169.0,50,38.0,-23.38
±2,1.75,2.75,13:30,-1169.0,50,38.0,-23.38
±2,1.75,3.0,13:30,-1169.0,50,38.0,-23.38
±2,1.75,2.25,13:30,-1169.0,50,38.0,-23.38
±2,1.75,5.0,13:30,-1169.0,50,38.0,-23.38
±2,1.75,4.75,13:30,-1169.0,50,38.0,-23.38
±2,1.75,4.0,13:30,-1169.0,50,38.0,-23.38
±2,1.75,4.25,13:30,-1169.0,50,38.0,-23.38
±2,1.75,3.75,13:30,-1169.0,50,38.0,-23.38
±3,1.0,0.5,13:00,-1173.0,50,36.0,-23.46
±2,1.75,1.0,15:00,-1174.0,50,42.0,-23.48
±2,1.25,0.5,15:00,-1174.0,50,42.0,-23.48
±3,1.0,1.25,13:30,-1176.0,50,42.0,-23.52
±3,0.75,0.75,14:30,-1177.0,50,48.0,-23.54
±2,3.75,3.5,10:30,-1180.0,50,34.0,-23.6
±2,2.25,2.75,10:30,-1180.0,50,34.0,-23.6
±2,2.25,2.25,10:30,-1180.0,50,34.0,-23.6
±2,3.25,1.75,10:30,-1180.0,50,34.0,-23.6
±2,3.25,2.0,10:30,-1180.0,50,34.0,-23.6
±2,4.75,2.25,10:30,-1180.0,50,34.0,-23.6
±2,4.75,2.5,10:30,-1180.0,50,34.0,-23.6
±2,1.75,4.75,10:30,-1180.0,50,34.0,-23.6
±2,1.75,4.5,10:30,-1180.0,50,34.0,-23.6
±2,3.75,4.5,10:30,-1180.0,50,34.0,-23.6
±2,2.0,2.0,10:30,-1180.0,50,34.0,-23.6
±2,2.0,2.25,10:30,-1180.0,50,34.0,-23.6
±2,1.25,2.5,10:30,-1180.0,50,34.0,-23.6
±2,4.25,1.5,10:30,-1180.0,50,34.0,-23.6
±2,2.5,2.75,10:30,-1180.0,50,34.0,-23.6
±2,1.25,3.25,10:30,-1180.0,50,34.0,-23.6
±2,1.25,2.75,10:30,-1180.0,50,34.0,-23.6
±2,4.75,1.5,10:30,-1180.0,50,34.0,-23.6
±2,3.25,3.5,10:30,-1180.0,50,34.0,-23.6
±2,3.25,3.75,10:30,-1180.0,50,34.0,-23.6
±2,2.75,5.0,10:30,-1180.0,50,34.0,-23.6
±2,2.75,3.75,10:30,-1180.0,50,34.0,-23.6
±2,1.5,3.75,10:30,-1180.0,50,34.0,-23.6
±2,3.5,4.75,10:30,-1180.0,50,34.0,-23.6
±2,2.25,3.0,10:30,-1180.0,50,34.0,-23.6
±2,4.0,2.5,10:30,-1180.0,50,34.0,-23.6
±2,4.5,4.0,10:30,-1180.0,50,34.0,-23.6
±2,4.75,1.75,10:30,-1180.0,50,34.0,-23.6
±2,4.5,3.5,10:30,-1180.0,50,34.0,-23.6
±2,4.5,3.75,10:30,-1180.0,50,34.0,-23.6
±2,3.25,1.5,10:30,-1180.0,50,34.0,-23.6
±2,3.0,5.0,10:30,-1180.0,50,34.0,-23.6
±2,1.75,3.25,10:30,-1180.0,50,34.0,-23.6
±2,2.5,4.5,10:30,-1180.0,50,34.0,-23.6
±2,2.5,4.75,10:30,-1180.0,50,34.0,-23.6
±2,2.5,5.0,10:30,-1180.0,50,34.0,-23.6
±2,2.5,4.25,10:30,-1180.0,50,34.0,-23.6
±2,4.25,2.25,10:30,-1180.0,50,34.0,-23.6
±2,4.25,1.75,10:30,-1180.0,50,34.0,-23.6
±2,1.25,1.5,10:30,-1180.0,50,34.0,-23.6
±2,4.25,2.0,10:30,-1180.0,50,34.0,-23.6
±2,1.75,2.75,10:30,-1180.0,50,34.0,-23.6
±2,2.0,4.75,10:30,-1180.0,50,34.0,-23.6
±2,1.25,3.75,10:30,-1180.0,50,34.0,-23.6
±2,1.25,4.0,10:30,-1180.0,50,34.0,-23.6
±2,4.0,5.0,10:30,-1180.0,50,34.0,-23.6
±2,3.5,2.25,10:30,-1180.0,50,34.0,-23.6
±2,2.5,3.25,10:30,-1180.0,50,34.0,-23.6
±2,3.5,1.75,10:30,-1180.0,50,34.0,-23.6
±2,4.5,2.25,10:30,-1180.0,50,34.0,-23.6
±2,4.75,4.0,10:30,-1180.0,50,34.0,-23.6
±2,3.0,2.25,10:30,-1180.0,50,34.0,-23.6
±2,4.75,3.5,10:30,-1180.0,50,34.0,-23.6
±2,2.5,2.25,10:30,-1180.0,50,34.0,-23.6
±2,3.75,1.5,10:30,-1180.0,50,34.0,-23.6
±2,4.75,3.75,10:30,-1180.0,50,34.0,-23.6
±2,4.5,2.5,10:30,-1180.0,50,34.0,-23.6
±2,4.75,3.25,10:30,-1180.0,50,34.0,-23.6
±2,3.25,2.25,10:30,-1180.0,50,34.0,-23.6
±2,3.0,2.5,10:30,-1180.0,50,34.0,-23.6
±2,1.25,4.25,10:30,-1180.0,50,34.0,-23.6
±2,1.75,2.25,10:30,-1180.0,50,34.0,-23.6
±2,1.75,3.5,10:30,-1180.0,50,34.0,-23.6
±2,3.75,4.75,10:30,-1180.0,50,34.0,-23.6
±2,3.25,2.75,10:30,-1180.0,50,34.0,-23.6
±2,4.75,4.25,10:30,-1180.0,50,34.0,-23.6
±2,4.75,4.5,10:30,-1180.0,50,34.0,-23.6
±2,4.5,2.0,10:30,-1180.0,50,34.0,-23.6
±2,1.25,3.5,10:30,-1180.0,50,34.0,-23.6
±2,1.25,4.5,10:30,-1180.0,50,34.0,-23.6
±2,3.0,1.5,10:30,-1180.0,50,34.0,-23.6
±2,3.0,1.75,10:30,-1180.0,50,34.0,-23.6
±2,3.25,3.0,10:30,-1180.0,50,34.0,-23.6
±2,4.25,2.75,10:30,-1180.0,50,34.0,-23.6
±2,4.25,3.0,10:30,-1180.0,50,34.0,-23.6
±2,4.25,3.25,10:30,-1180.0,50,34.0,-23.6
±2,5.0,4.5,10:30,-1180.0,50,34.0,-23.6
±2,5.0,4.75,10:30,-1180.0,50,34.0,-23.6
±2,5.0,5.0,10:30,-1180.0,50,34.0,-23.6
±2,4.25,2.5,10:30,-1180.0,50,34.0,-23.6
±2,3.25,2.5,10:30,-1180.0,50,34.0,-23.6
±2,2.0,4.25,10:30,-1180.0,50,34.0,-23.6
±2,3.0,4.75,10:30,-1180.0,50,34.0,-23.6
±2,4.5,1.75,10:30,-1180.0,50,34.0,-23.6
±2,3.0,2.0,10:30,-1180.0,50,34.0,-23.6
±2,3.5,2.5,10:30,-1180.0,50,34.0,-23.6
±2,3.5,2.75,10:30,-1180.0,50,34.0,-23.6
±2,2.5,2.0,10:30,-1180.0,50,34.0,-23.6
±2,1.25,4.75,10:30,-1180.0,50,34.0,-23.6
±2,4.0,4.75,10:30,-1180.0,50,34.0,-23.6
±2,2.5,1.75,10:30,-1180.0,50,34.0,-23.6
±2,1.75,1.5,10:30,-1180.0,50,34.0,-23.6
±2,1.75,1.75,10:30,-1180.0,50,34.0,-23.6
±2,1.75,2.0,10:30,-1180.0,50,34.0,-23.6
±2,2.5,1.5,10:30,-1180.0,50,34.0,-23.6
±2,2.5,2.5,10:30,-1180.0,50,34.0,-23.6
±2,2.75,1.75,10:30,-1180.0,50,34.0,-23.6
±2,2.75,2.0,10:30,-1180.0,50,34.0,-23.6
±2,4.25,3.75,10:30,-1180.0,50,34.0,-23.6
±2,5.0,4.25,10:30,-1180.0,50,34.0,-23.6
±2,2.75,1.5,10:30,-1180.0,50,34.0,-23.6
±2,4.75,5.0,10:30,-1180.0,50,34.0,-23.6
±2,4.0,4.25,10:30,-1180.0,50,34.0,-23.6
±2,4.0,4.5,10:30,-1180.0,50,34.0,-23.6
±2,1.25,5.0,10:30,-1180.0,50,34.0,-23.6
±2,3.5,3.0,10:30,-1180.0,50,34.0,-23.6
±2,3.0,2.75,10:30,-1180.0,50,34.0,-23.6
±2,3.0,3.5,10:30,-1180.0,50,34.0,-23.6
±2,4.75,2.0,10:30,-1180.0,50,34.0,-23.6
±2,1.75,3.0,10:30,-1180.0,50,34.0,-23.6
±2,2.0,3.75,10:30,-1180.0,50,34.0,-23.6
±2,3.0,4.5,10:30,-1180.0,50,34.0,-23.6
±2,1.5,1.75,10:30,-1180.0,50,34.0,-23.6
±2,2.75,2.25,10:30,-1180.0,50,34.0,-23.6
±2,2.75,2.5,10:30,-1180.0,50,34.0,-23.6
±2,5.0,3.25,10:30,-1180.0,50,34.0,-23.6
±2,4.25,4.0,10:30,-1180.0,50,34.0,-23.6
±2,5.0,3.75,10:30,-1180.0,50,34.0,-23.6
±2,5.0,4.0,10:30,-1180.0,50,34.0,-23.6
±2,4.25,3.5,10:30,-1180.0,50,34.0,-23.6
±2,3.0,4.0,10:30,-1180.0,50,34.0,-23.6
±2,3.0,4.25,10:30,-1180.0,50,34.0,-23.6
±2,4.5,5.0,10:30,-1180.0,50,34.0,-23.6
±2,3.0,3.0,10:30,-1180.0,50,34.0,-23.6
±2,4.75,2.75,10:30,-1180.0,50,34.0,-23.6
±2,4.75,3.0,10:30,-1180.0,50,34.0,-23.6
±2,4.5,2.75,10:30,-1180.0,50,34.0,-23.6
±2,2.25,4.75,10:30,-1180.0,50,34.0,-23.6
±2,2.25,2.5,10:30,-1180.0,50,34.0,-23.6
±2,3.5,5.0,10:30,-1180.0,50,34.0,-23.6
±2,4.75,4.75,10:30,-1180.0,50,34.0,-23.6
±2,5.0,3.5,10:30,-1180.0,50,34.0,-23.6
±2,2.75,2.75,10:30,-1180.0,50,34.0,-23.6
±2,3.25,5.0,10:30,-1180.0,50,34.0,-23.6
±2,4.25,4.5,10:30,-1180.0,50,34.0,-23.6
±2,3.25,4.75,10:30,-1180.0,50,34.0,-23.6
±2,1.5,4.5,10:30,-1180.0,50,34.0,-23.6
±2,2.25,2.0,10:30,-1180.0,50,34.0,-23.6
±2,2.25,1.5,10:30,-1180.0,50,34.0,-23.6
±2,2.25,1.75,10:30,-1180.0,50,34.0,-23.6
±2,1.5,4.75,10:30,-1180.0,50,34.0,-23.6
±2,1.5,1.5,10:30,-1180.0,50,34.0,-23.6
±2,3.5,3.25,10:30,-1180.0,50,34.0,-23.6
±2,3.5,3.5,10:30,-1180.0,50,34.0,-23.6
±2,2.25,4.5,10:30,-1180.0,50,34.0,-23.6
±2,4.0,3.25,10:30,-1180.0,50,34.0,-23.6
±2,1.5,2.75,10:30,-1180.0,50,34.0,-23.6
±2,2.0,3.25,10:30,-1180.0,50,34.0,-23.6
±2,2.0,4.0,10:30,-1180.0,50,34.0,-23.6
±2,3.75,2.75,10:30,-1180.0,50,34.0,-23.6
±2,1.75,4.25,10:30,-1180.0,50,34.0,-23.6
±2,4.0,2.0,10:30,-1180.0,50,34.0,-23.6
±2,3.75,2.5,10:30,-1180.0,50,34.0,-23.6
±2,2.0,3.5,10:30,-1180.0,50,34.0,-23.6
±2,1.5,2.0,10:30,-1180.0,50,34.0,-23.6
±2,1.5,2.25,10:30,-1180.0,50,34.0,-23.6
±2,4.0,4.0,10:30,-1180.0,50,34.0,-23.6
±2,4.0,3.75,10:30,-1180.0,50,34.0,-23.6
±2,1.5,2.5,10:30,-1180.0,50,34.0,-23.6
±2,3.5,3.75,10:30,-1180.0,50,34.0,-23.6
±2,1.5,3.25,10:30,-1180.0,50,34.0,-23.6
±2,4.0,3.0,10:30,-1180.0,50,34.0,-23.6
±2,2.25,3.5,10:30,-1180.0,50,34.0,-23.6
±2,2.25,4.25,10:30,-1180.0,50,34.0,-23.6
±2,2.75,3.25,10:30,-1180.0,50,34.0,-23.6
±2,2.75,3.5,10:30,-1180.0,50,34.0,-23.6
±2,5.0,1.75,10:30,-1180.0,50,34.0,-23.6
±2,5.0,2.75,10:30,-1180.0,50,34.0,-23.6
±2,5.0,3.0,10:30,-1180.0,50,34.0,-23.6
±2,3.25,4.5,10:30,-1180.0,50,34.0,-23.6
±2,2.75,3.0,10:30,-1180.0,50,34.0,-23.6
±2,1.5,4.25,10:30,-1180.0,50,34.0,-23.6
±2,1.5,5.0,10:30,-1180.0,50,34.0,-23.6
±2,4.0,1.5,10:30,-1180.0,50,34.0,-23.6
±2,2.0,5.0,10:30,-1180.0,50,34.0,-23.6
±2,2.25,5.0,10:30,-1180.0,50,34.0,-23.6
±2,4.5,3.0,10:30,-1180.0,50,34.0,-23.6
±2,2.25,3.25,10:30,-1180.0,50,34.0,-23.6
±2,4.5,3.25,10:30,-1180.0,50,34.0,-23.6
±2,3.75,3.0,10:30,-1180.0,50,34.0,-23.6
±2,2.0,2.75,10:30,-1180.0,50,34.0,-23.6
±2,1.75,3.75,10:30,-1180.0,50,34.0,-23.6
±2,4.5,4.25,10:30,-1180.0,50,34.0,-23.6
±2,1.75,4.0,10:30,-1180.0,50,34.0,-23.6
±2,3.25,4.0,10:30,-1180.0,50,34.0,-23.6
±2,3.25,4.25,10:30,-1180.0,50,34.0,-23.6
±2,5.0,2.25,10:30,-1180.0,50,34.0,-23.6
±2,5.0,2.5,10:30,-1180.0,50,34.0,-23.6
±2,4.25,4.25,10:30,-1180.0,50,34.0,-23.6
±2,3.5,4.0,10:30,-1180.0,50,34.0,-23.6
±2,3.5,4.25,10:30,-1180.0,50,34.0,-23.6
±2,4.0,3.5,10:30,-1180.0,50,34.0,-23.6
±2,2.0,4.5,10:30,-1180.0,50,34.0,-23.6
±2,1.75,2.5,10:30,-1180.0,50,34.0,-23.6
±2,2.75,4.25,10:30,-1180.0,50,34.0,-23.6
±2,5.0,1.5,10:30,-1180.0,50,34.0,-23.6
±2,4.25,5.0,10:30,-1180.0,50,34.0,-23.6
±2,4.5,1.5,10:30,-1180.0,50,34.0,-23.6
±2,4.25,4.75,10:30,-1180.0,50,34.0,-23.6
±2,5.0,2.0,10:30,-1180.0,50,34.0,-23.6
±2,2.0,3.0,10:30,-1180.0,50,34.0,-23.6
±2,3.75,4.25,10:30,-1180.0,50,34.0,-23.6
±2,2.25,3.75,10:30,-1180.0,50,34.0,-23.6
±2,2.25,4.0,10:30,-1180.0,50,34.0,-23.6
±2,1.5,4.0,10:30,-1180.0,50,34.0,-23.6
±2,1.5,3.5,10:30,-1180.0,50,34.0,-23.6
±2,3.5,4.5,10:30,-1180.0,50,34.0,-23.6
±2,1.5,3.0,10:30,-1180.0,50,34.0,-23.6
±2,4.0,2.75,10:30,-1180.0,50,34.0,-23.6
±2,4.0,2.25,10:30,-1180.0,50,34.0,-23.6
±2,4.0,1.75,10:30,-1180.0,50,34.0,-23.6
±2,3.0,3.25,10:30,-1180.0,50,34.0,-23.6
±2,3.0,3.75,10:30,-1180.0,50,34.0,-23.6
±2,3.5,2.0,10:30,-1180.0,50,34.0,-23.6
±2,1.25,3.0,10:30,-1180.0,50,34.0,-23.6
±2,4.5,4.75,10:30,-1180.0,50,34.0,-23.6
±2,3.25,3.25,10:30,-1180.0,50,34.0,-23.6
±2,1.75,5.0,10:30,-1180.0,50,34.0,-23.6
±2,3.75,4.0,10:30,-1180.0,50,34.0,-23.6
±2,2.0,1.5,10:30,-1180.0,50,34.0,-23.6
±2,2.0,1.75,10:30,-1180.0,50,34.0,-23.6
±2,3.75,3.75,10:30,-1180.0,50,34.0,-23.6
±2,3.75,3.25,10:30,-1180.0,50,34.0,-23.6
±2,2.0,2.5,10:30,-1180.0,50,34.0,-23.6
±2,2.75,4.5,10:30,-1180.0,50,34.0,-23.6
±2,2.75,4.0,10:30,-1180.0,50,34.0,-23.6
±2,2.5,3.0,10:30,-1180.0,50,34.0,-23.6
±2,4.5,4.5,10:30,-1180.0,50,34.0,-23.6
±2,2.5,4.0,10:30,-1180.0,50,34.0,-23.6
±2,2.5,3.5,10:30,-1180.0,50,34.0,-23.6
±2,1.25,1.75,10:30,-1180.0,50,34.0,-23.6
±2,1.25,2.0,10:30,-1180.0,50,34.0,-23.6
±2,1.25,2.25,10:30,-1180.0,50,34.0,-23.6
±2,2.5,3.75,10:30,-1180.0,50,34.0,-23.6
±2,3.5,1.5,10:30,-1180.0,50,34.0,-23.6
±2,3.75,5.0,10:30,-1180.0,50,34.0,-23.6
±2,3.75,2.25,10:30,-1180.0,50,34.0,-23.6
±2,3.75,1.75,10:30,-1180.0,50,34.0,-23.6
±2,3.75,2.0,10:30,-1180.0,50,34.0,-23.6
±2,2.75,4.75,10:30,-1180.0,50,34.0,-23.6
±2,1.5,1.5,14:00,-1181.0,50,44.0,-23.62
±2,1.75,1.5,13:00,-1184.0,50,38.0,-23.68
±2,1.5,0.5,14:30,-1184.0,50,38.0,-23.68
±3,1.25,0.75,11:30,-1184.0,50,34.0,-23.68
±2,1.75,1.0,14:30,-1185.0,50,38.0,-23.7
±2,0.5,2.25,10:30,-1187.0,50,34.0,-23.74
±2,0.5,2.5,10:30,-1187.0,50,34.0,-23.74
±2,0.5,1.5,10:30,-1187.0,50,34.0,-23.74
±2,0.5,3.75,10:30,-1187.0,50,34.0,-23.74
±2,0.5,2.75,10:30,-1187.0,50,34.0,-23.74
±2,0.5,2.0,10:30,-1187.0,50,34.0,-23.74
±2,0.5,4.25,10:30,-1187.0,50,34.0,-23.74
±2,0.5,4.0,10:30,-1187.0,50,34.0,-23.74
±2,0.5,3.25,10:30,-1187.0,50,34.0,-23.74
±2,0.5,3.5,10:30,-1187.0,50,34.0,-23.74
±2,0.5,4.5,10:30,-1187.0,50,34.0,-23.74
±2,0.5,4.75,10:30,-1187.0,50,34.0,-23.74
±2,0.5,5.0,10:30,-1187.0,50,34.0,-23.74
±2,0.5,3.0,10:30,-1187.0,50,34.0,-23.74
±2,0.5,1.75,10:30,-1187.0,50,34.0,-23.74
±3,1.25,0.5,11:00,-1190.0,50,30.0,-23.8
±3,3.5,0.5,12:30,-1191.0,50,36.0,-23.82
±3,3.25,0.5,12:30,-1191.0,50,36.0,-23.82
±3,3.75,0.5,12:30,-1191.0,50,36.0,-23.82
±3,4.75,0.5,12:30,-1191.0,50,36.0,-23.82
±3,2.0,0.5,12:30,-1191.0,50,36.0,-23.82
±3,2.5,0.5,12:30,-1191.0,50,36.0,-23.82
±3,4.0,0.5,12:30,-1191.0,50,36.0,-23.82
±3,5.0,0.5,12:30,-1191.0,50,36.0,-23.82
±3,4.5,0.5,12:30,-1191.0,50,36.0,-23.82
±3,4.25,0.5,12:30,-1191.0,50,36.0,-23.82
±3,2.25,0.5,12:30,-1191.0,50,36.0,-23.82
±3,2.75,0.5,12:30,-1191.0,50,36.0,-23.82
±3,3.0,0.5,12:30,-1191.0,50,36.0,-23.82
±3,0.75,1.25,14:30,-1198.0,50,36.0,-23.96
±2,0.75,0.5,13:00,-1199.0,50,40.0,-23.98
±3,1.75,5.0,13:00,-1204.0,50,30.0,-24.08
±3,1.75,4.5,13:00,-1204.0,50,30.0,-24.08
±3,1.75,4.25,13:00,-1204.0,50,30.0,-24.08
±3,1.75,3.0,13:00,-1204.0,50,30.0,-24.08
±3,1.75,4.75,13:00,-1204.0,50,30.0,-24.08
±3,1.75,3.5,13:00,-1204.0,50,30.0,-24.08
±3,1.75,4.0,13:00,-1204.0,50,30.0,-24.08
±3,1.75,3.75,13:00,-1204.0,50,30.0,-24.08
±3,1.75,3.25,13:00,-1204.0,50,30.0,-24.08
±3,1.75,1.75,13:00,-1204.0,50,30.0,-24.08
±3,1.75,2.25,13:00,-1204.0,50,30.0,-24.08
±3,1.75,2.75,13:00,-1204.0,50,30.0,-24.08
±3,1.75,2.5,13:00,-1204.0,50,30.0,-24.08
±3,1.75,2.0,13:00,-1204.0,50,30.0,-24.08
±3,2.0,1.75,11:00,-1205.0,50,34.0,-24.1
±3,4.5,4.0,11:00,-1205.0,50,34.0,-24.1
±3,4.5,3.75,11:00,-1205.0,50,34.0,-24.1
±3,4.5,3.0,11:00,-1205.0,50,34.0,-24.1
±3,4.5,2.75,11:00,-1205.0,50,34.0,-24.1
±3,2.0,4.75,11:00,-1205.0,50,34.0,-24.1
±3,4.25,2.5,11:00,-1205.0,50,34.0,-24.1
±3,4.25,1.75,11:00,-1205.0,50,34.0,-24.1
±3,4.25,2.25,11:00,-1205.0,50,34.0,-24.1
±3,4.25,2.0,11:00,-1205.0,50,34.0,-24.1
±3,2.25,2.0,11:00,-1205.0,50,34.0,-24.1
±3,2.25,2.25,11:00,-1205.0,50,34.0,-24.1
±3,4.5,4.25,11:00,-1205.0,50,34.0,-24.1
±3,2.25,1.75,11:00,-1205.0,50,34.0,-24.1
±3,4.5,4.5,11:00,-1205.0,50,34.0,-24.1
±3,4.5,4.75,11:00,-1205.0,50,34.0,-24.1
±3,4.0,5.0,11:00,-1205.0,50,34.0,-24.1
±3,2.0,4.25,11:00,-1205.0,50,34.0,-24.1
±3,2.0,5.0,11:00,-1205.0,50,34.0,-24.1
±3,4.25,3.75,11:00,-1205.0,50,34.0,-24.1
±3,4.25,4.0,11:00,-1205.0,50,34.0,-24.1
±3,2.0,4.5,11:00,-1205.0,50,34.0,-24.1
±3,2.0,4.0,11:00,-1205.0,50,34.0,-24.1
±3,4.25,4.75,11:00,-1205.0,50,34.0,-24.1
±3,4.25,4.5,11:00,-1205.0,50,34.0,-24.1
±3,4.25,4.25,11:00,-1205.0,50,34.0,-24.1
±3,4.5,3.25,11:00,-1205.0,50,34.0,-24.1
±3,3.25,3.25,11:00,-1205.0,50,34.0,-24.1
±3,5.0,3.25,11:00,-1205.0,50,34.0,-24.1
±3,5.0,2.0,11:00,-1205.0,50,34.0,-24.1
±3,5.0,3.5,11:00,-1205.0,50,34.0,-24.1
±3,3.25,2.0,11:00,-1205.0,50,34.0,-24.1
±3,3.25,1.75,11:00,-1205.0,50,34.0,-24.1
±3,3.25,2.25,11:00,-1205.0,50,34.0,-24.1
±3,5.0,4.25,11:00,-1205.0,50,34.0,-24.1
±3,5.0,1.75,11:00,-1205.0,50,34.0,-24.1
±3,4.5,2.25,11:00,-1205.0,50,34.0,-24.1
±3,5.0,2.75,11:00,-1205.0,50,34.0,-24.1
±3,2.0,2.75,11:00,-1205.0,50,34.0,-24.1
±3,2.0,2.0,11:00,-1205.0,50,34.0,-24.1
±3,2.0,2.25,11:00,-1205.0,50,34.0,-24.1
±3,4.25,5.0,11:00,-1205.0,50,34.0,-24.1
±3,2.0,3.0,11:00,-1205.0,50,34.0,-24.1
±3,2.0,3.25,11:00,-1205.0,50,34.0,-24.1
±3,2.0,3.5,11:00,-1205.0,50,34.0,-24.1
±3,2.0,3.75,11:00,-1205.0,50,34.0,-24.1
±3,4.5,2.5,11:00,-1205.0,50,34.0,-24.1
±3,5.0,2.25,11:00,-1205.0,50,34.0,-24.1
±3,5.0,2.5,11:00,-1205.0,50,34.0,-24.1
±3,2.0,2.5,11:00,-1205.0,50,34.0,-24.1
±3,4.5,1.75,11:00,-1205.0,50,34.0,-24.1
±3,4.5,2.0,11:00,-1205.0,50,34.0,-24.1
±3,5.0,4.0,11:00,-1205.0,50,34.0,-24.1
±3,5.0,3.75,11:00,-1205.0,50,34.0,-24.1
±3,2.5,2.75,11:00,-1205.0,50,34.0,-24.1
±3,3.75,4.25,11:00,-1205.0,50,34.0,-24.1
±3,3.75,4.0,11:00,-1205.0,50,34.0,-24.1
±3,3.75,3.75,11:00,-1205.0,50,34.0,-24.1
±3,3.75,3.5,11:00,-1205.0,50,34.0,-24.1
±3,4.0,1.75,11:00,-1205.0,50,34.0,-24.1
±3,3.75,5.0,11:00,-1205.0,50,34.0,-24.1
±3,3.75,4.75,11:00,-1205.0,50,34.0,-24.1
±3,4.0,3.25,11:00,-1205.0,50,34.0,-24.1
±3,2.25,5.0,11:00,-1205.0,50,34.0,-24.1
±3,4.0,2.0,11:00,-1205.0,50,34.0,-24.1
±3,4.0,3.0,11:00,-1205.0,50,34.0,-24.1
±3,2.25,4.0,11:00,-1205.0,50,34.0,-24.1
±3,2.25,4.25,11:00,-1205.0,50,34.0,-24.1
±3,2.25,4.5,11:00,-1205.0,50,34.0,-24.1
±3,2.25,4.75,11:00,-1205.0,50,34.0,-24.1
±3,4.5,5.0,11:00,-1205.0,50,34.0,-24.1
±3,4.0,4.0,11:00,-1205.0,50,34.0,-24.1
±3,4.0,3.75,11:00,-1205.0,50,34.0,-24.1
±3,4.0,3.5,11:00,-1205.0,50,34.0,-24.1
±3,2.25,3.5,11:00,-1205.0,50,34.0,-24.1
±3,4.0,2.75,11:00,-1205.0,50,34.0,-24.1
±3,4.0,2.5,11:00,-1205.0,50,34.0,-24.1
±3,4.0,2.25,11:00,-1205.0,50,34.0,-24.1
±3,2.25,3.75,11:00,-1205.0,50,34.0,-24.1
±3,2.25,3.25,11:00,-1205.0,50,34.0,-24.1
±3,4.0,4.75,11:00,-1205.0,50,34.0,-24.1
±3,2.25,2.5,11:00,-1205.0,50,34.0,-24.1
±3,2.25,2.75,11:00,-1205.0,50,34.0,-24.1
±3,2.25,3.0,11:00,-1205.0,50,34.0,-24.1
±3,4.0,4.25,11:00,-1205.0,50,34.0,-24.1
±3,4.0,4.5,11:00,-1205.0,50,34.0,-24.1
±3,4.5,3.5,11:00,-1205.0,50,34.0,-24.1
±3,4.25,3.5,11:00,-1205.0,50,34.0,-24.1
±3,4.25,3.25,11:00,-1205.0,50,34.0,-24.1
±3,4.25,3.0,11:00,-1205.0,50,34.0,-24.1
±3,4.25,2.75,11:00,-1205.0,50,34.0,-24.1
±3,3.5,5.0,11:00,-1205.0,50,34.0,-24.1
±3,2.5,4.75,11:00,-1205.0,50,34.0,-24.1
±3,2.5,5.0,11:00,-1205.0,50,34.0,-24.1
±3,3.5,4.75,11:00,-1205.0,50,34.0,-24.1
±3,2.75,2.75,11:00,-1205.0,50,34.0,-24.1
±3,3.5,4.0,11:00,-1205.0,50,34.0,-24.1
±3,2.5,4.0,11:00,-1205.0,50,34.0,-24.1
±3,3.75,1.75,11:00,-1205.0,50,34.0,-24.1
±3,3.75,2.0,11:00,-1205.0,50,34.0,-24.1
±3,2.75,1.75,11:00,-1205.0,50,34.0,-24.1
±3,2.75,2.0,11:00,-1205.0,50,34.0,-24.1
±3,2.5,3.75,11:00,-1205.0,50,34.0,-24.1
±3,2.5,3.5,11:00,-1205.0,50,34.0,-24.1
±3,2.5,3.25,11:00,-1205.0,50,34.0,-24.1
±3,2.5,4.25,11:00,-1205.0,50,34.0,-24.1
±3,3.75,3.0,11:00,-1205.0,50,34.0,-24.1
±3,3.75,2.75,11:00,-1205.0,50,34.0,-24.1
±3,2.5,2.5,11:00,-1205.0,50,34.0,-24.1
±3,3.75,2.5,11:00,-1205.0,50,34.0,-24.1
±3,2.5,4.5,11:00,-1205.0,50,34.0,-24.1
±3,3.75,2.25,11:00,-1205.0,50,34.0,-24.1
±3,3.75,4.5,11:00,-1205.0,50,34.0,-24.1
±3,2.5,3.0,11:00,-1205.0,50,34.0,-24.1
±3,2.5,2.25,11:00,-1205.0,50,34.0,-24.1
±3,3.75,3.25,11:00,-1205.0,50,34.0,-24.1
±3,2.5,2.0,11:00,-1205.0,50,34.0,-24.1
±3,2.5,1.75,11:00,-1205.0,50,34.0,-24.1
±3,3.5,3.0,11:00,-1205.0,50,34.0,-24.1
±3,3.5,2.75,11:00,-1205.0,50,34.0,-24.1
±3,3.5,3.25,11:00,-1205.0,50,34.0,-24.1
±3,2.75,4.5,11:00,-1205.0,50,34.0,-24.1
±3,2.75,4.25,11:00,-1205.0,50,34.0,-24.1
±3,4.75,2.75,11:00,-1205.0,50,34.0,-24.1
±3,4.75,2.5,11:00,-1205.0,50,34.0,-24.1
±3,4.75,2.25,11:00,-1205.0,50,34.0,-24.1
±3,3.5,3.5,11:00,-1205.0,50,34.0,-24.1
±3,3.5,3.75,11:00,-1205.0,50,34.0,-24.1
±3,4.75,1.75,11:00,-1205.0,50,34.0,-24.1
±3,4.75,2.0,11:00,-1205.0,50,34.0,-24.1
±3,2.75,3.25,11:00,-1205.0,50,34.0,-24.1
±3,2.75,3.5,11:00,-1205.0,50,34.0,-24.1
±3,2.75,3.75,11:00,-1205.0,50,34.0,-24.1
±3,2.75,4.0,11:00,-1205.0,50,34.0,-24.1
±3,3.5,4.5,11:00,-1205.0,50,34.0,-24.1
±3,3.5,4.25,11:00,-1205.0,50,34.0,-24.1
±3,2.75,2.5,11:00,-1205.0,50,34.0,-24.1
±3,2.75,2.25,11:00,-1205.0,50,34.0,-24.1
±3,2.75,3.0,11:00,-1205.0,50,34.0,-24.1
±3,3.5,2.25,11:00,-1205.0,50,34.0,-24.1
±3,3.5,1.75,11:00,-1205.0,50,34.0,-24.1
±3,3.5,2.0,11:00,-1205.0,50,34.0,-24.1
±3,4.75,3.25,11:00,-1205.0,50,34.0,-24.1
±3,4.75,3.0,11:00,-1205.0,50,34.0,-24.1
±3,4.75,4.75,11:00,-1205.0,50,34.0,-24.1
±3,4.75,3.75,11:00,-1205.0,50,34.0,-24.1
±3,4.75,3.5,11:00,-1205.0,50,34.0,-24.1
±3,3.5,2.5,11:00,-1205.0,50,34.0,-24.1
±3,2.75,5.0,11:00,-1205.0,50,34.0,-24.1
±3,2.75,4.75,11:00,-1205.0,50,34.0,-24.1
±3,3.25,5.0,11:00,-1205.0,50,34.0,-24.1
±3,3.0,3.5,11:00,-1205.0,50,34.0,-24.1
±3,3.0,3.25,11:00,-1205.0,50,34.0,-24.1
±3,3.0,3.0,11:00,-1205.0,50,34.0,-24.1
±3,3.0,2.75,11:00,-1205.0,50,34.0,-24.1
±3,3.0,2.5,11:00,-1205.0,50,34.0,-24.1
±3,3.0,3.75,11:00,-1205.0,50,34.0,-24.1
±3,4.75,4.5,11:00,-1205.0,50,34.0,-24.1
±3,3.0,1.75,11:00,-1205.0,50,34.0,-24.1
±3,4.75,4.25,11:00,-1205.0,50,34.0,-24.1
±3,4.75,4.0,11:00,-1205.0,50,34.0,-24.1
±3,3.0,2.25,11:00,-1205.0,50,34.0,-24.1
±3,3.0,2.0,11:00,-1205.0,50,34.0,-24.1
±3,3.25,4.5,11:00,-1205.0,50,34.0,-24.1
±3,3.25,4.25,11:00,-1205.0,50,34.0,-24.1
±3,4.75,5.0,11:00,-1205.0,50,34.0,-24.1
±3,3.0,5.0,11:00,-1205.0,50,34.0,-24.1
±3,3.0,4.75,11:00,-1205.0,50,34.0,-24.1
±3,3.25,4.75,11:00,-1205.0,50,34.0,-24.1
±3,3.0,4.5,11:00,-1205.0,50,34.0,-24.1
±3,3.0,4.0,11:00,-1205.0,50,34.0,-24.1
±3,3.0,4.25,11:00,-1205.0,50,34.0,-24.1
±3,3.25,4.0,11:00,-1205.0,50,34.0,-24.1
±3,3.25,3.75,11:00,-1205.0,50,34.0,-24.1
±3,3.25,2.5,11:00,-1205.0,50,34.0,-24.1
±3,3.25,3.5,11:00,-1205.0,50,34.0,-24.1
±3,3.25,2.75,11:00,-1205.0,50,34.0,-24.1
±3,3.25,3.0,11:00,-1205.0,50,34.0,-24.1
±3,5.0,4.5,11:00,-1205.0,50,34.0,-24.1
±3,5.0,3.0,11:00,-1205.0,50,34.0,-24.1
±3,5.0,5.0,11:00,-1205.0,50,34.0,-24.1
±3,5.0,4.75,11:00,-1205.0,50,34.0,-24.1
±2,2.25,1.0,10:30,-1206.0,50,38.0,-24.12
±2,3.75,1.0,10:30,-1206.0,50,38.0,-24.12
±2,3.5,1.0,10:30,-1206.0,50,38.0,-24.12
±2,4.0,1.0,10:30,-1206.0,50,38.0,-24.12
±2,4.5,1.0,10:30,-1206.0,50,38.0,-24.12
±2,5.0,1.0,10:30,-1206.0,50,38.0,-24.12
±2,1.75,1.0,10:30,-1206.0,50,38.0,-24.12
±2,2.5,1.0,10:30,-1206.0,50,38.0,-24.12
±2,2.0,1.0,10:30,-1206.0,50,38.0,-24.12
±2,3.0,1.0,10:30,-1206.0,50,38.0,-24.12
±2,1.5,1.0,10:30,-1206.0,50,38.0,-24.12
±2,2.75,1.0,10:30,-1206.0,50,38.0,-24.12
±2,4.75,1.0,10:30,-1206.0,50,38.0,-24.12
±2,4.25,1.0,10:30,-1206.0,50,38.0,-24.12
±2,3.25,1.0,10:30,-1206.0,50,38.0,-24.12
±2,1.25,1.0,10:30,-1206.0,50,38.0,-24.12
±3,1.75,1.5,15:00,-1207.0,50,32.0,-24.14
±2,1.25,1.5,12:30,-1208.0,50,36.0,-24.16
±2,1.5,3.5,13:30,-1209.0,50,38.0,-24.18
±2,1.5,2.5,13:30,-1209.0,50,38.0,-24.18
±2,1.5,2.75,13:30,-1209.0,50,38.0,-24.18
±2,1.5,2.25,13:30,-1209.0,50,38.0,-24.18
±2,1.5,1.75,13:30,-1209.0,50,38.0,-24.18
±2,1.5,4.0,13:30,-1209.0,50,38.0,-24.18
±2,1.5,3.0,13:30,-1209.0,50,38.0,-24.18
±2,1.5,4.5,13:30,-1209.0,50,38.0,-24.18
±2,1.5,4.75,13:30,-1209.0,50,38.0,-24.18
±2,1.5,3.25,13:30,-1209.0,50,38.0,-24.18
±2,1.5,3.75,13:30,-1209.0,50,38.0,-24.18
±2,1.5,4.25,13:30,-1209.0,50,38.0,-24.18
±2,1.0,0.75,13:00,-1209.0,50,46.0,-24.18
±2,1.5,5.0,13:30,-1209.0,50,38.0,-24.18
±2,1.5,2.0,13:30,-1209.0,50,38.0,-24.18
±3,1.0,1.0,10:30,-1209.0,50,36.0,-24.18
±3,1.25,1.25,13:00,-1211.0,50,30.0,-24.22
±2,1.25,1.5,15:00,-1212.0,50,40.0,-24.24
±2,0.5,1.0,10:30,-1213.0,50,38.0,-24.26
±2,1.5,1.0,15:00,-1214.0,50,42.0,-24.28
±3,0.75,0.5,15:00,-1215.0,50,40.0,-24.3
±3,1.5,1.5,15:00,-1218.0,50,32.0,-24.36
±3,1.25,1.25,15:00,-1219.0,50,36.0,-24.38
±2,0.75,1.25,10:30,-1219.0,50,32.0,-24.38
±3,4.75,1.5,13:30,-1220.0,50,38.0,-24.4
±3,2.75,1.5,13:30,-1220.0,50,38.0,-24.4
±3,3.0,1.5,13:30,-1220.0,50,38.0,-24.4
±3,3.25,1.5,13:30,-1220.0,50,38.0,-24.4
±3,4.25,1.5,13:30,-1220.0,50,38.0,-24.4
±3,3.5,1.5,13:30,-1220.0,50,38.0,-24.4
±3,4.5,1.5,13:30,-1220.0,50,38.0,-24.4
±3,5.0,1.5,13:30,-1220.0,50,38.0,-24.4
±3,2.25,1.5,13:30,-1220.0,50,38.0,-24.4
±3,4.0,1.5,13:30,-1220.0,50,38.0,-24.4
±3,3.75,1.5,13:30,-1220.0,50,38.0,-24.4
±3,2.0,1.5,13:30,-1220.0,50,38.0,-24.4
±3,2.5,1.5,13:30,-1220.0,50,38.0,-24.4
±2,1.5,1.0,14:30,-1225.0,50,38.0,-24.5
±3,1.25,1.0,12:00,-1228.0,50,30.0,-24.56
±3,0.75,0.5,10:30,-1230.0,50,32.0,-24.6
±3,1.0,1.25,14:00,-1236.0,50,40.0,-24.72
±3,1.0,1.25,10:30,-1237.0,50,34.0,-24.74
±2,1.5,1.75,13:00,-1239.0,50,38.0,-24.78
±2,1.5,2.25,13:00,-1239.0,50,38.0,-24.78
±2,1.5,2.5,13:00,-1239.0,50,38.0,-24.78
±2,1.5,3.5,13:00,-1239.0,50,38.0,-24.78
±2,1.5,2.75,13:00,-1239.0,50,38.0,-24.78
±2,1.5,3.25,13:00,-1239.0,50,38.0,-24.78
±2,1.5,3.0,13:00,-1239.0,50,38.0,-24.78
±2,1.5,5.0,13:00,-1239.0,50,38.0,-24.78
±2,1.5,4.25,13:00,-1239.0,50,38.0,-24.78
±2,1.5,3.75,13:00,-1239.0,50,38.0,-24.78
±2,1.5,4.0,13:00,-1239.0,50,38.0,-24.78
±2,1.5,4.5,13:00,-1239.0,50,38.0,-24.78
±2,1.5,2.0,13:00,-1239.0,50,38.0,-24.78
±2,1.5,4.75,13:00,-1239.0,50,38.0,-24.78
±2,1.75,0.5,11:00,-1240.0,50,32.0,-24.8
±2,1.5,0.5,11:00,-1240.0,50,32.0,-24.8
±3,5.0,0.5,12:00,-1244.0,50,32.0,-24.88
±3,2.5,0.5,12:00,-1244.0,50,32.0,-24.88
±3,4.25,0.5,12:00,-1244.0,50,32.0,-24.88
±3,3.75,0.5,12:00,-1244.0,50,32.0,-24.88
±3,2.25,0.5,12:00,-1244.0,50,32.0,-24.88
±3,2.0,0.5,12:00,-1244.0,50,32.0,-24.88
±3,4.5,0.5,12:00,-1244.0,50,32.0,-24.88
±3,3.5,0.5,12:00,-1244.0,50,32.0,-24.88
±3,3.0,0.5,12:00,-1244.0,50,32.0,-24.88
±3,3.25,0.5,12:00,-1244.0,50,32.0,-24.88
±3,4.75,0.5,12:00,-1244.0,50,32.0,-24.88
±3,2.75,0.5,12:00,-1244.0,50,32.0,-24.88
±3,4.0,0.5,12:00,-1244.0,50,32.0,-24.88
±3,0.75,0.75,11:30,-1245.0,50,36.0,-24.9
±3,0.75,1.5,13:30,-1249.0,50,38.0,-24.98
±3,0.75,0.5,12:30,-1253.0,50,32.0,-25.06
±2,1.25,0.5,11:00,-1257.0,50,32.0,-25.14
±2,3.0,1.5,13:30,-1258.0,50,38.0,-25.16
±2,4.25,1.5,13:30,-1258.0,50,38.0,-25.16
±2,3.25,1.5,13:30,-1258.0,50,38.0,-25.16
±2,2.0,1.5,13:30,-1258.0,50,38.0,-25.16
±2,3.75,1.5,13:30,-1258.0,50,38.0,-25.16
±2,4.5,1.5,13:30,-1258.0,50,38.0,-25.16
±2,2.25,1.5,13:30,-1258.0,50,38.0,-25.16
±3,1.0,0.5,15:00,-1258.0,50,40.0,-25.16
±2,3.5,1.5,13:30,-1258.0,50,38.0,-25.16
±2,5.0,1.5,13:30,-1258.0,50,38.0,-25.16
±2,2.5,1.5,13:30,-1258.0,50,38.0,-25.16
±2,2.75,1.5,13:30,-1258.0,50,38.0,-25.16
±2,4.75,1.5,13:30,-1258.0,50,38.0,-25.16
±2,4.0,1.5,13:30,-1258.0,50,38.0,-25.16
±2,1.0,3.5,10:30,-1261.0,50,32.0,-25.22
±2,1.0,4.0,10:30,-1261.0,50,32.0,-25.22
±2,1.0,4.25,10:30,-1261.0,50,32.0,-25.22
±2,1.0,3.75,10:30,-1261.0,50,32.0,-25.22
±2,1.0,4.5,10:30,-1261.0,50,32.0,-25.22
±2,1.0,2.5,10:30,-1261.0,50,32.0,-25.22
±2,1.0,5.0,10:30,-1261.0,50,32.0,-25.22
±2,1.0,2.75,10:30,-1261.0,50,32.0,-25.22
±2,1.0,1.5,10:30,-1261.0,50,32.0,-25.22
±2,1.0,3.0,10:30,-1261.0,50,32.0,-25.22
±2,1.0,2.25,10:30,-1261.0,50,32.0,-25.22
±2,1.0,2.0,10:30,-1261.0,50,32.0,-25.22
±2,1.0,1.75,10:30,-1261.0,50,32.0,-25.22
±2,1.0,3.25,10:30,-1261.0,50,32.0,-25.22
±2,1.0,4.75,10:30,-1261.0,50,32.0,-25.22
±2,1.25,0.75,11:30,-1264.0,50,36.0,-25.28
±3,4.75,1.25,13:00,-1265.0,50,30.0,-25.3
±3,3.25,1.25,13:00,-1265.0,50,30.0,-25.3
±2,3.75,1.25,10:30,-1265.0,50,34.0,-25.3
±2,2.25,1.25,10:30,-1265.0,50,34.0,-25.3
±3,3.0,1.25,13:00,-1265.0,50,30.0,-25.3
±3,2.75,1.25,13:00,-1265.0,50,30.0,-25.3
±2,2.0,1.25,10:30,-1265.0,50,34.0,-25.3
±2,5.0,1.25,10:30,-1265.0,50,34.0,-25.3
±2,1.75,1.25,10:30,-1265.0,50,34.0,-25.3
±3,3.5,1.25,13:00,-1265.0,50,30.0,-25.3
±2,4.0,1.25,10:30,-1265.0,50,34.0,-25.3
±2,4.5,1.25,10:30,-1265.0,50,34.0,-25.3
±3,4.5,1.25,13:00,-1265.0,50,30.0,-25.3
±3,2.5,1.25,13:00,-1265.0,50,30.0,-25.3
±3,2.0,1.25,13:00,-1265.0,50,30.0,-25.3
±2,3.5,1.25,10:30,-1265.0,50,34.0,-25.3
±2,3.0,1.25,10:30,-1265.0,50,34.0,-25.3
±2,2.5,1.25,10:30,-1265.0,50,34.0,-25.3
±2,2.75,1.25,10:30,-1265.0,50,34.0,-25.3
±3,4.25,1.25,13:00,-1265.0,50,30.0,-25.3
±3,2.25,1.25,13:00,-1265.0,50,30.0,-25.3
±3,0.5,0.5,10:30,-1265.0,50,36.0,-25.3
±2,1.5,1.25,10:30,-1265.0,50,34.0,-25.3
±3,3.75,1.25,13:00,-1265.0,50,30.0,-25.3
±3,4.0,1.25,13:00,-1265.0,50,30.0,-25.3
±2,1.25,1.25,10:30,-1265.0,50,34.0,-25.3
±2,4.25,1.25,10:30,-1265.0,50,34.0,-25.3
±2,3.25,1.25,10:30,-1265.0,50,34.0,-25.3
±2,4.75,1.25,10:30,-1265.0,50,34.0,-25.3
±3,5.0,1.25,13:00,-1265.0,50,30.0,-25.3
±3,0.75,2.75,14:00,-1267.0,50,38.0,-25.34
±3,0.75,3.5,14:00,-1267.0,50,38.0,-25.34
±3,0.75,3.25,14:00,-1267.0,50,38.0,-25.34
±3,0.75,3.0,14:00,-1267.0,50,38.0,-25.34
±3,0.75,1.75,14:00,-1267.0,50,38.0,-25.34
±3,0.75,2.0,14:00,-1267.0,50,38.0,-25.34
±3,0.75,2.5,14:00,-1267.0,50,38.0,-25.34
±3,0.75,2.25,14:00,-1267.0,50,38.0,-25.34
±3,0.75,4.0,14:00,-1267.0,50,38.0,-25.34
±3,0.75,3.75,14:00,-1267.0,50,38.0,-25.34
±3,0.75,4.25,14:00,-1267.0,50,38.0,-25.34
±3,0.75,4.5,14:00,-1267.0,50,38.0,-25.34
±3,0.75,4.75,14:00,-1267.0,50,38.0,-25.34
±3,0.75,5.0,14:00,-1267.0,50,38.0,-25.34
±2,1.75,2.25,13:00,-1268.0,50,38.0,-25.36
±2,1.75,2.5,13:00,-1268.0,50,38.0,-25.36
±2,1.75,4.0,13:00,-1268.0,50,38.0,-25.36
±2,1.75,4.25,13:00,-1268.0,50,38.0,-25.36
±2,1.75,5.0,13:00,-1268.0,50,38.0,-25.36
±2,1.75,4.5,13:00,-1268.0,50,38.0,-25.36
±2,1.75,3.0,13:00,-1268.0,50,38.0,-25.36
±2,1.75,2.0,13:00,-1268.0,50,38.0,-25.36
±2,1.75,3.5,13:00,-1268.0,50,38.0,-25.36
±2,1.75,3.25,13:00,-1268.0,50,38.0,-25.36
±2,1.75,1.75,13:00,-1268.0,50,38.0,-25.36
±2,1.75,2.75,13:00,-1268.0,50,38.0,-25.36
±2,1.75,4.75,13:00,-1268.0,50,38.0,-25.36
±2,1.75,3.75,13:00,-1268.0,50,38.0,-25.36
±2,0.5,1.25,10:30,-1272.0,50,34.0,-25.44
±3,0.5,0.75,11:00,-1273.0,50,42.0,-25.46
±3,0.75,0.75,11:00,-1277.0,50,38.0,-25.54
±3,1.5,1.25,12:30,-1278.0,50,34.0,-25.56
±3,1.75,1.25,12:30,-1278.0,50,34.0,-25.56
±2,0.75,0.5,14:30,-1279.0,50,44.0,-25.58
±2,2.25,3.25,11:00,-1280.0,50,32.0,-25.6
±2,2.25,3.5,11:00,-1280.0,50,32.0,-25.6
±2,4.5,5.0,11:00,-1280.0,50,32.0,-25.6
±2,4.5,4.5,11:00,-1280.0,50,32.0,-25.6
±2,4.5,4.25,11:00,-1280.0,50,32.0,-25.6
±2,3.5,4.75,11:00,-1280.0,50,32.0,-25.6
±2,3.25,4.5,11:00,-1280.0,50,32.0,-25.6
±2,2.75,2.75,11:00,-1280.0,50,32.0,-25.6
±2,2.75,2.5,11:00,-1280.0,50,32.0,-25.6
±2,4.5,4.75,11:00,-1280.0,50,32.0,-25.6
±2,2.75,2.0,11:00,-1280.0,50,32.0,-25.6
±2,2.75,1.75,11:00,-1280.0,50,32.0,-25.6
±2,4.0,3.5,11:00,-1280.0,50,32.0,-25.6
±2,3.25,5.0,11:00,-1280.0,50,32.0,-25.6
±2,4.0,3.75,11:00,-1280.0,50,32.0,-25.6
±2,4.25,2.5,11:00,-1280.0,50,32.0,-25.6
±2,4.0,4.25,11:00,-1280.0,50,32.0,-25.6
±2,4.0,4.75,11:00,-1280.0,50,32.0,-25.6
±2,2.75,3.25,11:00,-1280.0,50,32.0,-25.6
±2,2.75,3.5,11:00,-1280.0,50,32.0,-25.6
±2,3.25,4.0,11:00,-1280.0,50,32.0,-25.6
±2,3.25,4.25,11:00,-1280.0,50,32.0,-25.6
±2,2.75,5.0,11:00,-1280.0,50,32.0,-25.6
±2,3.25,3.75,11:00,-1280.0,50,32.0,-25.6
±2,2.75,4.25,11:00,-1280.0,50,32.0,-25.6
±2,2.75,4.0,11:00,-1280.0,50,32.0,-25.6
±2,2.75,4.5,11:00,-1280.0,50,32.0,-25.6
±2,2.75,3.75,11:00,-1280.0,50,32.0,-25.6
±2,2.5,4.75,11:00,-1280.0,50,32.0,-25.6
±2,4.0,3.25,11:00,-1280.0,50,32.0,-25.6
±2,4.0,2.75,11:00,-1280.0,50,32.0,-25.6
±2,4.25,3.75,11:00,-1280.0,50,32.0,-25.6
±2,3.5,4.5,11:00,-1280.0,50,32.0,-25.6
±2,3.5,4.25,11:00,-1280.0,50,32.0,-25.6
±2,4.25,2.25,11:00,-1280.0,50,32.0,-25.6
±2,4.25,1.75,11:00,-1280.0,50,32.0,-25.6
±2,4.0,5.0,11:00,-1280.0,50,32.0,-25.6
±2,2.75,3.0,11:00,-1280.0,50,32.0,-25.6
±2,4.0,4.0,11:00,-1280.0,50,32.0,-25.6
±2,4.0,4.5,11:00,-1280.0,50,32.0,-25.6
±2,2.75,2.25,11:00,-1280.0,50,32.0,-25.6
±2,3.25,4.75,11:00,-1280.0,50,32.0,-25.6
±2,2.25,2.25,11:00,-1280.0,50,32.0,-25.6
±2,2.25,2.5,11:00,-1280.0,50,32.0,-25.6
±2,3.5,5.0,11:00,-1280.0,50,32.0,-25.6
±2,2.25,3.0,11:00,-1280.0,50,32.0,-25.6
±2,3.0,4.75,11:00,-1280.0,50,32.0,-25.6
±2,4.5,4.0,11:00,-1280.0,50,32.0,-25.6
±2,4.75,1.75,11:00,-1280.0,50,32.0,-25.6
±2,4.5,3.5,11:00,-1280.0,50,32.0,-25.6
±2,4.5,3.75,11:00,-1280.0,50,32.0,-25.6
±2,4.75,2.0,11:00,-1280.0,50,32.0,-25.6
±2,4.75,2.25,11:00,-1280.0,50,32.0,-25.6
±2,4.75,2.5,11:00,-1280.0,50,32.0,-25.6
±2,5.0,3.75,11:00,-1280.0,50,32.0,-25.6
±2,5.0,3.5,11:00,-1280.0,50,32.0,-25.6
±2,4.25,4.0,11:00,-1280.0,50,32.0,-25.6
±2,5.0,3.25,11:00,-1280.0,50,32.0,-25.6
±2,5.0,3.0,11:00,-1280.0,50,32.0,-25.6
±2,2.5,4.5,11:00,-1280.0,50,32.0,-25.6
±2,2.5,4.25,11:00,-1280.0,50,32.0,-25.6
±2,2.5,4.0,11:00,-1280.0,50,32.0,-25.6
±2,5.0,5.0,11:00,-1280.0,50,32.0,-25.6
±2,4.0,2.5,11:00,-1280.0,50,32.0,-25.6
±2,4.0,3.0,11:00,-1280.0,50,32.0,-25.6
±2,4.25,3.0,11:00,-1280.0,50,32.0,-25.6
±2,5.0,4.75,11:00,-1280.0,50,32.0,-25.6
±2,4.25,2.75,11:00,-1280.0,50,32.0,-25.6
±2,2.75,4.75,11:00,-1280.0,50,32.0,-25.6
±2,5.0,4.5,11:00,-1280.0,50,32.0,-25.6
±2,2.5,5.0,11:00,-1280.0,50,32.0,-25.6
±2,4.25,2.0,11:00,-1280.0,50,32.0,-25.6
±2,3.25,3.5,11:00,-1280.0,50,32.0,-25.6
±2,3.25,3.25,11:00,-1280.0,50,32.0,-25.6
±2,4.25,3.25,11:00,-1280.0,50,32.0,-25.6
±2,5.0,4.25,11:00,-1280.0,50,32.0,-25.6
±2,3.25,2.5,11:00,-1280.0,50,32.0,-25.6
±2,3.25,2.75,11:00,-1280.0,50,32.0,-25.6
±2,4.0,2.25,11:00,-1280.0,50,32.0,-25.6
±2,2.5,3.75,11:00,-1280.0,50,32.0,-25.6
±2,4.0,1.75,11:00,-1280.0,50,32.0,-25.6
±2,4.0,2.0,11:00,-1280.0,50,32.0,-25.6
±2,5.0,1.75,11:00,-1280.0,50,32.0,-25.6
±2,2.5,3.25,11:00,-1280.0,50,32.0,-25.6
±2,5.0,4.0,11:00,-1280.0,50,32.0,-25.6
±2,4.25,3.5,11:00,-1280.0,50,32.0,-25.6
±2,3.0,1.75,11:00,-1280.0,50,32.0,-25.6
±2,4.5,1.75,11:00,-1280.0,50,32.0,-25.6
±2,3.5,2.0,11:00,-1280.0,50,32.0,-25.6
±2,3.5,1.75,11:00,-1280.0,50,32.0,-25.6
±2,2.5,3.0,11:00,-1280.0,50,32.0,-25.6
±2,2.5,3.5,11:00,-1280.0,50,32.0,-25.6
±2,2.5,2.75,11:00,-1280.0,50,32.0,-25.6
±2,5.0,2.75,11:00,-1280.0,50,32.0,-25.6
±2,4.25,4.5,11:00,-1280.0,50,32.0,-25.6
±2,4.25,4.25,11:00,-1280.0,50,32.0,-25.6
±2,5.0,2.5,11:00,-1280.0,50,32.0,-25.6
±2,5.0,2.25,11:00,-1280.0,50,32.0,-25.6
±2,5.0,2.0,11:00,-1280.0,50,32.0,-25.6
±2,3.0,2.25,11:00,-1280.0,50,32.0,-25.6
±2,3.0,3.0,11:00,-1280.0,50,32.0,-25.6
±2,3.0,2.75,11:00,-1280.0,50,32.0,-25.6
±2,3.5,2.5,11:00,-1280.0,50,32.0,-25.6
±2,2.5,1.75,11:00,-1280.0,50,32.0,-25.6
±2,3.75,5.0,11:00,-1280.0,50,32.0,-25.6
±2,3.25,2.25,11:00,-1280.0,50,32.0,-25.6
±2,3.0,2.5,11:00,-1280.0,50,32.0,-25.6
±2,4.25,5.0,11:00,-1280.0,50,32.0,-25.6
±2,3.5,2.25,11:00,-1280.0,50,32.0,-25.6
±2,2.5,2.25,11:00,-1280.0,50,32.0,-25.6
±2,3.75,4.25,11:00,-1280.0,50,32.0,-25.6
±2,3.75,4.75,11:00,-1280.0,50,32.0,-25.6
±2,2.5,2.0,11:00,-1280.0,50,32.0,-25.6
±2,2.5,2.5,11:00,-1280.0,50,32.0,-25.6
±2,3.5,2.75,11:00,-1280.0,50,32.0,-25.6
±2,4.25,4.75,11:00,-1280.0,50,32.0,-25.6
±2,3.0,2.0,11:00,-1280.0,50,32.0,-25.6
±2,3.25,3.0,11:00,-1280.0,50,32.0,-25.6
±2,3.75,4.0,11:00,-1280.0,50,32.0,-25.6
±2,3.5,3.0,11:00,-1280.0,50,32.0,-25.6
±2,3.75,4.5,11:00,-1280.0,50,32.0,-25.6
±2,3.75,3.5,11:00,-1280.0,50,32.0,-25.6
±2,4.5,2.5,11:00,-1280.0,50,32.0,-25.6
±2,2.0,1.75,11:00,-1280.0,50,32.0,-25.6
±2,3.75,3.75,11:00,-1280.0,50,32.0,-25.6
±2,3.75,3.25,11:00,-1280.0,50,32.0,-25.6
±2,3.0,3.25,11:00,-1280.0,50,32.0,-25.6
±2,3.0,3.75,11:00,-1280.0,50,32.0,-25.6
±2,4.75,4.0,11:00,-1280.0,50,32.0,-25.6
±2,4.75,4.25,11:00,-1280.0,50,32.0,-25.6
±2,4.5,2.0,11:00,-1280.0,50,32.0,-25.6
±2,3.0,3.5,11:00,-1280.0,50,32.0,-25.6
±2,3.25,1.75,11:00,-1280.0,50,32.0,-25.6
±2,3.25,2.0,11:00,-1280.0,50,32.0,-25.6
±2,4.75,5.0,11:00,-1280.0,50,32.0,-25.6
±2,2.0,2.0,11:00,-1280.0,50,32.0,-25.6
±2,2.25,4.75,11:00,-1280.0,50,32.0,-25.6
±2,3.5,3.25,11:00,-1280.0,50,32.0,-25.6
±2,3.5,3.5,11:00,-1280.0,50,32.0,-25.6
±2,2.0,2.25,11:00,-1280.0,50,32.0,-25.6
±2,2.0,2.5,11:00,-1280.0,50,32.0,-25.6
±2,3.75,3.0,11:00,-1280.0,50,32.0,-25.6
±2,2.0,2.75,11:00,-1280.0,50,32.0,-25.6
±2,3.75,2.5,11:00,-1280.0,50,32.0,-25.6
±2,2.0,3.5,11:00,-1280.0,50,32.0,-25.6
±2,2.0,3.0,11:00,-1280.0,50,32.0,-25.6
±2,2.0,3.25,11:00,-1280.0,50,32.0,-25.6
±2,4.5,2.25,11:00,-1280.0,50,32.0,-25.6
±2,4.75,4.5,11:00,-1280.0,50,32.0,-25.6
±2,4.75,4.75,11:00,-1280.0,50,32.0,-25.6
±2,3.5,3.75,11:00,-1280.0,50,32.0,-25.6
±2,2.25,4.0,11:00,-1280.0,50,32.0,-25.6
±2,2.0,4.0,11:00,-1280.0,50,32.0,-25.6
±2,2.25,5.0,11:00,-1280.0,50,32.0,-25.6
±2,2.0,4.25,11:00,-1280.0,50,32.0,-25.6
±2,3.75,2.25,11:00,-1280.0,50,32.0,-25.6
±2,3.75,2.75,11:00,-1280.0,50,32.0,-25.6
±2,2.25,4.5,11:00,-1280.0,50,32.0,-25.6
±2,3.75,2.0,11:00,-1280.0,50,32.0,-25.6
±2,2.0,5.0,11:00,-1280.0,50,32.0,-25.6
±2,2.0,4.75,11:00,-1280.0,50,32.0,-25.6
±2,2.0,4.5,11:00,-1280.0,50,32.0,-25.6
±2,3.0,4.0,11:00,-1280.0,50,32.0,-25.6
±2,3.0,4.25,11:00,-1280.0,50,32.0,-25.6
±2,3.75,1.75,11:00,-1280.0,50,32.0,-25.6
±2,2.0,3.75,11:00,-1280.0,50,32.0,-25.6
±2,3.0,4.5,11:00,-1280.0,50,32.0,-25.6
±2,3.0,5.0,11:00,-1280.0,50,32.0,-25.6
±2,4.75,3.0,11:00,-1280.0,50,32.0,-25.6
±2,4.5,3.25,11:00,-1280.0,50,32.0,-25.6
±2,4.5,2.75,11:00,-1280.0,50,32.0,-25.6
±2,4.5,3.0,11:00,-1280.0,50,32.0,-25.6
±2,4.75,3.25,11:00,-1280.0,50,32.0,-25.6
±2,4.75,2.75,11:00,-1280.0,50,32.0,-25.6
±2,4.75,3.5,11:00,-1280.0,50,32.0,-25.6
±2,4.75,3.75,11:00,-1280.0,50,32.0,-25.6
±2,2.25,3.75,11:00,-1280.0,50,32.0,-25.6
±2,2.25,4.25,11:00,-1280.0,50,32.0,-25.6
±2,3.5,4.0,11:00,-1280.0,50,32.0,-25.6
±2,2.25,2.0,11:00,-1280.0,50,32.0,-25.6
±2,2.25,1.75,11:00,-1280.0,50,32.0,-25.6
±2,2.25,2.75,11:00,-1280.0,50,32.0,-25.6
±3,1.0,1.25,15:00,-1283.0,50,38.0,-25.66
±3,0.5,1.5,11:00,-1287.0,50,36.0,-25.74
±2,1.0,1.0,10:30,-1287.0,50,36.0,-25.74
±3,1.25,1.5,13:00,-1290.0,50,30.0,-25.8
±3,0.75,1.5,11:00,-1291.0,50,32.0,-25.82
±2,2.25,1.0,15:00,-1293.0,50,42.0,-25.86
±2,3.75,1.0,15:00,-1293.0,50,42.0,-25.86
±2,3.25,1.0,15:00,-1293.0,50,42.0,-25.86
±2,3.0,1.0,15:00,-1293.0,50,42.0,-25.86
±2,3.5,1.0,15:00,-1293.0,50,42.0,-25.86
±2,4.0,1.0,15:00,-1293.0,50,42.0,-25.86
±2,2.5,1.0,15:00,-1293.0,50,42.0,-25.86
±2,4.25,1.0,15:00,-1293.0,50,42.0,-25.86
±2,2.0,1.0,15:00,-1293.0,50,42.0,-25.86
±2,5.0,1.0,15:00,-1293.0,50,42.0,-25.86
±2,4.75,1.0,15:00,-1293.0,50,42.0,-25.86
±2,2.75,1.0,15:00,-1293.0,50,42.0,-25.86
±2,4.5,1.0,15:00,-1293.0,50,42.0,-25.86
±2,1.25,1.0,12:00,-1297.0,50,30.0,-25.94
±3,1.75,1.0,12:00,-1301.0,50,30.0,-26.02
±2,1.25,1.25,13:00,-1301.0,50,38.0,-26.02
±3,1.5,1.0,12:00,-1301.0,50,30.0,-26.02
±2,1.0,1.25,13:30,-1303.0,50,42.0,-26.06
±2,2.25,0.5,12:30,-1304.0,50,40.0,-26.08
±2,3.5,0.5,12:30,-1304.0,50,40.0,-26.08
±3,0.75,1.5,14:30,-1304.0,50,36.0,-26.08
±2,2.75,0.5,12:30,-1304.0,50,40.0,-26.08
±2,2.5,0.5,12:30,-1304.0,50,40.0,-26.08
±2,5.0,0.5,12:30,-1304.0,50,40.0,-26.08
±2,3.0,0.5,12:30,-1304.0,50,40.0,-26.08
±2,3.75,0.5,12:30,-1304.0,50,40.0,-26.08
±2,3.25,0.5,12:30,-1304.0,50,40.0,-26.08
±2,4.5,0.5,12:30,-1304.0,50,40.0,-26.08
±2,4.25,0.5,12:30,-1304.0,50,40.0,-26.08
±2,4.0,0.5,12:30,-1304.0,50,40.0,-26.08
±2,4.75,0.5,12:30,-1304.0,50,40.0,-26.08
±2,2.0,0.5,12:30,-1304.0,50,40.0,-26.08
±3,1.0,0.5,12:30,-1304.0,50,34.0,-26.08
±3,3.5,0.5,15:00,-1305.0,50,36.0,-26.1
±3,2.5,0.5,15:00,-1305.0,50,36.0,-26.1
±3,5.0,0.5,15:00,-1305.0,50,36.0,-26.1
±3,3.0,0.5,15:00,-1305.0,50,36.0,-26.1
±3,4.75,0.5,15:00,-1305.0,50,36.0,-26.1
±3,0.75,0.75,15:00,-1305.0,50,48.0,-26.1
±3,4.0,0.5,15:00,-1305.0,50,36.0,-26.1
±3,3.25,0.5,15:00,-1305.0,50,36.0,-26.1
±3,2.75,0.5,15:00,-1305.0,50,36.0,-26.1
±3,3.75,0.5,15:00,-1305.0,50,36.0,-26.1
±3,4.5,0.5,15:00,-1305.0,50,36.0,-26.1
±3,2.0,0.5,15:00,-1305.0,50,36.0,-26.1
±3,4.25,0.5,15:00,-1305.0,50,36.0,-26.1
±3,2.25,0.5,15:00,-1305.0,50,36.0,-26.1
±3,2.75,2.5,13:30,-1306.0,50,38.0,-26.12
±3,2.75,2.25,13:30,-1306.0,50,38.0,-26.12
±3,2.75,2.0,13:30,-1306.0,50,38.0,-26.12
±3,4.75,4.25,13:30,-1306.0,50,38.0,-26.12
±3,2.75,4.5,13:30,-1306.0,50,38.0,-26.12
±3,4.5,2.0,13:30,-1306.0,50,38.0,-26.12
±3,4.5,1.75,13:30,-1306.0,50,38.0,-26.12
±3,4.5,3.75,13:30,-1306.0,50,38.0,-26.12
±3,4.5,2.75,13:30,-1306.0,50,38.0,-26.12
±3,4.5,3.0,13:30,-1306.0,50,38.0,-26.12
±3,4.5,2.25,13:30,-1306.0,50,38.0,-26.12
±3,4.5,2.5,13:30,-1306.0,50,38.0,-26.12
±3,4.5,3.25,13:30,-1306.0,50,38.0,-26.12
±3,4.5,3.5,13:30,-1306.0,50,38.0,-26.12
±3,2.75,4.75,13:30,-1306.0,50,38.0,-26.12
±3,2.75,5.0,13:30,-1306.0,50,38.0,-26.12
±3,4.25,3.75,13:30,-1306.0,50,38.0,-26.12
±3,4.25,4.5,13:30,-1306.0,50,38.0,-26.12
±3,4.25,4.25,13:30,-1306.0,50,38.0,-26.12
±3,4.25,4.0,13:30,-1306.0,50,38.0,-26.12
±3,4.25,3.5,13:30,-1306.0,50,38.0,-26.12
±3,4.25,3.25,13:30,-1306.0,50,38.0,-26.12
±3,4.25,2.25,13:30,-1306.0,50,38.0,-26.12
±3,4.25,2.5,13:30,-1306.0,50,38.0,-26.12
±3,4.25,2.75,13:30,-1306.0,50,38.0,-26.12
±3,4.25,1.75,13:30,-1306.0,50,38.0,-26.12
±3,4.25,2.0,13:30,-1306.0,50,38.0,-26.12
±3,2.0,3.0,13:30,-1306.0,50,38.0,-26.12
±3,2.0,3.25,13:30,-1306.0,50,38.0,-26.12
±3,2.0,2.25,13:30,-1306.0,50,38.0,-26.12
±3,2.0,2.5,13:30,-1306.0,50,38.0,-26.12
±3,2.0,1.75,13:30,-1306.0,50,38.0,-26.12
±3,2.75,1.75,13:30,-1306.0,50,38.0,-26.12
±3,4.25,3.0,13:30,-1306.0,50,38.0,-26.12
±3,4.25,5.0,13:30,-1306.0,50,38.0,-26.12
±3,4.25,4.75,13:30,-1306.0,50,38.0,-26.12
±3,3.0,2.25,13:30,-1306.0,50,38.0,-26.12
±3,3.0,2.0,13:30,-1306.0,50,38.0,-26.12
±3,4.0,5.0,13:30,-1306.0,50,38.0,-26.12
±3,2.75,3.25,13:30,-1306.0,50,38.0,-26.12
±3,4.75,2.75,13:30,-1306.0,50,38.0,-26.12
±3,2.75,3.0,13:30,-1306.0,50,38.0,-26.12
±3,4.75,2.5,13:30,-1306.0,50,38.0,-26.12
±3,4.75,2.25,13:30,-1306.0,50,38.0,-26.12
±3,4.5,5.0,13:30,-1306.0,50,38.0,-26.12
±3,4.5,4.0,13:30,-1306.0,50,38.0,-26.12
±3,2.75,3.5,13:30,-1306.0,50,38.0,-26.12
±3,2.75,3.75,13:30,-1306.0,50,38.0,-26.12
±3,4.75,1.75,13:30,-1306.0,50,38.0,-26.12
±3,2.75,4.0,13:30,-1306.0,50,38.0,-26.12
±3,4.75,2.0,13:30,-1306.0,50,38.0,-26.12
±3,4.5,4.75,13:30,-1306.0,50,38.0,-26.12
±3,4.5,4.5,13:30,-1306.0,50,38.0,-26.12
±3,4.5,4.25,13:30,-1306.0,50,38.0,-26.12
±3,2.75,2.75,13:30,-1306.0,50,38.0,-26.12
±3,2.75,4.25,13:30,-1306.0,50,38.0,-26.12
±3,4.75,3.25,13:30,-1306.0,50,38.0,-26.12
±3,4.75,3.5,13:30,-1306.0,50,38.0,-26.12
±3,4.75,3.75,13:30,-1306.0,50,38.0,-26.12
±3,4.75,3.0,13:30,-1306.0,50,38.0,-26.12
±3,5.0,3.5,13:30,-1306.0,50,38.0,-26.12
±3,4.75,4.0,13:30,-1306.0,50,38.0,-26.12
±3,4.75,4.5,13:30,-1306.0,50,38.0,-26.12
±3,5.0,5.0,13:30,-1306.0,50,38.0,-26.12
±3,5.0,4.5,13:30,-1306.0,50,38.0,-26.12
±3,5.0,3.0,13:30,-1306.0,50,38.0,-26.12
±3,5.0,3.25,13:30,-1306.0,50,38.0,-26.12
±3,5.0,4.75,13:30,-1306.0,50,38.0,-26.12
±3,3.0,3.75,13:30,-1306.0,50,38.0,-26.12
±3,4.0,2.5,13:30,-1306.0,50,38.0,-26.12
±3,4.0,2.25,13:30,-1306.0,50,38.0,-26.12
±3,4.0,2.0,13:30,-1306.0,50,38.0,-26.12
±3,2.0,4.5,13:30,-1306.0,50,38.0,-26.12
±3,2.0,4.25,13:30,-1306.0,50,38.0,-26.12
±3,2.0,4.0,13:30,-1306.0,50,38.0,-26.12
±3,2.0,5.0,13:30,-1306.0,50,38.0,-26.12
±3,2.0,4.75,13:30,-1306.0,50,38.0,-26.12
±3,4.0,1.75,13:30,-1306.0,50,38.0,-26.12
±3,3.0,3.0,13:30,-1306.0,50,38.0,-26.12
±3,3.0,2.75,13:30,-1306.0,50,38.0,-26.12
±3,3.0,3.5,13:30,-1306.0,50,38.0,-26.12
±3,3.0,2.5,13:30,-1306.0,50,38.0,-26.12
±3,3.0,3.25,13:30,-1306.0,50,38.0,-26.12
±3,4.0,3.25,13:30,-1306.0,50,38.0,-26.12
±3,4.0,4.5,13:30,-1306.0,50,38.0,-26.12
±3,4.0,3.0,13:30,-1306.0,50,38.0,-26.12
±3,4.0,2.75,13:30,-1306.0,50,38.0,-26.12
±3,4.0,4.0,13:30,-1306.0,50,38.0,-26.12
±3,4.0,3.5,13:30,-1306.0,50,38.0,-26.12
±3,4.0,3.75,13:30,-1306.0,50,38.0,-26.12
±3,2.0,3.75,13:30,-1306.0,50,38.0,-26.12
±3,2.0,2.75,13:30,-1306.0,50,38.0,-26.12
±3,3.0,1.75,13:30,-1306.0,50,38.0,-26.12
±3,4.0,4.25,13:30,-1306.0,50,38.0,-26.12
±3,2.0,3.5,13:30,-1306.0,50,38.0,-26.12
±3,4.0,4.75,13:30,-1306.0,50,38.0,-26.12
±3,2.0,2.0,13:30,-1306.0,50,38.0,-26.12
±3,3.75,3.5,13:30,-1306.0,50,38.0,-26.12
±3,3.75,3.75,13:30,-1306.0,50,38.0,-26.12
±3,3.0,4.75,13:30,-1306.0,50,38.0,-26.12
±3,2.5,5.0,13:30,-1306.0,50,38.0,-26.12
±3,2.25,1.75,13:30,-1306.0,50,38.0,-26.12
±3,3.75,2.0,13:30,-1306.0,50,38.0,-26.12
±3,3.75,3.0,13:30,-1306.0,50,38.0,-26.12
±3,3.75,2.75,13:30,-1306.0,50,38.0,-26.12
±3,3.75,2.25,13:30,-1306.0,50,38.0,-26.12
±3,2.25,2.5,13:30,-1306.0,50,38.0,-26.12
±3,0.75,1.75,15:00,-1306.0,50,36.0,-26.12
±3,2.25,2.25,13:30,-1306.0,50,38.0,-26.12
±3,0.75,2.0,15:00,-1306.0,50,36.0,-26.12
±3,0.75,2.25,15:00,-1306.0,50,36.0,-26.12
±3,0.75,2.5,15:00,-1306.0,50,36.0,-26.12
±3,2.25,2.75,13:30,-1306.0,50,38.0,-26.12
±3,2.25,3.0,13:30,-1306.0,50,38.0,-26.12
±3,2.25,2.0,13:30,-1306.0,50,38.0,-26.12
±3,2.25,3.25,13:30,-1306.0,50,38.0,-26.12
±3,3.25,2.25,13:30,-1306.0,50,38.0,-26.12
±3,3.25,2.0,13:30,-1306.0,50,38.0,-26.12
±3,3.5,5.0,13:30,-1306.0,50,38.0,-26.12
±3,0.75,2.75,15:00,-1306.0,50,36.0,-26.12
±3,3.0,4.5,13:30,-1306.0,50,38.0,-26.12
±3,3.0,5.0,13:30,-1306.0,50,38.0,-26.12
±3,3.75,3.25,13:30,-1306.0,50,38.0,-26.12
±3,3.75,4.0,13:30,-1306.0,50,38.0,-26.12
±3,3.75,1.75,13:30,-1306.0,50,38.0,-26.12
±3,3.75,2.5,13:30,-1306.0,50,38.0,-26.12
±3,3.75,4.25,13:30,-1306.0,50,38.0,-26.12
±3,3.75,4.75,13:30,-1306.0,50,38.0,-26.12
±3,3.75,4.5,13:30,-1306.0,50,38.0,-26.12
±3,3.0,4.0,13:30,-1306.0,50,38.0,-26.12
±3,3.75,5.0,13:30,-1306.0,50,38.0,-26.12
±3,3.0,4.25,13:30,-1306.0,50,38.0,-26.12
±3,2.5,4.75,13:30,-1306.0,50,38.0,-26.12
±3,3.5,4.25,13:30,-1306.0,50,38.0,-26.12
±3,3.5,4.75,13:30,-1306.0,50,38.0,-26.12
±3,0.75,3.75,15:00,-1306.0,50,36.0,-26.12
±3,3.5,4.5,13:30,-1306.0,50,38.0,-26.12
±3,0.75,3.5,15:00,-1306.0,50,36.0,-26.12
±3,0.75,3.0,15:00,-1306.0,50,36.0,-26.12
±3,0.75,3.25,15:00,-1306.0,50,36.0,-26.12
±3,3.25,1.75,13:30,-1306.0,50,38.0,-26.12
±3,2.25,4.0,13:30,-1306.0,50,38.0,-26.12
±3,2.25,3.75,13:30,-1306.0,50,38.0,-26.12
±3,2.25,3.5,13:30,-1306.0,50,38.0,-26.12
±3,0.75,4.0,15:00,-1306.0,50,36.0,-26.12
±3,3.5,3.5,13:30,-1306.0,50,38.0,-26.12
±3,2.25,4.5,13:30,-1306.0,50,38.0,-26.12
±3,2.25,4.25,13:30,-1306.0,50,38.0,-26.12
±3,3.25,4.0,13:30,-1306.0,50,38.0,-26.12
±3,3.25,3.75,13:30,-1306.0,50,38.0,-26.12
±3,3.5,3.25,13:30,-1306.0,50,38.0,-26.12
±3,3.25,3.5,13:30,-1306.0,50,38.0,-26.12
±3,3.25,3.25,13:30,-1306.0,50,38.0,-26.12
±3,3.25,2.5,13:30,-1306.0,50,38.0,-26.12
±3,3.25,3.0,13:30,-1306.0,50,38.0,-26.12
±3,3.25,2.75,13:30,-1306.0,50,38.0,-26.12
±3,0.75,5.0,15:00,-1306.0,50,36.0,-26.12
±3,0.75,4.25,15:00,-1306.0,50,36.0,-26.12
±3,2.25,5.0,13:30,-1306.0,50,38.0,-26.12
±3,0.75,4.5,15:00,-1306.0,50,36.0,-26.12
±3,3.5,3.0,13:30,-1306.0,50,38.0,-26.12
±3,3.5,3.75,13:30,-1306.0,50,38.0,-26.12
±3,3.5,4.0,13:30,-1306.0,50,38.0,-26.12
±3,2.25,4.75,13:30,-1306.0,50,38.0,-26.12
±3,2.5,4.0,13:30,-1306.0,50,38.0,-26.12
±3,2.5,4.5,13:30,-1306.0,50,38.0,-26.12
±3,2.5,4.25,13:30,-1306.0,50,38.0,-26.12
±3,3.5,2.5,13:30,-1306.0,50,38.0,-26.12
±3,3.5,2.75,13:30,-1306.0,50,38.0,-26.12
±3,3.5,2.25,13:30,-1306.0,50,38.0,-26.12
±3,0.75,4.75,15:00,-1306.0,50,36.0,-26.12
±3,2.5,3.25,13:30,-1306.0,50,38.0,-26.12
±3,2.5,3.75,13:30,-1306.0,50,38.0,-26.12
±3,2.5,3.5,13:30,-1306.0,50,38.0,-26.12
±3,2.5,2.75,13:30,-1306.0,50,38.0,-26.12
±3,2.5,2.5,13:30,-1306.0,50,38.0,-26.12
±3,3.5,2.0,13:30,-1306.0,50,38.0,-26.12
±3,3.5,1.75,13:30,-1306.0,50,38.0,-26.12
±3,3.25,4.25,13:30,-1306.0,50,38.0,-26.12
±3,3.25,4.75,13:30,-1306.0,50,38.0,-26.12
±3,2.5,2.25,13:30,-1306.0,50,38.0,-26.12
±3,2.5,2.0,13:30,-1306.0,50,38.0,-26.12
±3,2.5,1.75,13:30,-1306.0,50,38.0,-26.12
±3,2.5,3.0,13:30,-1306.0,50,38.0,-26.12
±3,5.0,4.25,13:30,-1306.0,50,38.0,-26.12
±3,3.25,4.5,13:30,-1306.0,50,38.0,-26.12
±3,5.0,2.0,13:30,-1306.0,50,38.0,-26.12
±3,3.25,5.0,13:30,-1306.0,50,38.0,-26.12
±3,4.75,4.75,13:30,-1306.0,50,38.0,-26.12
±3,4.75,5.0,13:30,-1306.0,50,38.0,-26.12
±3,5.0,2.5,13:30,-1306.0,50,38.0,-26.12
±3,5.0,2.25,13:30,-1306.0,50,38.0,-26.12
±3,5.0,2.75,13:30,-1306.0,50,38.0,-26.12
±3,5.0,1.75,13:30,-1306.0,50,38.0,-26.12
±3,5.0,3.75,13:30,-1306.0,50,38.0,-26.12
±3,5.0,4.0,13:30,-1306.0,50,38.0,-26.12
±2,1.0,0.5,13:00,-1310.0,50,40.0,-26.2
±3,3.5,0.5,11:00,-1315.0,50,30.0,-26.3
±3,3.5,0.75,14:00,-1315.0,50,44.0,-26.3
±3,4.75,0.5,11:00,-1315.0,50,30.0,-26.3
±3,3.0,0.5,11:00,-1315.0,50,30.0,-26.3
±3,4.75,0.75,14:00,-1315.0,50,44.0,-26.3
±3,2.0,0.5,11:00,-1315.0,50,30.0,-26.3
±3,2.0,0.75,14:00,-1315.0,50,44.0,-26.3
±3,4.25,0.75,14:00,-1315.0,50,44.0,-26.3
±3,4.5,0.75,14:00,-1315.0,50,44.0,-26.3
±3,3.0,0.75,14:00,-1315.0,50,44.0,-26.3
±3,4.5,0.5,11:00,-1315.0,50,30.0,-26.3
±3,2.5,0.75,14:00,-1315.0,50,44.0,-26.3
±3,5.0,0.5,11:00,-1315.0,50,30.0,-26.3
±3,2.5,0.5,11:00,-1315.0,50,30.0,-26.3
±3,5.0,0.75,14:00,-1315.0,50,44.0,-26.3
±3,2.75,0.5,11:00,-1315.0,50,30.0,-26.3
±3,3.25,0.5,11:00,-1315.0,50,30.0,-26.3
±3,2.25,0.5,11:00,-1315.0,50,30.0,-26.3
±3,2.25,0.75,14:00,-1315.0,50,44.0,-26.3
±3,4.0,0.5,11:00,-1315.0,50,30.0,-26.3
±3,4.0,0.75,14:00,-1315.0,50,44.0,-26.3
±3,4.25,0.5,11:00,-1315.0,50,30.0,-26.3
±3,3.75,0.5,11:00,-1315.0,50,30.0,-26.3
±3,2.75,0.75,14:00,-1315.0,50,44.0,-26.3
±3,3.25,0.75,14:00,-1315.0,50,44.0,-26.3
±3,3.75,0.75,14:00,-1315.0,50,44.0,-26.3
±2,1.25,1.75,14:00,-1317.0,50,46.0,-26.34
±2,1.25,4.0,14:00,-1317.0,50,46.0,-26.34
±2,1.25,3.0,14:00,-1317.0,50,46.0,-26.34
±2,1.25,3.5,14:00,-1317.0,50,46.0,-26.34
±2,1.25,2.0,14:00,-1317.0,50,46.0,-26.34
±2,1.25,4.75,14:00,-1317.0,50,46.0,-26.34
±2,1.25,4.5,14:00,-1317.0,50,46.0,-26.34
±2,1.25,2.5,14:00,-1317.0,50,46.0,-26.34
±2,1.25,2.75,14:00,-1317.0,50,46.0,-26.34
±2,1.25,3.25,14:00,-1317.0,50,46.0,-26.34
±2,1.25,4.25,14:00,-1317.0,50,46.0,-26.34
±2,1.25,5.0,14:00,-1317.0,50,46.0,-26.34
±2,1.25,2.25,14:00,-1317.0,50,46.0,-26.34
±2,1.25,3.75,14:00,-1317.0,50,46.0,-26.34
±3,1.5,1.5,12:30,-1321.0,50,34.0,-26.42
±3,1.75,1.5,12:30,-1321.0,50,34.0,-26.42
±3,1.25,4.5,14:00,-1323.0,50,38.0,-26.46
±3,1.25,4.25,14:00,-1323.0,50,38.0,-26.46
±3,1.25,1.75,14:00,-1323.0,50,38.0,-26.46
±3,1.25,2.5,14:00,-1323.0,50,38.0,-26.46
±3,1.25,3.5,14:00,-1323.0,50,38.0,-26.46
±2,1.0,1.5,15:00,-1323.0,50,42.0,-26.46
±3,1.25,3.25,14:00,-1323.0,50,38.0,-26.46
±3,1.25,2.0,14:00,-1323.0,50,38.0,-26.46
±3,1.25,4.75,14:00,-1323.0,50,38.0,-26.46
±3,1.25,5.0,14:00,-1323.0,50,38.0,-26.46
±3,1.25,3.0,14:00,-1323.0,50,38.0,-26.46
±3,1.25,4.0,14:00,-1323.0,50,38.0,-26.46
±3,1.25,3.75,14:00,-1323.0,50,38.0,-26.46
±3,1.25,2.75,14:00,-1323.0,50,38.0,-26.46
±3,1.25,2.25,14:00,-1323.0,50,38.0,-26.46
±3,1.75,0.5,10:30,-1325.0,50,36.0,-26.5
±3,1.0,1.5,14:00,-1325.0,50,40.0,-26.5
±3,3.5,0.5,10:30,-1325.0,50,36.0,-26.5
±3,4.5,0.5,10:30,-1325.0,50,36.0,-26.5
±3,5.0,0.5,10:30,-1325.0,50,36.0,-26.5
±3,4.25,0.5,10:30,-1325.0,50,36.0,-26.5
±3,1.5,0.5,10:30,-1325.0,50,36.0,-26.5
±3,2.75,0.5,10:30,-1325.0,50,36.0,-26.5
±3,2.5,0.5,10:30,-1325.0,50,36.0,-26.5
±3,4.75,0.5,10:30,-1325.0,50,36.0,-26.5
±2,1.0,0.5,14:00,-1325.0,50,46.0,-26.5
±3,2.0,0.5,10:30,-1325.0,50,36.0,-26.5
±3,3.0,0.5,10:30,-1325.0,50,36.0,-26.5
±3,3.75,0.5,10:30,-1325.0,50,36.0,-26.5
±3,1.25,0.5,10:30,-1325.0,50,36.0,-26.5
±3,3.25,0.5,10:30,-1325.0,50,36.0,-26.5
±3,2.25,0.5,10:30,-1325.0,50,36.0,-26.5
±3,4.0,0.5,10:30,-1325.0,50,36.0,-26.5
±3,1.25,1.25,12:00,-1325.0,50,26.0,-26.5
±2,4.25,1.25,13:00,-1328.0,50,38.0,-26.56
±2,4.0,1.25,13:00,-1328.0,50,38.0,-26.56
±2,2.25,1.25,13:00,-1328.0,50,38.0,-26.56
±2,4.5,1.25,13:00,-1328.0,50,38.0,-26.56
±2,5.0,1.25,13:00,-1328.0,50,38.0,-26.56
±2,3.0,1.25,13:00,-1328.0,50,38.0,-26.56
±2,2.5,1.25,13:00,-1328.0,50,38.0,-26.56
±2,3.75,1.25,13:00,-1328.0,50,38.0,-26.56
±2,2.0,1.25,13:00,-1328.0,50,38.0,-26.56
±2,3.5,1.25,13:00,-1328.0,50,38.0,-26.56
±2,2.75,1.25,13:00,-1328.0,50,38.0,-26.56
±2,4.75,1.25,13:00,-1328.0,50,38.0,-26.56
±2,3.25,1.25,13:00,-1328.0,50,38.0,-26.56
±2,3.75,0.5,12:00,-1329.0,50,34.0,-26.58
±2,5.0,0.5,12:00,-1329.0,50,34.0,-26.58
±2,4.0,0.5,12:00,-1329.0,50,34.0,-26.58
±2,4.75,0.5,12:00,-1329.0,50,34.0,-26.58
±2,3.25,0.5,12:00,-1329.0,50,34.0,-26.58
±2,3.0,0.5,12:00,-1329.0,50,34.0,-26.58
±2,2.25,0.5,12:00,-1329.0,50,34.0,-26.58
±2,4.5,0.5,12:00,-1329.0,50,34.0,-26.58
±2,4.25,0.5,12:00,-1329.0,50,34.0,-26.58
±2,2.0,0.5,12:00,-1329.0,50,34.0,-26.58
±2,3.5,0.5,12:00,-1329.0,50,34.0,-26.58
±2,2.5,0.5,12:00,-1329.0,50,34.0,-26.58
±2,2.75,0.5,12:00,-1329.0,50,34.0,-26.58
±2,4.5,4.75,13:30,-1330.0,50,38.0,-26.6
±2,3.5,4.25,13:30,-1330.0,50,38.0,-26.6
±2,2.25,3.25,13:30,-1330.0,50,38.0,-26.6
±2,2.25,3.0,13:30,-1330.0,50,38.0,-26.6
±2,4.0,2.5,13:30,-1330.0,50,38.0,-26.6
±2,3.75,4.5,13:30,-1330.0,50,38.0,-26.6
±2,3.5,2.75,13:30,-1330.0,50,38.0,-26.6
±2,2.5,4.0,13:30,-1330.0,50,38.0,-26.6
±2,4.75,1.75,13:30,-1330.0,50,38.0,-26.6
±2,2.25,2.5,13:30,-1330.0,50,38.0,-26.6
±2,3.5,3.0,13:30,-1330.0,50,38.0,-26.6
±2,4.5,4.0,13:30,-1330.0,50,38.0,-26.6
±2,3.0,3.75,13:30,-1330.0,50,38.0,-26.6
±2,4.5,3.25,13:30,-1330.0,50,38.0,-26.6
±2,3.0,4.25,13:30,-1330.0,50,38.0,-26.6
±2,3.0,4.0,13:30,-1330.0,50,38.0,-26.6
±2,3.75,4.0,13:30,-1330.0,50,38.0,-26.6
±2,3.0,2.75,13:30,-1330.0,50,38.0,-26.6
±2,3.75,3.25,13:30,-1330.0,50,38.0,-26.6
±2,3.0,4.5,13:30,-1330.0,50,38.0,-26.6
±2,2.5,4.75,13:30,-1330.0,50,38.0,-26.6
±2,2.5,3.75,13:30,-1330.0,50,38.0,-26.6
±2,4.5,2.75,13:30,-1330.0,50,38.0,-26.6
±2,4.75,2.75,13:30,-1330.0,50,38.0,-26.6
±2,2.5,5.0,13:30,-1330.0,50,38.0,-26.6
±2,3.0,3.25,13:30,-1330.0,50,38.0,-26.6
±2,4.5,2.25,13:30,-1330.0,50,38.0,-26.6
±2,3.0,2.5,13:30,-1330.0,50,38.0,-26.6
±2,4.75,3.5,13:30,-1330.0,50,38.0,-26.6
±2,4.75,3.25,13:30,-1330.0,50,38.0,-26.6
±2,4.75,3.0,13:30,-1330.0,50,38.0,-26.6
±2,4.0,2.75,13:30,-1330.0,50,38.0,-26.6
±2,3.25,1.75,13:30,-1330.0,50,38.0,-26.6
±2,3.75,3.5,13:30,-1330.0,50,38.0,-26.6
±2,4.75,4.0,13:30,-1330.0,50,38.0,-26.6
±2,4.75,3.75,13:30,-1330.0,50,38.0,-26.6
±2,4.75,4.25,13:30,-1330.0,50,38.0,-26.6
±2,4.5,2.0,13:30,-1330.0,50,38.0,-26.6
±2,3.25,5.0,13:30,-1330.0,50,38.0,-26.6
±2,2.75,2.25,13:30,-1330.0,50,38.0,-26.6
±2,4.0,4.0,13:30,-1330.0,50,38.0,-26.6
±2,4.0,3.0,13:30,-1330.0,50,38.0,-26.6
±2,2.0,2.0,13:30,-1330.0,50,38.0,-26.6
±2,4.0,3.25,13:30,-1330.0,50,38.0,-26.6
±2,4.0,3.5,13:30,-1330.0,50,38.0,-26.6
±2,2.5,3.5,13:30,-1330.0,50,38.0,-26.6
±2,2.5,3.25,13:30,-1330.0,50,38.0,-26.6
±2,2.5,4.25,13:30,-1330.0,50,38.0,-26.6
±2,3.0,3.0,13:30,-1330.0,50,38.0,-26.6
±2,3.75,5.0,13:30,-1330.0,50,38.0,-26.6
±2,3.5,2.25,13:30,-1330.0,50,38.0,-26.6
±2,4.0,2.25,13:30,-1330.0,50,38.0,-26.6
±2,4.0,4.75,13:30,-1330.0,50,38.0,-26.6
±2,4.0,4.5,13:30,-1330.0,50,38.0,-26.6
±2,2.5,2.25,13:30,-1330.0,50,38.0,-26.6
±2,2.5,2.5,13:30,-1330.0,50,38.0,-26.6
±2,3.25,2.25,13:30,-1330.0,50,38.0,-26.6
±2,3.25,2.0,13:30,-1330.0,50,38.0,-26.6
±2,3.0,2.0,13:30,-1330.0,50,38.0,-26.6
±2,2.5,1.75,13:30,-1330.0,50,38.0,-26.6
±2,4.75,5.0,13:30,-1330.0,50,38.0,-26.6
±2,4.75,4.75,13:30,-1330.0,50,38.0,-26.6
±2,4.5,2.5,13:30,-1330.0,50,38.0,-26.6
±2,3.0,3.5,13:30,-1330.0,50,38.0,-26.6
±2,4.0,3.75,13:30,-1330.0,50,38.0,-26.6
±2,3.5,2.0,13:30,-1330.0,50,38.0,-26.6
±2,2.0,1.75,13:30,-1330.0,50,38.0,-26.6
±2,3.0,1.75,13:30,-1330.0,50,38.0,-26.6
±2,2.75,1.75,13:30,-1330.0,50,38.0,-26.6
±2,4.0,4.25,13:30,-1330.0,50,38.0,-26.6
±2,4.5,1.75,13:30,-1330.0,50,38.0,-26.6
±2,3.5,3.25,13:30,-1330.0,50,38.0,-26.6
±2,3.5,5.0,13:30,-1330.0,50,38.0,-26.6
±2,2.25,2.25,13:30,-1330.0,50,38.0,-26.6
±2,2.25,2.75,13:30,-1330.0,50,38.0,-26.6
±2,2.25,1.75,13:30,-1330.0,50,38.0,-26.6
±2,4.75,4.5,13:30,-1330.0,50,38.0,-26.6
±2,2.75,2.0,13:30,-1330.0,50,38.0,-26.6
±2,2.5,2.75,13:30,-1330.0,50,38.0,-26.6
±2,3.25,2.75,13:30,-1330.0,50,38.0,-26.6
±2,3.25,3.0,13:30,-1330.0,50,38.0,-26.6
±2,3.25,2.5,13:30,-1330.0,50,38.0,-26.6
±2,3.0,2.25,13:30,-1330.0,50,38.0,-26.6
±2,2.5,3.0,13:30,-1330.0,50,38.0,-26.6
±2,2.75,2.5,13:30,-1330.0,50,38.0,-26.6
±2,3.5,1.75,13:30,-1330.0,50,38.0,-26.6
±2,3.25,4.25,13:30,-1330.0,50,38.0,-26.6
±2,3.25,4.75,13:30,-1330.0,50,38.0,-26.6
±2,5.0,2.0,13:30,-1330.0,50,38.0,-26.6
±2,5.0,2.25,13:30,-1330.0,50,38.0,-26.6
±2,2.25,3.75,13:30,-1330.0,50,38.0,-26.6
±2,3.5,4.0,13:30,-1330.0,50,38.0,-26.6
±2,2.0,3.5,13:30,-1330.0,50,38.0,-26.6
±2,3.75,2.5,13:30,-1330.0,50,38.0,-26.6
±2,4.25,4.75,13:30,-1330.0,50,38.0,-26.6
±2,4.25,4.5,13:30,-1330.0,50,38.0,-26.6
±2,4.25,5.0,13:30,-1330.0,50,38.0,-26.6
±2,2.75,2.75,13:30,-1330.0,50,38.0,-26.6
±2,2.0,2.25,13:30,-1330.0,50,38.0,-26.6
±2,2.75,3.0,13:30,-1330.0,50,38.0,-26.6
±2,3.75,2.75,13:30,-1330.0,50,38.0,-26.6
±2,3.75,3.0,13:30,-1330.0,50,38.0,-26.6
±2,2.0,2.75,13:30,-1330.0,50,38.0,-26.6
±2,2.0,2.5,13:30,-1330.0,50,38.0,-26.6
±2,2.0,3.0,13:30,-1330.0,50,38.0,-26.6
±2,5.0,1.75,13:30,-1330.0,50,38.0,-26.6
±2,3.75,3.75,13:30,-1330.0,50,38.0,-26.6
±2,2.25,5.0,13:30,-1330.0,50,38.0,-26.6
±2,2.5,4.5,13:30,-1330.0,50,38.0,-26.6
±2,4.0,2.0,13:30,-1330.0,50,38.0,-26.6
±2,4.0,5.0,13:30,-1330.0,50,38.0,-26.6
±2,2.25,2.0,13:30,-1330.0,50,38.0,-26.6
±2,4.5,3.75,13:30,-1330.0,50,38.0,-26.6
±2,5.0,4.75,13:30,-1330.0,50,38.0,-26.6
±2,5.0,5.0,13:30,-1330.0,50,38.0,-26.6
±2,4.25,2.75,13:30,-1330.0,50,38.0,-26.6
±2,2.0,4.5,13:30,-1330.0,50,38.0,-26.6
±2,2.0,4.75,13:30,-1330.0,50,38.0,-26.6
±2,2.0,5.0,13:30,-1330.0,50,38.0,-26.6
±3,0.5,0.75,11:30,-1330.0,50,40.0,-26.6
±2,2.75,4.5,13:30,-1330.0,50,38.0,-26.6
±2,4.25,2.25,13:30,-1330.0,50,38.0,-26.6
±2,4.25,2.5,13:30,-1330.0,50,38.0,-26.6
±2,2.75,3.75,13:30,-1330.0,50,38.0,-26.6
±2,3.25,3.5,13:30,-1330.0,50,38.0,-26.6
±2,2.75,4.0,13:30,-1330.0,50,38.0,-26.6
±2,3.25,3.75,13:30,-1330.0,50,38.0,-26.6
±2,4.5,4.5,13:30,-1330.0,50,38.0,-26.6
±2,4.5,5.0,13:30,-1330.0,50,38.0,-26.6
±2,3.0,5.0,13:30,-1330.0,50,38.0,-26.6
±2,4.5,4.25,13:30,-1330.0,50,38.0,-26.6
±2,4.25,1.75,13:30,-1330.0,50,38.0,-26.6
±2,3.75,2.0,13:30,-1330.0,50,38.0,-26.6
±2,4.25,2.0,13:30,-1330.0,50,38.0,-26.6
±2,2.0,3.75,13:30,-1330.0,50,38.0,-26.6
±2,2.0,4.0,13:30,-1330.0,50,38.0,-26.6
±2,2.75,3.25,13:30,-1330.0,50,38.0,-26.6
±2,2.0,4.25,13:30,-1330.0,50,38.0,-26.6
±2,3.75,2.25,13:30,-1330.0,50,38.0,-26.6
±2,3.75,1.75,13:30,-1330.0,50,38.0,-26.6
±2,3.25,4.0,13:30,-1330.0,50,38.0,-26.6
±2,3.25,4.5,13:30,-1330.0,50,38.0,-26.6
±2,2.75,3.5,13:30,-1330.0,50,38.0,-26.6
±2,5.0,4.5,13:30,-1330.0,50,38.0,-26.6
±2,3.0,4.75,13:30,-1330.0,50,38.0,-26.6
±2,3.5,4.5,13:30,-1330.0,50,38.0,-26.6
±2,5.0,3.25,13:30,-1330.0,50,38.0,-26.6
±2,4.25,3.75,13:30,-1330.0,50,38.0,-26.6
±2,3.5,2.5,13:30,-1330.0,50,38.0,-26.6
±2,2.5,2.0,13:30,-1330.0,50,38.0,-26.6
±2,3.75,4.25,13:30,-1330.0,50,38.0,-26.6
±2,4.0,1.75,13:30,-1330.0,50,38.0,-26.6
±2,3.75,4.75,13:30,-1330.0,50,38.0,-26.6
±2,4.25,4.25,13:30,-1330.0,50,38.0,-26.6
±2,5.0,3.0,13:30,-1330.0,50,38.0,-26.6
±2,5.0,2.75,13:30,-1330.0,50,38.0,-26.6
±2,5.0,2.5,13:30,-1330.0,50,38.0,-26.6
±2,2.0,3.25,13:30,-1330.0,50,38.0,-26.6
±2,2.25,4.5,13:30,-1330.0,50,38.0,-26.6
±2,2.25,4.25,13:30,-1330.0,50,38.0,-26.6
±2,2.25,4.75,13:30,-1330.0,50,38.0,-26.6
±2,3.5,3.75,13:30,-1330.0,50,38.0,-26.6
±2,3.5,3.5,13:30,-1330.0,50,38.0,-26.6
±2,2.25,4.0,13:30,-1330.0,50,38.0,-26.6
±2,2.75,5.0,13:30,-1330.0,50,38.0,-26.6
±2,2.75,4.75,13:30,-1330.0,50,38.0,-26.6
±2,3.25,3.25,13:30,-1330.0,50,38.0,-26.6
±2,2.75,4.25,13:30,-1330.0,50,38.0,-26.6
±2,4.25,3.25,13:30,-1330.0,50,38.0,-26.6
±2,4.25,3.0,13:30,-1330.0,50,38.0,-26.6
±2,5.0,4.25,13:30,-1330.0,50,38.0,-26.6
±2,5.0,4.0,13:30,-1330.0,50,38.0,-26.6
±2,4.25,3.5,13:30,-1330.0,50,38.0,-26.6
±2,5.0,3.75,13:30,-1330.0,50,38.0,-26.6
±2,5.0,3.5,13:30,-1330.0,50,38.0,-26.6
±2,4.25,4.0,13:30,-1330.0,50,38.0,-26.6
±2,2.25,3.5,13:30,-1330.0,50,38.0,-26.6
±2,4.75,2.0,13:30,-1330.0,50,38.0,-26.6
±2,3.5,4.75,13:30,-1330.0,50,38.0,-26.6
±2,4.5,3.5,13:30,-1330.0,50,38.0,-26.6
±2,4.75,2.25,13:30,-1330.0,50,38.0,-26.6
±2,4.5,3.0,13:30,-1330.0,50,38.0,-26.6
±2,4.75,2.5,13:30,-1330.0,50,38.0,-26.6
±2,0.75,1.25,15:00,-1332.0,50,42.0,-26.64
±3,1.75,1.75,14:00,-1334.0,50,34.0,-26.68
±3,1.75,2.0,14:00,-1334.0,50,34.0,-26.68
±3,1.75,3.75,14:00,-1334.0,50,34.0,-26.68
±3,1.75,3.5,14:00,-1334.0,50,34.0,-26.68
±3,1.75,4.25,14:00,-1334.0,50,34.0,-26.68
±3,1.75,2.5,14:00,-1334.0,50,34.0,-26.68
±3,1.75,5.0,14:00,-1334.0,50,34.0,-26.68
±3,1.75,4.75,14:00,-1334.0,50,34.0,-26.68
±3,1.75,2.25,14:00,-1334.0,50,34.0,-26.68
±3,1.75,4.5,14:00,-1334.0,50,34.0,-26.68
±3,1.75,2.75,14:00,-1334.0,50,34.0,-26.68
±3,1.75,3.0,14:00,-1334.0,50,34.0,-26.68
±3,1.75,4.0,14:00,-1334.0,50,34.0,-26.68
±3,1.75,3.25,14:00,-1334.0,50,34.0,-26.68
±3,0.75,3.75,13:30,-1335.0,50,38.0,-26.7
±3,0.75,3.0,13:30,-1335.0,50,38.0,-26.7
±3,0.75,3.5,13:30,-1335.0,50,38.0,-26.7
±3,0.75,3.25,13:30,-1335.0,50,38.0,-26.7
±3,0.75,2.0,13:30,-1335.0,50,38.0,-26.7
±3,0.75,4.25,13:30,-1335.0,50,38.0,-26.7
±3,0.75,2.25,13:30,-1335.0,50,38.0,-26.7
±3,0.75,4.5,13:30,-1335.0,50,38.0,-26.7
±3,0.75,1.75,13:30,-1335.0,50,38.0,-26.7
±3,0.75,4.0,13:30,-1335.0,50,38.0,-26.7
±3,0.75,2.5,13:30,-1335.0,50,38.0,-26.7
±3,0.75,2.75,13:30,-1335.0,50,38.0,-26.7
±3,0.75,4.75,13:30,-1335.0,50,38.0,-26.7
±3,0.75,5.0,13:30,-1335.0,50,38.0,-26.7
±3,1.0,0.5,14:30,-1336.0,50,40.0,-26.72
±3,3.75,1.0,12:30,-1338.0,50,38.0,-26.76
±3,4.75,1.0,12:30,-1338.0,50,38.0,-26.76
±3,3.25,1.0,12:30,-1338.0,50,38.0,-26.76
±3,4.5,1.0,12:30,-1338.0,50,38.0,-26.76
±3,2.75,1.0,12:30,-1338.0,50,38.0,-26.76
±3,2.5,1.0,12:30,-1338.0,50,38.0,-26.76
±3,4.0,1.0,12:30,-1338.0,50,38.0,-26.76
±3,3.5,1.0,12:30,-1338.0,50,38.0,-26.76
±3,3.0,1.0,12:30,-1338.0,50,38.0,-26.76
±3,2.25,1.0,12:30,-1338.0,50,38.0,-26.76
±3,2.0,1.0,12:30,-1338.0,50,38.0,-26.76
±3,4.25,1.0,12:30,-1338.0,50,38.0,-26.76
±3,5.0,1.0,12:30,-1338.0,50,38.0,-26.76
±2,0.75,2.0,14:00,-1340.0,50,42.0,-26.8
±2,0.75,1.75,14:00,-1340.0,50,42.0,-26.8
±2,0.75,2.5,14:00,-1340.0,50,42.0,-26.8
±2,0.75,2.25,14:00,-1340.0,50,42.0,-26.8
±2,0.75,4.5,14:00,-1340.0,50,42.0,-26.8
±2,0.75,4.25,14:00,-1340.0,50,42.0,-26.8
±2,0.75,4.75,14:00,-1340.0,50,42.0,-26.8
±2,0.75,5.0,14:00,-1340.0,50,42.0,-26.8
±2,0.75,4.0,14:00,-1340.0,50,42.0,-26.8
±2,0.75,2.75,14:00,-1340.0,50,42.0,-26.8
±2,0.75,3.25,14:00,-1340.0,50,42.0,-26.8
±2,0.75,3.0,14:00,-1340.0,50,42.0,-26.8
±2,0.75,3.5,14:00,-1340.0,50,42.0,-26.8
±2,0.75,3.75,14:00,-1340.0,50,42.0,-26.8
±3,1.25,0.75,14:30,-1341.0,50,48.0,-26.82
±3,1.25,3.0,12:30,-1343.0,50,34.0,-26.86
±3,1.25,2.0,12:30,-1343.0,50,34.0,-26.86
±3,1.25,4.25,12:30,-1343.0,50,34.0,-26.86
±3,1.25,2.75,12:30,-1343.0,50,34.0,-26.86
±3,1.25,2.25,12:30,-1343.0,50,34.0,-26.86
±3,1.25,3.5,12:30,-1343.0,50,34.0,-26.86
±3,1.25,3.75,12:30,-1343.0,50,34.0,-26.86
±3,1.25,4.0,12:30,-1343.0,50,34.0,-26.86
±3,1.25,5.0,12:30,-1343.0,50,34.0,-26.86
±3,1.25,4.5,12:30,-1343.0,50,34.0,-26.86
±3,1.25,2.5,12:30,-1343.0,50,34.0,-26.86
±3,1.25,4.75,12:30,-1343.0,50,34.0,-26.86
±3,1.25,1.75,12:30,-1343.0,50,34.0,-26.86
±3,1.25,3.25,12:30,-1343.0,50,34.0,-26.86
±3,2.5,1.5,13:00,-1344.0,50,30.0,-26.88
±3,4.5,1.5,13:00,-1344.0,50,30.0,-26.88
±3,3.5,1.5,13:00,-1344.0,50,30.0,-26.88
±3,2.25,1.5,13:00,-1344.0,50,30.0,-26.88
±3,2.75,1.5,13:00,-1344.0,50,30.0,-26.88
±3,5.0,1.5,13:00,-1344.0,50,30.0,-26.88
±3,2.0,1.5,13:00,-1344.0,50,30.0,-26.88
±3,3.25,1.5,13:00,-1344.0,50,30.0,-26.88
±3,3.75,1.5,13:00,-1344.0,50,30.0,-26.88
±3,4.25,1.5,13:00,-1344.0,50,30.0,-26.88
±3,4.0,1.5,13:00,-1344.0,50,30.0,-26.88
±3,4.75,1.5,13:00,-1344.0,50,30.0,-26.88
±3,3.0,1.5,13:00,-1344.0,50,30.0,-26.88
±3,1.5,3.75,14:00,-1345.0,50,34.0,-26.9
±3,1.5,1.75,14:00,-1345.0,50,34.0,-26.9
±3,1.5,3.0,14:00,-1345.0,50,34.0,-26.9
±3,1.5,5.0,14:00,-1345.0,50,34.0,-26.9
±3,1.5,4.75,14:00,-1345.0,50,34.0,-26.9
±3,1.5,4.5,14:00,-1345.0,50,34.0,-26.9
±3,1.5,4.0,14:00,-1345.0,50,34.0,-26.9
±3,1.5,2.25,14:00,-1345.0,50,34.0,-26.9
±3,1.5,4.25,14:00,-1345.0,50,34.0,-26.9
±3,1.5,2.5,14:00,-1345.0,50,34.0,-26.9
±3,1.5,2.75,14:00,-1345.0,50,34.0,-26.9
±3,1.5,3.5,14:00,-1345.0,50,34.0,-26.9
±3,1.5,2.0,14:00,-1345.0,50,34.0,-26.9
±3,1.5,3.25,14:00,-1345.0,50,34.0,-26.9
±2,1.0,1.25,10:30,-1346.0,50,32.0,-26.92
±3,0.75,0.75,10:30,-1347.0,50,34.0,-26.94
±3,1.0,1.5,13:30,-1348.0,50,40.0,-26.96
±2,0.75,1.5,13:30,-1348.0,50,40.0,-26.96
±3,1.0,0.75,12:00,-1350.0,50,40.0,-27.0
±2,0.75,0.75,11:30,-1351.0,50,36.0,-27.02
±3,4.0,1.5,15:00,-1356.0,50,32.0,-27.12
±3,4.25,1.5,15:00,-1356.0,50,32.0,-27.12
±3,2.75,1.5,15:00,-1356.0,50,32.0,-27.12
±3,4.75,1.5,15:00,-1356.0,50,32.0,-27.12
±3,3.0,1.5,15:00,-1356.0,50,32.0,-27.12
±3,3.25,1.5,15:00,-1356.0,50,32.0,-27.12
±3,4.5,1.5,15:00,-1356.0,50,32.0,-27.12
±3,2.0,1.5,15:00,-1356.0,50,32.0,-27.12
±3,3.5,1.5,15:00,-1356.0,50,32.0,-27.12
±3,3.75,1.5,15:00,-1356.0,50,32.0,-27.12
±3,2.25,1.5,15:00,-1356.0,50,32.0,-27.12
±3,2.5,1.5,15:00,-1356.0,50,32.0,-27.12
±3,5.0,1.5,15:00,-1356.0,50,32.0,-27.12
±3,1.0,0.75,11:00,-1358.0,50,40.0,-27.16
±2,1.5,1.0,12:00,-1360.0,50,30.0,-27.2
±3,1.25,1.5,12:00,-1360.0,50,26.0,-27.2
±2,1.75,1.0,12:00,-1360.0,50,30.0,-27.2
±2,1.0,1.0,14:30,-1362.0,50,44.0,-27.24
±2,0.75,0.5,12:30,-1369.0,50,38.0,-27.38
±2,1.25,1.5,13:00,-1369.0,50,38.0,-27.38
±2,0.75,0.5,10:30,-1370.0,50,32.0,-27.4
±3,0.75,0.75,12:00,-1370.0,50,40.0,-27.4
±3,1.0,1.5,11:00,-1372.0,50,34.0,-27.44
±3,0.5,1.25,11:00,-1376.0,50,36.0,-27.52
±2,1.75,3.0,14:00,-1377.0,50,44.0,-27.54
±2,1.75,2.75,14:00,-1377.0,50,44.0,-27.54
±2,1.75,4.25,14:00,-1377.0,50,44.0,-27.54
±2,1.75,5.0,14:00,-1377.0,50,44.0,-27.54
±2,1.75,4.0,14:00,-1377.0,50,44.0,-27.54
±2,1.75,2.5,14:00,-1377.0,50,44.0,-27.54
±2,1.75,2.25,14:00,-1377.0,50,44.0,-27.54
±2,1.75,3.5,14:00,-1377.0,50,44.0,-27.54
±2,1.75,2.0,14:00,-1377.0,50,44.0,-27.54
±2,1.75,3.75,14:00,-1377.0,50,44.0,-27.54
±2,1.75,3.25,14:00,-1377.0,50,44.0,-27.54
±2,1.75,4.75,14:00,-1377.0,50,44.0,-27.54
±2,1.75,1.75,14:00,-1377.0,50,44.0,-27.54
±2,1.75,4.5,14:00,-1377.0,50,44.0,-27.54
±2,1.0,1.25,14:00,-1379.0,50,46.0,-27.58
±3,0.75,1.25,11:00,-1380.0,50,32.0,-27.6
±2,0.5,0.75,11:00,-1382.0,50,42.0,-27.64
±3,0.5,0.75,10:30,-1382.0,50,38.0,-27.64
±2,1.25,3.25,12:30,-1383.0,50,36.0,-27.66
±2,1.25,2.75,12:30,-1383.0,50,36.0,-27.66
±2,1.25,3.5,12:30,-1383.0,50,36.0,-27.66
±2,1.25,3.0,12:30,-1383.0,50,36.0,-27.66
±2,1.25,2.25,12:30,-1383.0,50,36.0,-27.66
±2,1.25,2.5,12:30,-1383.0,50,36.0,-27.66
±2,1.25,1.75,12:30,-1383.0,50,36.0,-27.66
±2,1.25,2.0,12:30,-1383.0,50,36.0,-27.66
±2,1.25,3.75,12:30,-1383.0,50,36.0,-27.66
±2,1.25,4.0,12:30,-1383.0,50,36.0,-27.66
±2,1.25,4.25,12:30,-1383.0,50,36.0,-27.66
±2,1.25,4.75,12:30,-1383.0,50,36.0,-27.66
±2,1.25,5.0,12:30,-1383.0,50,36.0,-27.66
±2,1.25,4.5,12:30,-1383.0,50,36.0,-27.66
±2,1.0,0.75,14:00,-1385.0,50,52.0,-27.7
±3,4.25,0.5,14:30,-1387.0,50,36.0,-27.74
±3,2.0,0.5,14:30,-1387.0,50,36.0,-27.74
±3,4.5,0.5,14:30,-1387.0,50,36.0,-27.74
±3,3.25,0.5,14:30,-1387.0,50,36.0,-27.74
±3,3.0,0.5,14:30,-1387.0,50,36.0,-27.74
±3,4.75,0.5,14:30,-1387.0,50,36.0,-27.74
±3,2.5,0.5,14:30,-1387.0,50,36.0,-27.74
±3,2.75,0.5,14:30,-1387.0,50,36.0,-27.74
±3,3.75,0.5,14:30,-1387.0,50,36.0,-27.74
±3,4.0,0.5,14:30,-1387.0,50,36.0,-27.74
±3,2.25,0.5,14:30,-1387.0,50,36.0,-27.74
±3,3.5,0.5,14:30,-1387.0,50,36.0,-27.74
±3,5.0,0.5,14:30,-1387.0,50,36.0,-27.74
±3,1.75,1.25,15:00,-1389.0,50,32.0,-27.78
±3,1.0,0.5,10:30,-1394.0,50,34.0,-27.88
±2,0.75,0.75,11:00,-1395.0,50,38.0,-27.9
±2,4.25,1.5,13:00,-1396.0,50,38.0,-27.92
±2,2.5,1.5,13:00,-1396.0,50,38.0,-27.92
±2,4.0,1.5,13:00,-1396.0,50,38.0,-27.92
±2,3.0,1.5,13:00,-1396.0,50,38.0,-27.92
±2,2.0,1.5,13:00,-1396.0,50,38.0,-27.92
±2,3.75,1.5,13:00,-1396.0,50,38.0,-27.92
±2,3.25,1.5,13:00,-1396.0,50,38.0,-27.92
±2,4.75,1.5,13:00,-1396.0,50,38.0,-27.92
±2,5.0,1.5,13:00,-1396.0,50,38.0,-27.92
±2,2.25,1.5,13:00,-1396.0,50,38.0,-27.92
±2,3.5,1.5,13:00,-1396.0,50,38.0,-27.92
±2,2.75,1.5,13:00,-1396.0,50,38.0,-27.92
±2,4.5,1.5,13:00,-1396.0,50,38.0,-27.92
±3,0.5,1.0,11:00,-1396.0,50,38.0,-27.92
±3,1.25,0.75,15:00,-1397.0,50,48.0,-27.94
±3,1.75,1.25,12:00,-1398.0,50,26.0,-27.96
±3,1.5,1.25,12:00,-1398.0,50,26.0,-27.96
±3,1.5,1.25,15:00,-1400.0,50,32.0,-28.0
±3,0.75,1.0,11:00,-1400.0,50,34.0,-28.0
±3,0.5,0.75,12:00,-1401.0,50,42.0,-28.02
±3,2.75,1.25,14:00,-1403.0,50,34.0,-28.06
±3,2.25,1.25,14:00,-1403.0,50,34.0,-28.06
±3,5.0,1.25,14:00,-1403.0,50,34.0,-28.06
±3,4.75,1.25,14:00,-1403.0,50,34.0,-28.06
±3,4.25,1.25,14:00,-1403.0,50,34.0,-28.06
±3,3.75,1.25,14:00,-1403.0,50,34.0,-28.06
±3,4.0,1.25,14:00,-1403.0,50,34.0,-28.06
±3,3.0,1.25,14:00,-1403.0,50,34.0,-28.06
±2,1.75,1.25,12:30,-1403.0,50,36.0,-28.06
±3,3.5,1.25,14:00,-1403.0,50,34.0,-28.06
±3,2.5,1.25,14:00,-1403.0,50,34.0,-28.06
±3,3.25,1.25,14:00,-1403.0,50,34.0,-28.06
±2,1.5,1.25,12:30,-1403.0,50,36.0,-28.06
±3,4.5,1.25,14:00,-1403.0,50,34.0,-28.06
±3,2.0,1.25,14:00,-1403.0,50,34.0,-28.06
±3,1.25,4.0,13:00,-1404.0,50,30.0,-28.08
±3,1.25,3.75,13:00,-1404.0,50,30.0,-28.08
±3,1.25,2.25,13:00,-1404.0,50,30.0,-28.08
±2,4.5,0.5,11:00,-1404.0,50,32.0,-28.08
±3,1.25,5.0,13:00,-1404.0,50,30.0,-28.08
±2,2.5,0.5,11:00,-1404.0,50,32.0,-28.08
±3,1.25,3.5,13:00,-1404.0,50,30.0,-28.08
±3,1.25,3.0,13:00,-1404.0,50,30.0,-28.08
±2,2.75,0.5,11:00,-1404.0,50,32.0,-28.08
±3,1.25,2.0,13:00,-1404.0,50,30.0,-28.08
±3,1.25,4.25,13:00,-1404.0,50,30.0,-28.08
±2,3.75,0.5,11:00,-1404.0,50,32.0,-28.08
±3,1.25,4.75,13:00,-1404.0,50,30.0,-28.08
±3,1.25,4.5,13:00,-1404.0,50,30.0,-28.08
±3,1.25,2.75,13:00,-1404.0,50,30.0,-28.08
±2,2.25,0.5,11:00,-1404.0,50,32.0,-28.08
±3,1.25,2.5,13:00,-1404.0,50,30.0,-28.08
±2,3.0,0.5,11:00,-1404.0,50,32.0,-28.08
±2,4.25,0.5,11:00,-1404.0,50,32.0,-28.08
±3,1.25,1.75,13:00,-1404.0,50,30.0,-28.08
±2,3.5,0.5,11:00,-1404.0,50,32.0,-28.08
±2,5.0,0.5,11:00,-1404.0,50,32.0,-28.08
±3,1.25,3.25,13:00,-1404.0,50,30.0,-28.08
±2,4.0,0.5,11:00,-1404.0,50,32.0,-28.08
±2,3.25,0.5,11:00,-1404.0,50,32.0,-28.08
±2,4.75,0.5,11:00,-1404.0,50,32.0,-28.08
±2,2.0,0.5,11:00,-1404.0,50,32.0,-28.08
±2,0.75,0.75,14:30,-1408.0,50,48.0,-28.16
±2,1.0,0.75,11:00,-1413.0,50,38.0,-28.26
±2,1.25,1.25,12:00,-1414.0,50,26.0,-28.28
±2,4.75,1.0,12:30,-1415.0,50,40.0,-28.3
±3,5.0,1.0,14:30,-1415.0,50,38.0,-28.3
±2,3.25,1.0,12:30,-1415.0,50,40.0,-28.3
±2,2.5,1.0,12:30,-1415.0,50,40.0,-28.3
±3,2.75,1.0,14:30,-1415.0,50,38.0,-28.3
±3,2.5,1.0,14:30,-1415.0,50,38.0,-28.3
±2,4.25,1.0,12:30,-1415.0,50,40.0,-28.3
±3,2.0,1.0,14:30,-1415.0,50,38.0,-28.3
±2,4.5,1.0,12:30,-1415.0,50,40.0,-28.3
±3,3.5,1.0,14:30,-1415.0,50,38.0,-28.3
±2,3.0,1.0,12:30,-1415.0,50,40.0,-28.3
±3,4.0,1.0,14:30,-1415.0,50,38.0,-28.3
±3,4.5,1.0,14:30,-1415.0,50,38.0,-28.3
±2,5.0,1.0,12:30,-1415.0,50,40.0,-28.3
±2,3.75,1.0,12:30,-1415.0,50,40.0,-28.3
±2,2.25,1.0,12:30,-1415.0,50,40.0,-28.3
±2,2.75,1.0,12:30,-1415.0,50,40.0,-28.3
±2,4.0,1.0,12:30,-1415.0,50,40.0,-28.3
±3,2.25,1.0,14:30,-1415.0,50,38.0,-28.3
±3,3.75,1.0,14:30,-1415.0,50,38.0,-28.3
±3,4.75,1.0,14:30,-1415.0,50,38.0,-28.3
±2,3.5,1.0,12:30,-1415.0,50,40.0,-28.3
±3,3.0,1.0,14:30,-1415.0,50,38.0,-28.3
±3,4.25,1.0,14:30,-1415.0,50,38.0,-28.3
±2,2.0,1.0,12:30,-1415.0,50,40.0,-28.3
±3,3.25,1.0,14:30,-1415.0,50,38.0,-28.3
±2,1.25,0.5,10:30,-1416.0,50,34.0,-28.32
±2,3.75,0.5,10:30,-1416.0,50,34.0,-28.32
±2,4.75,0.5,10:30,-1416.0,50,34.0,-28.32
±2,4.0,0.5,10:30,-1416.0,50,34.0,-28.32
±2,4.5,0.5,10:30,-1416.0,50,34.0,-28.32
±2,2.25,0.5,10:30,-1416.0,50,34.0,-28.32
±2,3.25,0.5,10:30,-1416.0,50,34.0,-28.32
±2,2.75,0.5,10:30,-1416.0,50,34.0,-28.32
±2,3.5,0.5,10:30,-1416.0,50,34.0,-28.32
±2,2.0,0.5,10:30,-1416.0,50,34.0,-28.32
±2,1.5,0.5,10:30,-1416.0,50,34.0,-28.32
±2,1.75,0.5,15:00,-1416.0,50,40.0,-28.32
±2,4.25,0.5,10:30,-1416.0,50,34.0,-28.32
±2,3.0,0.5,10:30,-1416.0,50,34.0,-28.32
±2,2.5,0.5,10:30,-1416.0,50,34.0,-28.32
±2,5.0,0.5,10:30,-1416.0,50,34.0,-28.32
±2,1.75,0.5,10:30,-1416.0,50,34.0,-28.32
±2,1.5,4.75,14:00,-1417.0,50,44.0,-28.34
±2,1.5,2.5,14:00,-1417.0,50,44.0,-28.34
±2,1.5,2.75,14:00,-1417.0,50,44.0,-28.34
±2,1.5,3.5,14:00,-1417.0,50,44.0,-28.34
±2,1.5,3.25,14:00,-1417.0,50,44.0,-28.34
±2,1.5,4.25,14:00,-1417.0,50,44.0,-28.34
±2,1.5,5.0,14:00,-1417.0,50,44.0,-28.34
±2,1.5,4.0,14:00,-1417.0,50,44.0,-28.34
±2,1.5,4.5,14:00,-1417.0,50,44.0,-28.34
±2,1.5,1.75,14:00,-1417.0,50,44.0,-28.34
±2,1.5,2.0,14:00,-1417.0,50,44.0,-28.34
±2,1.5,2.25,14:00,-1417.0,50,44.0,-28.34
±2,1.5,3.75,14:00,-1417.0,50,44.0,-28.34
±2,1.5,3.0,14:00,-1417.0,50,44.0,-28.34
±2,0.75,2.75,13:30,-1420.0,50,40.0,-28.4
±2,0.75,5.0,13:30,-1420.0,50,40.0,-28.4
±2,0.75,4.75,13:30,-1420.0,50,40.0,-28.4
±2,0.75,4.0,13:30,-1420.0,50,40.0,-28.4
±2,0.75,3.5,13:30,-1420.0,50,40.0,-28.4
±2,0.75,3.25,13:30,-1420.0,50,40.0,-28.4
±2,0.75,3.0,13:30,-1420.0,50,40.0,-28.4
±2,0.75,2.0,13:30,-1420.0,50,40.0,-28.4
±2,0.75,4.5,13:30,-1420.0,50,40.0,-28.4
±2,0.75,4.25,13:30,-1420.0,50,40.0,-28.4
±2,0.75,3.75,13:30,-1420.0,50,40.0,-28.4
±2,0.75,2.25,13:30,-1420.0,50,40.0,-28.4
±2,0.75,1.75,13:30,-1420.0,50,40.0,-28.4
±2,0.75,2.5,13:30,-1420.0,50,40.0,-28.4
±2,0.5,0.5,10:30,-1423.0,50,34.0,-28.46
±3,1.25,5.0,15:00,-1425.0,50,36.0,-28.5
±3,1.25,3.25,15:00,-1425.0,50,36.0,-28.5
±3,1.25,3.75,15:00,-1425.0,50,36.0,-28.5
±3,1.25,3.5,15:00,-1425.0,50,36.0,-28.5
±3,1.25,4.0,15:00,-1425.0,50,36.0,-28.5
±3,1.25,4.25,15:00,-1425.0,50,36.0,-28.5
±3,1.25,4.5,15:00,-1425.0,50,36.0,-28.5
±3,1.25,4.75,15:00,-1425.0,50,36.0,-28.5
±3,1.25,2.5,15:00,-1425.0,50,36.0,-28.5
±3,1.25,2.0,15:00,-1425.0,50,36.0,-28.5
±3,1.25,2.25,15:00,-1425.0,50,36.0,-28.5
±3,1.25,1.75,15:00,-1425.0,50,36.0,-28.5
±3,1.25,2.75,15:00,-1425.0,50,36.0,-28.5
±3,1.25,3.0,15:00,-1425.0,50,36.0,-28.5
±3,1.75,0.75,14:30,-1426.0,50,44.0,-28.52
±3,1.5,0.75,11:30,-1428.0,50,34.0,-28.56
±3,1.75,0.75,11:30,-1428.0,50,34.0,-28.56
±3,0.5,1.5,15:00,-1428.0,50,36.0,-28.56
±3,1.75,1.5,12:00,-1433.0,50,26.0,-28.66
±3,1.5,1.5,12:00,-1433.0,50,26.0,-28.66
±3,1.0,3.25,13:30,-1434.0,50,40.0,-28.68
±3,1.0,3.0,13:30,-1434.0,50,40.0,-28.68
±3,1.0,2.25,13:30,-1434.0,50,40.0,-28.68
±3,1.0,4.0,13:30,-1434.0,50,40.0,-28.68
±3,0.75,1.0,12:30,-1434.0,50,34.0,-28.68
±3,1.0,4.75,13:30,-1434.0,50,40.0,-28.68
±3,1.0,1.75,13:30,-1434.0,50,40.0,-28.68
±3,1.0,3.5,13:30,-1434.0,50,40.0,-28.68
±3,1.0,3.75,13:30,-1434.0,50,40.0,-28.68
±3,1.0,4.25,13:30,-1434.0,50,40.0,-28.68
±3,1.0,2.5,13:30,-1434.0,50,40.0,-28.68
±3,1.0,2.0,13:30,-1434.0,50,40.0,-28.68
±3,1.0,5.0,13:30,-1434.0,50,40.0,-28.68
±3,1.0,2.75,13:30,-1434.0,50,40.0,-28.68
±3,1.0,4.5,13:30,-1434.0,50,40.0,-28.68
±3,1.5,0.75,14:30,-1437.0,50,44.0,-28.74
±2,0.5,1.5,11:00,-1437.0,50,36.0,-28.74
±3,5.0,0.75,10:30,-1442.0,50,38.0,-28.84
±3,2.0,0.75,10:30,-1442.0,50,38.0,-28.84
±3,1.5,0.75,10:30,-1442.0,50,38.0,-28.84
±3,3.0,0.75,10:30,-1442.0,50,38.0,-28.84
±3,3.75,0.75,10:30,-1442.0,50,38.0,-28.84
±3,4.5,0.75,10:30,-1442.0,50,38.0,-28.84
±3,4.0,0.75,10:30,-1442.0,50,38.0,-28.84
±3,2.75,0.75,10:30,-1442.0,50,38.0,-28.84
±3,4.75,0.75,10:30,-1442.0,50,38.0,-28.84
±3,1.25,0.75,10:30,-1442.0,50,38.0,-28.84
±3,1.75,0.75,10:30,-1442.0,50,38.0,-28.84
±3,4.25,0.75,10:30,-1442.0,50,38.0,-28.84
±3,3.25,0.75,10:30,-1442.0,50,38.0,-28.84
±3,2.5,0.75,10:30,-1442.0,50,38.0,-28.84
±3,2.25,0.75,10:30,-1442.0,50,38.0,-28.84
±3,3.5,0.75,10:30,-1442.0,50,38.0,-28.84
±3,1.25,1.25,14:30,-1448.0,50,36.0,-28.96
±2,0.75,1.5,11:00,-1450.0,50,32.0,-29.0
±2,0.75,0.5,15:00,-1450.0,50,44.0,-29.0
±3,1.0,1.0,12:30,-1451.0,50,36.0,-29.02
±2,1.25,1.25,15:00,-1451.0,50,40.0,-29.02
±2,0.75,1.5,14:30,-1452.0,50,38.0,-29.04
±2,1.25,2.25,13:00,-1453.0,50,38.0,-29.06
±2,1.25,5.0,13:00,-1453.0,50,38.0,-29.06
±2,1.25,4.25,13:00,-1453.0,50,38.0,-29.06
±2,1.25,2.5,13:00,-1453.0,50,38.0,-29.06
±2,1.25,2.75,13:00,-1453.0,50,38.0,-29.06
±2,1.25,4.5,13:00,-1453.0,50,38.0,-29.06
±2,1.25,1.75,13:00,-1453.0,50,38.0,-29.06
±2,1.25,2.0,13:00,-1453.0,50,38.0,-29.06
±2,1.25,4.0,13:00,-1453.0,50,38.0,-29.06
±2,1.25,3.75,13:00,-1453.0,50,38.0,-29.06
±2,1.25,4.75,13:00,-1453.0,50,38.0,-29.06
±2,1.25,3.25,13:00,-1453.0,50,38.0,-29.06
±2,1.25,3.0,13:00,-1453.0,50,38.0,-29.06
±2,1.25,3.5,13:00,-1453.0,50,38.0,-29.06
±2,1.75,1.5,15:00,-1454.0,50,38.0,-29.08
±2,1.5,0.5,15:00,-1456.0,50,40.0,-29.12
±3,5.0,5.0,13:00,-1458.0,50,30.0,-29.16
±3,5.0,3.75,13:00,-1458.0,50,30.0,-29.16
±3,2.0,2.75,13:00,-1458.0,50,30.0,-29.16
±3,5.0,4.0,13:00,-1458.0,50,30.0,-29.16
±3,2.0,2.5,13:00,-1458.0,50,30.0,-29.16
±3,2.0,3.25,13:00,-1458.0,50,30.0,-29.16
±3,3.75,4.5,13:00,-1458.0,50,30.0,-29.16
±3,3.75,3.25,13:00,-1458.0,50,30.0,-29.16
±3,2.0,3.0,13:00,-1458.0,50,30.0,-29.16
±3,4.75,3.25,13:00,-1458.0,50,30.0,-29.16
±3,4.75,3.5,13:00,-1458.0,50,30.0,-29.16
±3,4.75,3.75,13:00,-1458.0,50,30.0,-29.16
±3,5.0,3.5,13:00,-1458.0,50,30.0,-29.16
±3,5.0,4.25,13:00,-1458.0,50,30.0,-29.16
±3,5.0,3.25,13:00,-1458.0,50,30.0,-29.16
±3,5.0,4.75,13:00,-1458.0,50,30.0,-29.16
±3,3.75,3.75,13:00,-1458.0,50,30.0,-29.16
±3,3.75,4.0,13:00,-1458.0,50,30.0,-29.16
±3,3.25,2.75,13:00,-1458.0,50,30.0,-29.16
±3,3.25,3.0,13:00,-1458.0,50,30.0,-29.16
±3,3.25,3.25,13:00,-1458.0,50,30.0,-29.16
±3,4.0,4.25,13:00,-1458.0,50,30.0,-29.16
±3,4.75,3.0,13:00,-1458.0,50,30.0,-29.16
±3,4.75,2.75,13:00,-1458.0,50,30.0,-29.16
±3,4.75,2.5,13:00,-1458.0,50,30.0,-29.16
±3,2.25,4.25,13:00,-1458.0,50,30.0,-29.16
±3,2.25,4.0,13:00,-1458.0,50,30.0,-29.16
±3,2.25,3.25,13:00,-1458.0,50,30.0,-29.16
±3,3.25,5.0,13:00,-1458.0,50,30.0,-29.16
±3,3.25,1.75,13:00,-1458.0,50,30.0,-29.16
±3,3.0,4.75,13:00,-1458.0,50,30.0,-29.16
±3,3.0,4.5,13:00,-1458.0,50,30.0,-29.16
±3,4.25,2.0,13:00,-1458.0,50,30.0,-29.16
±3,4.0,3.25,13:00,-1458.0,50,30.0,-29.16
±3,3.75,4.75,13:00,-1458.0,50,30.0,-29.16
±3,3.75,2.25,13:00,-1458.0,50,30.0,-29.16
±3,3.75,5.0,13:00,-1458.0,50,30.0,-29.16
±3,4.0,3.0,13:00,-1458.0,50,30.0,-29.16
±3,3.75,2.5,13:00,-1458.0,50,30.0,-29.16
±3,3.75,2.75,13:00,-1458.0,50,30.0,-29.16
±3,2.25,3.75,13:00,-1458.0,50,30.0,-29.16
±3,3.0,5.0,13:00,-1458.0,50,30.0,-29.16
±3,3.0,3.5,13:00,-1458.0,50,30.0,-29.16
±3,3.0,3.75,13:00,-1458.0,50,30.0,-29.16
±3,4.75,4.0,13:00,-1458.0,50,30.0,-29.16
±3,2.25,2.0,13:00,-1458.0,50,30.0,-29.16
±3,2.25,2.25,13:00,-1458.0,50,30.0,-29.16
±3,2.25,2.5,13:00,-1458.0,50,30.0,-29.16
±3,2.25,2.75,13:00,-1458.0,50,30.0,-29.16
±3,3.75,3.5,13:00,-1458.0,50,30.0,-29.16
±3,3.75,3.0,13:00,-1458.0,50,30.0,-29.16
±3,2.0,2.25,13:00,-1458.0,50,30.0,-29.16
±3,5.0,4.5,13:00,-1458.0,50,30.0,-29.16
±3,3.75,4.25,13:00,-1458.0,50,30.0,-29.16
±3,4.75,5.0,13:00,-1458.0,50,30.0,-29.16
±3,2.25,3.0,13:00,-1458.0,50,30.0,-29.16
±3,4.75,4.75,13:00,-1458.0,50,30.0,-29.16
±3,4.75,4.5,13:00,-1458.0,50,30.0,-29.16
±3,4.75,4.25,13:00,-1458.0,50,30.0,-29.16
±3,4.75,1.75,13:00,-1458.0,50,30.0,-29.16
±3,2.25,5.0,13:00,-1458.0,50,30.0,-29.16
±3,2.25,4.75,13:00,-1458.0,50,30.0,-29.16
±3,2.25,4.5,13:00,-1458.0,50,30.0,-29.16
±3,3.0,4.0,13:00,-1458.0,50,30.0,-29.16
±3,4.25,1.75,13:00,-1458.0,50,30.0,-29.16
±3,3.0,4.25,13:00,-1458.0,50,30.0,-29.16
±3,3.75,2.0,13:00,-1458.0,50,30.0,-29.16
±3,2.25,3.5,13:00,-1458.0,50,30.0,-29.16
±3,4.0,5.0,13:00,-1458.0,50,30.0,-29.16
±3,3.25,2.5,13:00,-1458.0,50,30.0,-29.16
±3,4.25,2.25,13:00,-1458.0,50,30.0,-29.16
±3,4.25,2.5,13:00,-1458.0,50,30.0,-29.16
±3,3.0,2.0,13:00,-1458.0,50,30.0,-29.16
±3,3.0,3.25,13:00,-1458.0,50,30.0,-29.16
±3,4.25,2.75,13:00,-1458.0,50,30.0,-29.16
±3,2.5,3.0,13:00,-1458.0,50,30.0,-29.16
±3,4.5,4.75,13:00,-1458.0,50,30.0,-29.16
±3,4.5,5.0,13:00,-1458.0,50,30.0,-29.16
±3,2.5,1.75,13:00,-1458.0,50,30.0,-29.16
±3,4.25,3.0,13:00,-1458.0,50,30.0,-29.16
±3,3.0,2.25,13:00,-1458.0,50,30.0,-29.16
±3,3.0,2.5,13:00,-1458.0,50,30.0,-29.16
±3,3.0,2.75,13:00,-1458.0,50,30.0,-29.16
±3,3.0,3.0,13:00,-1458.0,50,30.0,-29.16
±3,4.75,2.0,13:00,-1458.0,50,30.0,-29.16
±3,3.25,2.0,13:00,-1458.0,50,30.0,-29.16
±3,4.25,3.75,13:00,-1458.0,50,30.0,-29.16
±3,4.25,3.5,13:00,-1458.0,50,30.0,-29.16
±3,2.5,4.0,13:00,-1458.0,50,30.0,-29.16
±3,4.5,4.0,13:00,-1458.0,50,30.0,-29.16
±3,2.5,2.0,13:00,-1458.0,50,30.0,-29.16
±3,2.5,2.25,13:00,-1458.0,50,30.0,-29.16
±3,4.5,4.25,13:00,-1458.0,50,30.0,-29.16
±3,4.5,4.5,13:00,-1458.0,50,30.0,-29.16
±3,2.0,4.5,13:00,-1458.0,50,30.0,-29.16
±3,2.0,4.75,13:00,-1458.0,50,30.0,-29.16
±3,5.0,1.75,13:00,-1458.0,50,30.0,-29.16
±3,2.0,5.0,13:00,-1458.0,50,30.0,-29.16
±3,3.25,3.75,13:00,-1458.0,50,30.0,-29.16
±3,3.25,4.0,13:00,-1458.0,50,30.0,-29.16
±3,2.5,2.5,13:00,-1458.0,50,30.0,-29.16
±3,2.5,2.75,13:00,-1458.0,50,30.0,-29.16
±3,3.25,4.5,13:00,-1458.0,50,30.0,-29.16
±3,3.25,4.25,13:00,-1458.0,50,30.0,-29.16
±3,4.0,4.0,13:00,-1458.0,50,30.0,-29.16
±3,4.0,3.5,13:00,-1458.0,50,30.0,-29.16
±3,3.25,4.75,13:00,-1458.0,50,30.0,-29.16
±3,4.0,2.25,13:00,-1458.0,50,30.0,-29.16
±3,4.0,2.5,13:00,-1458.0,50,30.0,-29.16
±3,4.0,3.75,13:00,-1458.0,50,30.0,-29.16
±3,4.0,2.75,13:00,-1458.0,50,30.0,-29.16
±3,4.25,4.0,13:00,-1458.0,50,30.0,-29.16
±3,2.75,4.75,13:00,-1458.0,50,30.0,-29.16
±3,4.25,4.25,13:00,-1458.0,50,30.0,-29.16
±3,3.0,1.75,13:00,-1458.0,50,30.0,-29.16
±3,4.25,3.25,13:00,-1458.0,50,30.0,-29.16
±3,4.75,2.25,13:00,-1458.0,50,30.0,-29.16
±3,3.25,2.25,13:00,-1458.0,50,30.0,-29.16
±3,4.5,3.75,13:00,-1458.0,50,30.0,-29.16
±3,4.5,3.5,13:00,-1458.0,50,30.0,-29.16
±3,2.5,4.75,13:00,-1458.0,50,30.0,-29.16
±3,4.25,4.5,13:00,-1458.0,50,30.0,-29.16
±3,2.75,5.0,13:00,-1458.0,50,30.0,-29.16
±3,2.75,4.5,13:00,-1458.0,50,30.0,-29.16
±3,2.5,3.25,13:00,-1458.0,50,30.0,-29.16
±3,2.5,3.5,13:00,-1458.0,50,30.0,-29.16
±3,4.5,3.25,13:00,-1458.0,50,30.0,-29.16
±3,4.25,5.0,13:00,-1458.0,50,30.0,-29.16
±3,3.75,1.75,13:00,-1458.0,50,30.0,-29.16
±3,2.5,4.25,13:00,-1458.0,50,30.0,-29.16
±3,2.5,4.5,13:00,-1458.0,50,30.0,-29.16
±3,4.25,4.75,13:00,-1458.0,50,30.0,-29.16
±3,2.5,3.75,13:00,-1458.0,50,30.0,-29.16
±3,2.75,4.25,13:00,-1458.0,50,30.0,-29.16
±3,4.0,1.75,13:00,-1458.0,50,30.0,-29.16
±3,4.0,2.0,13:00,-1458.0,50,30.0,-29.16
±3,3.5,2.5,13:00,-1458.0,50,30.0,-29.16
±3,3.5,2.75,13:00,-1458.0,50,30.0,-29.16
±3,3.5,3.0,13:00,-1458.0,50,30.0,-29.16
±3,3.5,3.25,13:00,-1458.0,50,30.0,-29.16
±3,3.5,5.0,13:00,-1458.0,50,30.0,-29.16
±3,4.5,2.75,13:00,-1458.0,50,30.0,-29.16
±3,4.5,3.0,13:00,-1458.0,50,30.0,-29.16
±3,2.5,5.0,13:00,-1458.0,50,30.0,-29.16
±3,4.5,2.0,13:00,-1458.0,50,30.0,-29.16
±3,2.75,3.5,13:00,-1458.0,50,30.0,-29.16
±3,2.75,3.75,13:00,-1458.0,50,30.0,-29.16
±3,3.5,1.75,13:00,-1458.0,50,30.0,-29.16
±3,3.5,2.0,13:00,-1458.0,50,30.0,-29.16
±3,3.5,2.25,13:00,-1458.0,50,30.0,-29.16
±3,2.75,2.25,13:00,-1458.0,50,30.0,-29.16
±3,2.75,2.5,13:00,-1458.0,50,30.0,-29.16
±3,2.75,4.0,13:00,-1458.0,50,30.0,-29.16
±3,4.5,2.25,13:00,-1458.0,50,30.0,-29.16
±3,4.0,4.5,13:00,-1458.0,50,30.0,-29.16
±3,4.0,4.75,13:00,-1458.0,50,30.0,-29.16
±3,3.5,3.5,13:00,-1458.0,50,30.0,-29.16
±3,4.5,2.5,13:00,-1458.0,50,30.0,-29.16
±3,5.0,3.0,13:00,-1458.0,50,30.0,-29.16
±3,2.0,3.5,13:00,-1458.0,50,30.0,-29.16
±3,5.0,2.0,13:00,-1458.0,50,30.0,-29.16
±3,2.0,3.75,13:00,-1458.0,50,30.0,-29.16
±3,5.0,2.25,13:00,-1458.0,50,30.0,-29.16
±3,2.0,4.0,13:00,-1458.0,50,30.0,-29.16
±3,3.25,3.5,13:00,-1458.0,50,30.0,-29.16
±3,3.5,3.75,13:00,-1458.0,50,30.0,-29.16
±3,2.0,4.25,13:00,-1458.0,50,30.0,-29.16
±3,2.25,1.75,13:00,-1458.0,50,30.0,-29.16
±3,3.5,4.5,13:00,-1458.0,50,30.0,-29.16
±3,3.5,4.0,13:00,-1458.0,50,30.0,-29.16
±3,3.5,4.75,13:00,-1458.0,50,30.0,-29.16
±3,2.75,2.75,13:00,-1458.0,50,30.0,-29.16
±3,2.75,3.0,13:00,-1458.0,50,30.0,-29.16
±3,3.5,4.25,13:00,-1458.0,50,30.0,-29.16
±3,2.75,3.25,13:00,-1458.0,50,30.0,-29.16
±3,4.5,1.75,13:00,-1458.0,50,30.0,-29.16
±3,2.75,2.0,13:00,-1458.0,50,30.0,-29.16
±3,2.75,1.75,13:00,-1458.0,50,30.0,-29.16
±3,2.0,1.75,13:00,-1458.0,50,30.0,-29.16
±3,5.0,2.5,13:00,-1458.0,50,30.0,-29.16
±3,5.0,2.75,13:00,-1458.0,50,30.0,-29.16
±3,2.0,2.0,13:00,-1458.0,50,30.0,-29.16
±2,1.5,1.5,12:30,-1459.0,50,36.0,-29.18
±2,1.25,1.5,12:00,-1459.0,50,26.0,-29.18
±2,1.75,1.5,12:30,-1459.0,50,36.0,-29.18
±2,1.0,0.5,12:30,-1460.0,50,38.0,-29.2
±3,1.0,0.75,15:00,-1461.0,50,50.0,-29.22
±2,0.75,1.25,14:30,-1461.0,50,38.0,-29.22
±3,1.0,1.25,11:00,-1461.0,50,34.0,-29.22
±2,1.0,1.5,11:00,-1468.0,50,32.0,-29.36
±2,0.5,0.75,11:30,-1469.0,50,40.0,-29.38
±2,1.0,0.75,12:00,-1470.0,50,38.0,-29.4
±2,4.5,1.25,14:00,-1473.0,50,44.0,-29.46
±2,2.25,1.25,14:00,-1473.0,50,44.0,-29.46
±2,4.0,1.25,14:00,-1473.0,50,44.0,-29.46
±2,2.5,1.25,14:00,-1473.0,50,44.0,-29.46
±2,3.75,1.25,14:00,-1473.0,50,44.0,-29.46
±2,3.5,1.25,14:00,-1473.0,50,44.0,-29.46
±2,3.0,1.25,14:00,-1473.0,50,44.0,-29.46
±2,4.75,1.25,14:00,-1473.0,50,44.0,-29.46
±2,1.0,1.5,14:00,-1473.0,50,46.0,-29.46
±2,2.75,1.25,14:00,-1473.0,50,44.0,-29.46
±2,2.0,1.25,14:00,-1473.0,50,44.0,-29.46
±2,3.25,1.25,14:00,-1473.0,50,44.0,-29.46
±2,4.25,1.25,14:00,-1473.0,50,44.0,-29.46
±2,5.0,1.25,14:00,-1473.0,50,44.0,-29.46
±2,5.0,0.5,14:30,-1477.0,50,38.0,-29.54
±2,4.5,0.5,14:30,-1477.0,50,38.0,-29.54
±2,2.25,0.5,14:30,-1477.0,50,38.0,-29.54
±2,3.75,0.5,14:30,-1477.0,50,38.0,-29.54
±2,3.25,0.5,14:30,-1477.0,50,38.0,-29.54
±2,2.0,0.5,14:30,-1477.0,50,38.0,-29.54
±2,2.75,0.5,14:30,-1477.0,50,38.0,-29.54
±2,4.0,0.5,14:30,-1477.0,50,38.0,-29.54
±2,1.75,1.25,12:00,-1477.0,50,26.0,-29.54
±2,1.5,1.25,12:00,-1477.0,50,26.0,-29.54
±2,4.25,0.5,14:30,-1477.0,50,38.0,-29.54
±2,3.5,0.5,14:30,-1477.0,50,38.0,-29.54
±2,2.5,0.5,14:30,-1477.0,50,38.0,-29.54
±2,3.0,0.5,14:30,-1477.0,50,38.0,-29.54
±2,4.75,0.5,14:30,-1477.0,50,38.0,-29.54
±2,4.25,0.75,14:00,-1479.0,50,50.0,-29.58
±2,5.0,0.75,14:00,-1479.0,50,50.0,-29.58
±2,4.5,0.75,14:00,-1479.0,50,50.0,-29.58
±2,3.5,0.75,14:00,-1479.0,50,50.0,-29.58
±2,4.75,0.75,14:00,-1479.0,50,50.0,-29.58
±2,3.25,0.75,14:00,-1479.0,50,50.0,-29.58
±2,3.0,0.75,14:00,-1479.0,50,50.0,-29.58
±2,2.75,0.75,14:00,-1479.0,50,50.0,-29.58
±2,3.75,0.75,14:00,-1479.0,50,50.0,-29.58
±2,2.25,0.75,14:00,-1479.0,50,50.0,-29.58
±2,2.5,0.75,14:00,-1479.0,50,50.0,-29.58
±2,2.0,0.75,14:00,-1479.0,50,50.0,-29.58
±2,4.0,0.75,14:00,-1479.0,50,50.0,-29.58
±2,2.25,5.0,13:00,-1480.0,50,38.0,-29.6
±2,3.5,2.0,13:00,-1480.0,50,38.0,-29.6
±2,5.0,2.25,13:00,-1480.0,50,38.0,-29.6
±2,3.5,3.25,13:00,-1480.0,50,38.0,-29.6
±2,5.0,2.0,13:00,-1480.0,50,38.0,-29.6
±2,3.25,5.0,13:00,-1480.0,50,38.0,-29.6
±2,4.25,4.75,13:00,-1480.0,50,38.0,-29.6
±2,2.25,4.5,13:00,-1480.0,50,38.0,-29.6
±2,4.25,4.25,13:00,-1480.0,50,38.0,-29.6
±2,4.0,3.5,13:00,-1480.0,50,38.0,-29.6
±2,4.0,2.25,13:00,-1480.0,50,38.0,-29.6
±2,2.25,2.75,13:00,-1480.0,50,38.0,-29.6
±2,2.25,2.25,13:00,-1480.0,50,38.0,-29.6
±2,3.5,3.75,13:00,-1480.0,50,38.0,-29.6
±2,4.25,3.75,13:00,-1480.0,50,38.0,-29.6
±2,5.0,2.75,13:00,-1480.0,50,38.0,-29.6
±2,2.25,4.75,13:00,-1480.0,50,38.0,-29.6
±2,4.0,2.0,13:00,-1480.0,50,38.0,-29.6
±2,4.0,4.0,13:00,-1480.0,50,38.0,-29.6
±2,4.25,1.75,13:00,-1480.0,50,38.0,-29.6
±2,4.25,4.5,13:00,-1480.0,50,38.0,-29.6
±2,4.0,2.5,13:00,-1480.0,50,38.0,-29.6
±2,4.5,1.75,13:00,-1480.0,50,38.0,-29.6
±2,2.5,2.25,13:00,-1480.0,50,38.0,-29.6
±2,3.25,3.75,13:00,-1480.0,50,38.0,-29.6
±2,3.25,3.5,13:00,-1480.0,50,38.0,-29.6
±2,5.0,3.25,13:00,-1480.0,50,38.0,-29.6
±2,3.5,3.5,13:00,-1480.0,50,38.0,-29.6
±2,2.25,2.5,13:00,-1480.0,50,38.0,-29.6
±2,3.5,4.25,13:00,-1480.0,50,38.0,-29.6
±2,2.25,3.25,13:00,-1480.0,50,38.0,-29.6
±2,5.0,2.5,13:00,-1480.0,50,38.0,-29.6
±2,4.0,3.25,13:00,-1480.0,50,38.0,-29.6
±2,4.0,2.75,13:00,-1480.0,50,38.0,-29.6
±2,4.0,3.0,13:00,-1480.0,50,38.0,-29.6
±2,3.5,2.5,13:00,-1480.0,50,38.0,-29.6
±2,5.0,1.75,13:00,-1480.0,50,38.0,-29.6
±2,4.25,5.0,13:00,-1480.0,50,38.0,-29.6
±2,3.5,3.0,13:00,-1480.0,50,38.0,-29.6
±2,2.25,3.0,13:00,-1480.0,50,38.0,-29.6
±2,4.5,4.25,13:00,-1480.0,50,38.0,-29.6
±2,4.5,4.75,13:00,-1480.0,50,38.0,-29.6
±2,2.75,4.75,13:00,-1480.0,50,38.0,-29.6
±2,4.5,4.5,13:00,-1480.0,50,38.0,-29.6
±2,4.0,4.5,13:00,-1480.0,50,38.0,-29.6
±2,2.75,5.0,13:00,-1480.0,50,38.0,-29.6
±2,3.5,2.75,13:00,-1480.0,50,38.0,-29.6
±2,2.25,3.5,13:00,-1480.0,50,38.0,-29.6
±2,3.5,1.75,13:00,-1480.0,50,38.0,-29.6
±2,3.5,2.25,13:00,-1480.0,50,38.0,-29.6
±2,2.25,4.25,13:00,-1480.0,50,38.0,-29.6
±2,2.25,4.0,13:00,-1480.0,50,38.0,-29.6
±2,2.75,4.25,13:00,-1480.0,50,38.0,-29.6
±2,2.25,3.75,13:00,-1480.0,50,38.0,-29.6
±2,5.0,4.0,13:00,-1480.0,50,38.0,-29.6
±2,4.25,3.5,13:00,-1480.0,50,38.0,-29.6
±2,2.5,1.75,13:00,-1480.0,50,38.0,-29.6
±2,3.25,4.0,13:00,-1480.0,50,38.0,-29.6
±2,4.75,5.0,13:00,-1480.0,50,38.0,-29.6
±2,2.5,2.0,13:00,-1480.0,50,38.0,-29.6
±2,3.25,4.5,13:00,-1480.0,50,38.0,-29.6
±2,2.5,2.5,13:00,-1480.0,50,38.0,-29.6
±2,3.75,5.0,13:00,-1480.0,50,38.0,-29.6
±2,2.5,2.75,13:00,-1480.0,50,38.0,-29.6
±2,3.25,3.25,13:00,-1480.0,50,38.0,-29.6
±2,2.0,4.75,13:00,-1480.0,50,38.0,-29.6
±2,4.25,2.25,13:00,-1480.0,50,38.0,-29.6
±2,2.25,2.0,13:00,-1480.0,50,38.0,-29.6
±2,3.5,4.5,13:00,-1480.0,50,38.0,-29.6
±2,4.0,1.75,13:00,-1480.0,50,38.0,-29.6
±2,5.0,3.0,13:00,-1480.0,50,38.0,-29.6
±2,3.25,4.75,13:00,-1480.0,50,38.0,-29.6
±2,3.25,4.25,13:00,-1480.0,50,38.0,-29.6
±2,3.5,4.75,13:00,-1480.0,50,38.0,-29.6
±2,4.25,4.0,13:00,-1480.0,50,38.0,-29.6
±2,2.25,1.75,13:00,-1480.0,50,38.0,-29.6
±2,3.5,4.0,13:00,-1480.0,50,38.0,-29.6
±2,5.0,3.5,13:00,-1480.0,50,38.0,-29.6
±2,5.0,4.25,13:00,-1480.0,50,38.0,-29.6
±2,3.25,3.0,13:00,-1480.0,50,38.0,-29.6
±2,2.5,3.25,13:00,-1480.0,50,38.0,-29.6
±2,2.5,3.5,13:00,-1480.0,50,38.0,-29.6
±2,3.25,2.5,13:00,-1480.0,50,38.0,-29.6
±2,4.75,4.25,13:00,-1480.0,50,38.0,-29.6
±2,3.5,5.0,13:00,-1480.0,50,38.0,-29.6
±2,5.0,3.75,13:00,-1480.0,50,38.0,-29.6
±2,3.25,2.75,13:00,-1480.0,50,38.0,-29.6
±2,4.75,3.25,13:00,-1480.0,50,38.0,-29.6
±2,4.75,3.5,13:00,-1480.0,50,38.0,-29.6
±2,4.5,2.25,13:00,-1480.0,50,38.0,-29.6
±2,2.0,4.5,13:00,-1480.0,50,38.0,-29.6
±2,5.0,5.0,13:00,-1480.0,50,38.0,-29.6
±2,2.0,4.0,13:00,-1480.0,50,38.0,-29.6
±2,3.75,1.75,13:00,-1480.0,50,38.0,-29.6
±2,2.0,3.25,13:00,-1480.0,50,38.0,-29.6
±2,5.0,4.75,13:00,-1480.0,50,38.0,-29.6
±2,2.5,4.0,13:00,-1480.0,50,38.0,-29.6
±2,3.75,3.0,13:00,-1480.0,50,38.0,-29.6
±2,3.25,1.75,13:00,-1480.0,50,38.0,-29.6
±2,2.5,4.5,13:00,-1480.0,50,38.0,-29.6
±2,2.5,4.25,13:00,-1480.0,50,38.0,-29.6
±2,3.75,2.25,13:00,-1480.0,50,38.0,-29.6
±2,3.75,2.75,13:00,-1480.0,50,38.0,-29.6
±2,4.25,3.0,13:00,-1480.0,50,38.0,-29.6
±2,4.75,4.5,13:00,-1480.0,50,38.0,-29.6
±2,2.0,5.0,13:00,-1480.0,50,38.0,-29.6
±2,4.25,3.25,13:00,-1480.0,50,38.0,-29.6
±2,2.0,4.25,13:00,-1480.0,50,38.0,-29.6
±2,4.75,3.75,13:00,-1480.0,50,38.0,-29.6
±2,5.0,4.5,13:00,-1480.0,50,38.0,-29.6
±2,4.5,2.5,13:00,-1480.0,50,38.0,-29.6
±2,2.5,3.75,13:00,-1480.0,50,38.0,-29.6
±2,3.25,2.0,13:00,-1480.0,50,38.0,-29.6
±2,3.25,2.25,13:00,-1480.0,50,38.0,-29.6
±2,4.75,4.75,13:00,-1480.0,50,38.0,-29.6
±2,4.75,4.0,13:00,-1480.0,50,38.0,-29.6
±2,2.5,3.0,13:00,-1480.0,50,38.0,-29.6
±2,4.5,2.0,13:00,-1480.0,50,38.0,-29.6
±2,2.0,3.5,13:00,-1480.0,50,38.0,-29.6
±2,4.0,4.25,13:00,-1480.0,50,38.0,-29.6
±2,4.0,3.75,13:00,-1480.0,50,38.0,-29.6
±2,4.0,4.75,13:00,-1480.0,50,38.0,-29.6
±2,3.0,5.0,13:00,-1480.0,50,38.0,-29.6
±2,2.5,5.0,13:00,-1480.0,50,38.0,-29.6
±2,3.75,3.75,13:00,-1480.0,50,38.0,-29.6
±2,3.75,3.25,13:00,-1480.0,50,38.0,-29.6
±2,2.0,2.75,13:00,-1480.0,50,38.0,-29.6
±2,2.0,3.0,13:00,-1480.0,50,38.0,-29.6
±2,3.75,3.5,13:00,-1480.0,50,38.0,-29.6
±2,2.0,2.5,13:00,-1480.0,50,38.0,-29.6
±2,3.75,2.0,13:00,-1480.0,50,38.0,-29.6
±2,3.75,2.5,13:00,-1480.0,50,38.0,-29.6
±2,2.0,3.75,13:00,-1480.0,50,38.0,-29.6
±2,3.0,4.5,13:00,-1480.0,50,38.0,-29.6
±2,3.0,3.75,13:00,-1480.0,50,38.0,-29.6
±2,2.75,2.0,13:00,-1480.0,50,38.0,-29.6
±2,3.0,3.5,13:00,-1480.0,50,38.0,-29.6
±2,2.75,1.75,13:00,-1480.0,50,38.0,-29.6
±2,4.25,2.75,13:00,-1480.0,50,38.0,-29.6
±2,2.0,2.0,13:00,-1480.0,50,38.0,-29.6
±2,4.75,2.75,13:00,-1480.0,50,38.0,-29.6
±2,4.5,3.25,13:00,-1480.0,50,38.0,-29.6
±2,2.0,1.75,13:00,-1480.0,50,38.0,-29.6
±2,3.0,4.75,13:00,-1480.0,50,38.0,-29.6
±2,4.5,2.75,13:00,-1480.0,50,38.0,-29.6
±2,4.75,3.0,13:00,-1480.0,50,38.0,-29.6
±2,2.5,4.75,13:00,-1480.0,50,38.0,-29.6
±2,3.0,4.0,13:00,-1480.0,50,38.0,-29.6
±2,4.25,2.0,13:00,-1480.0,50,38.0,-29.6
±2,3.0,4.25,13:00,-1480.0,50,38.0,-29.6
±2,2.75,2.75,13:00,-1480.0,50,38.0,-29.6
±2,2.75,2.25,13:00,-1480.0,50,38.0,-29.6
±2,4.5,3.5,13:00,-1480.0,50,38.0,-29.6
±2,4.75,2.0,13:00,-1480.0,50,38.0,-29.6
±2,2.0,2.25,13:00,-1480.0,50,38.0,-29.6
±2,4.25,2.5,13:00,-1480.0,50,38.0,-29.6
±2,3.75,4.0,13:00,-1480.0,50,38.0,-29.6
±2,2.75,2.5,13:00,-1480.0,50,38.0,-29.6
±2,3.75,4.5,13:00,-1480.0,50,38.0,-29.6
±2,3.0,2.5,13:00,-1480.0,50,38.0,-29.6
±2,2.75,3.0,13:00,-1480.0,50,38.0,-29.6
±2,3.0,2.75,13:00,-1480.0,50,38.0,-29.6
±2,4.5,3.0,13:00,-1480.0,50,38.0,-29.6
±2,4.75,2.5,13:00,-1480.0,50,38.0,-29.6
±2,4.75,2.25,13:00,-1480.0,50,38.0,-29.6
±2,3.75,4.75,13:00,-1480.0,50,38.0,-29.6
±2,2.75,3.5,13:00,-1480.0,50,38.0,-29.6
±2,2.75,3.75,13:00,-1480.0,50,38.0,-29.6
±2,2.75,3.25,13:00,-1480.0,50,38.0,-29.6
±2,4.5,4.0,13:00,-1480.0,50,38.0,-29.6
±2,4.75,1.75,13:00,-1480.0,50,38.0,-29.6
±2,3.0,3.0,13:00,-1480.0,50,38.0,-29.6
±2,4.0,5.0,13:00,-1480.0,50,38.0,-29.6
±2,3.0,1.75,13:00,-1480.0,50,38.0,-29.6
±2,2.75,4.5,13:00,-1480.0,50,38.0,-29.6
±2,4.5,3.75,13:00,-1480.0,50,38.0,-29.6
±2,2.75,4.0,13:00,-1480.0,50,38.0,-29.6
±2,3.0,2.25,13:00,-1480.0,50,38.0,-29.6
±2,3.0,3.25,13:00,-1480.0,50,38.0,-29.6
±2,3.0,2.0,13:00,-1480.0,50,38.0,-29.6
±2,3.75,4.25,13:00,-1480.0,50,38.0,-29.6
±2,4.5,5.0,13:00,-1480.0,50,38.0,-29.6
±3,1.0,1.0,11:00,-1481.0,50,36.0,-29.62
±2,0.75,0.75,12:00,-1482.0,50,40.0,-29.64
±2,0.75,0.75,10:30,-1486.0,50,34.0,-29.72
±3,5.0,1.0,12:00,-1487.0,50,30.0,-29.74
±3,3.75,1.0,12:00,-1487.0,50,30.0,-29.74
±3,2.5,1.0,12:00,-1487.0,50,30.0,-29.74
±3,4.25,1.0,12:00,-1487.0,50,30.0,-29.74
±3,3.0,1.0,12:00,-1487.0,50,30.0,-29.74
±3,4.5,1.0,12:00,-1487.0,50,30.0,-29.74
±3,3.25,1.0,12:00,-1487.0,50,30.0,-29.74
±3,3.5,1.0,12:00,-1487.0,50,30.0,-29.74
±3,2.75,1.0,12:00,-1487.0,50,30.0,-29.74
±3,4.0,1.0,12:00,-1487.0,50,30.0,-29.74
±3,2.25,1.0,12:00,-1487.0,50,30.0,-29.74
±3,4.75,1.0,12:00,-1487.0,50,30.0,-29.74
±3,2.0,1.0,12:00,-1487.0,50,30.0,-29.74
±3,1.0,5.0,15:00,-1489.0,50,38.0,-29.78
±3,1.0,3.0,15:00,-1489.0,50,38.0,-29.78
±3,1.0,2.5,15:00,-1489.0,50,38.0,-29.78
±3,1.0,4.25,15:00,-1489.0,50,38.0,-29.78
±3,1.0,2.0,15:00,-1489.0,50,38.0,-29.78
±3,1.0,4.5,15:00,-1489.0,50,38.0,-29.78
±3,1.0,2.75,15:00,-1489.0,50,38.0,-29.78
±2,1.0,1.5,13:30,-1489.0,50,40.0,-29.78
±3,1.0,3.75,15:00,-1489.0,50,38.0,-29.78
±3,1.0,2.25,15:00,-1489.0,50,38.0,-29.78
±3,1.0,3.25,15:00,-1489.0,50,38.0,-29.78
±3,1.0,4.75,15:00,-1489.0,50,38.0,-29.78
±3,1.0,4.0,15:00,-1489.0,50,38.0,-29.78
±3,1.0,3.5,15:00,-1489.0,50,38.0,-29.78
±3,1.0,1.75,15:00,-1489.0,50,38.0,-29.78
±3,0.75,1.0,13:00,-1490.0,50,32.0,-29.8
±3,4.75,1.5,14:00,-1492.0,50,34.0,-29.84
±3,5.0,1.5,14:00,-1492.0,50,34.0,-29.84
±3,2.5,1.5,14:00,-1492.0,50,34.0,-29.84
±3,4.25,1.5,14:00,-1492.0,50,34.0,-29.84
±3,3.0,1.5,14:00,-1492.0,50,34.0,-29.84
±3,3.5,1.5,14:00,-1492.0,50,34.0,-29.84
±3,3.75,1.5,14:00,-1492.0,50,34.0,-29.84
±3,2.75,1.5,14:00,-1492.0,50,34.0,-29.84
±3,3.25,1.5,14:00,-1492.0,50,34.0,-29.84
±3,2.0,1.5,14:00,-1492.0,50,34.0,-29.84
±3,4.5,1.5,14:00,-1492.0,50,34.0,-29.84
±3,2.25,1.5,14:00,-1492.0,50,34.0,-29.84
±3,4.0,1.5,14:00,-1492.0,50,34.0,-29.84
±2,1.5,1.5,15:00,-1494.0,50,38.0,-29.88
±2,1.0,0.5,15:00,-1496.0,50,42.0,-29.92
±2,0.75,4.25,15:00,-1497.0,50,42.0,-29.94
±2,0.75,5.0,15:00,-1497.0,50,42.0,-29.94
±2,0.75,4.5,15:00,-1497.0,50,42.0,-29.94
±2,0.75,1.75,15:00,-1497.0,50,42.0,-29.94
±2,0.75,3.25,15:00,-1497.0,50,42.0,-29.94
±2,0.75,2.75,15:00,-1497.0,50,42.0,-29.94
±2,0.75,3.5,15:00,-1497.0,50,42.0,-29.94
±2,0.75,4.0,15:00,-1497.0,50,42.0,-29.94
±2,0.75,2.0,15:00,-1497.0,50,42.0,-29.94
±2,1.0,0.5,10:30,-1497.0,50,32.0,-29.94
±2,0.75,2.25,15:00,-1497.0,50,42.0,-29.94
±2,0.75,3.0,15:00,-1497.0,50,42.0,-29.94
±2,0.75,3.75,15:00,-1497.0,50,42.0,-29.94
±2,0.75,4.75,15:00,-1497.0,50,42.0,-29.94
±2,0.75,2.5,15:00,-1497.0,50,42.0,-29.94
±3,1.25,1.25,11:30,-1500.0,50,24.0,-30.0
±3,1.0,0.75,14:30,-1506.0,50,50.0,-30.12
±2,1.25,0.75,14:30,-1510.0,50,46.0,-30.2
±3,1.0,0.75,10:30,-1511.0,50,36.0,-30.22
±2,4.75,1.0,14:30,-1518.0,50,38.0,-30.36
±2,3.75,1.0,14:30,-1518.0,50,38.0,-30.36
±2,4.25,1.0,14:30,-1518.0,50,38.0,-30.36
±2,2.75,1.0,14:30,-1518.0,50,38.0,-30.36
±2,3.25,1.0,14:30,-1518.0,50,38.0,-30.36
±2,3.0,1.0,14:30,-1518.0,50,38.0,-30.36
±2,4.0,1.0,14:30,-1518.0,50,38.0,-30.36
±2,2.25,1.0,14:30,-1518.0,50,38.0,-30.36
±2,2.0,1.0,14:30,-1518.0,50,38.0,-30.36
±2,4.5,1.0,14:30,-1518.0,50,38.0,-30.36
±2,3.5,1.0,14:30,-1518.0,50,38.0,-30.36
±2,2.5,1.0,14:30,-1518.0,50,38.0,-30.36
±2,5.0,1.0,14:30,-1518.0,50,38.0,-30.36
±3,1.25,1.0,11:30,-1520.0,50,26.0,-30.4
±2,0.5,1.0,11:00,-1521.0,50,38.0,-30.42
±2,0.5,1.25,11:00,-1522.0,50,36.0,-30.44
±2,1.75,1.5,12:00,-1522.0,50,26.0,-30.44
±2,1.5,1.5,12:00,-1522.0,50,26.0,-30.44
±3,4.75,0.75,11:30,-1527.0,50,34.0,-30.54
±3,2.75,0.75,11:30,-1527.0,50,34.0,-30.54
±3,4.25,0.75,11:30,-1527.0,50,34.0,-30.54
±3,2.0,0.75,11:30,-1527.0,50,34.0,-30.54
±3,2.5,0.75,11:30,-1527.0,50,34.0,-30.54
±3,2.25,0.75,11:30,-1527.0,50,34.0,-30.54
±3,5.0,0.75,11:30,-1527.0,50,34.0,-30.54
±3,3.25,0.75,11:30,-1527.0,50,34.0,-30.54
±3,3.5,0.75,11:30,-1527.0,50,34.0,-30.54
±3,4.0,0.75,11:30,-1527.0,50,34.0,-30.54
±3,3.75,0.75,11:30,-1527.0,50,34.0,-30.54
±3,4.5,0.75,11:30,-1527.0,50,34.0,-30.54
±3,3.0,0.75,11:30,-1527.0,50,34.0,-30.54
±2,3.0,0.75,10:30,-1532.0,50,36.0,-30.64
±2,4.75,0.75,10:30,-1532.0,50,36.0,-30.64
±2,4.0,0.75,10:30,-1532.0,50,36.0,-30.64
±2,2.5,0.75,10:30,-1532.0,50,36.0,-30.64
±2,3.25,0.75,10:30,-1532.0,50,36.0,-30.64
±2,2.75,0.75,10:30,-1532.0,50,36.0,-30.64
±2,4.5,0.75,10:30,-1532.0,50,36.0,-30.64
±2,3.75,0.75,10:30,-1532.0,50,36.0,-30.64
±2,1.75,0.75,10:30,-1532.0,50,36.0,-30.64
±2,1.0,0.5,14:30,-1532.0,50,42.0,-30.64
±2,1.25,0.75,10:30,-1532.0,50,36.0,-30.64
±2,2.25,0.75,10:30,-1532.0,50,36.0,-30.64
±2,2.0,0.75,10:30,-1532.0,50,36.0,-30.64
±2,4.25,0.75,10:30,-1532.0,50,36.0,-30.64
±2,1.5,0.75,10:30,-1532.0,50,36.0,-30.64
±2,3.5,0.75,10:30,-1532.0,50,36.0,-30.64
±2,5.0,0.75,10:30,-1532.0,50,36.0,-30.64
±3,1.75,1.25,14:30,-1533.0,50,32.0,-30.66
±2,0.5,0.75,12:00,-1534.0,50,42.0,-30.68
±2,0.75,1.0,11:00,-1534.0,50,34.0,-30.68
±2,4.75,0.5,15:00,-1535.0,50,40.0,-30.7
±2,2.25,0.5,15:00,-1535.0,50,40.0,-30.7
±2,3.0,0.5,15:00,-1535.0,50,40.0,-30.7
±2,3.75,0.5,15:00,-1535.0,50,40.0,-30.7
±2,2.0,0.5,15:00,-1535.0,50,40.0,-30.7
±2,4.0,0.5,15:00,-1535.0,50,40.0,-30.7
±2,5.0,0.5,15:00,-1535.0,50,40.0,-30.7
±2,3.5,0.5,15:00,-1535.0,50,40.0,-30.7
±2,4.5,0.5,15:00,-1535.0,50,40.0,-30.7
±2,2.5,0.5,15:00,-1535.0,50,40.0,-30.7
±2,3.25,0.5,15:00,-1535.0,50,40.0,-30.7
±2,0.75,1.25,11:00,-1535.0,50,32.0,-30.7
±2,2.75,0.5,15:00,-1535.0,50,40.0,-30.7
±2,4.25,0.5,15:00,-1535.0,50,40.0,-30.7
±3,2.5,1.25,15:00,-1538.0,50,32.0,-30.76
±3,4.75,1.25,15:00,-1538.0,50,32.0,-30.76
±3,4.5,1.25,15:00,-1538.0,50,32.0,-30.76
±3,3.25,1.25,15:00,-1538.0,50,32.0,-30.76
±3,2.0,1.25,15:00,-1538.0,50,32.0,-30.76
±3,3.75,1.25,15:00,-1538.0,50,32.0,-30.76
±3,5.0,1.25,15:00,-1538.0,50,32.0,-30.76
±3,3.0,1.25,15:00,-1538.0,50,32.0,-30.76
±3,4.25,1.25,15:00,-1538.0,50,32.0,-30.76
±3,4.0,1.25,15:00,-1538.0,50,32.0,-30.76
±3,3.5,1.25,15:00,-1538.0,50,32.0,-30.76
±3,2.75,1.25,15:00,-1538.0,50,32.0,-30.76
±3,2.25,1.25,15:00,-1538.0,50,32.0,-30.76
±2,0.5,0.75,10:30,-1539.0,50,36.0,-30.78
±3,1.5,5.0,12:30,-1541.0,50,34.0,-30.82
±3,1.5,4.25,12:30,-1541.0,50,34.0,-30.82
±3,1.75,2.5,12:30,-1541.0,50,34.0,-30.82
±3,1.75,2.75,12:30,-1541.0,50,34.0,-30.82
±3,1.5,4.75,12:30,-1541.0,50,34.0,-30.82
±3,1.75,2.25,12:30,-1541.0,50,34.0,-30.82
±3,1.75,2.0,12:30,-1541.0,50,34.0,-30.82
±3,1.75,1.75,12:30,-1541.0,50,34.0,-30.82
±3,1.5,4.5,12:30,-1541.0,50,34.0,-30.82
±3,1.75,3.0,12:30,-1541.0,50,34.0,-30.82
±3,1.5,3.5,12:30,-1541.0,50,34.0,-30.82
±3,1.5,4.0,12:30,-1541.0,50,34.0,-30.82
±3,1.5,3.25,12:30,-1541.0,50,34.0,-30.82
±3,1.5,3.75,12:30,-1541.0,50,34.0,-30.82
±3,1.75,4.0,12:30,-1541.0,50,34.0,-30.82
±3,1.75,4.25,12:30,-1541.0,50,34.0,-30.82
±3,1.75,3.75,12:30,-1541.0,50,34.0,-30.82
±3,1.75,3.25,12:30,-1541.0,50,34.0,-30.82
±3,1.5,1.75,12:30,-1541.0,50,34.0,-30.82
±3,1.75,3.5,12:30,-1541.0,50,34.0,-30.82
±3,1.5,2.0,12:30,-1541.0,50,34.0,-30.82
±3,1.5,2.75,12:30,-1541.0,50,34.0,-30.82
±3,1.5,3.0,12:30,-1541.0,50,34.0,-30.82
±3,1.5,2.25,12:30,-1541.0,50,34.0,-30.82
±3,1.5,2.5,12:30,-1541.0,50,34.0,-30.82
±3,1.75,4.5,12:30,-1541.0,50,34.0,-30.82
±3,1.75,5.0,12:30,-1541.0,50,34.0,-30.82
±3,1.75,4.75,12:30,-1541.0,50,34.0,-30.82
±2,1.75,0.75,11:30,-1541.0,50,36.0,-30.82
±2,1.5,0.75,11:30,-1541.0,50,36.0,-30.82
±3,1.5,1.25,14:30,-1544.0,50,32.0,-30.88
±3,1.0,1.0,13:00,-1546.0,50,34.0,-30.92
±2,1.0,1.0,11:00,-1552.0,50,34.0,-31.04
±2,0.75,1.0,12:30,-1553.0,50,38.0,-31.06
±2,1.0,1.25,11:00,-1553.0,50,32.0,-31.06
±3,1.25,1.5,14:30,-1554.0,50,36.0,-31.08
±3,0.5,4.0,11:00,-1556.0,50,36.0,-31.12
±3,0.5,4.75,11:00,-1556.0,50,36.0,-31.12
±3,0.5,2.25,11:00,-1556.0,50,36.0,-31.12
±3,0.5,2.75,11:00,-1556.0,50,36.0,-31.12
±3,0.5,3.5,11:00,-1556.0,50,36.0,-31.12
±3,0.5,1.75,11:00,-1556.0,50,36.0,-31.12
±3,0.5,2.5,11:00,-1556.0,50,36.0,-31.12
±3,0.5,3.0,11:00,-1556.0,50,36.0,-31.12
±3,0.5,3.25,11:00,-1556.0,50,36.0,-31.12
±3,0.5,4.25,11:00,-1556.0,50,36.0,-31.12
±3,0.5,4.5,11:00,-1556.0,50,36.0,-31.12
±3,0.5,5.0,11:00,-1556.0,50,36.0,-31.12
±3,0.5,2.0,11:00,-1556.0,50,36.0,-31.12
±3,0.5,3.75,11:00,-1556.0,50,36.0,-31.12
±3,0.75,3.75,11:00,-1560.0,50,32.0,-31.2
±3,0.75,1.75,11:00,-1560.0,50,32.0,-31.2
±3,0.75,2.75,11:00,-1560.0,50,32.0,-31.2
±3,0.75,2.0,11:00,-1560.0,50,32.0,-31.2
±3,0.75,2.5,11:00,-1560.0,50,32.0,-31.2
±3,0.75,3.25,11:00,-1560.0,50,32.0,-31.2
±3,0.75,4.5,11:00,-1560.0,50,32.0,-31.2
±3,0.75,4.75,11:00,-1560.0,50,32.0,-31.2
±3,0.75,4.0,11:00,-1560.0,50,32.0,-31.2
±3,0.75,3.5,11:00,-1560.0,50,32.0,-31.2
±3,0.75,5.0,11:00,-1560.0,50,32.0,-31.2
±3,0.75,2.25,11:00,-1560.0,50,32.0,-31.2
±3,0.75,4.25,11:00,-1560.0,50,32.0,-31.2
±3,0.75,3.0,11:00,-1560.0,50,32.0,-31.2
±2,1.0,2.75,13:30,-1561.0,50,40.0,-31.22
±2,1.0,4.25,13:30,-1561.0,50,40.0,-31.22
±2,1.0,3.25,13:30,-1561.0,50,40.0,-31.22
±2,1.0,2.0,13:30,-1561.0,50,40.0,-31.22
±3,0.75,1.25,11:30,-1561.0,50,26.0,-31.22
±2,1.0,1.75,13:30,-1561.0,50,40.0,-31.22
±2,1.0,2.5,13:30,-1561.0,50,40.0,-31.22
±2,1.0,2.25,13:30,-1561.0,50,40.0,-31.22
±2,1.0,4.75,13:30,-1561.0,50,40.0,-31.22
±2,1.0,5.0,13:30,-1561.0,50,40.0,-31.22
±2,1.0,3.0,13:30,-1561.0,50,40.0,-31.22
±2,1.0,4.0,13:30,-1561.0,50,40.0,-31.22
±2,1.0,3.75,13:30,-1561.0,50,40.0,-31.22
±2,1.0,3.5,13:30,-1561.0,50,40.0,-31.22
±2,1.0,4.5,13:30,-1561.0,50,40.0,-31.22
±2,1.0,1.25,15:00,-1562.0,50,42.0,-31.24
±3,1.25,4.75,12:00,-1563.0,50,26.0,-31.26
±3,1.25,3.75,12:00,-1563.0,50,26.0,-31.26
±3,1.25,2.75,12:00,-1563.0,50,26.0,-31.26
±3,1.25,3.25,12:00,-1563.0,50,26.0,-31.26
±3,1.25,5.0,12:00,-1563.0,50,26.0,-31.26
±3,1.25,1.75,12:00,-1563.0,50,26.0,-31.26
±3,1.25,2.5,12:00,-1563.0,50,26.0,-31.26
±3,1.25,4.0,12:00,-1563.0,50,26.0,-31.26
±3,1.25,3.0,12:00,-1563.0,50,26.0,-31.26
±3,1.25,2.0,12:00,-1563.0,50,26.0,-31.26
±3,1.25,2.25,12:00,-1563.0,50,26.0,-31.26
±3,1.25,4.5,12:00,-1563.0,50,26.0,-31.26
±3,1.25,4.25,12:00,-1563.0,50,26.0,-31.26
±3,1.25,3.5,12:00,-1563.0,50,26.0,-31.26
±2,3.0,1.0,12:00,-1567.0,50,30.0,-31.34
±2,4.25,1.0,12:00,-1567.0,50,30.0,-31.34
±2,3.25,1.5,14:00,-1567.0,50,44.0,-31.34
±2,3.75,1.0,12:00,-1567.0,50,30.0,-31.34
±2,2.75,1.0,12:00,-1567.0,50,30.0,-31.34
±2,3.75,1.5,14:00,-1567.0,50,44.0,-31.34
±2,2.5,1.5,14:00,-1567.0,50,44.0,-31.34
±2,2.25,1.5,14:00,-1567.0,50,44.0,-31.34
±2,2.25,1.0,12:00,-1567.0,50,30.0,-31.34
±2,4.5,1.5,14:00,-1567.0,50,44.0,-31.34
±2,3.0,1.5,14:00,-1567.0,50,44.0,-31.34
±2,3.25,1.0,12:00,-1567.0,50,30.0,-31.34
±2,2.0,1.5,14:00,-1567.0,50,44.0,-31.34
±2,2.0,1.0,12:00,-1567.0,50,30.0,-31.34
±2,2.5,1.0,12:00,-1567.0,50,30.0,-31.34
±2,3.5,1.5,14:00,-1567.0,50,44.0,-31.34
±2,4.5,1.0,12:00,-1567.0,50,30.0,-31.34
±3,1.75,0.75,15:00,-1567.0,50,44.0,-31.34
±2,3.5,1.0,12:00,-1567.0,50,30.0,-31.34
±2,4.25,1.5,14:00,-1567.0,50,44.0,-31.34
±2,4.75,1.5,14:00,-1567.0,50,44.0,-31.34
±2,5.0,1.5,14:00,-1567.0,50,44.0,-31.34
±2,4.0,1.5,14:00,-1567.0,50,44.0,-31.34
±2,4.0,1.0,12:00,-1567.0,50,30.0,-31.34
±2,5.0,1.0,12:00,-1567.0,50,30.0,-31.34
±2,2.75,1.5,14:00,-1567.0,50,44.0,-31.34
±2,4.75,1.0,12:00,-1567.0,50,30.0,-31.34
±2,1.0,1.0,12:30,-1571.0,50,38.0,-31.42
±2,2.75,1.5,15:00,-1573.0,50,38.0,-31.46
±2,4.0,1.5,15:00,-1573.0,50,38.0,-31.46
±2,3.0,1.5,15:00,-1573.0,50,38.0,-31.46
±2,3.25,1.5,15:00,-1573.0,50,38.0,-31.46
±2,4.25,1.5,15:00,-1573.0,50,38.0,-31.46
±2,2.25,1.5,15:00,-1573.0,50,38.0,-31.46
±2,4.5,1.5,15:00,-1573.0,50,38.0,-31.46
±2,2.5,1.5,15:00,-1573.0,50,38.0,-31.46
±2,5.0,1.5,15:00,-1573.0,50,38.0,-31.46
±2,4.75,1.5,15:00,-1573.0,50,38.0,-31.46
±2,2.0,1.5,15:00,-1573.0,50,38.0,-31.46
±2,3.5,1.5,15:00,-1573.0,50,38.0,-31.46
±2,3.75,1.5,15:00,-1573.0,50,38.0,-31.46
±3,0.5,0.75,12:30,-1576.0,50,42.0,-31.52
±3,1.5,0.75,15:00,-1578.0,50,44.0,-31.56
±2,1.25,1.0,11:30,-1581.0,50,32.0,-31.62
±2,1.25,1.25,11:30,-1581.0,50,30.0,-31.62
±2,0.75,0.75,15:00,-1581.0,50,48.0,-31.62
±3,0.75,1.0,11:30,-1581.0,50,28.0,-31.62
±3,3.75,1.25,12:00,-1584.0,50,26.0,-31.68
±3,5.0,1.25,12:00,-1584.0,50,26.0,-31.68
±3,4.75,1.25,12:00,-1584.0,50,26.0,-31.68
±3,2.75,1.25,12:00,-1584.0,50,26.0,-31.68
±3,2.5,1.25,12:00,-1584.0,50,26.0,-31.68
±3,3.5,1.25,12:00,-1584.0,50,26.0,-31.68
±3,3.0,1.25,12:00,-1584.0,50,26.0,-31.68
±3,3.25,1.25,12:00,-1584.0,50,26.0,-31.68
±3,2.25,1.25,12:00,-1584.0,50,26.0,-31.68
±3,4.25,1.25,12:00,-1584.0,50,26.0,-31.68
±3,2.0,1.25,12:00,-1584.0,50,26.0,-31.68
±3,4.0,1.25,12:00,-1584.0,50,26.0,-31.68
±3,4.5,1.25,12:00,-1584.0,50,26.0,-31.68
±3,1.25,0.5,11:30,-1585.0,50,24.0,-31.7
±3,1.0,3.75,14:00,-1587.0,50,40.0,-31.74
±3,1.0,2.75,14:00,-1587.0,50,40.0,-31.74
±3,1.0,3.5,14:00,-1587.0,50,40.0,-31.74
±3,1.0,4.0,14:00,-1587.0,50,40.0,-31.74
±3,1.0,4.5,14:00,-1587.0,50,40.0,-31.74
±3,1.0,4.25,14:00,-1587.0,50,40.0,-31.74
±3,1.0,5.0,14:00,-1587.0,50,40.0,-31.74
±3,1.0,4.75,14:00,-1587.0,50,40.0,-31.74
±3,1.0,2.5,14:00,-1587.0,50,40.0,-31.74
±3,1.0,3.25,14:00,-1587.0,50,40.0,-31.74
±3,1.0,2.0,14:00,-1587.0,50,40.0,-31.74
±3,1.0,1.75,14:00,-1587.0,50,40.0,-31.74
±3,1.0,3.0,14:00,-1587.0,50,40.0,-31.74
±3,1.0,2.25,14:00,-1587.0,50,40.0,-31.74
±3,1.25,1.5,11:30,-1590.0,50,24.0,-31.8
±3,0.5,0.5,13:30,-1592.0,50,38.0,-31.84
±3,1.75,4.0,15:00,-1595.0,50,32.0,-31.9
±3,1.75,1.75,15:00,-1595.0,50,32.0,-31.9
±3,1.75,2.75,15:00,-1595.0,50,32.0,-31.9
±3,1.75,2.5,15:00,-1595.0,50,32.0,-31.9
±3,1.75,3.75,15:00,-1595.0,50,32.0,-31.9
±3,1.75,5.0,15:00,-1595.0,50,32.0,-31.9
±3,1.75,3.0,15:00,-1595.0,50,32.0,-31.9
±3,1.75,3.5,15:00,-1595.0,50,32.0,-31.9
±3,1.75,4.75,15:00,-1595.0,50,32.0,-31.9
±3,1.75,2.0,15:00,-1595.0,50,32.0,-31.9
±3,1.75,3.25,15:00,-1595.0,50,32.0,-31.9
±3,1.75,2.25,15:00,-1595.0,50,32.0,-31.9
±3,1.75,4.5,15:00,-1595.0,50,32.0,-31.9
±3,1.75,4.25,15:00,-1595.0,50,32.0,-31.9
±2,1.25,4.75,12:00,-1600.0,50,26.0,-32.0
±2,1.25,4.0,12:00,-1600.0,50,26.0,-32.0
±2,1.25,5.0,12:00,-1600.0,50,26.0,-32.0
±2,1.25,4.25,12:00,-1600.0,50,26.0,-32.0
±2,1.25,3.5,12:00,-1600.0,50,26.0,-32.0
±2,1.25,3.0,12:00,-1600.0,50,26.0,-32.0
±2,1.25,2.75,12:00,-1600.0,50,26.0,-32.0
±2,1.25,2.0,12:00,-1600.0,50,26.0,-32.0
±2,1.25,1.75,12:00,-1600.0,50,26.0,-32.0
±2,1.25,3.25,12:00,-1600.0,50,26.0,-32.0
±2,1.25,3.75,12:00,-1600.0,50,26.0,-32.0
±2,1.25,2.5,12:00,-1600.0,50,26.0,-32.0
±2,1.25,4.5,12:00,-1600.0,50,26.0,-32.0
±2,1.25,2.25,12:00,-1600.0,50,26.0,-32.0
±2,1.75,0.75,14:30,-1601.0,50,42.0,-32.02
±2,0.75,1.0,13:00,-1603.0,50,40.0,-32.06
±3,0.5,0.5,12:00,-1605.0,50,34.0,-32.1
±3,1.5,4.25,15:00,-1606.0,50,32.0,-32.12
±3,1.5,4.0,15:00,-1606.0,50,32.0,-32.12
±3,0.5,0.5,11:00,-1606.0,50,34.0,-32.12
±3,1.5,3.5,15:00,-1606.0,50,32.0,-32.12
±3,1.5,3.75,15:00,-1606.0,50,32.0,-32.12
±3,1.5,5.0,15:00,-1606.0,50,32.0,-32.12
±3,1.5,4.5,15:00,-1606.0,50,32.0,-32.12
±3,1.5,3.25,15:00,-1606.0,50,32.0,-32.12
±3,1.5,2.5,15:00,-1606.0,50,32.0,-32.12
±3,1.5,1.75,15:00,-1606.0,50,32.0,-32.12
±3,1.5,2.25,15:00,-1606.0,50,32.0,-32.12
±3,1.5,2.75,15:00,-1606.0,50,32.0,-32.12
±3,1.5,3.0,15:00,-1606.0,50,32.0,-32.12
±3,1.5,2.0,15:00,-1606.0,50,32.0,-32.12
±3,1.5,4.75,15:00,-1606.0,50,32.0,-32.12
±3,0.5,1.25,15:00,-1610.0,50,36.0,-32.2
±3,4.5,1.25,12:30,-1611.0,50,34.0,-32.22
±3,4.0,1.25,12:30,-1611.0,50,34.0,-32.22
±3,2.0,1.25,12:30,-1611.0,50,34.0,-32.22
±3,4.25,1.25,12:30,-1611.0,50,34.0,-32.22
±3,4.75,1.25,12:30,-1611.0,50,34.0,-32.22
±3,5.0,1.25,12:30,-1611.0,50,34.0,-32.22
±3,2.5,1.25,12:30,-1611.0,50,34.0,-32.22
±3,2.75,1.25,12:30,-1611.0,50,34.0,-32.22
±3,3.75,1.25,12:30,-1611.0,50,34.0,-32.22
±3,3.25,1.25,12:30,-1611.0,50,34.0,-32.22
±3,3.5,1.25,12:30,-1611.0,50,34.0,-32.22
±3,3.0,1.25,12:30,-1611.0,50,34.0,-32.22
±3,2.25,1.25,12:30,-1611.0,50,34.0,-32.22
±3,1.0,1.25,14:30,-1613.0,50,38.0,-32.26
±2,1.0,0.75,10:30,-1613.0,50,34.0,-32.26
±2,1.25,2.75,15:00,-1616.0,50,40.0,-32.32
±2,1.25,4.75,15:00,-1616.0,50,40.0,-32.32
±2,1.25,3.5,15:00,-1616.0,50,40.0,-32.32
±2,1.25,4.0,15:00,-1616.0,50,40.0,-32.32
±2,1.25,1.75,15:00,-1616.0,50,40.0,-32.32
±2,1.25,5.0,15:00,-1616.0,50,40.0,-32.32
±2,1.25,3.75,15:00,-1616.0,50,40.0,-32.32
±2,1.25,4.5,15:00,-1616.0,50,40.0,-32.32
±2,1.25,2.25,15:00,-1616.0,50,40.0,-32.32
±2,1.25,2.0,15:00,-1616.0,50,40.0,-32.32
±2,1.25,3.0,15:00,-1616.0,50,40.0,-32.32
±2,1.25,2.5,15:00,-1616.0,50,40.0,-32.32
±2,1.25,4.25,15:00,-1616.0,50,40.0,-32.32
±2,1.25,3.25,15:00,-1616.0,50,40.0,-32.32
±3,0.5,0.5,13:00,-1618.0,50,36.0,-32.36
±3,3.0,1.5,12:00,-1619.0,50,26.0,-32.38
±3,3.75,1.5,12:00,-1619.0,50,26.0,-32.38
±3,3.25,1.5,12:00,-1619.0,50,26.0,-32.38
±3,5.0,1.5,12:00,-1619.0,50,26.0,-32.38
±3,4.0,1.5,12:00,-1619.0,50,26.0,-32.38
±3,4.25,1.5,12:00,-1619.0,50,26.0,-32.38
±3,2.5,1.5,12:00,-1619.0,50,26.0,-32.38
±3,2.75,1.5,12:00,-1619.0,50,26.0,-32.38
±3,4.75,1.5,12:00,-1619.0,50,26.0,-32.38
±3,4.5,1.5,12:00,-1619.0,50,26.0,-32.38
±3,2.0,1.5,12:00,-1619.0,50,26.0,-32.38
±3,3.5,1.5,12:00,-1619.0,50,26.0,-32.38
±3,2.25,1.5,12:00,-1619.0,50,26.0,-32.38
±3,0.5,0.75,13:00,-1622.0,50,44.0,-32.44
±3,0.5,0.5,11:30,-1626.0,50,32.0,-32.52
±3,0.5,1.25,11:30,-1629.0,50,30.0,-32.58
±2,1.5,3.5,12:30,-1634.0,50,36.0,-32.68
±2,1.5,4.75,12:30,-1634.0,50,36.0,-32.68
±2,1.5,4.5,12:30,-1634.0,50,36.0,-32.68
±2,1.5,5.0,12:30,-1634.0,50,36.0,-32.68
±2,1.75,2.75,12:30,-1634.0,50,36.0,-32.68
±2,1.5,2.0,12:30,-1634.0,50,36.0,-32.68
±2,1.75,4.5,12:30,-1634.0,50,36.0,-32.68
±2,1.75,4.0,12:30,-1634.0,50,36.0,-32.68
±2,1.75,3.25,12:30,-1634.0,50,36.0,-32.68
±2,1.75,5.0,12:30,-1634.0,50,36.0,-32.68
±2,1.5,3.75,12:30,-1634.0,50,36.0,-32.68
±2,1.5,2.5,12:30,-1634.0,50,36.0,-32.68
±2,1.5,3.0,12:30,-1634.0,50,36.0,-32.68
±2,1.5,3.25,12:30,-1634.0,50,36.0,-32.68
±2,1.5,2.75,12:30,-1634.0,50,36.0,-32.68
±2,1.5,4.0,12:30,-1634.0,50,36.0,-32.68
±2,1.5,4.25,12:30,-1634.0,50,36.0,-32.68
±2,1.5,1.75,12:30,-1634.0,50,36.0,-32.68
±2,1.75,1.75,12:30,-1634.0,50,36.0,-32.68
±2,1.5,2.25,12:30,-1634.0,50,36.0,-32.68
±2,1.75,3.5,12:30,-1634.0,50,36.0,-32.68
±2,1.75,3.0,12:30,-1634.0,50,36.0,-32.68
±2,1.75,2.25,12:30,-1634.0,50,36.0,-32.68
±2,1.75,2.0,12:30,-1634.0,50,36.0,-32.68
±2,1.75,2.5,12:30,-1634.0,50,36.0,-32.68
±2,1.75,4.25,12:30,-1634.0,50,36.0,-32.68
±2,1.75,3.75,12:30,-1634.0,50,36.0,-32.68
±2,1.75,4.75,12:30,-1634.0,50,36.0,-32.68
±3,1.75,3.5,12:00,-1636.0,50,26.0,-32.72
±3,1.5,1.75,12:00,-1636.0,50,26.0,-32.72
±3,1.75,3.25,12:00,-1636.0,50,26.0,-32.72
±3,1.5,4.0,12:00,-1636.0,50,26.0,-32.72
±3,1.75,2.75,12:00,-1636.0,50,26.0,-32.72
±3,1.5,4.5,12:00,-1636.0,50,26.0,-32.72
±3,1.5,3.75,12:00,-1636.0,50,26.0,-32.72
±3,1.5,3.25,12:00,-1636.0,50,26.0,-32.72
±3,1.75,2.0,12:00,-1636.0,50,26.0,-32.72
±3,1.75,4.75,12:00,-1636.0,50,26.0,-32.72
±3,1.75,1.75,12:00,-1636.0,50,26.0,-32.72
±3,1.5,5.0,12:00,-1636.0,50,26.0,-32.72
±3,1.75,3.0,12:00,-1636.0,50,26.0,-32.72
±3,1.5,4.25,12:00,-1636.0,50,26.0,-32.72
±3,1.75,2.5,12:00,-1636.0,50,26.0,-32.72
±3,1.5,2.75,12:00,-1636.0,50,26.0,-32.72
±3,1.75,4.0,12:00,-1636.0,50,26.0,-32.72
±3,1.75,4.25,12:00,-1636.0,50,26.0,-32.72
±3,1.75,2.25,12:00,-1636.0,50,26.0,-32.72
±3,1.5,2.25,12:00,-1636.0,50,26.0,-32.72
±3,1.5,2.0,12:00,-1636.0,50,26.0,-32.72
±3,1.75,5.0,12:00,-1636.0,50,26.0,-32.72
±3,1.5,3.5,12:00,-1636.0,50,26.0,-32.72
±3,1.75,4.5,12:00,-1636.0,50,26.0,-32.72
±3,1.5,3.0,12:00,-1636.0,50,26.0,-32.72
±3,1.5,4.75,12:00,-1636.0,50,26.0,-32.72
±3,1.75,3.75,12:00,-1636.0,50,26.0,-32.72
±3,1.5,2.5,12:00,-1636.0,50,26.0,-32.72
±3,1.75,1.5,14:30,-1639.0,50,32.0,-32.78
±3,0.5,0.75,13:30,-1640.0,50,44.0,-32.8
±3,1.0,5.0,11:00,-1641.0,50,34.0,-32.82
±3,1.0,2.0,11:00,-1641.0,50,34.0,-32.82
±3,1.0,2.75,11:00,-1641.0,50,34.0,-32.82
±3,1.0,3.75,11:00,-1641.0,50,34.0,-32.82
±3,1.0,4.75,11:00,-1641.0,50,34.0,-32.82
±3,1.0,4.5,11:00,-1641.0,50,34.0,-32.82
±3,1.0,4.25,11:00,-1641.0,50,34.0,-32.82
±2,1.5,0.75,14:30,-1641.0,50,42.0,-32.82
±3,1.0,4.0,11:00,-1641.0,50,34.0,-32.82
±3,1.0,2.25,11:00,-1641.0,50,34.0,-32.82
±3,1.0,3.5,11:00,-1641.0,50,34.0,-32.82
±3,1.0,1.75,11:00,-1641.0,50,34.0,-32.82
±3,1.0,2.5,11:00,-1641.0,50,34.0,-32.82
±3,1.0,3.0,11:00,-1641.0,50,34.0,-32.82
±3,1.0,3.25,11:00,-1641.0,50,34.0,-32.82
±3,1.0,0.5,12:00,-1642.0,50,30.0,-32.84
±3,0.75,0.5,11:30,-1646.0,50,26.0,-32.92
±3,0.5,1.0,11:30,-1649.0,50,32.0,-32.98
±2,1.25,1.5,14:30,-1650.0,50,36.0,-33.0
±3,1.5,1.5,14:30,-1650.0,50,32.0,-33.0
±3,0.75,1.5,11:30,-1651.0,50,26.0,-33.02
±3,2.75,1.5,12:30,-1654.0,50,34.0,-33.08
±3,3.25,1.5,12:30,-1654.0,50,34.0,-33.08
±3,4.5,1.5,12:30,-1654.0,50,34.0,-33.08
±3,5.0,1.5,12:30,-1654.0,50,34.0,-33.08
±3,4.25,1.5,12:30,-1654.0,50,34.0,-33.08
±3,3.5,1.5,12:30,-1654.0,50,34.0,-33.08
±3,4.0,1.5,12:30,-1654.0,50,34.0,-33.08
±3,2.25,1.5,12:30,-1654.0,50,34.0,-33.08
±3,3.0,1.5,12:30,-1654.0,50,34.0,-33.08
±3,2.5,1.5,12:30,-1654.0,50,34.0,-33.08
±3,3.75,1.5,12:30,-1654.0,50,34.0,-33.08
±3,4.75,1.5,12:30,-1654.0,50,34.0,-33.08
±3,2.0,1.5,12:30,-1654.0,50,34.0,-33.08
±2,1.25,1.25,14:30,-1659.0,50,36.0,-33.18
±2,0.5,1.5,15:00,-1662.0,50,38.0,-33.24
±3,0.75,0.5,12:00,-1662.0,50,30.0,-33.24
±2,1.75,5.0,12:00,-1663.0,50,26.0,-33.26
±2,1.75,4.25,12:00,-1663.0,50,26.0,-33.26
±2,1.75,3.75,12:00,-1663.0,50,26.0,-33.26
±2,1.75,4.5,12:00,-1663.0,50,26.0,-33.26
±2,1.75,4.75,12:00,-1663.0,50,26.0,-33.26
±2,1.5,1.75,12:00,-1663.0,50,26.0,-33.26
±2,1.75,3.25,12:00,-1663.0,50,26.0,-33.26
±2,1.75,1.75,12:00,-1663.0,50,26.0,-33.26
±2,1.75,3.0,12:00,-1663.0,50,26.0,-33.26
±2,1.5,5.0,12:00,-1663.0,50,26.0,-33.26
±2,1.5,4.5,12:00,-1663.0,50,26.0,-33.26
±2,1.5,3.5,12:00,-1663.0,50,26.0,-33.26
±2,1.5,4.75,12:00,-1663.0,50,26.0,-33.26
±2,1.75,3.5,12:00,-1663.0,50,26.0,-33.26
±2,1.5,2.75,12:00,-1663.0,50,26.0,-33.26
±2,1.5,4.0,12:00,-1663.0,50,26.0,-33.26
±2,1.5,4.25,12:00,-1663.0,50,26.0,-33.26
±2,1.5,2.25,12:00,-1663.0,50,26.0,-33.26
±2,1.5,2.5,12:00,-1663.0,50,26.0,-33.26
±2,1.5,3.0,12:00,-1663.0,50,26.0,-33.26
±2,1.5,3.75,12:00,-1663.0,50,26.0,-33.26
±2,1.75,4.0,12:00,-1663.0,50,26.0,-33.26
±2,1.75,2.75,12:00,-1663.0,50,26.0,-33.26
±2,1.75,2.25,12:00,-1663.0,50,26.0,-33.26
±2,1.75,2.5,12:00,-1663.0,50,26.0,-33.26
±2,1.75,2.0,12:00,-1663.0,50,26.0,-33.26
±2,1.5,2.0,12:00,-1663.0,50,26.0,-33.26
±2,1.5,3.25,12:00,-1663.0,50,26.0,-33.26
±2,2.0,0.75,11:30,-1664.0,50,36.0,-33.28
±2,3.25,0.75,11:30,-1664.0,50,36.0,-33.28
±2,3.75,0.75,11:30,-1664.0,50,36.0,-33.28
±2,5.0,0.75,11:30,-1664.0,50,36.0,-33.28
±2,3.0,0.75,11:30,-1664.0,50,36.0,-33.28
±2,4.5,0.75,11:30,-1664.0,50,36.0,-33.28
±2,2.75,0.75,11:30,-1664.0,50,36.0,-33.28
±2,3.5,0.75,11:30,-1664.0,50,36.0,-33.28
±2,2.5,0.75,11:30,-1664.0,50,36.0,-33.28
±2,2.25,0.75,11:30,-1664.0,50,36.0,-33.28
±2,4.0,0.75,11:30,-1664.0,50,36.0,-33.28
±2,4.25,0.75,11:30,-1664.0,50,36.0,-33.28
±2,4.75,0.75,11:30,-1664.0,50,36.0,-33.28
±2,1.25,0.75,15:00,-1667.0,50,46.0,-33.34
±2,1.0,1.0,13:00,-1668.0,50,42.0,-33.36
±2,0.75,1.0,11:30,-1668.0,50,32.0,-33.36
±2,0.75,1.25,11:30,-1668.0,50,30.0,-33.36
±3,0.75,0.5,11:00,-1670.0,50,28.0,-33.4
±3,0.5,0.5,12:30,-1671.0,50,34.0,-33.42
±3,0.75,3.25,14:30,-1682.0,50,36.0,-33.64
±3,0.75,3.75,14:30,-1682.0,50,36.0,-33.64
±3,0.75,3.5,14:30,-1682.0,50,36.0,-33.64
±3,0.75,3.0,14:30,-1682.0,50,36.0,-33.64
±3,0.75,2.0,14:30,-1682.0,50,36.0,-33.64
±3,0.75,4.25,14:30,-1682.0,50,36.0,-33.64
±3,0.75,1.75,14:30,-1682.0,50,36.0,-33.64
±3,0.75,2.5,14:30,-1682.0,50,36.0,-33.64
±3,0.75,2.75,14:30,-1682.0,50,36.0,-33.64
±3,0.75,4.75,14:30,-1682.0,50,36.0,-33.64
±3,0.75,4.0,14:30,-1682.0,50,36.0,-33.64
±3,0.75,4.5,14:30,-1682.0,50,36.0,-33.64
±3,0.75,5.0,14:30,-1682.0,50,36.0,-33.64
±3,0.75,2.25,14:30,-1682.0,50,36.0,-33.64
±2,3.0,1.25,12:00,-1684.0,50,26.0,-33.68
±2,2.75,1.25,12:00,-1684.0,50,26.0,-33.68
±2,3.25,1.25,12:00,-1684.0,50,26.0,-33.68
±2,2.25,1.25,12:00,-1684.0,50,26.0,-33.68
±2,2.0,1.25,12:00,-1684.0,50,26.0,-33.68
±2,4.5,1.25,12:00,-1684.0,50,26.0,-33.68
±2,4.25,1.25,12:00,-1684.0,50,26.0,-33.68
±2,3.5,1.25,12:00,-1684.0,50,26.0,-33.68
±2,3.75,1.25,12:00,-1684.0,50,26.0,-33.68
±2,5.0,1.25,12:00,-1684.0,50,26.0,-33.68
±2,4.75,1.25,12:00,-1684.0,50,26.0,-33.68
±2,4.0,1.25,12:00,-1684.0,50,26.0,-33.68
±2,2.5,1.25,12:00,-1684.0,50,26.0,-33.68
±2,1.25,1.5,11:30,-1687.0,50,30.0,-33.74
±2,1.75,1.25,15:00,-1693.0,50,38.0,-33.86
±3,0.5,0.5,14:30,-1700.0,50,38.0,-34.0
±3,0.5,0.5,14:00,-1707.0,50,38.0,-34.14
±3,0.75,1.25,12:30,-1707.0,50,30.0,-34.14
±2,1.0,4.5,14:00,-1709.0,50,46.0,-34.18
±2,1.0,5.0,14:00,-1709.0,50,46.0,-34.18
±2,1.0,2.5,14:00,-1709.0,50,46.0,-34.18
±2,1.0,2.0,14:00,-1709.0,50,46.0,-34.18
±2,1.0,2.25,14:00,-1709.0,50,46.0,-34.18
±2,1.0,2.75,14:00,-1709.0,50,46.0,-34.18
±2,1.0,3.5,14:00,-1709.0,50,46.0,-34.18
±2,1.0,4.0,14:00,-1709.0,50,46.0,-34.18
±2,1.0,4.25,14:00,-1709.0,50,46.0,-34.18
±2,1.0,3.75,14:00,-1709.0,50,46.0,-34.18
±2,1.0,3.0,14:00,-1709.0,50,46.0,-34.18
±2,1.0,4.75,14:00,-1709.0,50,46.0,-34.18
±2,1.0,3.25,14:00,-1709.0,50,46.0,-34.18
±2,1.0,1.75,14:00,-1709.0,50,46.0,-34.18
±2,0.5,4.75,11:00,-1715.0,50,36.0,-34.3
±2,0.5,2.5,11:00,-1715.0,50,36.0,-34.3
±2,0.5,2.25,11:00,-1715.0,50,36.0,-34.3
±2,0.5,3.5,11:00,-1715.0,50,36.0,-34.3
±2,0.5,4.5,11:00,-1715.0,50,36.0,-34.3
±2,0.5,4.25,11:00,-1715.0,50,36.0,-34.3
±2,0.5,2.75,11:00,-1715.0,50,36.0,-34.3
±2,0.5,3.0,11:00,-1715.0,50,36.0,-34.3
±2,0.5,2.0,11:00,-1715.0,50,36.0,-34.3
±2,0.5,3.75,11:00,-1715.0,50,36.0,-34.3
±2,0.5,5.0,11:00,-1715.0,50,36.0,-34.3
±2,0.5,3.25,11:00,-1715.0,50,36.0,-34.3
±2,0.5,1.75,11:00,-1715.0,50,36.0,-34.3
±2,0.5,4.0,11:00,-1715.0,50,36.0,-34.3
±3,2.5,0.75,15:00,-1716.0,50,44.0,-34.32
±3,2.25,0.75,15:00,-1716.0,50,44.0,-34.32
±3,3.0,0.75,15:00,-1716.0,50,44.0,-34.32
±3,3.75,0.75,15:00,-1716.0,50,44.0,-34.32
±3,5.0,0.75,15:00,-1716.0,50,44.0,-34.32
±3,2.0,0.75,15:00,-1716.0,50,44.0,-34.32
±3,4.25,0.75,15:00,-1716.0,50,44.0,-34.32
±3,3.5,0.75,15:00,-1716.0,50,44.0,-34.32
±3,3.25,0.75,15:00,-1716.0,50,44.0,-34.32
±3,4.5,0.75,15:00,-1716.0,50,44.0,-34.32
±3,4.0,0.75,15:00,-1716.0,50,44.0,-34.32
±3,4.75,0.75,15:00,-1716.0,50,44.0,-34.32
±3,2.75,0.75,15:00,-1716.0,50,44.0,-34.32
±3,0.5,1.5,11:30,-1719.0,50,30.0,-34.38
±3,1.0,1.5,14:30,-1719.0,50,38.0,-34.38
±2,1.25,0.5,11:30,-1721.0,50,30.0,-34.42
±3,1.0,1.25,12:30,-1724.0,50,32.0,-34.48
±2,1.0,3.25,15:00,-1727.0,50,42.0,-34.54
±2,1.0,3.5,15:00,-1727.0,50,42.0,-34.54
±2,1.0,2.25,15:00,-1727.0,50,42.0,-34.54
±2,1.0,2.0,15:00,-1727.0,50,42.0,-34.54
±2,1.0,4.75,15:00,-1727.0,50,42.0,-34.54
±2,1.0,4.0,15:00,-1727.0,50,42.0,-34.54
±2,1.0,4.25,15:00,-1727.0,50,42.0,-34.54
±2,1.0,3.0,15:00,-1727.0,50,42.0,-34.54
±2,1.0,3.75,15:00,-1727.0,50,42.0,-34.54
±2,1.0,1.75,15:00,-1727.0,50,42.0,-34.54
±2,1.0,2.5,15:00,-1727.0,50,42.0,-34.54
±2,1.0,2.75,15:00,-1727.0,50,42.0,-34.54
±2,1.0,5.0,15:00,-1727.0,50,42.0,-34.54
±2,1.0,4.5,15:00,-1727.0,50,42.0,-34.54
±2,0.75,3.5,11:00,-1728.0,50,32.0,-34.56
±2,0.75,3.75,11:00,-1728.0,50,32.0,-34.56
±2,4.25,1.25,12:30,-1728.0,50,36.0,-34.56
±2,0.75,3.25,11:00,-1728.0,50,32.0,-34.56
±2,0.75,3.0,11:00,-1728.0,50,32.0,-34.56
±2,0.75,2.75,11:00,-1728.0,50,32.0,-34.56
±2,3.25,1.25,12:30,-1728.0,50,36.0,-34.56
±2,0.75,4.0,11:00,-1728.0,50,32.0,-34.56
±2,2.0,1.25,12:30,-1728.0,50,36.0,-34.56
±2,3.5,1.25,12:30,-1728.0,50,36.0,-34.56
±2,5.0,1.25,12:30,-1728.0,50,36.0,-34.56
±2,4.5,1.25,12:30,-1728.0,50,36.0,-34.56
±2,0.75,1.75,11:00,-1728.0,50,32.0,-34.56
±2,0.75,2.5,11:00,-1728.0,50,32.0,-34.56
±2,0.75,5.0,11:00,-1728.0,50,32.0,-34.56
±2,0.75,4.5,11:00,-1728.0,50,32.0,-34.56
±2,0.75,2.25,11:00,-1728.0,50,32.0,-34.56
±2,0.75,2.0,11:00,-1728.0,50,32.0,-34.56
±2,4.75,1.25,12:30,-1728.0,50,36.0,-34.56
±2,0.75,4.75,11:00,-1728.0,50,32.0,-34.56
±2,2.5,1.25,12:30,-1728.0,50,36.0,-34.56
±2,4.0,1.25,12:30,-1728.0,50,36.0,-34.56
±2,0.75,4.25,11:00,-1728.0,50,32.0,-34.56
±2,2.75,1.25,12:30,-1728.0,50,36.0,-34.56
±2,2.25,1.25,12:30,-1728.0,50,36.0,-34.56
±2,3.75,1.25,12:30,-1728.0,50,36.0,-34.56
±2,3.0,1.25,12:30,-1728.0,50,36.0,-34.56
±2,2.25,1.5,12:00,-1729.0,50,26.0,-34.58
±2,4.25,1.5,12:00,-1729.0,50,26.0,-34.58
±2,5.0,1.5,12:00,-1729.0,50,26.0,-34.58
±2,4.5,1.5,12:00,-1729.0,50,26.0,-34.58
±2,4.75,1.5,12:00,-1729.0,50,26.0,-34.58
±2,2.5,1.5,12:00,-1729.0,50,26.0,-34.58
±2,2.0,1.5,12:00,-1729.0,50,26.0,-34.58
±2,3.0,1.5,12:00,-1729.0,50,26.0,-34.58
±2,2.75,1.5,12:00,-1729.0,50,26.0,-34.58
±2,4.0,1.5,12:00,-1729.0,50,26.0,-34.58
±2,3.25,1.5,12:00,-1729.0,50,26.0,-34.58
±2,3.5,1.5,12:00,-1729.0,50,26.0,-34.58
±2,3.75,1.5,12:00,-1729.0,50,26.0,-34.58
±2,1.5,1.25,15:00,-1733.0,50,38.0,-34.66
±3,1.0,0.75,11:30,-1736.0,50,34.0,-34.72
±2,1.75,1.5,14:30,-1741.0,50,32.0,-34.82
±3,4.25,3.5,15:00,-1744.0,50,32.0,-34.88
±3,2.0,2.75,15:00,-1744.0,50,32.0,-34.88
±3,4.25,2.5,15:00,-1744.0,50,32.0,-34.88
±3,4.75,3.75,15:00,-1744.0,50,32.0,-34.88
±3,2.25,4.5,15:00,-1744.0,50,32.0,-34.88
±3,3.5,4.0,15:00,-1744.0,50,32.0,-34.88
±3,3.5,4.25,15:00,-1744.0,50,32.0,-34.88
±3,4.25,2.75,15:00,-1744.0,50,32.0,-34.88
±3,3.0,2.25,15:00,-1744.0,50,32.0,-34.88
±3,3.0,2.5,15:00,-1744.0,50,32.0,-34.88
±3,3.0,2.75,15:00,-1744.0,50,32.0,-34.88
±3,2.0,5.0,15:00,-1744.0,50,32.0,-34.88
±3,4.75,2.0,15:00,-1744.0,50,32.0,-34.88
±3,4.75,2.5,15:00,-1744.0,50,32.0,-34.88
±3,4.75,2.75,15:00,-1744.0,50,32.0,-34.88
±3,3.0,2.0,15:00,-1744.0,50,32.0,-34.88
±3,4.75,3.25,15:00,-1744.0,50,32.0,-34.88
±3,4.75,3.5,15:00,-1744.0,50,32.0,-34.88
±3,2.25,3.5,15:00,-1744.0,50,32.0,-34.88
±3,3.75,2.0,15:00,-1744.0,50,32.0,-34.88
±3,2.25,4.75,15:00,-1744.0,50,32.0,-34.88
±3,2.25,5.0,15:00,-1744.0,50,32.0,-34.88
±3,1.75,1.25,11:30,-1744.0,50,24.0,-34.88
±3,3.75,4.5,15:00,-1744.0,50,32.0,-34.88
±3,4.75,1.75,15:00,-1744.0,50,32.0,-34.88
±3,4.25,2.25,15:00,-1744.0,50,32.0,-34.88
±3,4.25,3.75,15:00,-1744.0,50,32.0,-34.88
±3,3.0,3.0,15:00,-1744.0,50,32.0,-34.88
±3,4.25,4.0,15:00,-1744.0,50,32.0,-34.88
±3,3.75,4.75,15:00,-1744.0,50,32.0,-34.88
±3,3.75,5.0,15:00,-1744.0,50,32.0,-34.88
±3,2.75,5.0,15:00,-1744.0,50,32.0,-34.88
±3,3.75,2.5,15:00,-1744.0,50,32.0,-34.88
±3,2.25,3.25,15:00,-1744.0,50,32.0,-34.88
±3,2.0,4.5,15:00,-1744.0,50,32.0,-34.88
±3,2.0,4.75,15:00,-1744.0,50,32.0,-34.88
±3,3.0,3.25,15:00,-1744.0,50,32.0,-34.88
±3,3.0,3.5,15:00,-1744.0,50,32.0,-34.88
±3,3.0,3.75,15:00,-1744.0,50,32.0,-34.88
±3,3.75,2.25,15:00,-1744.0,50,32.0,-34.88
±3,3.0,4.0,15:00,-1744.0,50,32.0,-34.88
±3,3.0,4.25,15:00,-1744.0,50,32.0,-34.88
±3,3.75,2.75,15:00,-1744.0,50,32.0,-34.88
±3,4.25,2.0,15:00,-1744.0,50,32.0,-34.88
±3,4.25,3.0,15:00,-1744.0,50,32.0,-34.88
±3,4.25,3.25,15:00,-1744.0,50,32.0,-34.88
±3,3.5,4.5,15:00,-1744.0,50,32.0,-34.88
±3,3.5,4.75,15:00,-1744.0,50,32.0,-34.88
±3,3.5,5.0,15:00,-1744.0,50,32.0,-34.88
±3,2.5,1.75,15:00,-1744.0,50,32.0,-34.88
±3,3.75,1.75,15:00,-1744.0,50,32.0,-34.88
±3,2.25,3.75,15:00,-1744.0,50,32.0,-34.88
±3,5.0,2.5,15:00,-1744.0,50,32.0,-34.88
±3,2.0,1.75,15:00,-1744.0,50,32.0,-34.88
±3,2.0,3.25,15:00,-1744.0,50,32.0,-34.88
±3,2.25,4.0,15:00,-1744.0,50,32.0,-34.88
±3,4.25,1.75,15:00,-1744.0,50,32.0,-34.88
±3,4.75,5.0,15:00,-1744.0,50,32.0,-34.88
±3,4.75,4.75,15:00,-1744.0,50,32.0,-34.88
±3,4.25,4.5,15:00,-1744.0,50,32.0,-34.88
±3,2.5,2.25,15:00,-1744.0,50,32.0,-34.88
±3,2.5,2.5,15:00,-1744.0,50,32.0,-34.88
±3,2.5,2.0,15:00,-1744.0,50,32.0,-34.88
±3,4.5,5.0,15:00,-1744.0,50,32.0,-34.88
±3,3.5,3.0,15:00,-1744.0,50,32.0,-34.88
±3,3.5,3.75,15:00,-1744.0,50,32.0,-34.88
±3,3.5,3.5,15:00,-1744.0,50,32.0,-34.88
±3,3.5,3.25,15:00,-1744.0,50,32.0,-34.88
±3,4.25,4.25,15:00,-1744.0,50,32.0,-34.88
±3,2.5,3.25,15:00,-1744.0,50,32.0,-34.88
±3,2.0,4.25,15:00,-1744.0,50,32.0,-34.88
±3,3.0,4.5,15:00,-1744.0,50,32.0,-34.88
±3,4.25,5.0,15:00,-1744.0,50,32.0,-34.88
±3,2.75,4.5,15:00,-1744.0,50,32.0,-34.88
±3,2.75,4.25,15:00,-1744.0,50,32.0,-34.88
±3,2.75,4.75,15:00,-1744.0,50,32.0,-34.88
±3,3.5,2.75,15:00,-1744.0,50,32.0,-34.88
±3,3.5,2.0,15:00,-1744.0,50,32.0,-34.88
±3,4.5,4.75,15:00,-1744.0,50,32.0,-34.88
±3,3.5,2.5,15:00,-1744.0,50,32.0,-34.88
±3,2.25,3.0,15:00,-1744.0,50,32.0,-34.88
±3,2.5,3.5,15:00,-1744.0,50,32.0,-34.88
±3,2.5,3.75,15:00,-1744.0,50,32.0,-34.88
±3,2.5,2.75,15:00,-1744.0,50,32.0,-34.88
±3,5.0,2.75,15:00,-1744.0,50,32.0,-34.88
±3,5.0,3.0,15:00,-1744.0,50,32.0,-34.88
±3,2.0,3.5,15:00,-1744.0,50,32.0,-34.88
±3,3.0,4.75,15:00,-1744.0,50,32.0,-34.88
±3,4.5,2.0,15:00,-1744.0,50,32.0,-34.88
±3,4.5,1.75,15:00,-1744.0,50,32.0,-34.88
±3,4.0,4.75,15:00,-1744.0,50,32.0,-34.88
±3,2.5,4.0,15:00,-1744.0,50,32.0,-34.88
±3,5.0,2.0,15:00,-1744.0,50,32.0,-34.88
±3,5.0,2.25,15:00,-1744.0,50,32.0,-34.88
±3,5.0,1.75,15:00,-1744.0,50,32.0,-34.88
±3,2.75,3.5,15:00,-1744.0,50,32.0,-34.88
±3,2.5,4.25,15:00,-1744.0,50,32.0,-34.88
±3,4.75,4.0,15:00,-1744.0,50,32.0,-34.88
±3,4.75,4.25,15:00,-1744.0,50,32.0,-34.88
±3,4.75,4.5,15:00,-1744.0,50,32.0,-34.88
±3,3.25,2.0,15:00,-1744.0,50,32.0,-34.88
±3,3.25,2.25,15:00,-1744.0,50,32.0,-34.88
±3,4.0,1.75,15:00,-1744.0,50,32.0,-34.88
±3,2.5,3.0,15:00,-1744.0,50,32.0,-34.88
±3,2.75,4.0,15:00,-1744.0,50,32.0,-34.88
±3,2.75,3.75,15:00,-1744.0,50,32.0,-34.88
±3,2.25,2.0,15:00,-1744.0,50,32.0,-34.88
±3,2.25,1.75,15:00,-1744.0,50,32.0,-34.88
±3,3.5,1.75,15:00,-1744.0,50,32.0,-34.88
±3,4.0,2.0,15:00,-1744.0,50,32.0,-34.88
±3,4.0,2.75,15:00,-1744.0,50,32.0,-34.88
±3,2.0,3.75,15:00,-1744.0,50,32.0,-34.88
±3,4.0,3.0,15:00,-1744.0,50,32.0,-34.88
±3,4.5,4.0,15:00,-1744.0,50,32.0,-34.88
±3,4.5,4.5,15:00,-1744.0,50,32.0,-34.88
±3,4.5,4.25,15:00,-1744.0,50,32.0,-34.88
±3,2.0,4.0,15:00,-1744.0,50,32.0,-34.88
±3,3.0,5.0,15:00,-1744.0,50,32.0,-34.88
±3,4.25,4.75,15:00,-1744.0,50,32.0,-34.88
±3,3.5,2.25,15:00,-1744.0,50,32.0,-34.88
±3,2.75,2.5,15:00,-1744.0,50,32.0,-34.88
±3,3.25,1.75,15:00,-1744.0,50,32.0,-34.88
±3,3.25,2.75,15:00,-1744.0,50,32.0,-34.88
±3,4.0,5.0,15:00,-1744.0,50,32.0,-34.88
±3,4.5,3.75,15:00,-1744.0,50,32.0,-34.88
±3,4.5,3.5,15:00,-1744.0,50,32.0,-34.88
±3,3.75,4.25,15:00,-1744.0,50,32.0,-34.88
±3,2.75,2.75,15:00,-1744.0,50,32.0,-34.88
±3,3.75,3.75,15:00,-1744.0,50,32.0,-34.88
±3,3.75,3.0,15:00,-1744.0,50,32.0,-34.88
±3,3.75,4.0,15:00,-1744.0,50,32.0,-34.88
±3,3.25,3.75,15:00,-1744.0,50,32.0,-34.88
±3,3.25,3.0,15:00,-1744.0,50,32.0,-34.88
±3,2.75,3.0,15:00,-1744.0,50,32.0,-34.88
±3,2.75,3.25,15:00,-1744.0,50,32.0,-34.88
±3,2.75,2.0,15:00,-1744.0,50,32.0,-34.88
±3,2.75,2.25,15:00,-1744.0,50,32.0,-34.88
±3,4.5,2.25,15:00,-1744.0,50,32.0,-34.88
±3,3.25,2.5,15:00,-1744.0,50,32.0,-34.88
±3,2.75,1.75,15:00,-1744.0,50,32.0,-34.88
±3,3.25,5.0,15:00,-1744.0,50,32.0,-34.88
±3,3.25,4.75,15:00,-1744.0,50,32.0,-34.88
±3,3.25,4.5,15:00,-1744.0,50,32.0,-34.88
±3,3.25,3.25,15:00,-1744.0,50,32.0,-34.88
±3,3.25,4.0,15:00,-1744.0,50,32.0,-34.88
±3,3.25,4.25,15:00,-1744.0,50,32.0,-34.88
±3,2.5,5.0,15:00,-1744.0,50,32.0,-34.88
±3,4.5,3.25,15:00,-1744.0,50,32.0,-34.88
±3,4.0,4.0,15:00,-1744.0,50,32.0,-34.88
±3,2.5,4.75,15:00,-1744.0,50,32.0,-34.88
±3,4.0,2.25,15:00,-1744.0,50,32.0,-34.88
±3,4.0,2.5,15:00,-1744.0,50,32.0,-34.88
±3,2.25,2.5,15:00,-1744.0,50,32.0,-34.88
±3,2.25,2.25,15:00,-1744.0,50,32.0,-34.88
±3,3.25,3.5,15:00,-1744.0,50,32.0,-34.88
±3,4.0,3.25,15:00,-1744.0,50,32.0,-34.88
±3,4.0,3.75,15:00,-1744.0,50,32.0,-34.88
±3,2.5,4.5,15:00,-1744.0,50,32.0,-34.88
±3,2.25,2.75,15:00,-1744.0,50,32.0,-34.88
±3,1.5,1.25,11:30,-1744.0,50,24.0,-34.88
±3,4.0,4.5,15:00,-1744.0,50,32.0,-34.88
±3,4.0,4.25,15:00,-1744.0,50,32.0,-34.88
±3,4.5,2.75,15:00,-1744.0,50,32.0,-34.88
±3,4.5,3.0,15:00,-1744.0,50,32.0,-34.88
±3,5.0,3.5,15:00,-1744.0,50,32.0,-34.88
±3,2.0,3.0,15:00,-1744.0,50,32.0,-34.88
±3,4.5,2.5,15:00,-1744.0,50,32.0,-34.88
±3,4.0,3.5,15:00,-1744.0,50,32.0,-34.88
±3,3.75,3.5,15:00,-1744.0,50,32.0,-34.88
±3,3.75,3.25,15:00,-1744.0,50,32.0,-34.88
±3,4.75,2.25,15:00,-1744.0,50,32.0,-34.88
±3,2.25,4.25,15:00,-1744.0,50,32.0,-34.88
±3,2.0,2.5,15:00,-1744.0,50,32.0,-34.88
±3,3.0,1.75,15:00,-1744.0,50,32.0,-34.88
±3,2.0,2.25,15:00,-1744.0,50,32.0,-34.88
±3,4.75,3.0,15:00,-1744.0,50,32.0,-34.88
±3,5.0,3.25,15:00,-1744.0,50,32.0,-34.88
±3,5.0,4.25,15:00,-1744.0,50,32.0,-34.88
±3,2.0,2.0,15:00,-1744.0,50,32.0,-34.88
±3,5.0,3.75,15:00,-1744.0,50,32.0,-34.88
±3,5.0,4.0,15:00,-1744.0,50,32.0,-34.88
±3,5.0,4.5,15:00,-1744.0,50,32.0,-34.88
±3,5.0,5.0,15:00,-1744.0,50,32.0,-34.88
±3,5.0,4.75,15:00,-1744.0,50,32.0,-34.88
±2,1.0,4.5,11:00,-1746.0,50,32.0,-34.92
±2,1.0,4.75,11:00,-1746.0,50,32.0,-34.92
±2,1.0,3.25,11:00,-1746.0,50,32.0,-34.92
±2,1.0,2.75,11:00,-1746.0,50,32.0,-34.92
±2,1.0,4.0,11:00,-1746.0,50,32.0,-34.92
±2,1.0,4.25,11:00,-1746.0,50,32.0,-34.92
±2,1.0,3.5,11:00,-1746.0,50,32.0,-34.92
±2,1.0,3.75,11:00,-1746.0,50,32.0,-34.92
±2,1.0,2.5,11:00,-1746.0,50,32.0,-34.92
±2,1.0,2.25,11:00,-1746.0,50,32.0,-34.92
±2,1.0,2.0,11:00,-1746.0,50,32.0,-34.92
±2,1.0,1.75,11:00,-1746.0,50,32.0,-34.92
±2,1.0,3.0,11:00,-1746.0,50,32.0,-34.92
±2,1.0,5.0,11:00,-1746.0,50,32.0,-34.92
±3,0.75,1.25,13:00,-1748.0,50,28.0,-34.96
±2,1.75,1.25,14:30,-1750.0,50,32.0,-35.0
±3,0.75,1.5,12:30,-1750.0,50,30.0,-35.0
±3,1.0,0.5,11:00,-1751.0,50,30.0,-35.02
±3,5.0,4.75,14:00,-1754.0,50,34.0,-35.08
±3,5.0,3.25,14:00,-1754.0,50,34.0,-35.08
±3,2.0,2.0,14:00,-1754.0,50,34.0,-35.08
±3,2.0,2.25,14:00,-1754.0,50,34.0,-35.08
±3,5.0,4.0,14:00,-1754.0,50,34.0,-35.08
±3,5.0,4.5,14:00,-1754.0,50,34.0,-35.08
±3,2.25,2.25,14:00,-1754.0,50,34.0,-35.08
±3,2.25,2.5,14:00,-1754.0,50,34.0,-35.08
±3,2.25,2.75,14:00,-1754.0,50,34.0,-35.08
±3,3.25,3.5,14:00,-1754.0,50,34.0,-35.08
±3,4.5,3.25,14:00,-1754.0,50,34.0,-35.08
±3,3.25,4.25,14:00,-1754.0,50,34.0,-35.08
±3,4.0,3.5,14:00,-1754.0,50,34.0,-35.08
±3,5.0,4.25,14:00,-1754.0,50,34.0,-35.08
±3,2.0,2.5,14:00,-1754.0,50,34.0,-35.08
±3,4.0,4.5,14:00,-1754.0,50,34.0,-35.08
±3,4.0,3.75,14:00,-1754.0,50,34.0,-35.08
±3,4.0,4.25,14:00,-1754.0,50,34.0,-35.08
±3,3.25,4.5,14:00,-1754.0,50,34.0,-35.08
±3,2.0,1.75,14:00,-1754.0,50,34.0,-35.08
±3,2.25,4.25,14:00,-1754.0,50,34.0,-35.08
±3,5.0,5.0,14:00,-1754.0,50,34.0,-35.08
±3,3.25,2.5,14:00,-1754.0,50,34.0,-35.08
±3,4.5,2.25,14:00,-1754.0,50,34.0,-35.08
±3,2.75,2.25,14:00,-1754.0,50,34.0,-35.08
±3,2.75,1.75,14:00,-1754.0,50,34.0,-35.08
±3,2.75,2.0,14:00,-1754.0,50,34.0,-35.08
±3,3.75,3.0,14:00,-1754.0,50,34.0,-35.08
±3,4.0,4.0,14:00,-1754.0,50,34.0,-35.08
±3,3.25,3.25,14:00,-1754.0,50,34.0,-35.08
±3,4.5,3.5,14:00,-1754.0,50,34.0,-35.08
±3,3.75,3.75,14:00,-1754.0,50,34.0,-35.08
±3,2.5,4.75,14:00,-1754.0,50,34.0,-35.08
±3,4.0,2.5,14:00,-1754.0,50,34.0,-35.08
±3,4.0,2.25,14:00,-1754.0,50,34.0,-35.08
±3,3.75,4.0,14:00,-1754.0,50,34.0,-35.08
±3,3.25,4.0,14:00,-1754.0,50,34.0,-35.08
±3,4.0,3.25,14:00,-1754.0,50,34.0,-35.08
±3,2.75,3.25,14:00,-1754.0,50,34.0,-35.08
±3,4.5,1.75,14:00,-1754.0,50,34.0,-35.08
±3,3.25,3.0,14:00,-1754.0,50,34.0,-35.08
±3,2.75,3.0,14:00,-1754.0,50,34.0,-35.08
±3,4.5,3.75,14:00,-1754.0,50,34.0,-35.08
±3,2.75,2.75,14:00,-1754.0,50,34.0,-35.08
±3,3.25,2.75,14:00,-1754.0,50,34.0,-35.08
±3,2.5,5.0,14:00,-1754.0,50,34.0,-35.08
±3,4.0,2.75,14:00,-1754.0,50,34.0,-35.08
±3,3.25,4.75,14:00,-1754.0,50,34.0,-35.08
±3,3.25,5.0,14:00,-1754.0,50,34.0,-35.08
±3,3.25,3.75,14:00,-1754.0,50,34.0,-35.08
±3,4.5,2.5,14:00,-1754.0,50,34.0,-35.08
±3,4.5,3.0,14:00,-1754.0,50,34.0,-35.08
±3,4.5,2.75,14:00,-1754.0,50,34.0,-35.08
±3,3.75,3.5,14:00,-1754.0,50,34.0,-35.08
±3,2.25,2.0,14:00,-1754.0,50,34.0,-35.08
±3,2.75,2.5,14:00,-1754.0,50,34.0,-35.08
±3,3.5,1.75,14:00,-1754.0,50,34.0,-35.08
±3,4.0,4.75,14:00,-1754.0,50,34.0,-35.08
±3,4.0,2.0,14:00,-1754.0,50,34.0,-35.08
±3,3.75,4.25,14:00,-1754.0,50,34.0,-35.08
±3,4.0,3.0,14:00,-1754.0,50,34.0,-35.08
±3,2.25,3.0,14:00,-1754.0,50,34.0,-35.08
±3,4.0,5.0,14:00,-1754.0,50,34.0,-35.08
±3,2.5,4.5,14:00,-1754.0,50,34.0,-35.08
±3,2.5,4.25,14:00,-1754.0,50,34.0,-35.08
±3,2.25,1.75,14:00,-1754.0,50,34.0,-35.08
±3,4.75,4.5,14:00,-1754.0,50,34.0,-35.08
±3,4.75,4.25,14:00,-1754.0,50,34.0,-35.08
±3,3.25,2.25,14:00,-1754.0,50,34.0,-35.08
±3,2.75,4.0,14:00,-1754.0,50,34.0,-35.08
±3,2.75,3.75,14:00,-1754.0,50,34.0,-35.08
±3,2.75,3.5,14:00,-1754.0,50,34.0,-35.08
±3,4.5,2.0,14:00,-1754.0,50,34.0,-35.08
±3,3.25,1.75,14:00,-1754.0,50,34.0,-35.08
±3,2.5,4.0,14:00,-1754.0,50,34.0,-35.08
±3,4.5,4.5,14:00,-1754.0,50,34.0,-35.08
±3,4.5,4.25,14:00,-1754.0,50,34.0,-35.08
±3,4.5,5.0,14:00,-1754.0,50,34.0,-35.08
±3,3.5,2.0,14:00,-1754.0,50,34.0,-35.08
±3,3.5,3.0,14:00,-1754.0,50,34.0,-35.08
±3,2.5,3.25,14:00,-1754.0,50,34.0,-35.08
±3,3.5,2.25,14:00,-1754.0,50,34.0,-35.08
±3,4.0,1.75,14:00,-1754.0,50,34.0,-35.08
±3,2.0,4.0,14:00,-1754.0,50,34.0,-35.08
±3,5.0,2.25,14:00,-1754.0,50,34.0,-35.08
±3,3.25,2.0,14:00,-1754.0,50,34.0,-35.08
±3,2.75,4.75,14:00,-1754.0,50,34.0,-35.08
±3,4.25,5.0,14:00,-1754.0,50,34.0,-35.08
±3,4.25,4.75,14:00,-1754.0,50,34.0,-35.08
±3,3.0,5.0,14:00,-1754.0,50,34.0,-35.08
±3,4.5,4.75,14:00,-1754.0,50,34.0,-35.08
±3,4.5,4.0,14:00,-1754.0,50,34.0,-35.08
±3,2.5,3.75,14:00,-1754.0,50,34.0,-35.08
±3,2.5,3.5,14:00,-1754.0,50,34.0,-35.08
±3,2.0,3.75,14:00,-1754.0,50,34.0,-35.08
±3,2.0,3.5,14:00,-1754.0,50,34.0,-35.08
±3,5.0,3.0,14:00,-1754.0,50,34.0,-35.08
±3,2.0,4.5,14:00,-1754.0,50,34.0,-35.08
±3,2.0,4.25,14:00,-1754.0,50,34.0,-35.08
±3,3.0,4.75,14:00,-1754.0,50,34.0,-35.08
±3,3.0,4.5,14:00,-1754.0,50,34.0,-35.08
±3,4.25,2.0,14:00,-1754.0,50,34.0,-35.08
±3,4.25,1.75,14:00,-1754.0,50,34.0,-35.08
±3,4.75,5.0,14:00,-1754.0,50,34.0,-35.08
±3,4.75,4.75,14:00,-1754.0,50,34.0,-35.08
±3,2.5,2.5,14:00,-1754.0,50,34.0,-35.08
±3,2.5,2.25,14:00,-1754.0,50,34.0,-35.08
±3,2.5,2.0,14:00,-1754.0,50,34.0,-35.08
±3,2.5,3.0,14:00,-1754.0,50,34.0,-35.08
±3,3.5,3.75,14:00,-1754.0,50,34.0,-35.08
±3,3.5,4.75,14:00,-1754.0,50,34.0,-35.08
±3,3.5,3.5,14:00,-1754.0,50,34.0,-35.08
±3,3.5,2.75,14:00,-1754.0,50,34.0,-35.08
±3,4.25,4.5,14:00,-1754.0,50,34.0,-35.08
±3,2.75,4.5,14:00,-1754.0,50,34.0,-35.08
±3,2.75,4.25,14:00,-1754.0,50,34.0,-35.08
±3,2.75,5.0,14:00,-1754.0,50,34.0,-35.08
±3,5.0,2.0,14:00,-1754.0,50,34.0,-35.08
±3,3.0,3.75,14:00,-1754.0,50,34.0,-35.08
±3,3.0,4.0,14:00,-1754.0,50,34.0,-35.08
±3,3.0,4.25,14:00,-1754.0,50,34.0,-35.08
±3,4.25,4.25,14:00,-1754.0,50,34.0,-35.08
±3,3.75,2.75,14:00,-1754.0,50,34.0,-35.08
±3,3.5,3.25,14:00,-1754.0,50,34.0,-35.08
±3,2.25,3.5,14:00,-1754.0,50,34.0,-35.08
±3,3.0,3.5,14:00,-1754.0,50,34.0,-35.08
±3,4.75,2.0,14:00,-1754.0,50,34.0,-35.08
±3,3.75,2.5,14:00,-1754.0,50,34.0,-35.08
±3,3.75,5.0,14:00,-1754.0,50,34.0,-35.08
±3,3.75,4.75,14:00,-1754.0,50,34.0,-35.08
±3,3.75,2.25,14:00,-1754.0,50,34.0,-35.08
±3,2.0,4.75,14:00,-1754.0,50,34.0,-35.08
±3,3.5,4.5,14:00,-1754.0,50,34.0,-35.08
±3,4.75,3.25,14:00,-1754.0,50,34.0,-35.08
±3,4.25,3.0,14:00,-1754.0,50,34.0,-35.08
±3,3.0,2.25,14:00,-1754.0,50,34.0,-35.08
±3,4.25,4.0,14:00,-1754.0,50,34.0,-35.08
±3,4.25,3.75,14:00,-1754.0,50,34.0,-35.08
±3,4.25,2.25,14:00,-1754.0,50,34.0,-35.08
±3,4.25,2.5,14:00,-1754.0,50,34.0,-35.08
±3,3.0,3.25,14:00,-1754.0,50,34.0,-35.08
±3,3.0,1.75,14:00,-1754.0,50,34.0,-35.08
±3,4.75,1.75,14:00,-1754.0,50,34.0,-35.08
±3,2.25,5.0,14:00,-1754.0,50,34.0,-35.08
±3,3.75,2.0,14:00,-1754.0,50,34.0,-35.08
±3,3.75,1.75,14:00,-1754.0,50,34.0,-35.08
±3,2.5,1.75,14:00,-1754.0,50,34.0,-35.08
±3,2.25,3.25,14:00,-1754.0,50,34.0,-35.08
±3,2.5,2.75,14:00,-1754.0,50,34.0,-35.08
±3,3.5,2.5,14:00,-1754.0,50,34.0,-35.08
±3,4.25,3.25,14:00,-1754.0,50,34.0,-35.08
±3,4.25,3.5,14:00,-1754.0,50,34.0,-35.08
±3,3.5,5.0,14:00,-1754.0,50,34.0,-35.08
±3,3.0,3.0,14:00,-1754.0,50,34.0,-35.08
±3,3.75,3.25,14:00,-1754.0,50,34.0,-35.08
±3,3.75,4.5,14:00,-1754.0,50,34.0,-35.08
±3,3.0,2.75,14:00,-1754.0,50,34.0,-35.08
±3,3.0,2.5,14:00,-1754.0,50,34.0,-35.08
±3,2.25,4.75,14:00,-1754.0,50,34.0,-35.08
±3,2.25,4.5,14:00,-1754.0,50,34.0,-35.08
±3,2.25,3.75,14:00,-1754.0,50,34.0,-35.08
±3,4.75,4.0,14:00,-1754.0,50,34.0,-35.08
±3,4.75,3.75,14:00,-1754.0,50,34.0,-35.08
±3,4.75,3.5,14:00,-1754.0,50,34.0,-35.08
±3,3.5,4.25,14:00,-1754.0,50,34.0,-35.08
±3,3.5,4.0,14:00,-1754.0,50,34.0,-35.08
±3,4.75,3.0,14:00,-1754.0,50,34.0,-35.08
±3,4.75,2.25,14:00,-1754.0,50,34.0,-35.08
±3,4.75,2.5,14:00,-1754.0,50,34.0,-35.08
±3,4.75,2.75,14:00,-1754.0,50,34.0,-35.08
±3,4.25,2.75,14:00,-1754.0,50,34.0,-35.08
±3,2.0,5.0,14:00,-1754.0,50,34.0,-35.08
±3,5.0,1.75,14:00,-1754.0,50,34.0,-35.08
±3,3.0,2.0,14:00,-1754.0,50,34.0,-35.08
±3,5.0,3.5,14:00,-1754.0,50,34.0,-35.08
±3,2.0,3.0,14:00,-1754.0,50,34.0,-35.08
±3,2.0,2.75,14:00,-1754.0,50,34.0,-35.08
±3,5.0,2.75,14:00,-1754.0,50,34.0,-35.08
±3,5.0,2.5,14:00,-1754.0,50,34.0,-35.08
±3,2.0,3.25,14:00,-1754.0,50,34.0,-35.08
±3,2.25,4.0,14:00,-1754.0,50,34.0,-35.08
±3,5.0,3.75,14:00,-1754.0,50,34.0,-35.08
±2,0.5,0.75,12:30,-1758.0,50,42.0,-35.16
±3,0.5,0.5,15:00,-1761.0,50,38.0,-35.22
±3,1.75,1.0,11:30,-1764.0,50,26.0,-35.28
±3,1.5,1.0,11:30,-1764.0,50,26.0,-35.28
±3,1.0,1.5,12:30,-1767.0,50,32.0,-35.34
±3,3.75,0.75,14:30,-1770.0,50,44.0,-35.4
±3,4.75,0.75,14:30,-1770.0,50,44.0,-35.4
±3,3.0,0.75,14:30,-1770.0,50,44.0,-35.4
±3,2.5,0.75,14:30,-1770.0,50,44.0,-35.4
±3,4.0,0.75,14:30,-1770.0,50,44.0,-35.4
±3,3.5,0.75,14:30,-1770.0,50,44.0,-35.4
±3,4.25,0.75,14:30,-1770.0,50,44.0,-35.4
±3,2.75,0.75,14:30,-1770.0,50,44.0,-35.4
±3,3.25,0.75,14:30,-1770.0,50,44.0,-35.4
±3,5.0,0.75,14:30,-1770.0,50,44.0,-35.4
±3,2.0,0.75,14:30,-1770.0,50,44.0,-35.4
±3,4.5,0.75,14:30,-1770.0,50,44.0,-35.4
±3,2.25,0.75,14:30,-1770.0,50,44.0,-35.4
±2,0.75,1.5,11:30,-1774.0,50,30.0,-35.48
±2,0.5,1.25,11:30,-1775.0,50,34.0,-35.5
±2,0.5,1.0,11:30,-1775.0,50,36.0,-35.5
±2,1.0,0.75,14:30,-1778.0,50,48.0,-35.56
±2,1.0,0.75,15:00,-1778.0,50,48.0,-35.56
±2,0.5,0.5,11:00,-1779.0,50,38.0,-35.58
±2,0.5,0.5,13:30,-1781.0,50,42.0,-35.62
±2,1.5,1.5,14:30,-1781.0,50,32.0,-35.62
±2,3.25,1.5,12:30,-1784.0,50,36.0,-35.68
±2,2.5,1.5,12:30,-1784.0,50,36.0,-35.68
±2,2.75,1.5,12:30,-1784.0,50,36.0,-35.68
±2,3.5,1.5,12:30,-1784.0,50,36.0,-35.68
±2,4.5,1.5,12:30,-1784.0,50,36.0,-35.68
±2,4.0,1.5,12:30,-1784.0,50,36.0,-35.68
±2,3.75,1.5,12:30,-1784.0,50,36.0,-35.68
±2,4.75,1.5,12:30,-1784.0,50,36.0,-35.68
±2,3.0,1.5,12:30,-1784.0,50,36.0,-35.68
±2,2.25,1.5,12:30,-1784.0,50,36.0,-35.68
±2,2.0,1.5,12:30,-1784.0,50,36.0,-35.68
±2,4.25,1.5,12:30,-1784.0,50,36.0,-35.68
±2,0.5,0.5,12:00,-1784.0,50,38.0,-35.68
±2,5.0,1.5,12:30,-1784.0,50,36.0,-35.68
±2,1.5,1.25,14:30,-1790.0,50,32.0,-35.8
±2,2.75,4.75,14:00,-1803.0,50,44.0,-36.06
±2,4.5,4.5,14:00,-1803.0,50,44.0,-36.06
±2,2.5,4.75,14:00,-1803.0,50,44.0,-36.06
±2,4.5,5.0,14:00,-1803.0,50,44.0,-36.06
±2,2.5,4.25,14:00,-1803.0,50,44.0,-36.06
±2,3.0,5.0,14:00,-1803.0,50,44.0,-36.06
±2,4.75,3.25,14:00,-1803.0,50,44.0,-36.06
±2,3.25,2.5,14:00,-1803.0,50,44.0,-36.06
±2,3.25,3.0,14:00,-1803.0,50,44.0,-36.06
±2,2.5,2.75,14:00,-1803.0,50,44.0,-36.06
±2,2.5,5.0,14:00,-1803.0,50,44.0,-36.06
±2,4.75,3.0,14:00,-1803.0,50,44.0,-36.06
±2,4.5,2.75,14:00,-1803.0,50,44.0,-36.06
±2,2.5,4.0,14:00,-1803.0,50,44.0,-36.06
±2,4.75,2.75,14:00,-1803.0,50,44.0,-36.06
±2,4.5,3.25,14:00,-1803.0,50,44.0,-36.06
±2,2.5,3.75,14:00,-1803.0,50,44.0,-36.06
±2,3.25,2.25,14:00,-1803.0,50,44.0,-36.06
±2,3.25,1.75,14:00,-1803.0,50,44.0,-36.06
±2,2.5,4.5,14:00,-1803.0,50,44.0,-36.06
±2,4.5,2.25,14:00,-1803.0,50,44.0,-36.06
±2,4.75,3.5,14:00,-1803.0,50,44.0,-36.06
±2,2.5,2.25,14:00,-1803.0,50,44.0,-36.06
±2,3.25,2.75,14:00,-1803.0,50,44.0,-36.06
±2,2.5,2.5,14:00,-1803.0,50,44.0,-36.06
±2,3.25,3.25,14:00,-1803.0,50,44.0,-36.06
±2,2.5,2.0,14:00,-1803.0,50,44.0,-36.06
±2,3.25,3.75,14:00,-1803.0,50,44.0,-36.06
±2,4.75,4.5,14:00,-1803.0,50,44.0,-36.06
±2,3.25,3.5,14:00,-1803.0,50,44.0,-36.06
±2,4.75,4.75,14:00,-1803.0,50,44.0,-36.06
±2,3.0,4.5,14:00,-1803.0,50,44.0,-36.06
±2,3.0,4.25,14:00,-1803.0,50,44.0,-36.06
±2,4.5,3.0,14:00,-1803.0,50,44.0,-36.06
±2,4.75,2.5,14:00,-1803.0,50,44.0,-36.06
±2,3.25,4.0,14:00,-1803.0,50,44.0,-36.06
±2,2.5,1.75,14:00,-1803.0,50,44.0,-36.06
±2,4.75,5.0,14:00,-1803.0,50,44.0,-36.06
±2,3.25,4.75,14:00,-1803.0,50,44.0,-36.06
±2,3.25,4.25,14:00,-1803.0,50,44.0,-36.06
±2,4.75,2.25,14:00,-1803.0,50,44.0,-36.06
±2,4.5,1.75,14:00,-1803.0,50,44.0,-36.06
±2,2.5,3.25,14:00,-1803.0,50,44.0,-36.06
±2,4.75,3.75,14:00,-1803.0,50,44.0,-36.06
±2,4.5,2.5,14:00,-1803.0,50,44.0,-36.06
±2,4.5,2.0,14:00,-1803.0,50,44.0,-36.06
±2,4.75,4.25,14:00,-1803.0,50,44.0,-36.06
±2,4.75,4.0,14:00,-1803.0,50,44.0,-36.06
±2,2.5,3.0,14:00,-1803.0,50,44.0,-36.06
±2,3.0,4.75,14:00,-1803.0,50,44.0,-36.06
±2,3.25,2.0,14:00,-1803.0,50,44.0,-36.06
±2,2.5,3.5,14:00,-1803.0,50,44.0,-36.06
±2,2.75,5.0,14:00,-1803.0,50,44.0,-36.06
±2,4.5,4.75,14:00,-1803.0,50,44.0,-36.06
±2,2.25,4.0,14:00,-1803.0,50,44.0,-36.06
±2,2.25,3.5,14:00,-1803.0,50,44.0,-36.06
±2,3.5,2.25,14:00,-1803.0,50,44.0,-36.06
±2,3.5,1.75,14:00,-1803.0,50,44.0,-36.06
±2,2.25,3.75,14:00,-1803.0,50,44.0,-36.06
±2,3.0,4.0,14:00,-1803.0,50,44.0,-36.06
±2,2.25,4.5,14:00,-1803.0,50,44.0,-36.06
±2,2.25,4.25,14:00,-1803.0,50,44.0,-36.06
±2,3.25,5.0,14:00,-1803.0,50,44.0,-36.06
±2,2.25,4.75,14:00,-1803.0,50,44.0,-36.06
±2,3.25,4.5,14:00,-1803.0,50,44.0,-36.06
±2,2.25,5.0,14:00,-1803.0,50,44.0,-36.06
±2,4.25,5.0,14:00,-1803.0,50,44.0,-36.06
±2,4.25,4.5,14:00,-1803.0,50,44.0,-36.06
±2,3.5,3.0,14:00,-1803.0,50,44.0,-36.06
±2,3.5,2.5,14:00,-1803.0,50,44.0,-36.06
±2,5.0,2.0,14:00,-1803.0,50,44.0,-36.06
±2,4.25,4.75,14:00,-1803.0,50,44.0,-36.06
±2,3.5,3.5,14:00,-1803.0,50,44.0,-36.06
±2,2.25,2.25,14:00,-1803.0,50,44.0,-36.06
±2,2.25,2.5,14:00,-1803.0,50,44.0,-36.06
±2,5.0,2.5,14:00,-1803.0,50,44.0,-36.06
±2,5.0,2.25,14:00,-1803.0,50,44.0,-36.06
±2,3.5,2.0,14:00,-1803.0,50,44.0,-36.06
±2,2.25,3.25,14:00,-1803.0,50,44.0,-36.06
±2,3.0,3.75,14:00,-1803.0,50,44.0,-36.06
±2,3.0,3.5,14:00,-1803.0,50,44.0,-36.06
±2,2.75,1.75,14:00,-1803.0,50,44.0,-36.06
±2,3.0,3.25,14:00,-1803.0,50,44.0,-36.06
±2,3.5,3.25,14:00,-1803.0,50,44.0,-36.06
±2,2.25,3.0,14:00,-1803.0,50,44.0,-36.06
±2,5.0,1.75,14:00,-1803.0,50,44.0,-36.06
±2,2.25,2.0,14:00,-1803.0,50,44.0,-36.06
±2,3.5,4.25,14:00,-1803.0,50,44.0,-36.06
±2,5.0,3.0,14:00,-1803.0,50,44.0,-36.06
±2,4.25,3.75,14:00,-1803.0,50,44.0,-36.06
±2,5.0,3.25,14:00,-1803.0,50,44.0,-36.06
±2,4.25,4.0,14:00,-1803.0,50,44.0,-36.06
±2,2.0,5.0,14:00,-1803.0,50,44.0,-36.06
±2,2.25,1.75,14:00,-1803.0,50,44.0,-36.06
±2,3.5,4.5,14:00,-1803.0,50,44.0,-36.06
±2,2.75,2.0,14:00,-1803.0,50,44.0,-36.06
±2,2.75,2.5,14:00,-1803.0,50,44.0,-36.06
±2,3.0,2.75,14:00,-1803.0,50,44.0,-36.06
±2,2.75,3.0,14:00,-1803.0,50,44.0,-36.06
±2,2.75,2.75,14:00,-1803.0,50,44.0,-36.06
±2,3.5,5.0,14:00,-1803.0,50,44.0,-36.06
±2,3.5,4.75,14:00,-1803.0,50,44.0,-36.06
±2,5.0,3.5,14:00,-1803.0,50,44.0,-36.06
±2,2.0,4.75,14:00,-1803.0,50,44.0,-36.06
±2,4.25,3.5,14:00,-1803.0,50,44.0,-36.06
±2,5.0,3.75,14:00,-1803.0,50,44.0,-36.06
±2,2.0,4.25,14:00,-1803.0,50,44.0,-36.06
±2,4.25,3.0,14:00,-1803.0,50,44.0,-36.06
±2,5.0,4.25,14:00,-1803.0,50,44.0,-36.06
±2,2.25,2.75,14:00,-1803.0,50,44.0,-36.06
±2,3.5,4.0,14:00,-1803.0,50,44.0,-36.06
±2,3.5,3.75,14:00,-1803.0,50,44.0,-36.06
±2,4.25,4.25,14:00,-1803.0,50,44.0,-36.06
±2,5.0,2.75,14:00,-1803.0,50,44.0,-36.06
±2,4.75,2.0,14:00,-1803.0,50,44.0,-36.06
±2,4.5,3.5,14:00,-1803.0,50,44.0,-36.06
±2,2.75,2.25,14:00,-1803.0,50,44.0,-36.06
±2,3.5,2.75,14:00,-1803.0,50,44.0,-36.06
±2,2.0,4.5,14:00,-1803.0,50,44.0,-36.06
±2,3.75,2.25,14:00,-1803.0,50,44.0,-36.06
±2,3.75,1.75,14:00,-1803.0,50,44.0,-36.06
±2,2.0,4.0,14:00,-1803.0,50,44.0,-36.06
±2,2.75,3.25,14:00,-1803.0,50,44.0,-36.06
±2,4.5,4.0,14:00,-1803.0,50,44.0,-36.06
±2,4.75,1.75,14:00,-1803.0,50,44.0,-36.06
±2,3.0,3.0,14:00,-1803.0,50,44.0,-36.06
±2,5.0,4.0,14:00,-1803.0,50,44.0,-36.06
±2,3.75,2.5,14:00,-1803.0,50,44.0,-36.06
±2,4.25,3.25,14:00,-1803.0,50,44.0,-36.06
±2,5.0,4.5,14:00,-1803.0,50,44.0,-36.06
±2,3.75,2.75,14:00,-1803.0,50,44.0,-36.06
±2,2.0,3.75,14:00,-1803.0,50,44.0,-36.06
±2,3.75,2.0,14:00,-1803.0,50,44.0,-36.06
±2,2.0,3.25,14:00,-1803.0,50,44.0,-36.06
±2,3.75,3.0,14:00,-1803.0,50,44.0,-36.06
±2,2.0,3.5,14:00,-1803.0,50,44.0,-36.06
±2,5.0,4.75,14:00,-1803.0,50,44.0,-36.06
±2,5.0,5.0,14:00,-1803.0,50,44.0,-36.06
±2,3.75,3.75,14:00,-1803.0,50,44.0,-36.06
±2,2.0,1.75,14:00,-1803.0,50,44.0,-36.06
±2,2.0,2.25,14:00,-1803.0,50,44.0,-36.06
±2,2.0,2.0,14:00,-1803.0,50,44.0,-36.06
±2,3.0,2.0,14:00,-1803.0,50,44.0,-36.06
±2,3.0,2.5,14:00,-1803.0,50,44.0,-36.06
±2,2.75,3.5,14:00,-1803.0,50,44.0,-36.06
±2,3.0,1.75,14:00,-1803.0,50,44.0,-36.06
±2,3.0,2.25,14:00,-1803.0,50,44.0,-36.06
±2,2.0,3.0,14:00,-1803.0,50,44.0,-36.06
±2,3.75,3.25,14:00,-1803.0,50,44.0,-36.06
±2,2.75,3.75,14:00,-1803.0,50,44.0,-36.06
±2,4.25,2.25,14:00,-1803.0,50,44.0,-36.06
±2,4.25,2.75,14:00,-1803.0,50,44.0,-36.06
±2,4.5,3.75,14:00,-1803.0,50,44.0,-36.06
±2,2.75,4.0,14:00,-1803.0,50,44.0,-36.06
±2,3.75,3.5,14:00,-1803.0,50,44.0,-36.06
±2,3.75,4.0,14:00,-1803.0,50,44.0,-36.06
±2,2.0,2.5,14:00,-1803.0,50,44.0,-36.06
±2,2.0,2.75,14:00,-1803.0,50,44.0,-36.06
±2,4.25,2.0,14:00,-1803.0,50,44.0,-36.06
±2,4.0,1.75,14:00,-1803.0,50,44.0,-36.06
±2,4.0,2.0,14:00,-1803.0,50,44.0,-36.06
±2,4.25,2.5,14:00,-1803.0,50,44.0,-36.06
±2,3.75,4.75,14:00,-1803.0,50,44.0,-36.06
±2,3.75,4.5,14:00,-1803.0,50,44.0,-36.06
±2,3.75,5.0,14:00,-1803.0,50,44.0,-36.06
±2,3.75,4.25,14:00,-1803.0,50,44.0,-36.06
±2,4.0,2.75,14:00,-1803.0,50,44.0,-36.06
±2,4.0,2.5,14:00,-1803.0,50,44.0,-36.06
±2,4.0,2.25,14:00,-1803.0,50,44.0,-36.06
±2,4.5,4.25,14:00,-1803.0,50,44.0,-36.06
±2,2.75,4.5,14:00,-1803.0,50,44.0,-36.06
±2,4.0,3.0,14:00,-1803.0,50,44.0,-36.06
±2,4.0,3.5,14:00,-1803.0,50,44.0,-36.06
±2,4.0,3.25,14:00,-1803.0,50,44.0,-36.06
±2,4.0,4.25,14:00,-1803.0,50,44.0,-36.06
±2,4.0,3.75,14:00,-1803.0,50,44.0,-36.06
±2,4.0,4.0,14:00,-1803.0,50,44.0,-36.06
±2,4.25,1.75,14:00,-1803.0,50,44.0,-36.06
±2,4.0,4.5,14:00,-1803.0,50,44.0,-36.06
±2,4.0,4.75,14:00,-1803.0,50,44.0,-36.06
±2,4.0,5.0,14:00,-1803.0,50,44.0,-36.06
±2,2.75,4.25,14:00,-1803.0,50,44.0,-36.06
±3,1.0,1.25,13:00,-1804.0,50,30.0,-36.08
±2,0.5,0.75,13:00,-1807.0,50,44.0,-36.14
±2,0.75,0.5,11:30,-1808.0,50,30.0,-36.16
±2,0.75,2.0,14:30,-1810.0,50,38.0,-36.2
±2,0.75,3.25,14:30,-1810.0,50,38.0,-36.2
±2,0.75,3.5,14:30,-1810.0,50,38.0,-36.2
±2,0.75,4.0,14:30,-1810.0,50,38.0,-36.2
±2,0.75,3.75,14:30,-1810.0,50,38.0,-36.2
±2,0.75,4.25,14:30,-1810.0,50,38.0,-36.2
±2,0.75,5.0,14:30,-1810.0,50,38.0,-36.2
±2,0.75,4.5,14:30,-1810.0,50,38.0,-36.2
±2,0.75,4.75,14:30,-1810.0,50,38.0,-36.2
±2,0.75,2.75,14:30,-1810.0,50,38.0,-36.2
±2,0.75,2.5,14:30,-1810.0,50,38.0,-36.2
±2,0.75,2.25,14:30,-1810.0,50,38.0,-36.2
±2,0.75,3.0,14:30,-1810.0,50,38.0,-36.2
±2,0.75,1.75,14:30,-1810.0,50,38.0,-36.2
±2,0.5,0.5,13:00,-1811.0,50,40.0,-36.22
±2,5.0,1.25,15:00,-1812.0,50,38.0,-36.24
±2,4.5,1.25,15:00,-1812.0,50,38.0,-36.24
±2,3.5,1.25,15:00,-1812.0,50,38.0,-36.24
±2,2.0,1.25,15:00,-1812.0,50,38.0,-36.24
±2,4.0,1.25,15:00,-1812.0,50,38.0,-36.24
±2,2.5,1.25,15:00,-1812.0,50,38.0,-36.24
±2,3.0,1.25,15:00,-1812.0,50,38.0,-36.24
±2,2.25,1.25,15:00,-1812.0,50,38.0,-36.24
±2,4.75,1.25,15:00,-1812.0,50,38.0,-36.24
±2,3.75,1.25,15:00,-1812.0,50,38.0,-36.24
±2,4.25,1.25,15:00,-1812.0,50,38.0,-36.24
±2,3.25,1.25,15:00,-1812.0,50,38.0,-36.24
±2,2.75,1.25,15:00,-1812.0,50,38.0,-36.24
±2,1.0,0.5,12:00,-1812.0,50,32.0,-36.24
±3,0.5,2.75,15:00,-1816.0,50,36.0,-36.32
±3,0.5,3.5,15:00,-1816.0,50,36.0,-36.32
±3,0.5,3.75,15:00,-1816.0,50,36.0,-36.32
±3,0.5,2.5,15:00,-1816.0,50,36.0,-36.32
±3,0.5,3.25,15:00,-1816.0,50,36.0,-36.32
±3,0.5,4.5,15:00,-1816.0,50,36.0,-36.32
±3,0.5,4.75,15:00,-1816.0,50,36.0,-36.32
±3,0.5,5.0,15:00,-1816.0,50,36.0,-36.32
±3,0.5,4.0,15:00,-1816.0,50,36.0,-36.32
±3,0.5,3.0,15:00,-1816.0,50,36.0,-36.32
±3,0.5,4.25,15:00,-1816.0,50,36.0,-36.32
±3,0.5,2.25,15:00,-1816.0,50,36.0,-36.32
±3,0.5,1.75,15:00,-1816.0,50,36.0,-36.32
±3,0.5,2.0,15:00,-1816.0,50,36.0,-36.32
±3,3.0,5.0,12:00,-1822.0,50,26.0,-36.44
±3,3.25,1.75,12:00,-1822.0,50,26.0,-36.44
±3,3.0,4.5,12:00,-1822.0,50,26.0,-36.44
±3,3.0,4.75,12:00,-1822.0,50,26.0,-36.44
±3,2.0,3.5,12:00,-1822.0,50,26.0,-36.44
±3,4.75,5.0,12:00,-1822.0,50,26.0,-36.44
±3,4.75,4.0,12:00,-1822.0,50,26.0,-36.44
±3,4.75,4.25,12:00,-1822.0,50,26.0,-36.44
±3,2.0,3.75,12:00,-1822.0,50,26.0,-36.44
±3,4.75,4.5,12:00,-1822.0,50,26.0,-36.44
±3,3.25,2.75,12:00,-1822.0,50,26.0,-36.44
±3,3.25,3.0,12:00,-1822.0,50,26.0,-36.44
±3,3.25,3.25,12:00,-1822.0,50,26.0,-36.44
±3,2.5,4.75,12:00,-1822.0,50,26.0,-36.44
±3,3.25,3.5,12:00,-1822.0,50,26.0,-36.44
±3,3.25,3.75,12:00,-1822.0,50,26.0,-36.44
±3,3.25,4.0,12:00,-1822.0,50,26.0,-36.44
±3,3.25,4.25,12:00,-1822.0,50,26.0,-36.44
±3,3.25,2.0,12:00,-1822.0,50,26.0,-36.44
±3,3.0,4.0,12:00,-1822.0,50,26.0,-36.44
±3,3.0,4.25,12:00,-1822.0,50,26.0,-36.44
±3,4.75,4.75,12:00,-1822.0,50,26.0,-36.44
±3,3.0,3.75,12:00,-1822.0,50,26.0,-36.44
±3,3.0,3.5,12:00,-1822.0,50,26.0,-36.44
±3,2.75,1.75,12:00,-1822.0,50,26.0,-36.44
±3,3.0,3.25,12:00,-1822.0,50,26.0,-36.44
±3,2.75,2.0,12:00,-1822.0,50,26.0,-36.44
±3,3.0,3.0,12:00,-1822.0,50,26.0,-36.44
±3,2.75,4.5,12:00,-1822.0,50,26.0,-36.44
±3,2.75,4.25,12:00,-1822.0,50,26.0,-36.44
±3,2.75,4.75,12:00,-1822.0,50,26.0,-36.44
±3,2.75,5.0,12:00,-1822.0,50,26.0,-36.44
±3,2.75,4.0,12:00,-1822.0,50,26.0,-36.44
±3,2.75,3.0,12:00,-1822.0,50,26.0,-36.44
±3,2.0,2.75,12:00,-1822.0,50,26.0,-36.44
±3,2.0,1.75,12:00,-1822.0,50,26.0,-36.44
±3,5.0,3.0,12:00,-1822.0,50,26.0,-36.44
±3,5.0,2.75,12:00,-1822.0,50,26.0,-36.44
±3,5.0,1.75,12:00,-1822.0,50,26.0,-36.44
±3,3.0,2.0,12:00,-1822.0,50,26.0,-36.44
±3,2.0,3.0,12:00,-1822.0,50,26.0,-36.44
±3,5.0,2.0,12:00,-1822.0,50,26.0,-36.44
±3,2.0,3.25,12:00,-1822.0,50,26.0,-36.44
±3,5.0,2.25,12:00,-1822.0,50,26.0,-36.44
±3,5.0,2.5,12:00,-1822.0,50,26.0,-36.44
±3,3.0,2.25,12:00,-1822.0,50,26.0,-36.44
±3,3.0,2.5,12:00,-1822.0,50,26.0,-36.44
±3,3.0,2.75,12:00,-1822.0,50,26.0,-36.44
±3,2.75,2.5,12:00,-1822.0,50,26.0,-36.44
±3,2.75,2.75,12:00,-1822.0,50,26.0,-36.44
±3,3.0,1.75,12:00,-1822.0,50,26.0,-36.44
±3,2.75,2.25,12:00,-1822.0,50,26.0,-36.44
±3,2.0,2.0,12:00,-1822.0,50,26.0,-36.44
±3,5.0,3.25,12:00,-1822.0,50,26.0,-36.44
±3,3.5,4.25,12:00,-1822.0,50,26.0,-36.44
±3,3.5,4.0,12:00,-1822.0,50,26.0,-36.44
±3,3.5,3.75,12:00,-1822.0,50,26.0,-36.44
±3,3.5,3.5,12:00,-1822.0,50,26.0,-36.44
±3,3.5,3.25,12:00,-1822.0,50,26.0,-36.44
±3,2.5,3.0,12:00,-1822.0,50,26.0,-36.44
±3,3.5,3.0,12:00,-1822.0,50,26.0,-36.44
±3,3.5,2.75,12:00,-1822.0,50,26.0,-36.44
±3,4.75,2.75,12:00,-1822.0,50,26.0,-36.44
±3,4.75,2.5,12:00,-1822.0,50,26.0,-36.44
±3,4.75,2.25,12:00,-1822.0,50,26.0,-36.44
±3,2.0,4.5,12:00,-1822.0,50,26.0,-36.44
±3,4.75,2.0,12:00,-1822.0,50,26.0,-36.44
±3,4.75,1.75,12:00,-1822.0,50,26.0,-36.44
±3,3.5,2.5,12:00,-1822.0,50,26.0,-36.44
±3,2.5,3.75,12:00,-1822.0,50,26.0,-36.44
±3,2.5,3.5,12:00,-1822.0,50,26.0,-36.44
±3,2.5,3.25,12:00,-1822.0,50,26.0,-36.44
±3,3.5,2.25,12:00,-1822.0,50,26.0,-36.44
±3,3.5,2.0,12:00,-1822.0,50,26.0,-36.44
±3,3.5,1.75,12:00,-1822.0,50,26.0,-36.44
±3,3.25,4.75,12:00,-1822.0,50,26.0,-36.44
±3,3.25,5.0,12:00,-1822.0,50,26.0,-36.44
±3,2.5,4.0,12:00,-1822.0,50,26.0,-36.44
±3,2.0,4.25,12:00,-1822.0,50,26.0,-36.44
±3,2.0,4.0,12:00,-1822.0,50,26.0,-36.44
±3,4.75,3.5,12:00,-1822.0,50,26.0,-36.44
±3,4.75,3.75,12:00,-1822.0,50,26.0,-36.44
±3,4.75,3.25,12:00,-1822.0,50,26.0,-36.44
±3,2.5,4.25,12:00,-1822.0,50,26.0,-36.44
±3,2.5,4.5,12:00,-1822.0,50,26.0,-36.44
±3,4.75,3.0,12:00,-1822.0,50,26.0,-36.44
±3,3.25,2.5,12:00,-1822.0,50,26.0,-36.44
±3,2.5,5.0,12:00,-1822.0,50,26.0,-36.44
±3,3.25,2.25,12:00,-1822.0,50,26.0,-36.44
±3,3.25,4.5,12:00,-1822.0,50,26.0,-36.44
±3,3.75,4.5,12:00,-1822.0,50,26.0,-36.44
±3,3.75,4.25,12:00,-1822.0,50,26.0,-36.44
±3,3.75,3.0,12:00,-1822.0,50,26.0,-36.44
±3,3.75,3.25,12:00,-1822.0,50,26.0,-36.44
±3,4.5,5.0,12:00,-1822.0,50,26.0,-36.44
±3,2.0,5.0,12:00,-1822.0,50,26.0,-36.44
±3,3.75,1.75,12:00,-1822.0,50,26.0,-36.44
±3,3.75,2.0,12:00,-1822.0,50,26.0,-36.44
±3,3.75,2.25,12:00,-1822.0,50,26.0,-36.44
±3,3.75,2.5,12:00,-1822.0,50,26.0,-36.44
±3,4.5,4.5,12:00,-1822.0,50,26.0,-36.44
±3,3.75,4.75,12:00,-1822.0,50,26.0,-36.44
±3,3.75,5.0,12:00,-1822.0,50,26.0,-36.44
±3,4.5,4.25,12:00,-1822.0,50,26.0,-36.44
±3,3.75,4.0,12:00,-1822.0,50,26.0,-36.44
±3,3.75,3.75,12:00,-1822.0,50,26.0,-36.44
±3,3.75,3.5,12:00,-1822.0,50,26.0,-36.44
±3,3.75,2.75,12:00,-1822.0,50,26.0,-36.44
±3,4.5,4.75,12:00,-1822.0,50,26.0,-36.44
±3,2.5,2.75,12:00,-1822.0,50,26.0,-36.44
±3,2.5,1.75,12:00,-1822.0,50,26.0,-36.44
±3,2.5,2.0,12:00,-1822.0,50,26.0,-36.44
±3,2.0,4.75,12:00,-1822.0,50,26.0,-36.44
±3,3.5,4.5,12:00,-1822.0,50,26.0,-36.44
±3,3.5,4.75,12:00,-1822.0,50,26.0,-36.44
±3,2.5,2.25,12:00,-1822.0,50,26.0,-36.44
±3,2.5,2.5,12:00,-1822.0,50,26.0,-36.44
±3,3.5,5.0,12:00,-1822.0,50,26.0,-36.44
±3,4.5,2.0,12:00,-1822.0,50,26.0,-36.44
±3,4.5,1.75,12:00,-1822.0,50,26.0,-36.44
±3,2.25,4.75,12:00,-1822.0,50,26.0,-36.44
±3,2.25,5.0,12:00,-1822.0,50,26.0,-36.44
±3,4.0,2.5,12:00,-1822.0,50,26.0,-36.44
±3,4.0,2.25,12:00,-1822.0,50,26.0,-36.44
±3,4.5,3.25,12:00,-1822.0,50,26.0,-36.44
±3,4.0,2.0,12:00,-1822.0,50,26.0,-36.44
±3,4.0,1.75,12:00,-1822.0,50,26.0,-36.44
±3,4.5,2.75,12:00,-1822.0,50,26.0,-36.44
±3,4.5,3.0,12:00,-1822.0,50,26.0,-36.44
±3,4.5,3.5,12:00,-1822.0,50,26.0,-36.44
±3,4.5,3.75,12:00,-1822.0,50,26.0,-36.44
±3,4.5,4.0,12:00,-1822.0,50,26.0,-36.44
±3,4.0,3.25,12:00,-1822.0,50,26.0,-36.44
±3,4.0,2.75,12:00,-1822.0,50,26.0,-36.44
±3,4.0,4.0,12:00,-1822.0,50,26.0,-36.44
±3,4.0,3.75,12:00,-1822.0,50,26.0,-36.44
±3,2.25,4.5,12:00,-1822.0,50,26.0,-36.44
±3,4.0,3.5,12:00,-1822.0,50,26.0,-36.44
±3,2.25,4.25,12:00,-1822.0,50,26.0,-36.44
±3,4.0,4.5,12:00,-1822.0,50,26.0,-36.44
±3,4.0,4.75,12:00,-1822.0,50,26.0,-36.44
±3,4.0,4.25,12:00,-1822.0,50,26.0,-36.44
±3,2.25,2.0,12:00,-1822.0,50,26.0,-36.44
±3,2.25,4.0,12:00,-1822.0,50,26.0,-36.44
±3,4.0,5.0,12:00,-1822.0,50,26.0,-36.44
±3,4.25,1.75,12:00,-1822.0,50,26.0,-36.44
±3,4.0,3.0,12:00,-1822.0,50,26.0,-36.44
±3,4.5,2.5,12:00,-1822.0,50,26.0,-36.44
±3,4.5,2.25,12:00,-1822.0,50,26.0,-36.44
±3,2.25,1.75,12:00,-1822.0,50,26.0,-36.44
±3,2.25,3.5,12:00,-1822.0,50,26.0,-36.44
±3,2.25,3.25,12:00,-1822.0,50,26.0,-36.44
±3,4.25,2.0,12:00,-1822.0,50,26.0,-36.44
±3,2.25,3.75,12:00,-1822.0,50,26.0,-36.44
±3,4.25,4.75,12:00,-1822.0,50,26.0,-36.44
±3,4.25,2.75,12:00,-1822.0,50,26.0,-36.44
±3,4.25,5.0,12:00,-1822.0,50,26.0,-36.44
±3,4.25,2.25,12:00,-1822.0,50,26.0,-36.44
±3,2.25,2.25,12:00,-1822.0,50,26.0,-36.44
±3,4.25,3.0,12:00,-1822.0,50,26.0,-36.44
±3,4.25,3.25,12:00,-1822.0,50,26.0,-36.44
±3,4.25,3.5,12:00,-1822.0,50,26.0,-36.44
±3,2.25,3.0,12:00,-1822.0,50,26.0,-36.44
±3,4.25,3.75,12:00,-1822.0,50,26.0,-36.44
±3,4.25,4.0,12:00,-1822.0,50,26.0,-36.44
±3,4.25,2.5,12:00,-1822.0,50,26.0,-36.44
±3,2.25,2.5,12:00,-1822.0,50,26.0,-36.44
±3,2.25,2.75,12:00,-1822.0,50,26.0,-36.44
±3,4.25,4.5,12:00,-1822.0,50,26.0,-36.44
±3,4.25,4.25,12:00,-1822.0,50,26.0,-36.44
±3,5.0,4.75,12:00,-1822.0,50,26.0,-36.44
±3,5.0,4.0,12:00,-1822.0,50,26.0,-36.44
±3,5.0,4.25,12:00,-1822.0,50,26.0,-36.44
±3,2.75,3.25,12:00,-1822.0,50,26.0,-36.44
±3,2.75,3.5,12:00,-1822.0,50,26.0,-36.44
±3,2.75,3.75,12:00,-1822.0,50,26.0,-36.44
±3,5.0,3.5,12:00,-1822.0,50,26.0,-36.44
±3,5.0,4.5,12:00,-1822.0,50,26.0,-36.44
±3,2.0,2.25,12:00,-1822.0,50,26.0,-36.44
±3,2.0,2.5,12:00,-1822.0,50,26.0,-36.44
±3,5.0,3.75,12:00,-1822.0,50,26.0,-36.44
±3,5.0,5.0,12:00,-1822.0,50,26.0,-36.44
±2,0.5,0.5,11:30,-1823.0,50,36.0,-36.46
±2,0.75,0.5,12:00,-1824.0,50,34.0,-36.48
±3,0.75,1.5,13:00,-1827.0,50,28.0,-36.54
±3,1.5,0.5,11:30,-1829.0,50,24.0,-36.58
±3,1.75,0.5,11:30,-1829.0,50,24.0,-36.58
±3,1.5,1.5,11:30,-1834.0,50,24.0,-36.68
±3,1.75,1.5,11:30,-1834.0,50,24.0,-36.68
±2,0.5,0.75,13:30,-1842.0,50,44.0,-36.84
±3,5.0,1.25,11:30,-1843.0,50,24.0,-36.86
±3,3.25,1.25,11:30,-1843.0,50,24.0,-36.86
±3,2.25,1.25,11:30,-1843.0,50,24.0,-36.86
±3,4.5,1.25,11:30,-1843.0,50,24.0,-36.86
±3,2.75,1.25,11:30,-1843.0,50,24.0,-36.86
±3,4.25,1.25,11:30,-1843.0,50,24.0,-36.86
±3,3.0,1.25,11:30,-1843.0,50,24.0,-36.86
±3,2.0,1.25,11:30,-1843.0,50,24.0,-36.86
±3,2.5,1.25,11:30,-1843.0,50,24.0,-36.86
±3,4.0,1.25,11:30,-1843.0,50,24.0,-36.86
±3,4.75,1.25,11:30,-1843.0,50,24.0,-36.86
±3,3.5,1.25,11:30,-1843.0,50,24.0,-36.86
±3,3.75,1.25,11:30,-1843.0,50,24.0,-36.86
±2,0.75,0.5,11:00,-1852.0,50,32.0,-37.04
±2,1.75,2.75,15:00,-1858.0,50,38.0,-37.16
±2,1.75,3.75,15:00,-1858.0,50,38.0,-37.16
±2,1.75,5.0,15:00,-1858.0,50,38.0,-37.16
±2,1.75,3.5,15:00,-1858.0,50,38.0,-37.16
±2,1.75,1.25,11:30,-1858.0,50,30.0,-37.16
±2,1.75,4.25,15:00,-1858.0,50,38.0,-37.16
±2,1.75,4.5,15:00,-1858.0,50,38.0,-37.16
±2,1.5,1.25,11:30,-1858.0,50,30.0,-37.16
±2,1.75,2.0,15:00,-1858.0,50,38.0,-37.16
±2,1.75,2.25,15:00,-1858.0,50,38.0,-37.16
±2,1.75,1.75,15:00,-1858.0,50,38.0,-37.16
±2,1.75,4.0,15:00,-1858.0,50,38.0,-37.16
±2,1.75,3.25,15:00,-1858.0,50,38.0,-37.16
±2,1.5,1.0,11:30,-1858.0,50,32.0,-37.16
±2,1.75,3.0,15:00,-1858.0,50,38.0,-37.16
±2,1.75,2.5,15:00,-1858.0,50,38.0,-37.16
±2,1.75,4.75,15:00,-1858.0,50,38.0,-37.16
±2,1.75,1.0,11:30,-1858.0,50,32.0,-37.16
±3,4.0,1.0,11:30,-1863.0,50,26.0,-37.26
±3,2.25,1.0,11:30,-1863.0,50,26.0,-37.26
±3,5.0,1.0,11:30,-1863.0,50,26.0,-37.26
±3,3.25,1.0,11:30,-1863.0,50,26.0,-37.26
±3,4.25,1.0,11:30,-1863.0,50,26.0,-37.26
±3,2.75,1.0,11:30,-1863.0,50,26.0,-37.26
±3,2.5,1.0,11:30,-1863.0,50,26.0,-37.26
±3,2.0,1.0,11:30,-1863.0,50,26.0,-37.26
±3,3.0,1.0,11:30,-1863.0,50,26.0,-37.26
±3,4.5,1.0,11:30,-1863.0,50,26.0,-37.26
±3,4.75,1.0,11:30,-1863.0,50,26.0,-37.26
±3,3.75,1.0,11:30,-1863.0,50,26.0,-37.26
±3,3.5,1.0,11:30,-1863.0,50,26.0,-37.26
±2,1.0,0.75,11:30,-1866.0,50,36.0,-37.32
±2,0.75,1.25,12:30,-1866.0,50,34.0,-37.32
±2,4.25,2.75,12:00,-1870.0,50,26.0,-37.4
±2,4.25,3.25,12:00,-1870.0,50,26.0,-37.4
±2,4.75,1.75,12:00,-1870.0,50,26.0,-37.4
±2,4.25,3.5,12:00,-1870.0,50,26.0,-37.4
±2,5.0,3.75,12:00,-1870.0,50,26.0,-37.4
±2,3.0,4.5,12:00,-1870.0,50,26.0,-37.4
±2,5.0,4.75,12:00,-1870.0,50,26.0,-37.4
±2,2.75,1.75,12:00,-1870.0,50,26.0,-37.4
±2,2.0,2.25,12:00,-1870.0,50,26.0,-37.4
±2,5.0,2.5,12:00,-1870.0,50,26.0,-37.4
±2,4.25,4.25,12:00,-1870.0,50,26.0,-37.4
±2,5.0,2.25,12:00,-1870.0,50,26.0,-37.4
±2,3.0,5.0,12:00,-1870.0,50,26.0,-37.4
±2,2.5,4.75,12:00,-1870.0,50,26.0,-37.4
±2,5.0,5.0,12:00,-1870.0,50,26.0,-37.4
±2,2.5,5.0,12:00,-1870.0,50,26.0,-37.4
±2,4.25,2.0,12:00,-1870.0,50,26.0,-37.4
±2,3.75,3.0,12:00,-1870.0,50,26.0,-37.4
±2,2.75,4.5,12:00,-1870.0,50,26.0,-37.4
±2,3.0,2.0,12:00,-1870.0,50,26.0,-37.4
±2,1.0,0.5,11:00,-1870.0,50,32.0,-37.4
±2,3.75,2.5,12:00,-1870.0,50,26.0,-37.4
±2,5.0,3.0,12:00,-1870.0,50,26.0,-37.4
±2,5.0,3.25,12:00,-1870.0,50,26.0,-37.4
±2,4.25,2.5,12:00,-1870.0,50,26.0,-37.4
±2,3.0,4.75,12:00,-1870.0,50,26.0,-37.4
±2,4.25,3.0,12:00,-1870.0,50,26.0,-37.4
±2,5.0,4.0,12:00,-1870.0,50,26.0,-37.4
±2,5.0,4.25,12:00,-1870.0,50,26.0,-37.4
±2,2.75,2.0,12:00,-1870.0,50,26.0,-37.4
±2,4.25,3.75,12:00,-1870.0,50,26.0,-37.4
±2,3.5,4.5,12:00,-1870.0,50,26.0,-37.4
±2,5.0,2.75,12:00,-1870.0,50,26.0,-37.4
±2,2.0,3.75,12:00,-1870.0,50,26.0,-37.4
±2,3.75,2.25,12:00,-1870.0,50,26.0,-37.4
±2,3.5,4.0,12:00,-1870.0,50,26.0,-37.4
±2,2.25,3.25,12:00,-1870.0,50,26.0,-37.4
±2,3.5,4.25,12:00,-1870.0,50,26.0,-37.4
±2,2.25,2.0,12:00,-1870.0,50,26.0,-37.4
±2,3.0,4.25,12:00,-1870.0,50,26.0,-37.4
±2,3.75,2.0,12:00,-1870.0,50,26.0,-37.4
±2,2.0,4.25,12:00,-1870.0,50,26.0,-37.4
±2,3.75,1.75,12:00,-1870.0,50,26.0,-37.4
±2,5.0,4.5,12:00,-1870.0,50,26.0,-37.4
±2,2.75,5.0,12:00,-1870.0,50,26.0,-37.4
±2,2.75,4.75,12:00,-1870.0,50,26.0,-37.4
±2,2.25,3.5,12:00,-1870.0,50,26.0,-37.4
±2,2.25,4.0,12:00,-1870.0,50,26.0,-37.4
±2,2.25,4.25,12:00,-1870.0,50,26.0,-37.4
±2,4.5,4.75,12:00,-1870.0,50,26.0,-37.4
±2,4.5,4.25,12:00,-1870.0,50,26.0,-37.4
±2,3.5,3.25,12:00,-1870.0,50,26.0,-37.4
±2,2.25,3.0,12:00,-1870.0,50,26.0,-37.4
±2,2.25,2.25,12:00,-1870.0,50,26.0,-37.4
±2,3.5,3.75,12:00,-1870.0,50,26.0,-37.4
±2,3.25,2.0,12:00,-1870.0,50,26.0,-37.4
±2,4.25,5.0,12:00,-1870.0,50,26.0,-37.4
±2,2.75,2.5,12:00,-1870.0,50,26.0,-37.4
±2,3.0,3.0,12:00,-1870.0,50,26.0,-37.4
±2,2.5,3.5,12:00,-1870.0,50,26.0,-37.4
±2,3.75,4.25,12:00,-1870.0,50,26.0,-37.4
±2,3.75,4.0,12:00,-1870.0,50,26.0,-37.4
±2,2.25,4.75,12:00,-1870.0,50,26.0,-37.4
±2,3.25,4.75,12:00,-1870.0,50,26.0,-37.4
±2,2.75,2.75,12:00,-1870.0,50,26.0,-37.4
±2,2.0,1.75,12:00,-1870.0,50,26.0,-37.4
±2,2.0,2.0,12:00,-1870.0,50,26.0,-37.4
±2,4.25,2.25,12:00,-1870.0,50,26.0,-37.4
±2,4.25,4.75,12:00,-1870.0,50,26.0,-37.4
±2,2.75,2.25,12:00,-1870.0,50,26.0,-37.4
±2,2.5,4.5,12:00,-1870.0,50,26.0,-37.4
±2,3.75,3.25,12:00,-1870.0,50,26.0,-37.4
±2,3.75,2.75,12:00,-1870.0,50,26.0,-37.4
±2,2.0,3.5,12:00,-1870.0,50,26.0,-37.4
±2,3.75,3.75,12:00,-1870.0,50,26.0,-37.4
±2,4.5,3.25,12:00,-1870.0,50,26.0,-37.4
±2,4.75,2.75,12:00,-1870.0,50,26.0,-37.4
±2,2.0,3.25,12:00,-1870.0,50,26.0,-37.4
±2,4.5,2.75,12:00,-1870.0,50,26.0,-37.4
±2,2.0,3.0,12:00,-1870.0,50,26.0,-37.4
±2,3.75,3.5,12:00,-1870.0,50,26.0,-37.4
±2,3.0,3.25,12:00,-1870.0,50,26.0,-37.4
±2,4.25,4.5,12:00,-1870.0,50,26.0,-37.4
±2,5.0,1.75,12:00,-1870.0,50,26.0,-37.4
±2,5.0,2.0,12:00,-1870.0,50,26.0,-37.4
±2,3.0,3.75,12:00,-1870.0,50,26.0,-37.4
±2,2.0,2.75,12:00,-1870.0,50,26.0,-37.4
±2,2.25,5.0,12:00,-1870.0,50,26.0,-37.4
±2,2.25,4.5,12:00,-1870.0,50,26.0,-37.4
±2,2.0,2.5,12:00,-1870.0,50,26.0,-37.4
±2,3.25,5.0,12:00,-1870.0,50,26.0,-37.4
±2,2.5,3.75,12:00,-1870.0,50,26.0,-37.4
±2,3.25,2.25,12:00,-1870.0,50,26.0,-37.4
±2,2.5,4.25,12:00,-1870.0,50,26.0,-37.4
±2,3.75,4.75,12:00,-1870.0,50,26.0,-37.4
±2,2.75,4.25,12:00,-1870.0,50,26.0,-37.4
±2,4.75,4.75,12:00,-1870.0,50,26.0,-37.4
±2,2.5,2.75,12:00,-1870.0,50,26.0,-37.4
±2,4.75,4.5,12:00,-1870.0,50,26.0,-37.4
±2,4.0,5.0,12:00,-1870.0,50,26.0,-37.4
±2,3.0,2.5,12:00,-1870.0,50,26.0,-37.4
±2,2.75,3.5,12:00,-1870.0,50,26.0,-37.4
±2,2.5,3.25,12:00,-1870.0,50,26.0,-37.4
±2,3.25,3.0,12:00,-1870.0,50,26.0,-37.4
±2,4.5,2.25,12:00,-1870.0,50,26.0,-37.4
±2,2.75,3.0,12:00,-1870.0,50,26.0,-37.4
±2,3.0,3.5,12:00,-1870.0,50,26.0,-37.4
±2,2.75,4.0,12:00,-1870.0,50,26.0,-37.4
±2,4.75,2.5,12:00,-1870.0,50,26.0,-37.4
±2,3.75,4.5,12:00,-1870.0,50,26.0,-37.4
±2,4.75,3.25,12:00,-1870.0,50,26.0,-37.4
±2,3.25,4.25,12:00,-1870.0,50,26.0,-37.4
±2,4.5,3.0,12:00,-1870.0,50,26.0,-37.4
±2,4.75,3.0,12:00,-1870.0,50,26.0,-37.4
±2,3.25,1.75,12:00,-1870.0,50,26.0,-37.4
±2,4.5,1.75,12:00,-1870.0,50,26.0,-37.4
±2,4.75,5.0,12:00,-1870.0,50,26.0,-37.4
±2,4.25,1.75,12:00,-1870.0,50,26.0,-37.4
±2,2.5,4.0,12:00,-1870.0,50,26.0,-37.4
±2,2.0,4.75,12:00,-1870.0,50,26.0,-37.4
±2,3.5,5.0,12:00,-1870.0,50,26.0,-37.4
±2,2.25,3.75,12:00,-1870.0,50,26.0,-37.4
±2,2.0,5.0,12:00,-1870.0,50,26.0,-37.4
±2,3.5,2.25,12:00,-1870.0,50,26.0,-37.4
±2,3.5,1.75,12:00,-1870.0,50,26.0,-37.4
±2,2.0,4.0,12:00,-1870.0,50,26.0,-37.4
±2,3.5,2.0,12:00,-1870.0,50,26.0,-37.4
±2,3.25,2.5,12:00,-1870.0,50,26.0,-37.4
±2,4.0,4.5,12:00,-1870.0,50,26.0,-37.4
±2,3.0,1.75,12:00,-1870.0,50,26.0,-37.4
±2,4.0,3.75,12:00,-1870.0,50,26.0,-37.4
±2,4.0,4.25,12:00,-1870.0,50,26.0,-37.4
±2,4.0,4.75,12:00,-1870.0,50,26.0,-37.4
±2,2.5,3.0,12:00,-1870.0,50,26.0,-37.4
±2,3.25,2.75,12:00,-1870.0,50,26.0,-37.4
±2,4.5,3.5,12:00,-1870.0,50,26.0,-37.4
±2,4.5,2.5,12:00,-1870.0,50,26.0,-37.4
±2,3.5,2.5,12:00,-1870.0,50,26.0,-37.4
±2,2.0,4.5,12:00,-1870.0,50,26.0,-37.4
±2,4.0,1.75,12:00,-1870.0,50,26.0,-37.4
±2,3.25,3.5,12:00,-1870.0,50,26.0,-37.4
±2,4.5,4.0,12:00,-1870.0,50,26.0,-37.4
±2,4.0,4.0,12:00,-1870.0,50,26.0,-37.4
±2,4.0,3.5,12:00,-1870.0,50,26.0,-37.4
±2,4.75,4.0,12:00,-1870.0,50,26.0,-37.4
±2,2.75,3.75,12:00,-1870.0,50,26.0,-37.4
±2,2.75,3.25,12:00,-1870.0,50,26.0,-37.4
±2,3.0,2.25,12:00,-1870.0,50,26.0,-37.4
±2,4.75,3.75,12:00,-1870.0,50,26.0,-37.4
±2,3.5,4.75,12:00,-1870.0,50,26.0,-37.4
±2,2.25,1.75,12:00,-1870.0,50,26.0,-37.4
±2,4.0,3.0,12:00,-1870.0,50,26.0,-37.4
±2,3.25,3.25,12:00,-1870.0,50,26.0,-37.4
±2,4.0,2.75,12:00,-1870.0,50,26.0,-37.4
±2,4.75,4.25,12:00,-1870.0,50,26.0,-37.4
±2,4.5,2.0,12:00,-1870.0,50,26.0,-37.4
±2,4.0,2.25,12:00,-1870.0,50,26.0,-37.4
±2,3.25,4.0,12:00,-1870.0,50,26.0,-37.4
±2,2.5,2.0,12:00,-1870.0,50,26.0,-37.4
±2,4.5,3.75,12:00,-1870.0,50,26.0,-37.4
±2,2.5,2.5,12:00,-1870.0,50,26.0,-37.4
±2,3.75,5.0,12:00,-1870.0,50,26.0,-37.4
±2,3.25,4.5,12:00,-1870.0,50,26.0,-37.4
±2,2.5,1.75,12:00,-1870.0,50,26.0,-37.4
±2,4.0,2.5,12:00,-1870.0,50,26.0,-37.4
±2,4.75,3.5,12:00,-1870.0,50,26.0,-37.4
±2,4.0,3.25,12:00,-1870.0,50,26.0,-37.4
±2,2.5,2.25,12:00,-1870.0,50,26.0,-37.4
±2,3.25,3.75,12:00,-1870.0,50,26.0,-37.4
±2,4.5,5.0,12:00,-1870.0,50,26.0,-37.4
±2,4.0,2.0,12:00,-1870.0,50,26.0,-37.4
±2,3.5,3.5,12:00,-1870.0,50,26.0,-37.4
±2,3.5,3.0,12:00,-1870.0,50,26.0,-37.4
±2,3.5,2.75,12:00,-1870.0,50,26.0,-37.4
±2,3.0,2.75,12:00,-1870.0,50,26.0,-37.4
±2,2.25,2.75,12:00,-1870.0,50,26.0,-37.4
±2,2.25,2.5,12:00,-1870.0,50,26.0,-37.4
±2,4.75,2.25,12:00,-1870.0,50,26.0,-37.4
±2,4.75,2.0,12:00,-1870.0,50,26.0,-37.4
±2,3.0,4.0,12:00,-1870.0,50,26.0,-37.4
±2,5.0,3.5,12:00,-1870.0,50,26.0,-37.4
±2,4.25,4.0,12:00,-1870.0,50,26.0,-37.4
±2,4.5,4.5,12:00,-1870.0,50,26.0,-37.4
±3,5.0,3.0,12:30,-1874.0,50,34.0,-37.48
±3,4.25,3.75,12:30,-1874.0,50,34.0,-37.48
±3,4.25,4.0,12:30,-1874.0,50,34.0,-37.48
±3,2.25,2.5,12:30,-1874.0,50,34.0,-37.48
±3,2.25,2.75,12:30,-1874.0,50,34.0,-37.48
±3,4.25,4.25,12:30,-1874.0,50,34.0,-37.48
±3,5.0,4.75,12:30,-1874.0,50,34.0,-37.48
±3,5.0,4.0,12:30,-1874.0,50,34.0,-37.48
±3,5.0,4.25,12:30,-1874.0,50,34.0,-37.48
±3,2.75,3.25,12:30,-1874.0,50,34.0,-37.48
±3,5.0,3.75,12:30,-1874.0,50,34.0,-37.48
±3,2.75,3.5,12:30,-1874.0,50,34.0,-37.48
±3,2.75,4.25,12:30,-1874.0,50,34.0,-37.48
±3,2.75,4.5,12:30,-1874.0,50,34.0,-37.48
±3,2.75,2.75,12:30,-1874.0,50,34.0,-37.48
±3,2.75,3.0,12:30,-1874.0,50,34.0,-37.48
±3,5.0,2.5,12:30,-1874.0,50,34.0,-37.48
±3,5.0,2.75,12:30,-1874.0,50,34.0,-37.48
±3,4.75,2.25,12:30,-1874.0,50,34.0,-37.48
±3,4.75,2.5,12:30,-1874.0,50,34.0,-37.48
±3,4.75,2.75,12:30,-1874.0,50,34.0,-37.48
±3,3.5,2.75,12:30,-1874.0,50,34.0,-37.48
±3,3.5,3.0,12:30,-1874.0,50,34.0,-37.48
±3,2.5,3.0,12:30,-1874.0,50,34.0,-37.48
±3,3.5,3.25,12:30,-1874.0,50,34.0,-37.48
±3,3.5,2.0,12:30,-1874.0,50,34.0,-37.48
±3,3.5,2.25,12:30,-1874.0,50,34.0,-37.48
±3,2.5,3.25,12:30,-1874.0,50,34.0,-37.48
±3,2.5,3.5,12:30,-1874.0,50,34.0,-37.48
±3,2.5,3.75,12:30,-1874.0,50,34.0,-37.48
±3,3.5,2.5,12:30,-1874.0,50,34.0,-37.48
±3,4.75,1.75,12:30,-1874.0,50,34.0,-37.48
±3,4.75,2.0,12:30,-1874.0,50,34.0,-37.48
±3,2.0,4.5,12:30,-1874.0,50,34.0,-37.48
±3,2.5,2.0,12:30,-1874.0,50,34.0,-37.48
±3,2.5,2.25,12:30,-1874.0,50,34.0,-37.48
±3,3.5,3.5,12:30,-1874.0,50,34.0,-37.48
±3,3.5,3.75,12:30,-1874.0,50,34.0,-37.48
±3,3.5,4.0,12:30,-1874.0,50,34.0,-37.48
±3,3.5,4.25,12:30,-1874.0,50,34.0,-37.48
±3,2.5,2.5,12:30,-1874.0,50,34.0,-37.48
±3,2.5,2.75,12:30,-1874.0,50,34.0,-37.48
±3,3.5,1.75,12:30,-1874.0,50,34.0,-37.48
±3,2.0,2.0,12:30,-1874.0,50,34.0,-37.48
±3,2.0,3.0,12:30,-1874.0,50,34.0,-37.48
±3,5.0,2.25,12:30,-1874.0,50,34.0,-37.48
±3,3.0,2.0,12:30,-1874.0,50,34.0,-37.48
±3,3.0,2.25,12:30,-1874.0,50,34.0,-37.48
±3,3.0,2.5,12:30,-1874.0,50,34.0,-37.48
±3,2.75,2.25,12:30,-1874.0,50,34.0,-37.48
±3,5.0,1.75,12:30,-1874.0,50,34.0,-37.48
±3,5.0,2.0,12:30,-1874.0,50,34.0,-37.48
±3,2.0,4.75,12:30,-1874.0,50,34.0,-37.48
±3,3.5,4.5,12:30,-1874.0,50,34.0,-37.48
±3,3.5,4.75,12:30,-1874.0,50,34.0,-37.48
±3,2.5,1.75,12:30,-1874.0,50,34.0,-37.48
±3,3.0,1.75,12:30,-1874.0,50,34.0,-37.48
±3,2.75,2.0,12:30,-1874.0,50,34.0,-37.48
±3,3.0,2.75,12:30,-1874.0,50,34.0,-37.48
±3,3.0,3.0,12:30,-1874.0,50,34.0,-37.48
±3,4.75,3.0,12:30,-1874.0,50,34.0,-37.48
±3,4.75,3.25,12:30,-1874.0,50,34.0,-37.48
±3,4.75,3.5,12:30,-1874.0,50,34.0,-37.48
±3,2.0,4.0,12:30,-1874.0,50,34.0,-37.48
±3,2.0,4.25,12:30,-1874.0,50,34.0,-37.48
±3,3.25,4.5,12:30,-1874.0,50,34.0,-37.48
±3,3.25,4.75,12:30,-1874.0,50,34.0,-37.48
±3,3.75,2.0,12:30,-1874.0,50,34.0,-37.48
±3,3.75,2.25,12:30,-1874.0,50,34.0,-37.48
±3,3.75,2.5,12:30,-1874.0,50,34.0,-37.48
±3,4.5,4.5,12:30,-1874.0,50,34.0,-37.48
±3,4.5,4.75,12:30,-1874.0,50,34.0,-37.48
±3,3.5,5.0,12:30,-1874.0,50,34.0,-37.48
±3,2.0,5.0,12:30,-1874.0,50,34.0,-37.48
±3,3.75,2.75,12:30,-1874.0,50,34.0,-37.48
±3,3.75,3.0,12:30,-1874.0,50,34.0,-37.48
±3,3.75,3.25,12:30,-1874.0,50,34.0,-37.48
±3,3.75,1.75,12:30,-1874.0,50,34.0,-37.48
±3,3.25,5.0,12:30,-1874.0,50,34.0,-37.48
±3,2.5,4.0,12:30,-1874.0,50,34.0,-37.48
±3,3.25,3.5,12:30,-1874.0,50,34.0,-37.48
±3,3.25,3.75,12:30,-1874.0,50,34.0,-37.48
±3,3.25,4.0,12:30,-1874.0,50,34.0,-37.48
±3,3.25,4.25,12:30,-1874.0,50,34.0,-37.48
±3,2.5,4.25,12:30,-1874.0,50,34.0,-37.48
±3,2.5,4.5,12:30,-1874.0,50,34.0,-37.48
±3,3.75,3.5,12:30,-1874.0,50,34.0,-37.48
±3,3.75,3.75,12:30,-1874.0,50,34.0,-37.48
±3,3.75,4.0,12:30,-1874.0,50,34.0,-37.48
±3,3.75,4.25,12:30,-1874.0,50,34.0,-37.48
±3,3.75,4.5,12:30,-1874.0,50,34.0,-37.48
±3,3.75,4.75,12:30,-1874.0,50,34.0,-37.48
±3,4.5,3.5,12:30,-1874.0,50,34.0,-37.48
±3,4.5,3.75,12:30,-1874.0,50,34.0,-37.48
±3,4.5,4.0,12:30,-1874.0,50,34.0,-37.48
±3,4.5,5.0,12:30,-1874.0,50,34.0,-37.48
±3,4.75,4.0,12:30,-1874.0,50,34.0,-37.48
±3,4.75,4.25,12:30,-1874.0,50,34.0,-37.48
±3,2.0,3.75,12:30,-1874.0,50,34.0,-37.48
±3,4.75,4.5,12:30,-1874.0,50,34.0,-37.48
±3,3.25,2.75,12:30,-1874.0,50,34.0,-37.48
±3,4.5,4.25,12:30,-1874.0,50,34.0,-37.48
±3,3.75,5.0,12:30,-1874.0,50,34.0,-37.48
±3,4.5,2.5,12:30,-1874.0,50,34.0,-37.48
±3,4.5,2.75,12:30,-1874.0,50,34.0,-37.48
±3,3.25,3.0,12:30,-1874.0,50,34.0,-37.48
±3,3.25,3.25,12:30,-1874.0,50,34.0,-37.48
±3,2.5,4.75,12:30,-1874.0,50,34.0,-37.48
±3,3.25,1.75,12:30,-1874.0,50,34.0,-37.48
±3,3.25,2.0,12:30,-1874.0,50,34.0,-37.48
±3,3.25,2.25,12:30,-1874.0,50,34.0,-37.48
±3,2.5,5.0,12:30,-1874.0,50,34.0,-37.48
±3,3.25,2.5,12:30,-1874.0,50,34.0,-37.48
±3,4.5,3.0,12:30,-1874.0,50,34.0,-37.48
±3,4.5,3.25,12:30,-1874.0,50,34.0,-37.48
±3,4.0,1.75,12:30,-1874.0,50,34.0,-37.48
±3,4.0,2.0,12:30,-1874.0,50,34.0,-37.48
±3,4.0,2.25,12:30,-1874.0,50,34.0,-37.48
±3,4.0,2.5,12:30,-1874.0,50,34.0,-37.48
±3,2.25,4.75,12:30,-1874.0,50,34.0,-37.48
±3,2.25,5.0,12:30,-1874.0,50,34.0,-37.48
±3,4.5,1.75,12:30,-1874.0,50,34.0,-37.48
±3,4.75,3.75,12:30,-1874.0,50,34.0,-37.48
±3,3.0,4.25,12:30,-1874.0,50,34.0,-37.48
±3,3.0,4.5,12:30,-1874.0,50,34.0,-37.48
±3,3.0,4.75,12:30,-1874.0,50,34.0,-37.48
±3,3.0,5.0,12:30,-1874.0,50,34.0,-37.48
±3,4.5,2.0,12:30,-1874.0,50,34.0,-37.48
±3,4.5,2.25,12:30,-1874.0,50,34.0,-37.48
±3,4.0,2.75,12:30,-1874.0,50,34.0,-37.48
±3,4.0,3.0,12:30,-1874.0,50,34.0,-37.48
±3,4.0,3.25,12:30,-1874.0,50,34.0,-37.48
±3,2.25,4.25,12:30,-1874.0,50,34.0,-37.48
±3,2.25,4.5,12:30,-1874.0,50,34.0,-37.48
±3,4.0,3.5,12:30,-1874.0,50,34.0,-37.48
±3,4.0,3.75,12:30,-1874.0,50,34.0,-37.48
±3,4.0,4.0,12:30,-1874.0,50,34.0,-37.48
±3,4.0,4.25,12:30,-1874.0,50,34.0,-37.48
±3,2.25,4.0,12:30,-1874.0,50,34.0,-37.48
±3,4.0,4.5,12:30,-1874.0,50,34.0,-37.48
±3,4.0,4.75,12:30,-1874.0,50,34.0,-37.48
±3,2.25,1.75,12:30,-1874.0,50,34.0,-37.48
±3,2.25,2.0,12:30,-1874.0,50,34.0,-37.48
±3,2.0,3.25,12:30,-1874.0,50,34.0,-37.48
±3,2.0,3.5,12:30,-1874.0,50,34.0,-37.48
±3,3.0,4.0,12:30,-1874.0,50,34.0,-37.48
±3,4.25,4.75,12:30,-1874.0,50,34.0,-37.48
±3,4.25,5.0,12:30,-1874.0,50,34.0,-37.48
±3,4.0,5.0,12:30,-1874.0,50,34.0,-37.48
±3,2.25,3.75,12:30,-1874.0,50,34.0,-37.48
±3,4.25,1.75,12:30,-1874.0,50,34.0,-37.48
±3,4.25,3.5,12:30,-1874.0,50,34.0,-37.48
±3,2.25,3.0,12:30,-1874.0,50,34.0,-37.48
±3,4.25,2.0,12:30,-1874.0,50,34.0,-37.48
±3,2.25,3.25,12:30,-1874.0,50,34.0,-37.48
±3,2.25,3.5,12:30,-1874.0,50,34.0,-37.48
±3,4.25,2.25,12:30,-1874.0,50,34.0,-37.48
±3,4.25,2.5,12:30,-1874.0,50,34.0,-37.48
±3,4.25,4.5,12:30,-1874.0,50,34.0,-37.48
±3,3.0,3.25,12:30,-1874.0,50,34.0,-37.48
±3,2.75,1.75,12:30,-1874.0,50,34.0,-37.48
±3,3.0,3.5,12:30,-1874.0,50,34.0,-37.48
±3,3.0,3.75,12:30,-1874.0,50,34.0,-37.48
±3,4.75,4.75,12:30,-1874.0,50,34.0,-37.48
±3,4.75,5.0,12:30,-1874.0,50,34.0,-37.48
±3,2.75,5.0,12:30,-1874.0,50,34.0,-37.48
±3,2.75,2.5,12:30,-1874.0,50,34.0,-37.48
±3,2.25,2.25,12:30,-1874.0,50,34.0,-37.48
±3,4.25,2.75,12:30,-1874.0,50,34.0,-37.48
±3,4.25,3.0,12:30,-1874.0,50,34.0,-37.48
±3,4.25,3.25,12:30,-1874.0,50,34.0,-37.48
±3,5.0,5.0,12:30,-1874.0,50,34.0,-37.48
±3,2.0,2.5,12:30,-1874.0,50,34.0,-37.48
±3,2.0,2.25,12:30,-1874.0,50,34.0,-37.48
±3,5.0,4.5,12:30,-1874.0,50,34.0,-37.48
±3,2.75,4.0,12:30,-1874.0,50,34.0,-37.48
±3,5.0,3.5,12:30,-1874.0,50,34.0,-37.48
±3,2.75,3.75,12:30,-1874.0,50,34.0,-37.48
±3,2.0,2.75,12:30,-1874.0,50,34.0,-37.48
±3,2.0,1.75,12:30,-1874.0,50,34.0,-37.48
±3,5.0,3.25,12:30,-1874.0,50,34.0,-37.48
±3,2.75,4.75,12:30,-1874.0,50,34.0,-37.48
±3,2.75,1.25,14:30,-1877.0,50,32.0,-37.54
±3,3.25,1.25,14:30,-1877.0,50,32.0,-37.54
±3,5.0,1.25,14:30,-1877.0,50,32.0,-37.54
±3,4.75,1.25,14:30,-1877.0,50,32.0,-37.54
±3,3.5,1.25,14:30,-1877.0,50,32.0,-37.54
±3,2.0,1.25,14:30,-1877.0,50,32.0,-37.54
±3,4.0,1.25,14:30,-1877.0,50,32.0,-37.54
±3,4.5,1.25,14:30,-1877.0,50,32.0,-37.54
±3,4.25,1.25,14:30,-1877.0,50,32.0,-37.54
±3,3.75,1.25,14:30,-1877.0,50,32.0,-37.54
±3,3.0,1.25,14:30,-1877.0,50,32.0,-37.54
±3,2.5,1.25,14:30,-1877.0,50,32.0,-37.54
±3,2.25,1.25,14:30,-1877.0,50,32.0,-37.54
±2,0.5,0.5,12:30,-1879.0,50,38.0,-37.58
±2,0.5,1.5,11:30,-1881.0,50,34.0,-37.62
±3,0.5,0.75,14:00,-1883.0,50,44.0,-37.66
±3,1.0,1.5,13:00,-1883.0,50,30.0,-37.66
±2,1.0,1.25,12:30,-1884.0,50,34.0,-37.68
±3,1.0,1.0,12:00,-1885.0,50,28.0,-37.7
±3,0.5,1.0,15:00,-1888.0,50,40.0,-37.76
±2,1.5,5.0,15:00,-1898.0,50,38.0,-37.96
±2,1.5,4.75,15:00,-1898.0,50,38.0,-37.96
±2,1.5,4.0,15:00,-1898.0,50,38.0,-37.96
±2,1.5,3.25,15:00,-1898.0,50,38.0,-37.96
±2,1.5,3.5,15:00,-1898.0,50,38.0,-37.96
±2,1.5,4.25,15:00,-1898.0,50,38.0,-37.96
±2,1.5,4.5,15:00,-1898.0,50,38.0,-37.96
±2,1.5,3.75,15:00,-1898.0,50,38.0,-37.96
±2,1.5,2.5,15:00,-1898.0,50,38.0,-37.96
±2,1.5,3.0,15:00,-1898.0,50,38.0,-37.96
±2,1.5,2.75,15:00,-1898.0,50,38.0,-37.96
±2,1.5,1.75,15:00,-1898.0,50,38.0,-37.96
±2,1.5,2.25,15:00,-1898.0,50,38.0,-37.96
±2,1.5,2.0,15:00,-1898.0,50,38.0,-37.96
±2,0.5,1.25,15:00,-1901.0,50,38.0,-38.02
±3,0.75,1.0,12:00,-1905.0,50,28.0,-38.1
±2,1.75,0.75,15:00,-1909.0,50,44.0,-38.18
±3,0.5,1.25,14:30,-1910.0,50,34.0,-38.2
±2,1.0,1.5,14:30,-1918.0,50,38.0,-38.36
±2,0.75,1.25,13:00,-1920.0,50,36.0,-38.4
±2,0.75,1.5,12:30,-1922.0,50,34.0,-38.44
±2,1.0,1.25,14:30,-1927.0,50,38.0,-38.54
±2,0.5,0.5,14:30,-1927.0,50,42.0,-38.54
±3,3.0,0.5,11:30,-1928.0,50,24.0,-38.56
±3,3.75,0.5,11:30,-1928.0,50,24.0,-38.56
±3,3.5,0.5,11:30,-1928.0,50,24.0,-38.56
±3,4.75,0.5,11:30,-1928.0,50,24.0,-38.56
±3,2.5,0.5,11:30,-1928.0,50,24.0,-38.56
±3,2.0,0.5,11:30,-1928.0,50,24.0,-38.56
±3,3.25,0.5,11:30,-1928.0,50,24.0,-38.56
±3,4.5,0.5,11:30,-1928.0,50,24.0,-38.56
±3,4.25,0.5,11:30,-1928.0,50,24.0,-38.56
±3,5.0,0.5,11:30,-1928.0,50,24.0,-38.56
±3,4.0,0.5,11:30,-1928.0,50,24.0,-38.56
±3,2.75,0.5,11:30,-1928.0,50,24.0,-38.56
±3,2.25,0.5,11:30,-1928.0,50,24.0,-38.56
±3,1.25,5.0,14:30,-1932.0,50,36.0,-38.64
±3,1.25,2.25,14:30,-1932.0,50,36.0,-38.64
±3,1.25,3.0,14:30,-1932.0,50,36.0,-38.64
±3,1.25,2.5,14:30,-1932.0,50,36.0,-38.64
±3,1.25,3.75,14:30,-1932.0,50,36.0,-38.64
±3,1.25,4.75,14:30,-1932.0,50,36.0,-38.64
±3,1.25,1.75,14:30,-1932.0,50,36.0,-38.64
±3,1.25,2.0,14:30,-1932.0,50,36.0,-38.64
±3,1.25,4.25,14:30,-1932.0,50,36.0,-38.64
±3,1.25,3.5,14:30,-1932.0,50,36.0,-38.64
±3,1.25,4.5,14:30,-1932.0,50,36.0,-38.64
±3,1.25,4.0,14:30,-1932.0,50,36.0,-38.64
±3,1.25,2.75,14:30,-1932.0,50,36.0,-38.64
±3,1.25,3.25,14:30,-1932.0,50,36.0,-38.64
±3,2.0,1.5,11:30,-1933.0,50,24.0,-38.66
±3,4.75,1.5,11:30,-1933.0,50,24.0,-38.66
±3,3.0,1.5,11:30,-1933.0,50,24.0,-38.66
±3,5.0,1.5,11:30,-1933.0,50,24.0,-38.66
±3,2.25,1.5,11:30,-1933.0,50,24.0,-38.66
±3,2.5,1.5,11:30,-1933.0,50,24.0,-38.66
±3,4.0,1.5,11:30,-1933.0,50,24.0,-38.66
±3,4.5,1.5,11:30,-1933.0,50,24.0,-38.66
±3,3.5,1.5,11:30,-1933.0,50,24.0,-38.66
±3,3.75,1.5,11:30,-1933.0,50,24.0,-38.66
±3,4.25,1.5,11:30,-1933.0,50,24.0,-38.66
±3,3.25,1.5,11:30,-1933.0,50,24.0,-38.66
±3,2.75,1.5,11:30,-1933.0,50,24.0,-38.66
±2,5.0,0.75,14:30,-1934.0,50,42.0,-38.68
±2,2.5,0.75,14:30,-1934.0,50,42.0,-38.68
±2,2.75,0.75,14:30,-1934.0,50,42.0,-38.68
±2,4.5,0.75,14:30,-1934.0,50,42.0,-38.68
±2,3.25,0.75,14:30,-1934.0,50,42.0,-38.68
±2,3.5,0.75,14:30,-1934.0,50,42.0,-38.68
±2,3.75,0.75,14:30,-1934.0,50,42.0,-38.68
±2,3.0,0.75,14:30,-1934.0,50,42.0,-38.68
±2,4.75,0.75,14:30,-1934.0,50,42.0,-38.68
±2,4.0,0.75,14:30,-1934.0,50,42.0,-38.68
±2,2.0,0.75,14:30,-1934.0,50,42.0,-38.68
±2,4.25,0.75,14:30,-1934.0,50,42.0,-38.68
±2,2.25,0.75,14:30,-1934.0,50,42.0,-38.68
±3,0.5,0.75,14:30,-1937.0,50,44.0,-38.74
±2,1.0,1.5,12:30,-1940.0,50,34.0,-38.8
±3,0.75,2.75,13:00,-1941.0,50,28.0,-38.82
±3,0.75,3.0,13:00,-1941.0,50,28.0,-38.82
±3,0.75,4.75,13:00,-1941.0,50,28.0,-38.82
±3,0.75,3.25,13:00,-1941.0,50,28.0,-38.82
±3,0.75,5.0,13:00,-1941.0,50,28.0,-38.82
±3,0.75,3.75,13:00,-1941.0,50,28.0,-38.82
±3,0.75,3.5,13:00,-1941.0,50,28.0,-38.82
±3,0.75,1.75,13:00,-1941.0,50,28.0,-38.82
±3,0.75,2.25,13:00,-1941.0,50,28.0,-38.82
±3,0.75,4.0,13:00,-1941.0,50,28.0,-38.82
±3,0.75,4.25,13:00,-1941.0,50,28.0,-38.82
±3,0.75,2.0,13:00,-1941.0,50,28.0,-38.82
±3,0.75,4.5,13:00,-1941.0,50,28.0,-38.82
±3,0.75,2.5,13:00,-1941.0,50,28.0,-38.82
±3,0.5,1.0,13:30,-1946.0,50,38.0,-38.92
±2,1.5,0.75,15:00,-1949.0,50,44.0,-38.98
±3,0.5,0.75,15:00,-1955.0,50,44.0,-39.1
±2,3.5,4.0,12:30,-1959.0,50,36.0,-39.18
±2,2.25,3.25,12:30,-1959.0,50,36.0,-39.18
±2,4.25,4.25,12:30,-1959.0,50,36.0,-39.18
±2,4.0,3.25,12:30,-1959.0,50,36.0,-39.18
±2,4.0,2.25,12:30,-1959.0,50,36.0,-39.18
±2,4.0,1.75,12:30,-1959.0,50,36.0,-39.18
±2,4.0,2.75,12:30,-1959.0,50,36.0,-39.18
±2,3.25,3.25,12:30,-1959.0,50,36.0,-39.18
±2,3.25,4.0,12:30,-1959.0,50,36.0,-39.18
±2,5.0,3.5,12:30,-1959.0,50,36.0,-39.18
±2,3.0,3.5,12:30,-1959.0,50,36.0,-39.18
±2,4.25,3.75,12:30,-1959.0,50,36.0,-39.18
±2,3.25,2.75,12:30,-1959.0,50,36.0,-39.18
±2,4.0,3.75,12:30,-1959.0,50,36.0,-39.18
±2,3.0,4.75,12:30,-1959.0,50,36.0,-39.18
±2,5.0,3.75,12:30,-1959.0,50,36.0,-39.18
±2,5.0,4.0,12:30,-1959.0,50,36.0,-39.18
±2,2.25,3.5,12:30,-1959.0,50,36.0,-39.18
±2,3.5,4.5,12:30,-1959.0,50,36.0,-39.18
±2,3.75,5.0,12:30,-1959.0,50,36.0,-39.18
±2,4.0,3.5,12:30,-1959.0,50,36.0,-39.18
±2,3.0,4.0,12:30,-1959.0,50,36.0,-39.18
±2,3.0,3.75,12:30,-1959.0,50,36.0,-39.18
±2,4.5,4.25,12:30,-1959.0,50,36.0,-39.18
±2,3.5,4.25,12:30,-1959.0,50,36.0,-39.18
±2,2.25,1.75,12:30,-1959.0,50,36.0,-39.18
±2,4.5,2.75,12:30,-1959.0,50,36.0,-39.18
±2,2.5,2.75,12:30,-1959.0,50,36.0,-39.18
±2,4.75,3.25,12:30,-1959.0,50,36.0,-39.18
±2,4.75,3.0,12:30,-1959.0,50,36.0,-39.18
±2,2.5,2.5,12:30,-1959.0,50,36.0,-39.18
±2,4.25,4.0,12:30,-1959.0,50,36.0,-39.18
±2,5.0,3.0,12:30,-1959.0,50,36.0,-39.18
±2,5.0,3.25,12:30,-1959.0,50,36.0,-39.18
±2,3.5,3.75,12:30,-1959.0,50,36.0,-39.18
±2,2.75,1.75,12:30,-1959.0,50,36.0,-39.18
±2,5.0,2.5,12:30,-1959.0,50,36.0,-39.18
±2,5.0,2.25,12:30,-1959.0,50,36.0,-39.18
±2,3.5,3.0,12:30,-1959.0,50,36.0,-39.18
±2,4.5,4.5,12:30,-1959.0,50,36.0,-39.18
±2,2.75,4.75,12:30,-1959.0,50,36.0,-39.18
±2,3.5,3.5,12:30,-1959.0,50,36.0,-39.18
±2,2.25,2.25,12:30,-1959.0,50,36.0,-39.18
±2,2.25,2.5,12:30,-1959.0,50,36.0,-39.18
±2,2.25,2.75,12:30,-1959.0,50,36.0,-39.18
±2,3.5,2.75,12:30,-1959.0,50,36.0,-39.18
±2,2.5,2.0,12:30,-1959.0,50,36.0,-39.18
±2,3.25,3.5,12:30,-1959.0,50,36.0,-39.18
±2,4.0,2.0,12:30,-1959.0,50,36.0,-39.18
±2,4.75,3.5,12:30,-1959.0,50,36.0,-39.18
±2,2.75,5.0,12:30,-1959.0,50,36.0,-39.18
±2,2.25,3.0,12:30,-1959.0,50,36.0,-39.18
±2,4.0,3.0,12:30,-1959.0,50,36.0,-39.18
±2,4.5,5.0,12:30,-1959.0,50,36.0,-39.18
±2,5.0,4.25,12:30,-1959.0,50,36.0,-39.18
±2,2.0,4.5,12:30,-1959.0,50,36.0,-39.18
±2,2.25,3.75,12:30,-1959.0,50,36.0,-39.18
±2,2.0,5.0,12:30,-1959.0,50,36.0,-39.18
±2,2.5,3.75,12:30,-1959.0,50,36.0,-39.18
±2,4.75,4.25,12:30,-1959.0,50,36.0,-39.18
±2,3.0,2.5,12:30,-1959.0,50,36.0,-39.18
±2,2.5,3.25,12:30,-1959.0,50,36.0,-39.18
±2,4.0,4.5,12:30,-1959.0,50,36.0,-39.18
±2,4.0,5.0,12:30,-1959.0,50,36.0,-39.18
±2,2.5,3.0,12:30,-1959.0,50,36.0,-39.18
±2,4.0,4.25,12:30,-1959.0,50,36.0,-39.18
±2,2.0,4.75,12:30,-1959.0,50,36.0,-39.18
±2,4.0,4.75,12:30,-1959.0,50,36.0,-39.18
±2,3.5,5.0,12:30,-1959.0,50,36.0,-39.18
±2,3.0,4.5,12:30,-1959.0,50,36.0,-39.18
±2,4.75,3.75,12:30,-1959.0,50,36.0,-39.18
±2,3.0,2.25,12:30,-1959.0,50,36.0,-39.18
±2,2.75,3.75,12:30,-1959.0,50,36.0,-39.18
±2,4.5,2.0,12:30,-1959.0,50,36.0,-39.18
±2,4.5,2.5,12:30,-1959.0,50,36.0,-39.18
±2,3.75,4.75,12:30,-1959.0,50,36.0,-39.18
±2,3.0,1.75,12:30,-1959.0,50,36.0,-39.18
±2,4.0,4.0,12:30,-1959.0,50,36.0,-39.18
±2,4.25,3.5,12:30,-1959.0,50,36.0,-39.18
±2,3.25,4.5,12:30,-1959.0,50,36.0,-39.18
±2,4.75,4.0,12:30,-1959.0,50,36.0,-39.18
±2,2.75,3.25,12:30,-1959.0,50,36.0,-39.18
±2,2.25,2.0,12:30,-1959.0,50,36.0,-39.18
±2,3.5,4.75,12:30,-1959.0,50,36.0,-39.18
±2,3.25,2.5,12:30,-1959.0,50,36.0,-39.18
±2,3.25,3.0,12:30,-1959.0,50,36.0,-39.18
±2,4.25,1.75,12:30,-1959.0,50,36.0,-39.18
±2,4.25,3.25,12:30,-1959.0,50,36.0,-39.18
±2,5.0,4.5,12:30,-1959.0,50,36.0,-39.18
±2,3.5,2.25,12:30,-1959.0,50,36.0,-39.18
±2,5.0,1.75,12:30,-1959.0,50,36.0,-39.18
±2,4.5,3.75,12:30,-1959.0,50,36.0,-39.18
±2,2.75,2.25,12:30,-1959.0,50,36.0,-39.18
±2,3.25,4.75,12:30,-1959.0,50,36.0,-39.18
±2,3.5,2.0,12:30,-1959.0,50,36.0,-39.18
±2,3.75,4.5,12:30,-1959.0,50,36.0,-39.18
±2,2.75,3.0,12:30,-1959.0,50,36.0,-39.18
±2,3.75,2.25,12:30,-1959.0,50,36.0,-39.18
±2,3.5,1.75,12:30,-1959.0,50,36.0,-39.18
±2,3.25,1.75,12:30,-1959.0,50,36.0,-39.18
±2,4.5,1.75,12:30,-1959.0,50,36.0,-39.18
±2,4.75,5.0,12:30,-1959.0,50,36.0,-39.18
±2,4.25,4.75,12:30,-1959.0,50,36.0,-39.18
±2,5.0,2.0,12:30,-1959.0,50,36.0,-39.18
±2,3.0,4.25,12:30,-1959.0,50,36.0,-39.18
±2,3.5,2.5,12:30,-1959.0,50,36.0,-39.18
±2,2.5,4.25,12:30,-1959.0,50,36.0,-39.18
±2,3.25,2.25,12:30,-1959.0,50,36.0,-39.18
±2,3.0,3.0,12:30,-1959.0,50,36.0,-39.18
±2,2.5,3.5,12:30,-1959.0,50,36.0,-39.18
±2,3.75,4.25,12:30,-1959.0,50,36.0,-39.18
±2,4.75,2.75,12:30,-1959.0,50,36.0,-39.18
±2,4.75,4.5,12:30,-1959.0,50,36.0,-39.18
±2,4.5,3.25,12:30,-1959.0,50,36.0,-39.18
±2,4.5,2.25,12:30,-1959.0,50,36.0,-39.18
±2,2.75,3.5,12:30,-1959.0,50,36.0,-39.18
±2,4.75,4.75,12:30,-1959.0,50,36.0,-39.18
±2,3.25,4.25,12:30,-1959.0,50,36.0,-39.18
±2,2.0,4.25,12:30,-1959.0,50,36.0,-39.18
±2,3.75,2.0,12:30,-1959.0,50,36.0,-39.18
±2,4.25,2.75,12:30,-1959.0,50,36.0,-39.18
±2,2.5,5.0,12:30,-1959.0,50,36.0,-39.18
±2,4.5,3.0,12:30,-1959.0,50,36.0,-39.18
±2,4.75,2.5,12:30,-1959.0,50,36.0,-39.18
±2,2.75,4.5,12:30,-1959.0,50,36.0,-39.18
±2,4.25,2.0,12:30,-1959.0,50,36.0,-39.18
±2,2.5,4.0,12:30,-1959.0,50,36.0,-39.18
±2,2.5,4.5,12:30,-1959.0,50,36.0,-39.18
±2,4.25,2.25,12:30,-1959.0,50,36.0,-39.18
±2,2.0,1.75,12:30,-1959.0,50,36.0,-39.18
±2,3.25,2.0,12:30,-1959.0,50,36.0,-39.18
±2,2.0,4.0,12:30,-1959.0,50,36.0,-39.18
±2,5.0,5.0,12:30,-1959.0,50,36.0,-39.18
±2,5.0,4.75,12:30,-1959.0,50,36.0,-39.18
±2,2.25,4.25,12:30,-1959.0,50,36.0,-39.18
±2,2.25,4.0,12:30,-1959.0,50,36.0,-39.18
±2,4.5,4.0,12:30,-1959.0,50,36.0,-39.18
±2,4.75,1.75,12:30,-1959.0,50,36.0,-39.18
±2,3.0,2.0,12:30,-1959.0,50,36.0,-39.18
±2,2.5,4.75,12:30,-1959.0,50,36.0,-39.18
±2,3.0,5.0,12:30,-1959.0,50,36.0,-39.18
±2,3.75,1.75,12:30,-1959.0,50,36.0,-39.18
±2,2.75,4.0,12:30,-1959.0,50,36.0,-39.18
±2,2.0,2.25,12:30,-1959.0,50,36.0,-39.18
±2,3.25,5.0,12:30,-1959.0,50,36.0,-39.18
±2,2.0,2.0,12:30,-1959.0,50,36.0,-39.18
±2,2.75,2.75,12:30,-1959.0,50,36.0,-39.18
±2,3.75,4.0,12:30,-1959.0,50,36.0,-39.18
±2,4.25,3.0,12:30,-1959.0,50,36.0,-39.18
±2,2.0,3.75,12:30,-1959.0,50,36.0,-39.18
±2,3.75,2.75,12:30,-1959.0,50,36.0,-39.18
±2,3.75,3.0,12:30,-1959.0,50,36.0,-39.18
±2,3.75,2.5,12:30,-1959.0,50,36.0,-39.18
±2,2.25,5.0,12:30,-1959.0,50,36.0,-39.18
±2,3.0,3.25,12:30,-1959.0,50,36.0,-39.18
±2,4.25,4.5,12:30,-1959.0,50,36.0,-39.18
±2,3.75,3.25,12:30,-1959.0,50,36.0,-39.18
±2,2.25,4.75,12:30,-1959.0,50,36.0,-39.18
±2,3.75,3.5,12:30,-1959.0,50,36.0,-39.18
±2,4.5,3.5,12:30,-1959.0,50,36.0,-39.18
±2,2.0,2.75,12:30,-1959.0,50,36.0,-39.18
±2,4.75,2.0,12:30,-1959.0,50,36.0,-39.18
±2,3.75,3.75,12:30,-1959.0,50,36.0,-39.18
±2,4.75,2.25,12:30,-1959.0,50,36.0,-39.18
±2,2.0,3.25,12:30,-1959.0,50,36.0,-39.18
±2,2.0,3.5,12:30,-1959.0,50,36.0,-39.18
±2,2.75,4.25,12:30,-1959.0,50,36.0,-39.18
±2,2.25,4.5,12:30,-1959.0,50,36.0,-39.18
±2,2.75,2.5,12:30,-1959.0,50,36.0,-39.18
±2,4.25,5.0,12:30,-1959.0,50,36.0,-39.18
±2,2.0,2.5,12:30,-1959.0,50,36.0,-39.18
±2,4.25,2.5,12:30,-1959.0,50,36.0,-39.18
±2,2.5,2.25,12:30,-1959.0,50,36.0,-39.18
±2,2.0,3.0,12:30,-1959.0,50,36.0,-39.18
±2,3.0,2.75,12:30,-1959.0,50,36.0,-39.18
±2,2.5,1.75,12:30,-1959.0,50,36.0,-39.18
±2,4.0,2.5,12:30,-1959.0,50,36.0,-39.18
±2,3.25,3.75,12:30,-1959.0,50,36.0,-39.18
±2,5.0,2.75,12:30,-1959.0,50,36.0,-39.18
±2,2.75,2.0,12:30,-1959.0,50,36.0,-39.18
±2,4.5,4.75,12:30,-1959.0,50,36.0,-39.18
±2,3.5,3.25,12:30,-1959.0,50,36.0,-39.18
±2,0.5,0.5,14:00,-1963.0,50,42.0,-39.26
±2,1.75,1.5,11:30,-1964.0,50,30.0,-39.28
±2,1.5,1.5,11:30,-1964.0,50,30.0,-39.28
±3,1.25,4.5,11:30,-1969.0,50,24.0,-39.38
±3,1.25,4.75,11:30,-1969.0,50,24.0,-39.38
±3,1.25,4.0,11:30,-1969.0,50,24.0,-39.38
±3,1.25,3.5,11:30,-1969.0,50,24.0,-39.38
±3,1.25,2.75,11:30,-1969.0,50,24.0,-39.38
±3,1.25,3.75,11:30,-1969.0,50,24.0,-39.38
±3,1.25,2.25,11:30,-1969.0,50,24.0,-39.38
±3,1.25,3.25,11:30,-1969.0,50,24.0,-39.38
±3,1.25,2.5,11:30,-1969.0,50,24.0,-39.38
±3,1.25,3.0,11:30,-1969.0,50,24.0,-39.38
±3,1.25,2.0,11:30,-1969.0,50,24.0,-39.38
±3,1.25,5.0,11:30,-1969.0,50,24.0,-39.38
±3,1.25,4.25,11:30,-1969.0,50,24.0,-39.38
±3,1.25,1.75,11:30,-1969.0,50,24.0,-39.38
±3,0.75,2.25,12:30,-1970.0,50,30.0,-39.4
±3,0.75,5.0,12:30,-1970.0,50,30.0,-39.4
±3,0.75,3.25,12:30,-1970.0,50,30.0,-39.4
±3,0.75,3.5,12:30,-1970.0,50,30.0,-39.4
±3,0.75,4.75,12:30,-1970.0,50,30.0,-39.4
±3,0.75,3.0,12:30,-1970.0,50,30.0,-39.4
±3,0.75,2.5,12:30,-1970.0,50,30.0,-39.4
±3,0.75,2.75,12:30,-1970.0,50,30.0,-39.4
±3,0.75,2.0,12:30,-1970.0,50,30.0,-39.4
±3,0.75,4.0,12:30,-1970.0,50,30.0,-39.4
±3,0.75,3.75,12:30,-1970.0,50,30.0,-39.4
±3,0.75,1.75,12:30,-1970.0,50,30.0,-39.4
±3,0.75,4.5,12:30,-1970.0,50,30.0,-39.4
±3,0.75,4.25,12:30,-1970.0,50,30.0,-39.4
±2,4.75,2.0,15:00,-1977.0,50,38.0,-39.54
±2,4.5,3.5,15:00,-1977.0,50,38.0,-39.54
±2,2.75,4.5,15:00,-1977.0,50,38.0,-39.54
±2,3.5,2.25,15:00,-1977.0,50,38.0,-39.54
±2,2.5,1.75,15:00,-1977.0,50,38.0,-39.54
±2,3.25,3.0,15:00,-1977.0,50,38.0,-39.54
±2,3.25,3.25,15:00,-1977.0,50,38.0,-39.54
±2,3.5,2.75,15:00,-1977.0,50,38.0,-39.54
±2,2.25,3.0,15:00,-1977.0,50,38.0,-39.54
±2,4.5,4.5,15:00,-1977.0,50,38.0,-39.54
±2,3.75,3.5,15:00,-1977.0,50,38.0,-39.54
±2,3.75,4.0,15:00,-1977.0,50,38.0,-39.54
±2,2.25,4.75,15:00,-1977.0,50,38.0,-39.54
±2,2.5,4.75,15:00,-1977.0,50,38.0,-39.54
±2,3.75,3.0,15:00,-1977.0,50,38.0,-39.54
±2,5.0,5.0,15:00,-1977.0,50,38.0,-39.54
±2,3.75,2.0,15:00,-1977.0,50,38.0,-39.54
±2,3.0,2.75,15:00,-1977.0,50,38.0,-39.54
±2,4.25,4.75,15:00,-1977.0,50,38.0,-39.54
±2,2.5,5.0,15:00,-1977.0,50,38.0,-39.54
±2,2.25,4.0,15:00,-1977.0,50,38.0,-39.54
±2,2.0,2.75,15:00,-1977.0,50,38.0,-39.54
±2,2.75,2.0,15:00,-1977.0,50,38.0,-39.54
±2,3.75,1.75,15:00,-1977.0,50,38.0,-39.54
±2,2.0,3.5,15:00,-1977.0,50,38.0,-39.54
±2,2.0,3.75,15:00,-1977.0,50,38.0,-39.54
±2,3.75,2.5,15:00,-1977.0,50,38.0,-39.54
±2,2.25,5.0,15:00,-1977.0,50,38.0,-39.54
±2,2.75,4.0,15:00,-1977.0,50,38.0,-39.54
±2,2.0,2.25,15:00,-1977.0,50,38.0,-39.54
±2,4.5,1.75,15:00,-1977.0,50,38.0,-39.54
±2,2.5,4.25,15:00,-1977.0,50,38.0,-39.54
±2,2.0,2.5,15:00,-1977.0,50,38.0,-39.54
±2,3.25,4.0,15:00,-1977.0,50,38.0,-39.54
±2,3.75,2.75,15:00,-1977.0,50,38.0,-39.54
±2,2.0,3.25,15:00,-1977.0,50,38.0,-39.54
±2,4.25,2.25,15:00,-1977.0,50,38.0,-39.54
±2,3.75,2.25,15:00,-1977.0,50,38.0,-39.54
±2,4.5,3.25,15:00,-1977.0,50,38.0,-39.54
±2,4.75,1.75,15:00,-1977.0,50,38.0,-39.54
±2,3.0,5.0,15:00,-1977.0,50,38.0,-39.54
±2,2.25,4.25,15:00,-1977.0,50,38.0,-39.54
±2,3.5,3.25,15:00,-1977.0,50,38.0,-39.54
±2,3.5,3.0,15:00,-1977.0,50,38.0,-39.54
±2,4.25,4.0,15:00,-1977.0,50,38.0,-39.54
±2,5.0,2.25,15:00,-1977.0,50,38.0,-39.54
±2,3.5,3.5,15:00,-1977.0,50,38.0,-39.54
±2,2.25,2.0,15:00,-1977.0,50,38.0,-39.54
±2,5.0,2.5,15:00,-1977.0,50,38.0,-39.54
±2,2.75,5.0,15:00,-1977.0,50,38.0,-39.54
±2,5.0,2.75,15:00,-1977.0,50,38.0,-39.54
±2,2.75,1.75,15:00,-1977.0,50,38.0,-39.54
±2,4.5,5.0,15:00,-1977.0,50,38.0,-39.54
±2,4.5,4.75,15:00,-1977.0,50,38.0,-39.54
±2,2.75,2.25,15:00,-1977.0,50,38.0,-39.54
±2,3.0,4.5,15:00,-1977.0,50,38.0,-39.54
±2,5.0,4.75,15:00,-1977.0,50,38.0,-39.54
±2,3.5,1.75,15:00,-1977.0,50,38.0,-39.54
±2,2.75,2.75,15:00,-1977.0,50,38.0,-39.54
±2,4.25,3.75,15:00,-1977.0,50,38.0,-39.54
±2,4.25,4.25,15:00,-1977.0,50,38.0,-39.54
±2,5.0,3.5,15:00,-1977.0,50,38.0,-39.54
±2,5.0,3.25,15:00,-1977.0,50,38.0,-39.54
±2,2.25,2.25,15:00,-1977.0,50,38.0,-39.54
±2,3.5,3.75,15:00,-1977.0,50,38.0,-39.54
±2,3.5,4.0,15:00,-1977.0,50,38.0,-39.54
±2,2.0,1.75,15:00,-1977.0,50,38.0,-39.54
±2,4.5,3.0,15:00,-1977.0,50,38.0,-39.54
±2,4.75,2.25,15:00,-1977.0,50,38.0,-39.54
±2,2.5,2.25,15:00,-1977.0,50,38.0,-39.54
±2,3.75,3.75,15:00,-1977.0,50,38.0,-39.54
±2,2.0,2.0,15:00,-1977.0,50,38.0,-39.54
±2,4.25,2.75,15:00,-1977.0,50,38.0,-39.54
±2,2.75,2.5,15:00,-1977.0,50,38.0,-39.54
±2,2.5,4.5,15:00,-1977.0,50,38.0,-39.54
±2,4.25,2.0,15:00,-1977.0,50,38.0,-39.54
±2,3.5,4.25,15:00,-1977.0,50,38.0,-39.54
±2,3.0,3.25,15:00,-1977.0,50,38.0,-39.54
±2,4.75,4.75,15:00,-1977.0,50,38.0,-39.54
±2,3.25,3.75,15:00,-1977.0,50,38.0,-39.54
±2,4.5,2.75,15:00,-1977.0,50,38.0,-39.54
±2,4.75,3.0,15:00,-1977.0,50,38.0,-39.54
±2,2.5,2.5,15:00,-1977.0,50,38.0,-39.54
±2,4.0,2.75,15:00,-1977.0,50,38.0,-39.54
±2,4.0,1.75,15:00,-1977.0,50,38.0,-39.54
±2,4.0,3.25,15:00,-1977.0,50,38.0,-39.54
±2,2.0,4.0,15:00,-1977.0,50,38.0,-39.54
±2,2.0,4.5,15:00,-1977.0,50,38.0,-39.54
±2,2.25,3.5,15:00,-1977.0,50,38.0,-39.54
±2,3.5,2.0,15:00,-1977.0,50,38.0,-39.54
±2,2.25,3.25,15:00,-1977.0,50,38.0,-39.54
±2,3.0,4.75,15:00,-1977.0,50,38.0,-39.54
±2,4.25,3.25,15:00,-1977.0,50,38.0,-39.54
±2,4.25,3.0,15:00,-1977.0,50,38.0,-39.54
±2,3.0,3.75,15:00,-1977.0,50,38.0,-39.54
±2,5.0,3.75,15:00,-1977.0,50,38.0,-39.54
±2,2.0,5.0,15:00,-1977.0,50,38.0,-39.54
±2,2.5,3.0,15:00,-1977.0,50,38.0,-39.54
±2,4.0,4.0,15:00,-1977.0,50,38.0,-39.54
±2,4.0,3.75,15:00,-1977.0,50,38.0,-39.54
±2,5.0,1.75,15:00,-1977.0,50,38.0,-39.54
±2,3.5,2.5,15:00,-1977.0,50,38.0,-39.54
±2,2.75,4.75,15:00,-1977.0,50,38.0,-39.54
±2,4.5,3.75,15:00,-1977.0,50,38.0,-39.54
±2,2.25,3.75,15:00,-1977.0,50,38.0,-39.54
±2,2.75,3.0,15:00,-1977.0,50,38.0,-39.54
±2,4.5,4.25,15:00,-1977.0,50,38.0,-39.54
±2,4.5,4.0,15:00,-1977.0,50,38.0,-39.54
±2,3.0,3.5,15:00,-1977.0,50,38.0,-39.54
±2,2.25,1.75,15:00,-1977.0,50,38.0,-39.54
±2,3.0,4.0,15:00,-1977.0,50,38.0,-39.54
±2,4.0,3.5,15:00,-1977.0,50,38.0,-39.54
±2,4.25,5.0,15:00,-1977.0,50,38.0,-39.54
±2,3.25,4.25,15:00,-1977.0,50,38.0,-39.54
±2,4.0,3.0,15:00,-1977.0,50,38.0,-39.54
±2,4.25,1.75,15:00,-1977.0,50,38.0,-39.54
±2,4.75,5.0,15:00,-1977.0,50,38.0,-39.54
±2,3.25,1.75,15:00,-1977.0,50,38.0,-39.54
±2,3.0,4.25,15:00,-1977.0,50,38.0,-39.54
±2,5.0,4.5,15:00,-1977.0,50,38.0,-39.54
±2,2.5,3.5,15:00,-1977.0,50,38.0,-39.54
±2,4.75,4.5,15:00,-1977.0,50,38.0,-39.54
±2,4.75,2.5,15:00,-1977.0,50,38.0,-39.54
±2,4.75,2.75,15:00,-1977.0,50,38.0,-39.54
±2,2.75,3.25,15:00,-1977.0,50,38.0,-39.54
±2,3.0,3.0,15:00,-1977.0,50,38.0,-39.54
±2,3.75,4.25,15:00,-1977.0,50,38.0,-39.54
±2,4.5,2.0,15:00,-1977.0,50,38.0,-39.54
±2,3.25,2.0,15:00,-1977.0,50,38.0,-39.54
±2,3.25,2.25,15:00,-1977.0,50,38.0,-39.54
±2,2.5,4.0,15:00,-1977.0,50,38.0,-39.54
±2,2.0,4.25,15:00,-1977.0,50,38.0,-39.54
±2,5.0,4.25,15:00,-1977.0,50,38.0,-39.54
±2,3.25,2.75,15:00,-1977.0,50,38.0,-39.54
±2,4.0,4.25,15:00,-1977.0,50,38.0,-39.54
±2,3.75,5.0,15:00,-1977.0,50,38.0,-39.54
±2,2.75,3.75,15:00,-1977.0,50,38.0,-39.54
±2,4.75,3.75,15:00,-1977.0,50,38.0,-39.54
±2,3.0,2.25,15:00,-1977.0,50,38.0,-39.54
±2,4.0,4.5,15:00,-1977.0,50,38.0,-39.54
±2,4.5,2.5,15:00,-1977.0,50,38.0,-39.54
±2,3.75,4.5,15:00,-1977.0,50,38.0,-39.54
±2,4.25,3.5,15:00,-1977.0,50,38.0,-39.54
±2,5.0,4.0,15:00,-1977.0,50,38.0,-39.54
±2,2.0,4.75,15:00,-1977.0,50,38.0,-39.54
±2,4.25,4.5,15:00,-1977.0,50,38.0,-39.54
±2,3.0,1.75,15:00,-1977.0,50,38.0,-39.54
±2,2.5,2.75,15:00,-1977.0,50,38.0,-39.54
±2,3.5,4.5,15:00,-1977.0,50,38.0,-39.54
±2,3.5,4.75,15:00,-1977.0,50,38.0,-39.54
±2,4.0,4.75,15:00,-1977.0,50,38.0,-39.54
±2,3.25,4.75,15:00,-1977.0,50,38.0,-39.54
±2,4.0,5.0,15:00,-1977.0,50,38.0,-39.54
±2,3.25,2.5,15:00,-1977.0,50,38.0,-39.54
±2,3.5,5.0,15:00,-1977.0,50,38.0,-39.54
±2,3.25,5.0,15:00,-1977.0,50,38.0,-39.54
±2,4.75,4.25,15:00,-1977.0,50,38.0,-39.54
±2,4.75,4.0,15:00,-1977.0,50,38.0,-39.54
±2,5.0,2.0,15:00,-1977.0,50,38.0,-39.54
±2,2.5,3.75,15:00,-1977.0,50,38.0,-39.54
±2,3.0,2.5,15:00,-1977.0,50,38.0,-39.54
±2,2.25,2.75,15:00,-1977.0,50,38.0,-39.54
±2,4.0,2.25,15:00,-1977.0,50,38.0,-39.54
±2,2.5,3.25,15:00,-1977.0,50,38.0,-39.54
±2,3.75,4.75,15:00,-1977.0,50,38.0,-39.54
±2,3.25,4.5,15:00,-1977.0,50,38.0,-39.54
±2,4.75,3.5,15:00,-1977.0,50,38.0,-39.54
±2,4.5,2.25,15:00,-1977.0,50,38.0,-39.54
±2,2.75,3.5,15:00,-1977.0,50,38.0,-39.54
±2,4.0,2.0,15:00,-1977.0,50,38.0,-39.54
±2,5.0,3.0,15:00,-1977.0,50,38.0,-39.54
±2,2.25,4.5,15:00,-1977.0,50,38.0,-39.54
±2,4.75,3.25,15:00,-1977.0,50,38.0,-39.54
±2,2.25,2.5,15:00,-1977.0,50,38.0,-39.54
±2,2.0,3.0,15:00,-1977.0,50,38.0,-39.54
±2,2.75,4.25,15:00,-1977.0,50,38.0,-39.54
±2,3.75,3.25,15:00,-1977.0,50,38.0,-39.54
±2,4.25,2.5,15:00,-1977.0,50,38.0,-39.54
±2,3.0,2.0,15:00,-1977.0,50,38.0,-39.54
±2,2.5,2.0,15:00,-1977.0,50,38.0,-39.54
±2,4.0,2.5,15:00,-1977.0,50,38.0,-39.54
±2,3.25,3.5,15:00,-1977.0,50,38.0,-39.54
±2,4.25,1.0,11:30,-1981.0,50,32.0,-39.62
±2,4.25,1.25,11:30,-1981.0,50,30.0,-39.62
±2,3.75,1.0,11:30,-1981.0,50,32.0,-39.62
±2,3.75,1.25,11:30,-1981.0,50,30.0,-39.62
±2,3.0,1.25,11:30,-1981.0,50,30.0,-39.62
±2,3.0,1.0,11:30,-1981.0,50,32.0,-39.62
±2,2.0,1.25,11:30,-1981.0,50,30.0,-39.62
±2,5.0,1.0,11:30,-1981.0,50,32.0,-39.62
±2,5.0,1.25,11:30,-1981.0,50,30.0,-39.62
±2,3.25,1.25,11:30,-1981.0,50,30.0,-39.62
±2,3.25,1.0,11:30,-1981.0,50,32.0,-39.62
±2,3.5,1.25,11:30,-1981.0,50,30.0,-39.62
±2,2.5,1.25,11:30,-1981.0,50,30.0,-39.62
±2,2.25,1.25,11:30,-1981.0,50,30.0,-39.62
±2,2.25,1.0,11:30,-1981.0,50,32.0,-39.62
±2,2.75,1.0,11:30,-1981.0,50,32.0,-39.62
±2,2.75,1.25,11:30,-1981.0,50,30.0,-39.62
±2,4.75,1.0,11:30,-1981.0,50,32.0,-39.62
±2,4.75,1.25,11:30,-1981.0,50,30.0,-39.62
±2,4.0,1.25,11:30,-1981.0,50,30.0,-39.62
±2,4.0,1.0,11:30,-1981.0,50,32.0,-39.62
±2,2.0,1.0,11:30,-1981.0,50,32.0,-39.62
±2,2.5,1.0,11:30,-1981.0,50,32.0,-39.62
±2,4.5,1.25,11:30,-1981.0,50,30.0,-39.62
±2,3.5,1.0,11:30,-1981.0,50,32.0,-39.62
±2,4.5,1.0,11:30,-1981.0,50,32.0,-39.62
±3,1.0,1.25,12:00,-1982.0,50,24.0,-39.64
±3,3.25,1.5,14:30,-1983.0,50,32.0,-39.66
±3,4.0,1.5,14:30,-1983.0,50,32.0,-39.66
±3,2.75,1.5,14:30,-1983.0,50,32.0,-39.66
±3,5.0,1.5,14:30,-1983.0,50,32.0,-39.66
±3,4.25,1.5,14:30,-1983.0,50,32.0,-39.66
±3,2.25,1.5,14:30,-1983.0,50,32.0,-39.66
±3,2.0,1.5,14:30,-1983.0,50,32.0,-39.66
±3,4.5,1.5,14:30,-1983.0,50,32.0,-39.66
±3,3.0,1.5,14:30,-1983.0,50,32.0,-39.66
±3,3.75,1.5,14:30,-1983.0,50,32.0,-39.66
±3,2.5,1.5,14:30,-1983.0,50,32.0,-39.66
±3,4.75,1.5,14:30,-1983.0,50,32.0,-39.66
±3,3.5,1.5,14:30,-1983.0,50,32.0,-39.66
±2,1.0,1.25,13:00,-1985.0,50,38.0,-39.7
±3,1.0,3.5,12:30,-1987.0,50,32.0,-39.74
±3,1.0,3.0,12:30,-1987.0,50,32.0,-39.74
±3,1.0,3.75,12:30,-1987.0,50,32.0,-39.74
±3,1.0,2.75,12:30,-1987.0,50,32.0,-39.74
±3,1.0,2.0,12:30,-1987.0,50,32.0,-39.74
±3,1.0,2.25,12:30,-1987.0,50,32.0,-39.74
±3,1.0,2.5,12:30,-1987.0,50,32.0,-39.74
±3,1.0,1.75,12:30,-1987.0,50,32.0,-39.74
±3,1.0,4.25,12:30,-1987.0,50,32.0,-39.74
±3,1.0,5.0,12:30,-1987.0,50,32.0,-39.74
±3,1.0,4.5,12:30,-1987.0,50,32.0,-39.74
±3,1.0,4.75,12:30,-1987.0,50,32.0,-39.74
±3,1.0,4.0,12:30,-1987.0,50,32.0,-39.74
±3,1.0,3.25,12:30,-1987.0,50,32.0,-39.74
±2,0.75,1.5,13:00,-1988.0,50,36.0,-39.76
±3,1.0,4.0,13:00,-1997.0,50,30.0,-39.94
±3,1.0,4.75,13:00,-1997.0,50,30.0,-39.94
±3,1.0,4.5,13:00,-1997.0,50,30.0,-39.94
±3,1.0,4.25,13:00,-1997.0,50,30.0,-39.94
±3,1.0,5.0,13:00,-1997.0,50,30.0,-39.94
±3,1.0,1.75,13:00,-1997.0,50,30.0,-39.94
±3,1.0,3.25,13:00,-1997.0,50,30.0,-39.94
±3,1.0,3.75,13:00,-1997.0,50,30.0,-39.94
±3,1.0,3.0,13:00,-1997.0,50,30.0,-39.94
±3,1.0,2.25,13:00,-1997.0,50,30.0,-39.94
±3,1.0,3.5,13:00,-1997.0,50,30.0,-39.94
±3,1.0,2.0,13:00,-1997.0,50,30.0,-39.94
±3,1.0,2.75,13:00,-1997.0,50,30.0,-39.94
±3,1.0,2.5,13:00,-1997.0,50,30.0,-39.94
±2,1.5,0.5,11:30,-1998.0,50,30.0,-39.96
±2,1.75,0.5,11:30,-1998.0,50,30.0,-39.96
±3,0.75,1.25,12:00,-2002.0,50,24.0,-40.04
±2,1.25,2.25,14:30,-2008.0,50,36.0,-40.16
±2,1.25,3.0,14:30,-2008.0,50,36.0,-40.16
±2,1.25,4.5,14:30,-2008.0,50,36.0,-40.16
±2,1.25,3.75,14:30,-2008.0,50,36.0,-40.16
±2,1.25,5.0,14:30,-2008.0,50,36.0,-40.16
±2,1.25,3.5,14:30,-2008.0,50,36.0,-40.16
±2,1.25,4.75,14:30,-2008.0,50,36.0,-40.16
±2,1.25,3.25,14:30,-2008.0,50,36.0,-40.16
±2,1.25,2.75,14:30,-2008.0,50,36.0,-40.16
±2,1.25,1.75,14:30,-2008.0,50,36.0,-40.16
±2,1.25,2.0,14:30,-2008.0,50,36.0,-40.16
±2,1.25,4.25,14:30,-2008.0,50,36.0,-40.16
±2,1.25,2.5,14:30,-2008.0,50,36.0,-40.16
±2,1.25,4.0,14:30,-2008.0,50,36.0,-40.16
±3,0.5,1.0,12:00,-2011.0,50,30.0,-40.22
±3,0.5,1.25,13:30,-2013.0,50,34.0,-40.26
±3,0.5,1.5,14:30,-2016.0,50,34.0,-40.32
±3,1.75,3.25,14:30,-2017.0,50,32.0,-40.34
±3,1.75,4.5,14:30,-2017.0,50,32.0,-40.34
±3,1.75,5.0,14:30,-2017.0,50,32.0,-40.34
±3,1.75,1.75,14:30,-2017.0,50,32.0,-40.34
±3,1.0,1.5,12:00,-2017.0,50,24.0,-40.34
±3,1.75,2.0,14:30,-2017.0,50,32.0,-40.34
±3,1.75,3.75,14:30,-2017.0,50,32.0,-40.34
±3,1.75,4.0,14:30,-2017.0,50,32.0,-40.34
±3,1.75,4.75,14:30,-2017.0,50,32.0,-40.34
±3,1.75,3.0,14:30,-2017.0,50,32.0,-40.34
±3,1.75,3.5,14:30,-2017.0,50,32.0,-40.34
±3,1.75,2.75,14:30,-2017.0,50,32.0,-40.34
±3,1.75,2.25,14:30,-2017.0,50,32.0,-40.34
±3,1.75,2.5,14:30,-2017.0,50,32.0,-40.34
±3,1.75,4.25,14:30,-2017.0,50,32.0,-40.34
±2,0.5,0.5,15:00,-2019.0,50,42.0,-40.38
±3,0.5,1.0,12:30,-2023.0,50,34.0,-40.46
±3,1.5,4.0,14:30,-2028.0,50,32.0,-40.56
±2,3.25,0.75,15:00,-2028.0,50,44.0,-40.56
±2,2.75,0.75,15:00,-2028.0,50,44.0,-40.56
±3,1.5,5.0,14:30,-2028.0,50,32.0,-40.56
±3,1.5,2.75,14:30,-2028.0,50,32.0,-40.56
±3,1.5,2.5,14:30,-2028.0,50,32.0,-40.56
±3,1.5,4.75,14:30,-2028.0,50,32.0,-40.56
±2,2.25,0.75,15:00,-2028.0,50,44.0,-40.56
±3,1.5,3.0,14:30,-2028.0,50,32.0,-40.56
±2,4.25,0.75,15:00,-2028.0,50,44.0,-40.56
±2,3.75,0.75,15:00,-2028.0,50,44.0,-40.56
±2,2.0,0.75,15:00,-2028.0,50,44.0,-40.56
±2,4.0,0.75,15:00,-2028.0,50,44.0,-40.56
±3,1.5,3.25,14:30,-2028.0,50,32.0,-40.56
±2,3.5,0.75,15:00,-2028.0,50,44.0,-40.56
±2,2.5,0.75,15:00,-2028.0,50,44.0,-40.56
±3,1.5,2.25,14:30,-2028.0,50,32.0,-40.56
±2,4.75,0.75,15:00,-2028.0,50,44.0,-40.56
±3,1.5,4.5,14:30,-2028.0,50,32.0,-40.56
±2,5.0,0.75,15:00,-2028.0,50,44.0,-40.56
±3,1.5,2.0,14:30,-2028.0,50,32.0,-40.56
±3,1.5,4.25,14:30,-2028.0,50,32.0,-40.56
±2,4.5,0.75,15:00,-2028.0,50,44.0,-40.56
±3,1.5,1.75,14:30,-2028.0,50,32.0,-40.56
±3,1.5,3.5,14:30,-2028.0,50,32.0,-40.56
±3,1.5,3.75,14:30,-2028.0,50,32.0,-40.56
±2,3.0,0.75,15:00,-2028.0,50,44.0,-40.56
±3,0.75,4.5,11:30,-2030.0,50,26.0,-40.6
±3,0.75,3.75,11:30,-2030.0,50,26.0,-40.6
±3,0.75,4.75,11:30,-2030.0,50,26.0,-40.6
±3,0.75,4.0,11:30,-2030.0,50,26.0,-40.6
±3,0.75,4.25,11:30,-2030.0,50,26.0,-40.6
±3,0.75,2.75,11:30,-2030.0,50,26.0,-40.6
±3,0.75,3.25,11:30,-2030.0,50,26.0,-40.6
±3,0.75,3.0,11:30,-2030.0,50,26.0,-40.6
±3,0.75,5.0,11:30,-2030.0,50,26.0,-40.6
±3,0.75,2.0,11:30,-2030.0,50,26.0,-40.6
±3,0.75,2.5,11:30,-2030.0,50,26.0,-40.6
±3,0.75,2.25,11:30,-2030.0,50,26.0,-40.6
±3,0.75,1.75,11:30,-2030.0,50,26.0,-40.6
±3,0.75,3.5,11:30,-2030.0,50,26.0,-40.6
±3,0.75,1.5,12:00,-2037.0,50,24.0,-40.74
±2,1.0,1.0,12:00,-2050.0,50,28.0,-41.0
±3,1.0,1.25,11:30,-2052.0,50,24.0,-41.04
±2,1.0,1.5,13:00,-2053.0,50,38.0,-41.06
±2,1.25,3.75,11:30,-2056.0,50,30.0,-41.12
±2,1.25,3.0,11:30,-2056.0,50,30.0,-41.12
±2,1.25,4.0,11:30,-2056.0,50,30.0,-41.12
±2,1.25,4.75,11:30,-2056.0,50,30.0,-41.12
±2,1.25,2.0,11:30,-2056.0,50,30.0,-41.12
±2,1.25,2.75,11:30,-2056.0,50,30.0,-41.12
±2,1.25,3.5,11:30,-2056.0,50,30.0,-41.12
±2,1.25,3.25,11:30,-2056.0,50,30.0,-41.12
±2,1.25,1.75,11:30,-2056.0,50,30.0,-41.12
±2,1.25,4.25,11:30,-2056.0,50,30.0,-41.12
±2,1.25,2.5,11:30,-2056.0,50,30.0,-41.12
±2,1.25,2.25,11:30,-2056.0,50,30.0,-41.12
±2,1.25,4.5,11:30,-2056.0,50,30.0,-41.12
±2,1.25,5.0,11:30,-2056.0,50,30.0,-41.12
±2,0.75,1.0,12:00,-2062.0,50,30.0,-41.24
±3,0.5,1.0,14:00,-2065.0,50,38.0,-41.3
±2,0.5,2.25,15:00,-2066.0,50,38.0,-41.32
±2,0.5,2.5,15:00,-2066.0,50,38.0,-41.32
±2,0.5,5.0,15:00,-2066.0,50,38.0,-41.32
±2,0.5,4.0,15:00,-2066.0,50,38.0,-41.32
±2,0.5,3.5,15:00,-2066.0,50,38.0,-41.32
±2,0.5,3.25,15:00,-2066.0,50,38.0,-41.32
±2,0.5,4.25,15:00,-2066.0,50,38.0,-41.32
±2,0.5,2.75,15:00,-2066.0,50,38.0,-41.32
±2,0.5,2.0,15:00,-2066.0,50,38.0,-41.32
±2,0.5,4.5,15:00,-2066.0,50,38.0,-41.32
±2,0.5,3.75,15:00,-2066.0,50,38.0,-41.32
±2,0.5,1.75,15:00,-2066.0,50,38.0,-41.32
±2,0.5,4.75,15:00,-2066.0,50,38.0,-41.32
±2,0.5,3.0,15:00,-2066.0,50,38.0,-41.32
±2,0.75,4.25,13:00,-2072.0,50,36.0,-41.44
±2,0.75,3.75,13:00,-2072.0,50,36.0,-41.44
±2,0.75,2.5,13:00,-2072.0,50,36.0,-41.44
±2,0.75,2.25,13:00,-2072.0,50,36.0,-41.44
±2,0.75,2.0,13:00,-2072.0,50,36.0,-41.44
±2,0.75,2.75,13:00,-2072.0,50,36.0,-41.44
±2,0.75,3.25,13:00,-2072.0,50,36.0,-41.44
±2,0.75,3.5,13:00,-2072.0,50,36.0,-41.44
±2,0.75,1.75,13:00,-2072.0,50,36.0,-41.44
±2,0.75,3.0,13:00,-2072.0,50,36.0,-41.44
±2,0.75,4.5,13:00,-2072.0,50,36.0,-41.44
±2,0.75,5.0,13:00,-2072.0,50,36.0,-41.44
±2,0.75,4.75,13:00,-2072.0,50,36.0,-41.44
±3,1.0,1.0,11:30,-2072.0,50,26.0,-41.44
±2,0.75,4.0,13:00,-2072.0,50,36.0,-41.44
±2,3.5,1.5,14:30,-2074.0,50,32.0,-41.48
±2,2.5,1.5,14:30,-2074.0,50,32.0,-41.48
±2,3.25,1.5,14:30,-2074.0,50,32.0,-41.48
±2,5.0,1.5,14:30,-2074.0,50,32.0,-41.48
±2,4.0,1.5,14:30,-2074.0,50,32.0,-41.48
±2,3.0,1.5,14:30,-2074.0,50,32.0,-41.48
±2,2.0,1.5,14:30,-2074.0,50,32.0,-41.48
±2,4.75,1.5,14:30,-2074.0,50,32.0,-41.48
±2,4.25,1.5,14:30,-2074.0,50,32.0,-41.48
±2,2.25,1.5,14:30,-2074.0,50,32.0,-41.48
±2,2.75,1.5,14:30,-2074.0,50,32.0,-41.48
±2,3.75,1.5,14:30,-2074.0,50,32.0,-41.48
±2,4.5,1.5,14:30,-2074.0,50,32.0,-41.48
±2,2.5,1.25,14:30,-2083.0,50,32.0,-41.66
±2,2.25,1.25,14:30,-2083.0,50,32.0,-41.66
±2,4.25,1.25,14:30,-2083.0,50,32.0,-41.66
±2,2.75,1.25,14:30,-2083.0,50,32.0,-41.66
±2,3.5,1.25,14:30,-2083.0,50,32.0,-41.66
±2,3.75,1.25,14:30,-2083.0,50,32.0,-41.66
±2,3.0,1.25,14:30,-2083.0,50,32.0,-41.66
±2,4.5,1.25,14:30,-2083.0,50,32.0,-41.66
±2,2.0,1.25,14:30,-2083.0,50,32.0,-41.66
±2,4.75,1.25,14:30,-2083.0,50,32.0,-41.66
±2,3.25,1.25,14:30,-2083.0,50,32.0,-41.66
±2,4.0,1.25,14:30,-2083.0,50,32.0,-41.66
±2,5.0,1.25,14:30,-2083.0,50,32.0,-41.66
±3,0.5,1.25,12:00,-2085.0,50,26.0,-41.7
±2,3.0,1.5,11:30,-2087.0,50,30.0,-41.74
±2,3.5,1.5,11:30,-2087.0,50,30.0,-41.74
±2,5.0,1.5,11:30,-2087.0,50,30.0,-41.74
±2,2.5,1.5,11:30,-2087.0,50,30.0,-41.74
±2,2.75,1.5,11:30,-2087.0,50,30.0,-41.74
±2,4.25,1.5,11:30,-2087.0,50,30.0,-41.74
±2,4.5,1.5,11:30,-2087.0,50,30.0,-41.74
±2,4.75,1.5,11:30,-2087.0,50,30.0,-41.74
±2,4.0,1.5,11:30,-2087.0,50,30.0,-41.74
±2,3.25,1.5,11:30,-2087.0,50,30.0,-41.74
±2,2.25,1.5,11:30,-2087.0,50,30.0,-41.74
±2,2.0,1.5,11:30,-2087.0,50,30.0,-41.74
±2,3.75,1.5,11:30,-2087.0,50,30.0,-41.74
±3,0.5,1.0,14:30,-2096.0,50,38.0,-41.92
±2,0.75,2.0,12:30,-2097.0,50,34.0,-41.94
±3,1.0,3.75,14:30,-2097.0,50,38.0,-41.94
±2,0.75,3.75,12:30,-2097.0,50,34.0,-41.94
±2,0.75,4.25,12:30,-2097.0,50,34.0,-41.94
±3,1.0,3.25,14:30,-2097.0,50,38.0,-41.94
±3,1.0,3.5,14:30,-2097.0,50,38.0,-41.94
±2,0.75,4.0,12:30,-2097.0,50,34.0,-41.94
±2,0.75,2.5,12:30,-2097.0,50,34.0,-41.94
±2,0.75,2.25,12:30,-2097.0,50,34.0,-41.94
±3,1.0,3.0,14:30,-2097.0,50,38.0,-41.94
±3,1.0,4.25,14:30,-2097.0,50,38.0,-41.94
±3,1.0,4.5,14:30,-2097.0,50,38.0,-41.94
±3,1.0,2.25,14:30,-2097.0,50,38.0,-41.94
±2,0.75,1.75,12:30,-2097.0,50,34.0,-41.94
±3,1.0,2.5,14:30,-2097.0,50,38.0,-41.94
±2,0.75,2.75,12:30,-2097.0,50,34.0,-41.94
±3,1.0,4.75,14:30,-2097.0,50,38.0,-41.94
±2,0.75,3.0,12:30,-2097.0,50,34.0,-41.94
±3,1.0,1.75,14:30,-2097.0,50,38.0,-41.94
±3,1.0,4.0,14:30,-2097.0,50,38.0,-41.94
±3,1.0,2.75,14:30,-2097.0,50,38.0,-41.94
±2,0.75,3.25,12:30,-2097.0,50,34.0,-41.94
±3,1.0,2.0,14:30,-2097.0,50,38.0,-41.94
±2,0.75,4.75,12:30,-2097.0,50,34.0,-41.94
±3,1.0,5.0,14:30,-2097.0,50,38.0,-41.94
±2,0.75,5.0,12:30,-2097.0,50,34.0,-41.94
±2,0.75,3.5,12:30,-2097.0,50,34.0,-41.94
±2,0.75,4.5,12:30,-2097.0,50,34.0,-41.94
±3,0.5,4.25,11:30,-2098.0,50,30.0,-41.96
±3,0.5,2.0,11:30,-2098.0,50,30.0,-41.96
±3,0.5,2.5,11:30,-2098.0,50,30.0,-41.96
±3,0.5,2.25,11:30,-2098.0,50,30.0,-41.96
±3,0.5,4.75,11:30,-2098.0,50,30.0,-41.96
±3,0.5,3.5,11:30,-2098.0,50,30.0,-41.96
±3,0.5,3.75,11:30,-2098.0,50,30.0,-41.96
±3,0.5,1.75,11:30,-2098.0,50,30.0,-41.96
±3,0.5,4.0,11:30,-2098.0,50,30.0,-41.96
±3,0.5,3.0,11:30,-2098.0,50,30.0,-41.96
±3,0.5,5.0,11:30,-2098.0,50,30.0,-41.96
±3,0.5,3.25,11:30,-2098.0,50,30.0,-41.96
±3,0.5,4.5,11:30,-2098.0,50,30.0,-41.96
±3,0.5,2.75,11:30,-2098.0,50,30.0,-41.96
±3,0.5,1.25,14:00,-2098.0,50,36.0,-41.96
±2,1.75,3.5,14:30,-2099.0,50,32.0,-41.98
±2,1.75,3.25,14:30,-2099.0,50,32.0,-41.98
±2,1.75,4.0,14:30,-2099.0,50,32.0,-41.98
±2,1.75,4.75,14:30,-2099.0,50,32.0,-41.98
±2,1.75,5.0,14:30,-2099.0,50,32.0,-41.98
±2,1.75,2.5,14:30,-2099.0,50,32.0,-41.98
±2,1.75,2.75,14:30,-2099.0,50,32.0,-41.98
±2,1.75,2.0,14:30,-2099.0,50,32.0,-41.98
±2,1.75,4.25,14:30,-2099.0,50,32.0,-41.98
±2,1.75,1.75,14:30,-2099.0,50,32.0,-41.98
±2,1.75,2.25,14:30,-2099.0,50,32.0,-41.98
±2,1.75,3.0,14:30,-2099.0,50,32.0,-41.98
±2,1.75,3.75,14:30,-2099.0,50,32.0,-41.98
±2,1.75,4.5,14:30,-2099.0,50,32.0,-41.98
±2,0.5,1.0,13:30,-2107.0,50,40.0,-42.14
±2,1.0,5.0,12:30,-2115.0,50,34.0,-42.3
±2,1.0,2.0,12:30,-2115.0,50,34.0,-42.3
±2,1.0,1.75,12:30,-2115.0,50,34.0,-42.3
±2,1.0,3.0,12:30,-2115.0,50,34.0,-42.3
±2,1.0,2.75,12:30,-2115.0,50,34.0,-42.3
±2,1.0,3.25,12:30,-2115.0,50,34.0,-42.3
±2,1.0,2.5,12:30,-2115.0,50,34.0,-42.3
±2,1.0,4.5,12:30,-2115.0,50,34.0,-42.3
±2,1.0,4.75,12:30,-2115.0,50,34.0,-42.3
±2,1.0,2.25,12:30,-2115.0,50,34.0,-42.3
±2,1.0,4.25,12:30,-2115.0,50,34.0,-42.3
±2,1.0,4.0,12:30,-2115.0,50,34.0,-42.3
±2,1.0,3.5,12:30,-2115.0,50,34.0,-42.3
±2,1.0,3.75,12:30,-2115.0,50,34.0,-42.3
±2,0.5,1.0,15:00,-2120.0,50,42.0,-42.4
±3,0.5,1.5,12:00,-2120.0,50,26.0,-42.4
±2,3.0,0.5,11:30,-2121.0,50,30.0,-42.42
±2,4.75,0.5,11:30,-2121.0,50,30.0,-42.42
±2,5.0,0.5,11:30,-2121.0,50,30.0,-42.42
±2,4.25,0.5,11:30,-2121.0,50,30.0,-42.42
±2,3.5,0.5,11:30,-2121.0,50,30.0,-42.42
±2,2.5,0.5,11:30,-2121.0,50,30.0,-42.42
±2,2.0,0.5,11:30,-2121.0,50,30.0,-42.42
±2,2.25,0.5,11:30,-2121.0,50,30.0,-42.42
±2,3.75,0.5,11:30,-2121.0,50,30.0,-42.42
±2,3.25,0.5,11:30,-2121.0,50,30.0,-42.42
±2,4.5,0.5,11:30,-2121.0,50,30.0,-42.42
±2,4.0,0.5,11:30,-2121.0,50,30.0,-42.42
±2,2.75,0.5,11:30,-2121.0,50,30.0,-42.42
±2,1.0,2.75,13:00,-2137.0,50,38.0,-42.74
±2,1.0,4.0,13:00,-2137.0,50,38.0,-42.74
±3,1.0,0.5,11:30,-2137.0,50,24.0,-42.74
±2,1.0,3.0,13:00,-2137.0,50,38.0,-42.74
±2,1.0,5.0,13:00,-2137.0,50,38.0,-42.74
±2,1.0,2.5,13:00,-2137.0,50,38.0,-42.74
±2,1.0,4.75,13:00,-2137.0,50,38.0,-42.74
±2,1.0,2.25,13:00,-2137.0,50,38.0,-42.74
±2,1.0,4.25,13:00,-2137.0,50,38.0,-42.74
±2,1.0,3.5,13:00,-2137.0,50,38.0,-42.74
±2,1.0,2.0,13:00,-2137.0,50,38.0,-42.74
±2,1.0,1.75,13:00,-2137.0,50,38.0,-42.74
±2,1.0,4.5,13:00,-2137.0,50,38.0,-42.74
±2,1.0,3.25,13:00,-2137.0,50,38.0,-42.74
±2,1.0,3.75,13:00,-2137.0,50,38.0,-42.74
±2,1.5,2.75,14:30,-2139.0,50,32.0,-42.78
±2,1.5,2.5,14:30,-2139.0,50,32.0,-42.78
±2,1.5,1.75,14:30,-2139.0,50,32.0,-42.78
±2,1.5,4.5,14:30,-2139.0,50,32.0,-42.78
±2,1.5,3.0,14:30,-2139.0,50,32.0,-42.78
±2,1.5,3.5,14:30,-2139.0,50,32.0,-42.78
±2,1.5,3.25,14:30,-2139.0,50,32.0,-42.78
±2,1.5,5.0,14:30,-2139.0,50,32.0,-42.78
±2,1.5,3.75,14:30,-2139.0,50,32.0,-42.78
±2,1.5,4.25,14:30,-2139.0,50,32.0,-42.78
±2,1.5,4.0,14:30,-2139.0,50,32.0,-42.78
±2,1.5,4.75,14:30,-2139.0,50,32.0,-42.78
±2,1.5,2.25,14:30,-2139.0,50,32.0,-42.78
±2,1.5,2.0,14:30,-2139.0,50,32.0,-42.78
±3,1.0,1.5,11:30,-2142.0,50,24.0,-42.84
±2,0.75,3.75,11:30,-2143.0,50,30.0,-42.86
±2,0.75,2.0,11:30,-2143.0,50,30.0,-42.86
±2,0.75,4.25,11:30,-2143.0,50,30.0,-42.86
±2,0.75,4.75,11:30,-2143.0,50,30.0,-42.86
±2,0.75,4.5,11:30,-2143.0,50,30.0,-42.86
±2,0.75,5.0,11:30,-2143.0,50,30.0,-42.86
±2,0.75,3.25,11:30,-2143.0,50,30.0,-42.86
±2,0.75,3.0,11:30,-2143.0,50,30.0,-42.86
±2,0.75,2.25,11:30,-2143.0,50,30.0,-42.86
±2,0.75,3.5,11:30,-2143.0,50,30.0,-42.86
±2,0.75,2.5,11:30,-2143.0,50,30.0,-42.86
±2,0.75,4.0,11:30,-2143.0,50,30.0,-42.86
±2,0.75,1.75,11:30,-2143.0,50,30.0,-42.86
±2,0.75,2.75,11:30,-2143.0,50,30.0,-42.86
±2,1.0,1.25,12:00,-2167.0,50,24.0,-43.34
±2,0.5,0.75,14:00,-2176.0,50,44.0,-43.52
±2,0.75,1.25,12:00,-2179.0,50,26.0,-43.58
±2,1.0,1.0,11:30,-2183.0,50,32.0,-43.66
±2,1.0,1.25,11:30,-2183.0,50,30.0,-43.66
±3,0.5,1.25,12:30,-2184.0,50,30.0,-43.68
±3,0.5,1.5,13:30,-2185.0,50,32.0,-43.7
±3,0.5,1.5,14:00,-2187.0,50,36.0,-43.74
±2,0.5,1.0,12:00,-2194.0,50,32.0,-43.88
±2,0.5,1.25,13:30,-2210.0,50,36.0,-44.2
±2,1.0,1.5,12:00,-2212.0,50,24.0,-44.24
±3,1.5,2.25,11:30,-2213.0,50,24.0,-44.26
±3,1.75,3.5,11:30,-2213.0,50,24.0,-44.26
±3,1.75,3.75,11:30,-2213.0,50,24.0,-44.26
±3,1.75,3.0,11:30,-2213.0,50,24.0,-44.26
±3,1.75,3.25,11:30,-2213.0,50,24.0,-44.26
±3,1.5,2.5,11:30,-2213.0,50,24.0,-44.26
±3,1.5,2.0,11:30,-2213.0,50,24.0,-44.26
±3,1.5,2.75,11:30,-2213.0,50,24.0,-44.26
±3,1.75,1.75,11:30,-2213.0,50,24.0,-44.26
±3,1.75,4.25,11:30,-2213.0,50,24.0,-44.26
±3,1.5,5.0,11:30,-2213.0,50,24.0,-44.26
±3,1.5,3.25,11:30,-2213.0,50,24.0,-44.26
±3,1.5,4.75,11:30,-2213.0,50,24.0,-44.26
±3,1.5,3.0,11:30,-2213.0,50,24.0,-44.26
±3,1.75,2.0,11:30,-2213.0,50,24.0,-44.26
±3,1.5,3.5,11:30,-2213.0,50,24.0,-44.26
±3,1.75,4.5,11:30,-2213.0,50,24.0,-44.26
±3,1.75,4.75,11:30,-2213.0,50,24.0,-44.26
±3,1.75,4.0,11:30,-2213.0,50,24.0,-44.26
±3,1.75,2.5,11:30,-2213.0,50,24.0,-44.26
±3,1.5,4.0,11:30,-2213.0,50,24.0,-44.26
±3,1.5,4.25,11:30,-2213.0,50,24.0,-44.26
±3,1.75,5.0,11:30,-2213.0,50,24.0,-44.26
±3,1.75,2.25,11:30,-2213.0,50,24.0,-44.26
±3,1.5,1.75,11:30,-2213.0,50,24.0,-44.26
±3,1.5,3.75,11:30,-2213.0,50,24.0,-44.26
±3,1.75,2.75,11:30,-2213.0,50,24.0,-44.26
±3,1.5,4.5,11:30,-2213.0,50,24.0,-44.26
±3,1.0,5.0,12:00,-2220.0,50,24.0,-44.4
±3,1.0,3.75,12:00,-2220.0,50,24.0,-44.4
±3,1.0,4.25,12:00,-2220.0,50,24.0,-44.4
±3,1.0,4.5,12:00,-2220.0,50,24.0,-44.4
±3,1.0,2.75,12:00,-2220.0,50,24.0,-44.4
±3,1.0,2.5,12:00,-2220.0,50,24.0,-44.4
±3,1.0,2.0,12:00,-2220.0,50,24.0,-44.4
±3,1.0,2.25,12:00,-2220.0,50,24.0,-44.4
±3,1.0,1.75,12:00,-2220.0,50,24.0,-44.4
±3,1.0,4.75,12:00,-2220.0,50,24.0,-44.4
±3,1.0,4.0,12:00,-2220.0,50,24.0,-44.4
±3,1.0,3.5,12:00,-2220.0,50,24.0,-44.4
±3,1.0,3.25,12:00,-2220.0,50,24.0,-44.4
±3,1.0,3.0,12:00,-2220.0,50,24.0,-44.4
±2,0.75,1.5,12:00,-2224.0,50,26.0,-44.48
±2,0.5,0.75,14:30,-2226.0,50,44.0,-44.52
±3,0.5,1.5,12:30,-2227.0,50,30.0,-44.54
±3,0.5,1.0,13:00,-2236.0,50,32.0,-44.72
±3,0.75,3.75,12:00,-2240.0,50,24.0,-44.8
±3,0.75,4.25,12:00,-2240.0,50,24.0,-44.8
±3,0.75,4.0,12:00,-2240.0,50,24.0,-44.8
±3,0.75,3.5,12:00,-2240.0,50,24.0,-44.8
±3,0.75,3.0,12:00,-2240.0,50,24.0,-44.8
±3,0.75,4.5,12:00,-2240.0,50,24.0,-44.8
±3,0.75,5.0,12:00,-2240.0,50,24.0,-44.8
±3,0.75,2.75,12:00,-2240.0,50,24.0,-44.8
±3,0.75,2.5,12:00,-2240.0,50,24.0,-44.8
±3,0.75,2.25,12:00,-2240.0,50,24.0,-44.8
±3,0.75,2.0,12:00,-2240.0,50,24.0,-44.8
±3,0.75,4.75,12:00,-2240.0,50,24.0,-44.8
±3,0.75,3.25,12:00,-2240.0,50,24.0,-44.8
±3,0.75,1.75,12:00,-2240.0,50,24.0,-44.8
±2,0.5,1.0,12:30,-2244.0,50,36.0,-44.88
±2,0.5,0.75,15:00,-2246.0,50,44.0,-44.92
±2,0.5,1.5,14:30,-2246.0,50,36.0,-44.92
±2,0.5,2.0,11:30,-2250.0,50,34.0,-45.0
±2,0.5,4.5,11:30,-2250.0,50,34.0,-45.0
±2,0.5,5.0,11:30,-2250.0,50,34.0,-45.0
±2,0.5,2.75,11:30,-2250.0,50,34.0,-45.0
±2,0.5,3.75,11:30,-2250.0,50,34.0,-45.0
±2,0.5,3.5,11:30,-2250.0,50,34.0,-45.0
±2,0.5,3.25,11:30,-2250.0,50,34.0,-45.0
±2,0.5,3.0,11:30,-2250.0,50,34.0,-45.0
±2,0.5,4.25,11:30,-2250.0,50,34.0,-45.0
±2,0.5,2.5,11:30,-2250.0,50,34.0,-45.0
±2,0.5,4.75,11:30,-2250.0,50,34.0,-45.0
±2,0.5,2.25,11:30,-2250.0,50,34.0,-45.0
±2,0.5,1.75,11:30,-2250.0,50,34.0,-45.0
±2,0.5,4.0,11:30,-2250.0,50,34.0,-45.0
±2,0.5,1.25,14:30,-2255.0,50,36.0,-45.1
±3,0.5,4.0,13:30,-2271.0,50,32.0,-45.42
±3,0.5,4.25,13:30,-2271.0,50,32.0,-45.42
±3,0.5,4.75,13:30,-2271.0,50,32.0,-45.42
±3,0.5,3.75,13:30,-2271.0,50,32.0,-45.42
±3,0.5,3.25,13:30,-2271.0,50,32.0,-45.42
±3,0.5,3.5,13:30,-2271.0,50,32.0,-45.42
±3,0.5,3.0,13:30,-2271.0,50,32.0,-45.42
±3,0.5,2.25,13:30,-2271.0,50,32.0,-45.42
±3,0.5,2.5,13:30,-2271.0,50,32.0,-45.42
±3,0.5,2.75,13:30,-2271.0,50,32.0,-45.42
±3,0.5,5.0,13:30,-2271.0,50,32.0,-45.42
±3,0.5,4.5,13:30,-2271.0,50,32.0,-45.42
±3,0.5,1.75,13:30,-2271.0,50,32.0,-45.42
±3,0.5,2.0,13:30,-2271.0,50,32.0,-45.42
±2,1.0,4.5,14:30,-2276.0,50,38.0,-45.52
±2,1.0,1.75,14:30,-2276.0,50,38.0,-45.52
±2,1.0,5.0,14:30,-2276.0,50,38.0,-45.52
±2,1.0,4.75,14:30,-2276.0,50,38.0,-45.52
±2,1.0,2.5,14:30,-2276.0,50,38.0,-45.52
±2,1.0,4.25,14:30,-2276.0,50,38.0,-45.52
±2,1.0,2.0,14:30,-2276.0,50,38.0,-45.52
±2,1.0,2.25,14:30,-2276.0,50,38.0,-45.52
±2,1.0,4.0,14:30,-2276.0,50,38.0,-45.52
±2,1.0,3.0,14:30,-2276.0,50,38.0,-45.52
±2,1.0,3.5,14:30,-2276.0,50,38.0,-45.52
±2,1.0,3.75,14:30,-2276.0,50,38.0,-45.52
±2,1.0,3.25,14:30,-2276.0,50,38.0,-45.52
±2,1.0,2.75,14:30,-2276.0,50,38.0,-45.52
±2,1.0,1.5,11:30,-2289.0,50,30.0,-45.78
±2,0.5,1.25,12:00,-2292.0,50,28.0,-45.84
±3,2.75,4.5,11:30,-2312.0,50,24.0,-46.24
±3,2.75,5.0,11:30,-2312.0,50,24.0,-46.24
±3,4.5,5.0,11:30,-2312.0,50,24.0,-46.24
±3,3.25,2.5,11:30,-2312.0,50,24.0,-46.24
±3,3.25,2.25,11:30,-2312.0,50,24.0,-46.24
±3,4.75,4.25,11:30,-2312.0,50,24.0,-46.24
±3,2.75,4.75,11:30,-2312.0,50,24.0,-46.24
±3,4.25,4.25,11:30,-2312.0,50,24.0,-46.24
±3,4.25,5.0,11:30,-2312.0,50,24.0,-46.24
±3,2.25,2.5,11:30,-2312.0,50,24.0,-46.24
±3,4.5,4.75,11:30,-2312.0,50,24.0,-46.24
±3,4.5,4.5,11:30,-2312.0,50,24.0,-46.24
±3,2.0,2.75,11:30,-2312.0,50,24.0,-46.24
±3,4.75,4.0,11:30,-2312.0,50,24.0,-46.24
±3,3.25,2.75,11:30,-2312.0,50,24.0,-46.24
±3,3.25,3.0,11:30,-2312.0,50,24.0,-46.24
±3,3.25,3.25,11:30,-2312.0,50,24.0,-46.24
±3,4.25,4.75,11:30,-2312.0,50,24.0,-46.24
±3,4.25,3.75,11:30,-2312.0,50,24.0,-46.24
±3,4.75,2.5,11:30,-2312.0,50,24.0,-46.24
±3,3.75,4.75,11:30,-2312.0,50,24.0,-46.24
±3,3.75,5.0,11:30,-2312.0,50,24.0,-46.24
±3,2.75,2.75,11:30,-2312.0,50,24.0,-46.24
±3,2.75,2.5,11:30,-2312.0,50,24.0,-46.24
±3,2.25,2.75,11:30,-2312.0,50,24.0,-46.24
±3,4.25,4.0,11:30,-2312.0,50,24.0,-46.24
±3,3.25,1.75,11:30,-2312.0,50,24.0,-46.24
±3,2.5,5.0,11:30,-2312.0,50,24.0,-46.24
±3,5.0,2.75,11:30,-2312.0,50,24.0,-46.24
±3,5.0,2.5,11:30,-2312.0,50,24.0,-46.24
±3,2.5,4.75,11:30,-2312.0,50,24.0,-46.24
±3,3.75,4.25,11:30,-2312.0,50,24.0,-46.24
±3,4.5,4.25,11:30,-2312.0,50,24.0,-46.24
±3,4.25,3.0,11:30,-2312.0,50,24.0,-46.24
±3,4.25,3.25,11:30,-2312.0,50,24.0,-46.24
±3,3.75,4.5,11:30,-2312.0,50,24.0,-46.24
±3,4.25,4.5,11:30,-2312.0,50,24.0,-46.24
±3,5.0,3.0,11:30,-2312.0,50,24.0,-46.24
±3,2.5,3.5,11:30,-2312.0,50,24.0,-46.24
±3,4.75,2.75,11:30,-2312.0,50,24.0,-46.24
±3,2.5,3.75,11:30,-2312.0,50,24.0,-46.24
±3,3.5,2.5,11:30,-2312.0,50,24.0,-46.24
±3,3.5,3.0,11:30,-2312.0,50,24.0,-46.24
±3,3.5,2.75,11:30,-2312.0,50,24.0,-46.24
±3,4.75,3.75,11:30,-2312.0,50,24.0,-46.24
±3,2.75,3.0,11:30,-2312.0,50,24.0,-46.24
±3,5.0,4.0,11:30,-2312.0,50,24.0,-46.24
±3,5.0,4.75,11:30,-2312.0,50,24.0,-46.24
±3,2.5,3.0,11:30,-2312.0,50,24.0,-46.24
±3,5.0,4.25,11:30,-2312.0,50,24.0,-46.24
±3,2.75,3.5,11:30,-2312.0,50,24.0,-46.24
±3,5.0,3.25,11:30,-2312.0,50,24.0,-46.24
±3,2.0,2.5,11:30,-2312.0,50,24.0,-46.24
±3,2.0,2.25,11:30,-2312.0,50,24.0,-46.24
±3,2.0,3.0,11:30,-2312.0,50,24.0,-46.24
±3,2.75,2.25,11:30,-2312.0,50,24.0,-46.24
±3,4.5,1.75,11:30,-2312.0,50,24.0,-46.24
±3,2.0,3.25,11:30,-2312.0,50,24.0,-46.24
±3,3.0,2.0,11:30,-2312.0,50,24.0,-46.24
±3,4.0,1.75,11:30,-2312.0,50,24.0,-46.24
±3,4.0,2.0,11:30,-2312.0,50,24.0,-46.24
±3,4.5,3.75,11:30,-2312.0,50,24.0,-46.24
±3,2.25,3.0,11:30,-2312.0,50,24.0,-46.24
±3,4.5,4.0,11:30,-2312.0,50,24.0,-46.24
±3,3.0,1.75,11:30,-2312.0,50,24.0,-46.24
±3,3.75,3.25,11:30,-2312.0,50,24.0,-46.24
±3,4.25,3.5,11:30,-2312.0,50,24.0,-46.24
±3,2.0,4.5,11:30,-2312.0,50,24.0,-46.24
±3,3.5,3.5,11:30,-2312.0,50,24.0,-46.24
±3,4.75,2.25,11:30,-2312.0,50,24.0,-46.24
±3,5.0,2.25,11:30,-2312.0,50,24.0,-46.24
±3,3.75,4.0,11:30,-2312.0,50,24.0,-46.24
±3,3.75,3.75,11:30,-2312.0,50,24.0,-46.24
±3,2.25,3.25,11:30,-2312.0,50,24.0,-46.24
±3,2.0,3.75,11:30,-2312.0,50,24.0,-46.24
±3,2.25,5.0,11:30,-2312.0,50,24.0,-46.24
±3,4.5,2.0,11:30,-2312.0,50,24.0,-46.24
±3,3.5,2.25,11:30,-2312.0,50,24.0,-46.24
±3,2.25,3.5,11:30,-2312.0,50,24.0,-46.24
±3,3.75,3.5,11:30,-2312.0,50,24.0,-46.24
±3,2.5,2.75,11:30,-2312.0,50,24.0,-46.24
±3,3.5,2.0,11:30,-2312.0,50,24.0,-46.24
±3,3.25,2.0,11:30,-2312.0,50,24.0,-46.24
±3,3.0,2.25,11:30,-2312.0,50,24.0,-46.24
±3,3.25,4.5,11:30,-2312.0,50,24.0,-46.24
±3,3.5,4.25,11:30,-2312.0,50,24.0,-46.24
±3,2.75,2.0,11:30,-2312.0,50,24.0,-46.24
±3,3.0,3.0,11:30,-2312.0,50,24.0,-46.24
±3,3.0,2.75,11:30,-2312.0,50,24.0,-46.24
±3,3.0,2.5,11:30,-2312.0,50,24.0,-46.24
±3,5.0,1.75,11:30,-2312.0,50,24.0,-46.24
±3,2.5,3.25,11:30,-2312.0,50,24.0,-46.24
±3,3.5,3.75,11:30,-2312.0,50,24.0,-46.24
±3,4.5,3.25,11:30,-2312.0,50,24.0,-46.24
±3,3.75,2.5,11:30,-2312.0,50,24.0,-46.24
±3,4.0,2.75,11:30,-2312.0,50,24.0,-46.24
±3,4.0,3.0,11:30,-2312.0,50,24.0,-46.24
±3,3.5,4.0,11:30,-2312.0,50,24.0,-46.24
±3,3.75,3.0,11:30,-2312.0,50,24.0,-46.24
±3,2.5,4.5,11:30,-2312.0,50,24.0,-46.24
±3,3.25,4.0,11:30,-2312.0,50,24.0,-46.24
±3,3.25,4.25,11:30,-2312.0,50,24.0,-46.24
±3,3.0,3.25,11:30,-2312.0,50,24.0,-46.24
±3,3.0,3.75,11:30,-2312.0,50,24.0,-46.24
±3,3.0,3.5,11:30,-2312.0,50,24.0,-46.24
±3,5.0,2.0,11:30,-2312.0,50,24.0,-46.24
±3,4.0,3.25,11:30,-2312.0,50,24.0,-46.24
±3,4.0,3.75,11:30,-2312.0,50,24.0,-46.24
±3,4.0,2.25,11:30,-2312.0,50,24.0,-46.24
±3,4.25,2.5,11:30,-2312.0,50,24.0,-46.24
±3,4.0,2.5,11:30,-2312.0,50,24.0,-46.24
±3,2.25,4.75,11:30,-2312.0,50,24.0,-46.24
±3,4.25,2.75,11:30,-2312.0,50,24.0,-46.24
±3,4.25,2.25,11:30,-2312.0,50,24.0,-46.24
±3,3.25,3.75,11:30,-2312.0,50,24.0,-46.24
±3,3.75,2.75,11:30,-2312.0,50,24.0,-46.24
±3,4.5,3.5,11:30,-2312.0,50,24.0,-46.24
±3,3.25,3.5,11:30,-2312.0,50,24.0,-46.24
±3,2.25,3.75,11:30,-2312.0,50,24.0,-46.24
±3,4.25,1.75,11:30,-2312.0,50,24.0,-46.24
±3,3.5,4.5,11:30,-2312.0,50,24.0,-46.24
±3,2.5,2.25,11:30,-2312.0,50,24.0,-46.24
±3,3.5,4.75,11:30,-2312.0,50,24.0,-46.24
±3,3.5,5.0,11:30,-2312.0,50,24.0,-46.24
±3,4.75,4.75,11:30,-2312.0,50,24.0,-46.24
±3,4.75,4.5,11:30,-2312.0,50,24.0,-46.24
±3,4.25,2.0,11:30,-2312.0,50,24.0,-46.24
±3,4.0,3.5,11:30,-2312.0,50,24.0,-46.24
±3,2.0,4.75,11:30,-2312.0,50,24.0,-46.24
±3,2.5,4.25,11:30,-2312.0,50,24.0,-46.24
±3,2.25,4.5,11:30,-2312.0,50,24.0,-46.24
±3,4.0,4.25,11:30,-2312.0,50,24.0,-46.24
±3,4.75,3.25,11:30,-2312.0,50,24.0,-46.24
±3,4.75,3.5,11:30,-2312.0,50,24.0,-46.24
±3,4.0,4.0,11:30,-2312.0,50,24.0,-46.24
±3,2.75,1.75,11:30,-2312.0,50,24.0,-46.24
±3,3.25,4.75,11:30,-2312.0,50,24.0,-46.24
±3,4.75,5.0,11:30,-2312.0,50,24.0,-46.24
±3,4.75,1.75,11:30,-2312.0,50,24.0,-46.24
±3,4.75,2.0,11:30,-2312.0,50,24.0,-46.24
±3,3.0,4.5,11:30,-2312.0,50,24.0,-46.24
±3,4.75,3.0,11:30,-2312.0,50,24.0,-46.24
±3,3.0,4.75,11:30,-2312.0,50,24.0,-46.24
±3,3.0,4.0,11:30,-2312.0,50,24.0,-46.24
±3,2.25,1.75,11:30,-2312.0,50,24.0,-46.24
±3,3.0,4.25,11:30,-2312.0,50,24.0,-46.24
±3,3.5,1.75,11:30,-2312.0,50,24.0,-46.24
±3,2.5,2.5,11:30,-2312.0,50,24.0,-46.24
±3,2.0,4.0,11:30,-2312.0,50,24.0,-46.24
±3,2.0,4.25,11:30,-2312.0,50,24.0,-46.24
±3,4.0,5.0,11:30,-2312.0,50,24.0,-46.24
±3,2.5,4.0,11:30,-2312.0,50,24.0,-46.24
±3,4.5,2.5,11:30,-2312.0,50,24.0,-46.24
±3,4.5,2.25,11:30,-2312.0,50,24.0,-46.24
±3,3.25,5.0,11:30,-2312.0,50,24.0,-46.24
±3,2.25,4.0,11:30,-2312.0,50,24.0,-46.24
±3,3.0,5.0,11:30,-2312.0,50,24.0,-46.24
±3,2.0,3.5,11:30,-2312.0,50,24.0,-46.24
±3,4.5,2.75,11:30,-2312.0,50,24.0,-46.24
±3,2.25,4.25,11:30,-2312.0,50,24.0,-46.24
±3,4.5,3.0,11:30,-2312.0,50,24.0,-46.24
±3,2.0,5.0,11:30,-2312.0,50,24.0,-46.24
±3,2.5,2.0,11:30,-2312.0,50,24.0,-46.24
±3,2.5,1.75,11:30,-2312.0,50,24.0,-46.24
±3,3.75,2.0,11:30,-2312.0,50,24.0,-46.24
±3,3.75,2.25,11:30,-2312.0,50,24.0,-46.24
±3,4.0,4.75,11:30,-2312.0,50,24.0,-46.24
±3,4.0,4.5,11:30,-2312.0,50,24.0,-46.24
±3,3.75,1.75,11:30,-2312.0,50,24.0,-46.24
±3,5.0,3.75,11:30,-2312.0,50,24.0,-46.24
±3,2.25,2.0,11:30,-2312.0,50,24.0,-46.24
±3,2.75,4.25,11:30,-2312.0,50,24.0,-46.24
±3,5.0,5.0,11:30,-2312.0,50,24.0,-46.24
±3,2.25,2.25,11:30,-2312.0,50,24.0,-46.24
±3,2.75,3.75,11:30,-2312.0,50,24.0,-46.24
±3,3.5,3.25,11:30,-2312.0,50,24.0,-46.24
±3,2.75,4.0,11:30,-2312.0,50,24.0,-46.24
±3,2.0,1.75,11:30,-2312.0,50,24.0,-46.24
±3,2.75,3.25,11:30,-2312.0,50,24.0,-46.24
±3,2.0,2.0,11:30,-2312.0,50,24.0,-46.24
±3,5.0,3.5,11:30,-2312.0,50,24.0,-46.24
±3,5.0,4.5,11:30,-2312.0,50,24.0,-46.24
±2,1.0,0.5,11:30,-2323.0,50,30.0,-46.46
±3,0.5,1.75,12:00,-2323.0,50,26.0,-46.46
±3,0.5,2.25,12:00,-2323.0,50,26.0,-46.46
±3,0.5,2.0,12:00,-2323.0,50,26.0,-46.46
±3,0.5,3.5,12:00,-2323.0,50,26.0,-46.46
±3,0.5,3.25,12:00,-2323.0,50,26.0,-46.46
±3,0.5,4.5,12:00,-2323.0,50,26.0,-46.46
±3,0.5,4.0,12:00,-2323.0,50,26.0,-46.46
±3,0.5,4.25,12:00,-2323.0,50,26.0,-46.46
±3,0.5,3.75,12:00,-2323.0,50,26.0,-46.46
±3,0.5,4.75,12:00,-2323.0,50,26.0,-46.46
±3,0.5,3.0,12:00,-2323.0,50,26.0,-46.46
±3,0.5,2.5,12:00,-2323.0,50,26.0,-46.46
±3,0.5,2.75,12:00,-2323.0,50,26.0,-46.46
±3,0.5,5.0,12:00,-2323.0,50,26.0,-46.46
±2,0.5,1.0,14:00,-2327.0,50,40.0,-46.54
±2,1.75,2.75,11:30,-2333.0,50,30.0,-46.66
±2,1.5,1.75,11:30,-2333.0,50,30.0,-46.66
±2,1.5,3.25,11:30,-2333.0,50,30.0,-46.66
±2,1.75,1.75,11:30,-2333.0,50,30.0,-46.66
±2,1.75,2.0,11:30,-2333.0,50,30.0,-46.66
±2,1.5,3.75,11:30,-2333.0,50,30.0,-46.66
±2,1.75,4.5,11:30,-2333.0,50,30.0,-46.66
±2,1.75,4.25,11:30,-2333.0,50,30.0,-46.66
±2,1.5,3.0,11:30,-2333.0,50,30.0,-46.66
±2,1.75,3.5,11:30,-2333.0,50,30.0,-46.66
±2,1.5,2.0,11:30,-2333.0,50,30.0,-46.66
±2,1.75,3.25,11:30,-2333.0,50,30.0,-46.66
±2,1.5,4.75,11:30,-2333.0,50,30.0,-46.66
±2,1.75,3.75,11:30,-2333.0,50,30.0,-46.66
±2,1.75,4.0,11:30,-2333.0,50,30.0,-46.66
±2,1.5,4.5,11:30,-2333.0,50,30.0,-46.66
±2,1.5,5.0,11:30,-2333.0,50,30.0,-46.66
±2,1.75,4.75,11:30,-2333.0,50,30.0,-46.66
±2,1.5,3.5,11:30,-2333.0,50,30.0,-46.66
±2,1.5,4.25,11:30,-2333.0,50,30.0,-46.66
±2,1.75,5.0,11:30,-2333.0,50,30.0,-46.66
±2,1.5,4.0,11:30,-2333.0,50,30.0,-46.66
±2,1.75,3.0,11:30,-2333.0,50,30.0,-46.66
±2,1.75,2.25,11:30,-2333.0,50,30.0,-46.66
±2,1.5,2.75,11:30,-2333.0,50,30.0,-46.66
±2,1.5,2.25,11:30,-2333.0,50,30.0,-46.66
±2,1.75,2.5,11:30,-2333.0,50,30.0,-46.66
±2,1.5,2.5,11:30,-2333.0,50,30.0,-46.66
±2,0.5,1.5,12:00,-2337.0,50,28.0,-46.74
±2,1.0,4.0,12:00,-2353.0,50,24.0,-47.06
±2,1.0,3.75,12:00,-2353.0,50,24.0,-47.06
±2,1.0,3.25,12:00,-2353.0,50,24.0,-47.06
±2,1.0,2.25,12:00,-2353.0,50,24.0,-47.06
±2,1.0,3.0,12:00,-2353.0,50,24.0,-47.06
±2,1.0,3.5,12:00,-2353.0,50,24.0,-47.06
±2,1.0,4.75,12:00,-2353.0,50,24.0,-47.06
±2,1.0,1.75,12:00,-2353.0,50,24.0,-47.06
±2,1.0,4.5,12:00,-2353.0,50,24.0,-47.06
±2,1.0,5.0,12:00,-2353.0,50,24.0,-47.06
±2,1.0,2.75,12:00,-2353.0,50,24.0,-47.06
±2,1.0,4.25,12:00,-2353.0,50,24.0,-47.06
±2,1.0,2.5,12:00,-2353.0,50,24.0,-47.06
±2,1.0,2.0,12:00,-2353.0,50,24.0,-47.06
±2,0.5,1.0,14:30,-2356.0,50,40.0,-47.12
±3,3.0,4.5,14:30,-2361.0,50,32.0,-47.22
±3,3.0,3.75,14:30,-2361.0,50,32.0,-47.22
±3,4.5,2.25,14:30,-2361.0,50,32.0,-47.22
±3,3.0,4.0,14:30,-2361.0,50,32.0,-47.22
±3,3.0,4.25,14:30,-2361.0,50,32.0,-47.22
±3,2.5,4.0,14:30,-2361.0,50,32.0,-47.22
±3,4.75,1.75,14:30,-2361.0,50,32.0,-47.22
±3,4.75,2.0,14:30,-2361.0,50,32.0,-47.22
±3,2.0,4.75,14:30,-2361.0,50,32.0,-47.22
±3,4.5,2.75,14:30,-2361.0,50,32.0,-47.22
±3,2.75,3.75,14:30,-2361.0,50,32.0,-47.22
±3,2.75,1.75,14:30,-2361.0,50,32.0,-47.22
±3,4.0,3.5,14:30,-2361.0,50,32.0,-47.22
±3,2.25,3.75,14:30,-2361.0,50,32.0,-47.22
±3,3.5,4.75,14:30,-2361.0,50,32.0,-47.22
±3,3.0,4.75,14:30,-2361.0,50,32.0,-47.22
±3,4.75,5.0,14:30,-2361.0,50,32.0,-47.22
±3,4.0,3.75,14:30,-2361.0,50,32.0,-47.22
±3,4.75,4.75,14:30,-2361.0,50,32.0,-47.22
±3,3.0,5.0,14:30,-2361.0,50,32.0,-47.22
±3,4.0,4.0,14:30,-2361.0,50,32.0,-47.22
±3,3.25,4.5,14:30,-2361.0,50,32.0,-47.22
±3,3.5,4.25,14:30,-2361.0,50,32.0,-47.22
±3,2.25,3.5,14:30,-2361.0,50,32.0,-47.22
±3,3.75,2.25,14:30,-2361.0,50,32.0,-47.22
±3,3.75,2.5,14:30,-2361.0,50,32.0,-47.22
±3,4.75,3.0,14:30,-2361.0,50,32.0,-47.22
±3,4.75,3.25,14:30,-2361.0,50,32.0,-47.22
±3,2.0,4.0,14:30,-2361.0,50,32.0,-47.22
±3,4.0,4.25,14:30,-2361.0,50,32.0,-47.22
±3,2.0,3.25,14:30,-2361.0,50,32.0,-47.22
±3,4.0,4.75,14:30,-2361.0,50,32.0,-47.22
±3,2.5,1.75,14:30,-2361.0,50,32.0,-47.22
±3,2.25,4.0,14:30,-2361.0,50,32.0,-47.22
±3,4.5,2.5,14:30,-2361.0,50,32.0,-47.22
±3,3.25,5.0,14:30,-2361.0,50,32.0,-47.22
±3,3.25,4.75,14:30,-2361.0,50,32.0,-47.22
±3,3.75,2.0,14:30,-2361.0,50,32.0,-47.22
±3,4.0,4.5,14:30,-2361.0,50,32.0,-47.22
±3,4.0,5.0,14:30,-2361.0,50,32.0,-47.22
±3,2.25,2.0,14:30,-2361.0,50,32.0,-47.22
±3,5.0,3.75,14:30,-2361.0,50,32.0,-47.22
±3,3.75,1.75,14:30,-2361.0,50,32.0,-47.22
±3,2.25,1.75,14:30,-2361.0,50,32.0,-47.22
±3,3.5,3.0,14:30,-2361.0,50,32.0,-47.22
±3,2.75,4.25,14:30,-2361.0,50,32.0,-47.22
±3,2.75,3.25,14:30,-2361.0,50,32.0,-47.22
±3,2.0,1.75,14:30,-2361.0,50,32.0,-47.22
±3,2.75,3.5,14:30,-2361.0,50,32.0,-47.22
±3,2.25,2.25,14:30,-2361.0,50,32.0,-47.22
±3,2.75,4.0,14:30,-2361.0,50,32.0,-47.22
±3,5.0,4.25,14:30,-2361.0,50,32.0,-47.22
±3,5.0,3.5,14:30,-2361.0,50,32.0,-47.22
±3,5.0,3.25,14:30,-2361.0,50,32.0,-47.22
±3,3.25,3.75,14:30,-2361.0,50,32.0,-47.22
±3,3.25,4.0,14:30,-2361.0,50,32.0,-47.22
±3,2.0,3.5,14:30,-2361.0,50,32.0,-47.22
±3,4.0,2.75,14:30,-2361.0,50,32.0,-47.22
±3,3.5,3.75,14:30,-2361.0,50,32.0,-47.22
±3,5.0,2.0,14:30,-2361.0,50,32.0,-47.22
±3,5.0,1.75,14:30,-2361.0,50,32.0,-47.22
±3,3.5,4.0,14:30,-2361.0,50,32.0,-47.22
±3,3.0,3.25,14:30,-2361.0,50,32.0,-47.22
±3,3.0,3.0,14:30,-2361.0,50,32.0,-47.22
±3,4.25,1.75,14:30,-2361.0,50,32.0,-47.22
±3,3.0,3.5,14:30,-2361.0,50,32.0,-47.22
±3,4.0,3.25,14:30,-2361.0,50,32.0,-47.22
±3,2.25,4.25,14:30,-2361.0,50,32.0,-47.22
±3,4.0,3.0,14:30,-2361.0,50,32.0,-47.22
±3,4.25,2.0,14:30,-2361.0,50,32.0,-47.22
±3,2.5,2.75,14:30,-2361.0,50,32.0,-47.22
±3,2.5,2.25,14:30,-2361.0,50,32.0,-47.22
±3,2.5,2.0,14:30,-2361.0,50,32.0,-47.22
±3,4.5,3.0,14:30,-2361.0,50,32.0,-47.22
±3,4.75,4.5,14:30,-2361.0,50,32.0,-47.22
±3,3.5,4.5,14:30,-2361.0,50,32.0,-47.22
±3,3.5,5.0,14:30,-2361.0,50,32.0,-47.22
±3,4.75,2.75,14:30,-2361.0,50,32.0,-47.22
±3,2.0,3.75,14:30,-2361.0,50,32.0,-47.22
±3,4.0,2.25,14:30,-2361.0,50,32.0,-47.22
±3,2.25,4.5,14:30,-2361.0,50,32.0,-47.22
±3,4.25,2.25,14:30,-2361.0,50,32.0,-47.22
±3,3.5,2.0,14:30,-2361.0,50,32.0,-47.22
±3,2.25,3.25,14:30,-2361.0,50,32.0,-47.22
±3,4.5,2.0,14:30,-2361.0,50,32.0,-47.22
±3,4.25,2.5,14:30,-2361.0,50,32.0,-47.22
±3,3.25,3.5,14:30,-2361.0,50,32.0,-47.22
±3,3.75,2.75,14:30,-2361.0,50,32.0,-47.22
±3,4.5,3.25,14:30,-2361.0,50,32.0,-47.22
±3,4.5,3.5,14:30,-2361.0,50,32.0,-47.22
±3,3.75,3.5,14:30,-2361.0,50,32.0,-47.22
±3,3.5,1.75,14:30,-2361.0,50,32.0,-47.22
±3,2.5,3.75,14:30,-2361.0,50,32.0,-47.22
±3,2.0,3.0,14:30,-2361.0,50,32.0,-47.22
±3,4.25,2.75,14:30,-2361.0,50,32.0,-47.22
±3,2.75,2.0,14:30,-2361.0,50,32.0,-47.22
±3,4.0,1.75,14:30,-2361.0,50,32.0,-47.22
±3,3.0,1.75,14:30,-2361.0,50,32.0,-47.22
±3,4.0,2.0,14:30,-2361.0,50,32.0,-47.22
±3,2.0,2.75,14:30,-2361.0,50,32.0,-47.22
±3,3.0,2.0,14:30,-2361.0,50,32.0,-47.22
±3,4.5,1.75,14:30,-2361.0,50,32.0,-47.22
±3,3.75,3.25,14:30,-2361.0,50,32.0,-47.22
±3,3.25,4.25,14:30,-2361.0,50,32.0,-47.22
±3,4.5,3.75,14:30,-2361.0,50,32.0,-47.22
±3,3.75,3.0,14:30,-2361.0,50,32.0,-47.22
±3,4.25,3.25,14:30,-2361.0,50,32.0,-47.22
±3,3.5,3.5,14:30,-2361.0,50,32.0,-47.22
±3,4.25,3.5,14:30,-2361.0,50,32.0,-47.22
±3,3.5,2.25,14:30,-2361.0,50,32.0,-47.22
±3,2.5,2.5,14:30,-2361.0,50,32.0,-47.22
±3,3.0,2.25,14:30,-2361.0,50,32.0,-47.22
±3,3.0,2.5,14:30,-2361.0,50,32.0,-47.22
±3,2.25,4.75,14:30,-2361.0,50,32.0,-47.22
±3,4.0,2.5,14:30,-2361.0,50,32.0,-47.22
±3,3.0,2.75,14:30,-2361.0,50,32.0,-47.22
±3,2.5,3.25,14:30,-2361.0,50,32.0,-47.22
±3,2.5,4.25,14:30,-2361.0,50,32.0,-47.22
±3,2.5,4.75,14:30,-2361.0,50,32.0,-47.22
±3,2.0,4.25,14:30,-2361.0,50,32.0,-47.22
±3,4.75,3.5,14:30,-2361.0,50,32.0,-47.22
±3,3.75,4.25,14:30,-2361.0,50,32.0,-47.22
±3,4.5,4.0,14:30,-2361.0,50,32.0,-47.22
±3,4.25,3.0,14:30,-2361.0,50,32.0,-47.22
±3,3.5,3.25,14:30,-2361.0,50,32.0,-47.22
±3,2.0,4.5,14:30,-2361.0,50,32.0,-47.22
±3,2.25,3.0,14:30,-2361.0,50,32.0,-47.22
±3,2.25,2.5,14:30,-2361.0,50,32.0,-47.22
±3,2.75,2.25,14:30,-2361.0,50,32.0,-47.22
±3,2.5,4.5,14:30,-2361.0,50,32.0,-47.22
±3,5.0,2.5,14:30,-2361.0,50,32.0,-47.22
±3,5.0,2.25,14:30,-2361.0,50,32.0,-47.22
±3,3.75,3.75,14:30,-2361.0,50,32.0,-47.22
±3,3.75,4.0,14:30,-2361.0,50,32.0,-47.22
±3,3.25,2.75,14:30,-2361.0,50,32.0,-47.22
±3,2.0,5.0,14:30,-2361.0,50,32.0,-47.22
±3,4.75,3.75,14:30,-2361.0,50,32.0,-47.22
±3,3.5,2.75,14:30,-2361.0,50,32.0,-47.22
±3,3.5,2.5,14:30,-2361.0,50,32.0,-47.22
±3,2.5,3.5,14:30,-2361.0,50,32.0,-47.22
±3,4.75,2.5,14:30,-2361.0,50,32.0,-47.22
±3,4.75,2.25,14:30,-2361.0,50,32.0,-47.22
±3,4.25,3.75,14:30,-2361.0,50,32.0,-47.22
±3,3.25,3.0,14:30,-2361.0,50,32.0,-47.22
±3,4.5,4.25,14:30,-2361.0,50,32.0,-47.22
±3,3.25,1.75,14:30,-2361.0,50,32.0,-47.22
±3,2.5,5.0,14:30,-2361.0,50,32.0,-47.22
±3,2.25,5.0,14:30,-2361.0,50,32.0,-47.22
±3,2.75,2.5,14:30,-2361.0,50,32.0,-47.22
±3,5.0,2.75,14:30,-2361.0,50,32.0,-47.22
±3,4.5,5.0,14:30,-2361.0,50,32.0,-47.22
±3,3.75,4.5,14:30,-2361.0,50,32.0,-47.22
±3,3.75,4.75,14:30,-2361.0,50,32.0,-47.22
±3,3.75,5.0,14:30,-2361.0,50,32.0,-47.22
±3,3.25,2.0,14:30,-2361.0,50,32.0,-47.22
±3,3.25,2.25,14:30,-2361.0,50,32.0,-47.22
±3,2.75,4.75,14:30,-2361.0,50,32.0,-47.22
±3,4.5,4.75,14:30,-2361.0,50,32.0,-47.22
±3,4.25,4.0,14:30,-2361.0,50,32.0,-47.22
±3,4.25,4.25,14:30,-2361.0,50,32.0,-47.22
±3,2.75,4.5,14:30,-2361.0,50,32.0,-47.22
±3,2.25,2.75,14:30,-2361.0,50,32.0,-47.22
±3,4.5,4.5,14:30,-2361.0,50,32.0,-47.22
±3,4.25,4.5,14:30,-2361.0,50,32.0,-47.22
±3,5.0,3.0,14:30,-2361.0,50,32.0,-47.22
±3,2.75,5.0,14:30,-2361.0,50,32.0,-47.22
±3,3.25,2.5,14:30,-2361.0,50,32.0,-47.22
±3,4.25,5.0,14:30,-2361.0,50,32.0,-47.22
±3,4.25,4.75,14:30,-2361.0,50,32.0,-47.22
±3,4.75,4.25,14:30,-2361.0,50,32.0,-47.22
±3,2.0,2.5,14:30,-2361.0,50,32.0,-47.22
±3,2.75,2.75,14:30,-2361.0,50,32.0,-47.22
±3,4.75,4.0,14:30,-2361.0,50,32.0,-47.22
±3,3.25,3.25,14:30,-2361.0,50,32.0,-47.22
±3,5.0,5.0,14:30,-2361.0,50,32.0,-47.22
±3,2.75,3.0,14:30,-2361.0,50,32.0,-47.22
±3,5.0,4.0,14:30,-2361.0,50,32.0,-47.22
±3,5.0,4.5,14:30,-2361.0,50,32.0,-47.22
±3,2.5,3.0,14:30,-2361.0,50,32.0,-47.22
±3,2.0,2.25,14:30,-2361.0,50,32.0,-47.22
±3,2.0,2.0,14:30,-2361.0,50,32.0,-47.22
±3,5.0,4.75,14:30,-2361.0,50,32.0,-47.22
±2,0.75,3.75,12:00,-2365.0,50,26.0,-47.3
±2,0.75,4.25,12:00,-2365.0,50,26.0,-47.3
±2,0.75,3.5,12:00,-2365.0,50,26.0,-47.3
±2,0.75,4.0,12:00,-2365.0,50,26.0,-47.3
±2,0.75,3.0,12:00,-2365.0,50,26.0,-47.3
±2,0.75,3.25,12:00,-2365.0,50,26.0,-47.3
±2,0.75,4.5,12:00,-2365.0,50,26.0,-47.3
±2,0.75,4.75,12:00,-2365.0,50,26.0,-47.3
±2,0.75,2.25,12:00,-2365.0,50,26.0,-47.3
±2,0.75,2.0,12:00,-2365.0,50,26.0,-47.3
±2,0.75,2.5,12:00,-2365.0,50,26.0,-47.3
±2,0.75,2.75,12:00,-2365.0,50,26.0,-47.3
±2,0.75,1.75,12:00,-2365.0,50,26.0,-47.3
±2,0.75,5.0,12:00,-2365.0,50,26.0,-47.3
±3,0.5,2.0,14:30,-2394.0,50,34.0,-47.88
±3,0.5,2.25,14:30,-2394.0,50,34.0,-47.88
±3,0.5,1.75,14:30,-2394.0,50,34.0,-47.88
±3,0.5,4.0,14:30,-2394.0,50,34.0,-47.88
±3,0.5,3.75,14:30,-2394.0,50,34.0,-47.88
±3,0.5,3.5,14:30,-2394.0,50,34.0,-47.88
±3,0.5,2.75,14:30,-2394.0,50,34.0,-47.88
±3,0.5,2.5,14:30,-2394.0,50,34.0,-47.88
±3,0.5,3.25,14:30,-2394.0,50,34.0,-47.88
±3,0.5,3.0,14:30,-2394.0,50,34.0,-47.88
±3,0.5,4.25,14:30,-2394.0,50,34.0,-47.88
±3,0.5,5.0,14:30,-2394.0,50,34.0,-47.88
±3,0.5,4.75,14:30,-2394.0,50,34.0,-47.88
±3,0.5,4.5,14:30,-2394.0,50,34.0,-47.88
±2,0.5,1.5,13:30,-2396.0,50,34.0,-47.92
±2,0.5,1.25,14:00,-2405.0,50,36.0,-48.1
±2,2.0,5.0,14:30,-2432.0,50,32.0,-48.64
±2,4.5,4.75,14:30,-2432.0,50,32.0,-48.64
±2,3.5,2.0,14:30,-2432.0,50,32.0,-48.64
±2,2.75,5.0,14:30,-2432.0,50,32.0,-48.64
±2,4.5,5.0,14:30,-2432.0,50,32.0,-48.64
±2,3.5,4.0,14:30,-2432.0,50,32.0,-48.64
±2,5.0,5.0,14:30,-2432.0,50,32.0,-48.64
±2,3.0,5.0,14:30,-2432.0,50,32.0,-48.64
±2,5.0,4.0,14:30,-2432.0,50,32.0,-48.64
±2,4.25,3.5,14:30,-2432.0,50,32.0,-48.64
±2,4.25,3.0,14:30,-2432.0,50,32.0,-48.64
±2,4.25,4.5,14:30,-2432.0,50,32.0,-48.64
±2,3.5,4.75,14:30,-2432.0,50,32.0,-48.64
±2,3.0,4.25,14:30,-2432.0,50,32.0,-48.64
±2,2.25,3.75,14:30,-2432.0,50,32.0,-48.64
±2,2.0,4.25,14:30,-2432.0,50,32.0,-48.64
±2,3.0,4.5,14:30,-2432.0,50,32.0,-48.64
±2,2.75,4.75,14:30,-2432.0,50,32.0,-48.64
±2,2.75,2.25,14:30,-2432.0,50,32.0,-48.64
±2,3.5,5.0,14:30,-2432.0,50,32.0,-48.64
±2,2.0,4.75,14:30,-2432.0,50,32.0,-48.64
±2,3.0,4.75,14:30,-2432.0,50,32.0,-48.64
±2,4.25,3.25,14:30,-2432.0,50,32.0,-48.64
±2,4.25,5.0,14:30,-2432.0,50,32.0,-48.64
±2,5.0,4.5,14:30,-2432.0,50,32.0,-48.64
±2,5.0,2.0,14:30,-2432.0,50,32.0,-48.64
±2,2.25,3.5,14:30,-2432.0,50,32.0,-48.64
±2,2.0,4.5,14:30,-2432.0,50,32.0,-48.64
±2,4.5,3.75,14:30,-2432.0,50,32.0,-48.64
±2,3.5,2.25,14:30,-2432.0,50,32.0,-48.64
±2,3.75,1.75,14:30,-2432.0,50,32.0,-48.64
±2,2.0,4.0,14:30,-2432.0,50,32.0,-48.64
±2,3.5,1.75,14:30,-2432.0,50,32.0,-48.64
±2,3.0,3.25,14:30,-2432.0,50,32.0,-48.64
±2,4.25,2.25,14:30,-2432.0,50,32.0,-48.64
±2,5.0,1.75,14:30,-2432.0,50,32.0,-48.64
±2,3.5,2.5,14:30,-2432.0,50,32.0,-48.64
±2,5.0,3.75,14:30,-2432.0,50,32.0,-48.64
±2,2.5,4.75,14:30,-2432.0,50,32.0,-48.64
±2,3.75,2.75,14:30,-2432.0,50,32.0,-48.64
±2,4.25,2.75,14:30,-2432.0,50,32.0,-48.64
±2,5.0,4.75,14:30,-2432.0,50,32.0,-48.64
±2,2.0,3.5,14:30,-2432.0,50,32.0,-48.64
±2,2.75,2.5,14:30,-2432.0,50,32.0,-48.64
±2,3.75,2.5,14:30,-2432.0,50,32.0,-48.64
±2,3.75,2.0,14:30,-2432.0,50,32.0,-48.64
±2,2.5,5.0,14:30,-2432.0,50,32.0,-48.64
±2,4.25,2.5,14:30,-2432.0,50,32.0,-48.64
±2,2.25,4.0,14:30,-2432.0,50,32.0,-48.64
±2,4.75,1.75,14:30,-2432.0,50,32.0,-48.64
±2,3.75,2.25,14:30,-2432.0,50,32.0,-48.64
±2,3.5,3.75,14:30,-2432.0,50,32.0,-48.64
±2,4.5,4.5,14:30,-2432.0,50,32.0,-48.64
±2,5.0,3.5,14:30,-2432.0,50,32.0,-48.64
±2,5.0,4.25,14:30,-2432.0,50,32.0,-48.64
±2,4.25,4.25,14:30,-2432.0,50,32.0,-48.64
±2,4.25,3.75,14:30,-2432.0,50,32.0,-48.64
±2,4.5,4.25,14:30,-2432.0,50,32.0,-48.64
±2,4.5,4.0,14:30,-2432.0,50,32.0,-48.64
±2,3.5,4.5,14:30,-2432.0,50,32.0,-48.64
±2,2.25,2.0,14:30,-2432.0,50,32.0,-48.64
±2,2.25,3.25,14:30,-2432.0,50,32.0,-48.64
±2,3.0,3.5,14:30,-2432.0,50,32.0,-48.64
±2,3.5,4.25,14:30,-2432.0,50,32.0,-48.64
±2,2.25,1.75,14:30,-2432.0,50,32.0,-48.64
±2,3.0,3.75,14:30,-2432.0,50,32.0,-48.64
±2,5.0,3.25,14:30,-2432.0,50,32.0,-48.64
±2,3.0,4.0,14:30,-2432.0,50,32.0,-48.64
±2,4.25,4.0,14:30,-2432.0,50,32.0,-48.64
±2,2.25,2.75,14:30,-2432.0,50,32.0,-48.64
±2,2.5,2.75,14:30,-2432.0,50,32.0,-48.64
±2,3.25,3.0,14:30,-2432.0,50,32.0,-48.64
±2,3.25,2.75,14:30,-2432.0,50,32.0,-48.64
±2,4.0,4.25,14:30,-2432.0,50,32.0,-48.64
±2,2.75,3.75,14:30,-2432.0,50,32.0,-48.64
±2,4.5,3.5,14:30,-2432.0,50,32.0,-48.64
±2,4.75,2.0,14:30,-2432.0,50,32.0,-48.64
±2,2.0,2.5,14:30,-2432.0,50,32.0,-48.64
±2,2.25,4.5,14:30,-2432.0,50,32.0,-48.64
±2,2.75,2.0,14:30,-2432.0,50,32.0,-48.64
±2,3.75,3.25,14:30,-2432.0,50,32.0,-48.64
±2,2.0,3.0,14:30,-2432.0,50,32.0,-48.64
±2,2.0,3.25,14:30,-2432.0,50,32.0,-48.64
±2,2.75,4.25,14:30,-2432.0,50,32.0,-48.64
±2,3.75,3.0,14:30,-2432.0,50,32.0,-48.64
±2,2.0,2.75,14:30,-2432.0,50,32.0,-48.64
±2,2.0,3.75,14:30,-2432.0,50,32.0,-48.64
±2,4.25,4.75,14:30,-2432.0,50,32.0,-48.64
±2,2.25,4.25,14:30,-2432.0,50,32.0,-48.64
±2,2.75,2.75,14:30,-2432.0,50,32.0,-48.64
±2,2.0,2.0,14:30,-2432.0,50,32.0,-48.64
±2,3.75,4.25,14:30,-2432.0,50,32.0,-48.64
±2,4.75,2.25,14:30,-2432.0,50,32.0,-48.64
±2,4.75,2.5,14:30,-2432.0,50,32.0,-48.64
±2,4.5,3.25,14:30,-2432.0,50,32.0,-48.64
±2,2.75,3.0,14:30,-2432.0,50,32.0,-48.64
±2,3.75,3.75,14:30,-2432.0,50,32.0,-48.64
±2,4.5,3.0,14:30,-2432.0,50,32.0,-48.64
±2,2.0,1.75,14:30,-2432.0,50,32.0,-48.64
±2,2.25,5.0,14:30,-2432.0,50,32.0,-48.64
±2,3.75,3.5,14:30,-2432.0,50,32.0,-48.64
±2,3.75,4.0,14:30,-2432.0,50,32.0,-48.64
±2,4.0,2.0,14:30,-2432.0,50,32.0,-48.64
±2,3.25,4.25,14:30,-2432.0,50,32.0,-48.64
±2,3.0,2.25,14:30,-2432.0,50,32.0,-48.64
±2,3.75,5.0,14:30,-2432.0,50,32.0,-48.64
±2,4.5,1.75,14:30,-2432.0,50,32.0,-48.64
±2,4.75,2.75,14:30,-2432.0,50,32.0,-48.64
±2,3.0,1.75,14:30,-2432.0,50,32.0,-48.64
±2,3.25,5.0,14:30,-2432.0,50,32.0,-48.64
±2,4.75,4.75,14:30,-2432.0,50,32.0,-48.64
±2,4.75,5.0,14:30,-2432.0,50,32.0,-48.64
±2,3.25,1.75,14:30,-2432.0,50,32.0,-48.64
±2,3.75,4.75,14:30,-2432.0,50,32.0,-48.64
±2,3.75,4.5,14:30,-2432.0,50,32.0,-48.64
±2,4.25,1.75,14:30,-2432.0,50,32.0,-48.64
±2,3.25,4.5,14:30,-2432.0,50,32.0,-48.64
±2,3.25,4.75,14:30,-2432.0,50,32.0,-48.64
±2,4.0,1.75,14:30,-2432.0,50,32.0,-48.64
±2,2.5,2.25,14:30,-2432.0,50,32.0,-48.64
±2,2.5,1.75,14:30,-2432.0,50,32.0,-48.64
±2,3.25,4.0,14:30,-2432.0,50,32.0,-48.64
±2,3.0,2.75,14:30,-2432.0,50,32.0,-48.64
±2,3.25,3.75,14:30,-2432.0,50,32.0,-48.64
±2,4.5,2.75,14:30,-2432.0,50,32.0,-48.64
±2,4.75,3.0,14:30,-2432.0,50,32.0,-48.64
±2,4.5,2.0,14:30,-2432.0,50,32.0,-48.64
±2,4.25,2.0,14:30,-2432.0,50,32.0,-48.64
±2,2.0,2.25,14:30,-2432.0,50,32.0,-48.64
±2,2.75,4.0,14:30,-2432.0,50,32.0,-48.64
±2,2.75,4.5,14:30,-2432.0,50,32.0,-48.64
±2,2.25,4.75,14:30,-2432.0,50,32.0,-48.64
±2,2.5,4.25,14:30,-2432.0,50,32.0,-48.64
±2,2.5,4.5,14:30,-2432.0,50,32.0,-48.64
±2,3.5,3.5,14:30,-2432.0,50,32.0,-48.64
±2,2.25,2.25,14:30,-2432.0,50,32.0,-48.64
±2,2.25,2.5,14:30,-2432.0,50,32.0,-48.64
±2,5.0,3.0,14:30,-2432.0,50,32.0,-48.64
±2,3.5,2.75,14:30,-2432.0,50,32.0,-48.64
±2,2.5,3.0,14:30,-2432.0,50,32.0,-48.64
±2,4.0,4.0,14:30,-2432.0,50,32.0,-48.64
±2,3.0,2.5,14:30,-2432.0,50,32.0,-48.64
±2,3.25,2.0,14:30,-2432.0,50,32.0,-48.64
±2,4.75,4.5,14:30,-2432.0,50,32.0,-48.64
±2,2.5,4.0,14:30,-2432.0,50,32.0,-48.64
±2,2.5,3.5,14:30,-2432.0,50,32.0,-48.64
±2,4.5,2.25,14:30,-2432.0,50,32.0,-48.64
±2,3.0,2.0,14:30,-2432.0,50,32.0,-48.64
±2,4.0,2.5,14:30,-2432.0,50,32.0,-48.64
±2,2.5,2.0,14:30,-2432.0,50,32.0,-48.64
±2,4.75,4.0,14:30,-2432.0,50,32.0,-48.64
±2,4.75,3.25,14:30,-2432.0,50,32.0,-48.64
±2,3.25,2.25,14:30,-2432.0,50,32.0,-48.64
±2,4.75,3.5,14:30,-2432.0,50,32.0,-48.64
±2,4.0,2.75,14:30,-2432.0,50,32.0,-48.64
±2,2.5,2.5,14:30,-2432.0,50,32.0,-48.64
±2,4.0,3.25,14:30,-2432.0,50,32.0,-48.64
±2,3.25,3.25,14:30,-2432.0,50,32.0,-48.64
±2,4.0,3.0,14:30,-2432.0,50,32.0,-48.64
±2,3.0,3.0,14:30,-2432.0,50,32.0,-48.64
±2,2.5,3.75,14:30,-2432.0,50,32.0,-48.64
±2,2.5,3.25,14:30,-2432.0,50,32.0,-48.64
±2,4.0,3.5,14:30,-2432.0,50,32.0,-48.64
±2,4.0,2.25,14:30,-2432.0,50,32.0,-48.64
±2,2.75,3.5,14:30,-2432.0,50,32.0,-48.64
±2,3.25,3.5,14:30,-2432.0,50,32.0,-48.64
±2,5.0,2.75,14:30,-2432.0,50,32.0,-48.64
±2,2.75,1.75,14:30,-2432.0,50,32.0,-48.64
±2,5.0,2.25,14:30,-2432.0,50,32.0,-48.64
±2,5.0,2.5,14:30,-2432.0,50,32.0,-48.64
±2,2.25,3.0,14:30,-2432.0,50,32.0,-48.64
±2,3.5,3.25,14:30,-2432.0,50,32.0,-48.64
±2,3.5,3.0,14:30,-2432.0,50,32.0,-48.64
±2,4.0,3.75,14:30,-2432.0,50,32.0,-48.64
±2,4.0,4.5,14:30,-2432.0,50,32.0,-48.64
±2,3.25,2.5,14:30,-2432.0,50,32.0,-48.64
±2,4.0,5.0,14:30,-2432.0,50,32.0,-48.64
±2,4.75,4.25,14:30,-2432.0,50,32.0,-48.64
±2,2.75,3.25,14:30,-2432.0,50,32.0,-48.64
±2,4.75,3.75,14:30,-2432.0,50,32.0,-48.64
±2,4.5,2.5,14:30,-2432.0,50,32.0,-48.64
±2,4.0,4.75,14:30,-2432.0,50,32.0,-48.64
±2,0.5,1.0,13:00,-2439.0,50,40.0,-48.78
±2,0.5,1.25,12:30,-2441.0,50,32.0,-48.82
±3,0.5,1.75,12:30,-2447.0,50,30.0,-48.94
±3,0.5,2.0,12:30,-2447.0,50,30.0,-48.94
±3,0.5,2.25,12:30,-2447.0,50,30.0,-48.94
±3,0.5,2.5,12:30,-2447.0,50,30.0,-48.94
±3,0.5,3.0,12:30,-2447.0,50,30.0,-48.94
±3,0.5,2.75,12:30,-2447.0,50,30.0,-48.94
±3,0.5,4.0,12:30,-2447.0,50,30.0,-48.94
±3,0.5,4.25,12:30,-2447.0,50,30.0,-48.94
±3,0.5,3.5,12:30,-2447.0,50,30.0,-48.94
±3,0.5,3.25,12:30,-2447.0,50,30.0,-48.94
±3,0.5,4.5,12:30,-2447.0,50,30.0,-48.94
±3,0.5,5.0,12:30,-2447.0,50,30.0,-48.94
±3,0.5,3.75,12:30,-2447.0,50,30.0,-48.94
±3,0.5,4.75,12:30,-2447.0,50,30.0,-48.94
±3,0.5,4.25,14:00,-2449.0,50,36.0,-48.98
±3,0.5,4.0,14:00,-2449.0,50,36.0,-48.98
±3,0.5,4.75,14:00,-2449.0,50,36.0,-48.98
±3,0.5,5.0,14:00,-2449.0,50,36.0,-48.98
±3,0.5,4.5,14:00,-2449.0,50,36.0,-48.98
±3,0.5,3.0,14:00,-2449.0,50,36.0,-48.98
±3,0.5,2.5,14:00,-2449.0,50,36.0,-48.98
±3,0.5,2.25,14:00,-2449.0,50,36.0,-48.98
±3,0.5,2.0,14:00,-2449.0,50,36.0,-48.98
±3,0.5,1.75,14:00,-2449.0,50,36.0,-48.98
±3,0.5,3.5,14:00,-2449.0,50,36.0,-48.98
±3,0.5,2.75,14:00,-2449.0,50,36.0,-48.98
±3,0.5,3.25,14:00,-2449.0,50,36.0,-48.98
±3,0.5,3.75,14:00,-2449.0,50,36.0,-48.98
±2,4.25,4.5,11:30,-2456.0,50,30.0,-49.12
±2,5.0,2.75,11:30,-2456.0,50,30.0,-49.12
±2,2.75,2.0,11:30,-2456.0,50,30.0,-49.12
±2,5.0,2.25,11:30,-2456.0,50,30.0,-49.12
±2,4.25,4.25,11:30,-2456.0,50,30.0,-49.12
±2,2.25,3.0,11:30,-2456.0,50,30.0,-49.12
±2,4.0,3.75,11:30,-2456.0,50,30.0,-49.12
±2,4.0,3.5,11:30,-2456.0,50,30.0,-49.12
±2,2.75,3.75,11:30,-2456.0,50,30.0,-49.12
±2,4.0,4.0,11:30,-2456.0,50,30.0,-49.12
±2,4.0,4.25,11:30,-2456.0,50,30.0,-49.12
±2,4.0,4.75,11:30,-2456.0,50,30.0,-49.12
±2,2.5,3.0,11:30,-2456.0,50,30.0,-49.12
±2,5.0,2.5,11:30,-2456.0,50,30.0,-49.12
±2,4.25,4.0,11:30,-2456.0,50,30.0,-49.12
±2,4.5,4.25,11:30,-2456.0,50,30.0,-49.12
±2,3.5,4.75,11:30,-2456.0,50,30.0,-49.12
±2,2.25,1.75,11:30,-2456.0,50,30.0,-49.12
±2,3.0,4.0,11:30,-2456.0,50,30.0,-49.12
±2,5.0,3.5,11:30,-2456.0,50,30.0,-49.12
±2,5.0,3.75,11:30,-2456.0,50,30.0,-49.12
±2,2.75,1.75,11:30,-2456.0,50,30.0,-49.12
±2,2.5,3.25,11:30,-2456.0,50,30.0,-49.12
±2,3.0,2.5,11:30,-2456.0,50,30.0,-49.12
±2,4.75,4.25,11:30,-2456.0,50,30.0,-49.12
±2,2.5,2.75,11:30,-2456.0,50,30.0,-49.12
±2,2.5,3.5,11:30,-2456.0,50,30.0,-49.12
±2,5.0,4.25,11:30,-2456.0,50,30.0,-49.12
±2,4.25,3.75,11:30,-2456.0,50,30.0,-49.12
±2,3.0,4.5,11:30,-2456.0,50,30.0,-49.12
±2,2.25,3.75,11:30,-2456.0,50,30.0,-49.12
±2,2.0,5.0,11:30,-2456.0,50,30.0,-49.12
±2,2.0,4.5,11:30,-2456.0,50,30.0,-49.12
±2,3.5,2.75,11:30,-2456.0,50,30.0,-49.12
±2,4.25,3.5,11:30,-2456.0,50,30.0,-49.12
±2,5.0,4.0,11:30,-2456.0,50,30.0,-49.12
±2,2.0,4.75,11:30,-2456.0,50,30.0,-49.12
±2,3.5,5.0,11:30,-2456.0,50,30.0,-49.12
±2,2.75,3.5,11:30,-2456.0,50,30.0,-49.12
±2,5.0,1.75,11:30,-2456.0,50,30.0,-49.12
±2,3.0,4.75,11:30,-2456.0,50,30.0,-49.12
±2,2.75,5.0,11:30,-2456.0,50,30.0,-49.12
±2,2.5,4.25,11:30,-2456.0,50,30.0,-49.12
±2,2.5,3.75,11:30,-2456.0,50,30.0,-49.12
±2,4.75,4.75,11:30,-2456.0,50,30.0,-49.12
±2,4.75,3.75,11:30,-2456.0,50,30.0,-49.12
±2,3.25,2.75,11:30,-2456.0,50,30.0,-49.12
±2,4.0,5.0,11:30,-2456.0,50,30.0,-49.12
±2,4.0,3.25,11:30,-2456.0,50,30.0,-49.12
±2,4.5,2.0,11:30,-2456.0,50,30.0,-49.12
±2,2.25,3.5,11:30,-2456.0,50,30.0,-49.12
±2,3.5,4.25,11:30,-2456.0,50,30.0,-49.12
±2,4.25,4.75,11:30,-2456.0,50,30.0,-49.12
±2,3.0,4.25,11:30,-2456.0,50,30.0,-49.12
±2,2.5,2.5,11:30,-2456.0,50,30.0,-49.12
±2,4.5,2.25,11:30,-2456.0,50,30.0,-49.12
±2,3.25,3.25,11:30,-2456.0,50,30.0,-49.12
±2,4.0,2.75,11:30,-2456.0,50,30.0,-49.12
±2,3.25,3.5,11:30,-2456.0,50,30.0,-49.12
±2,4.75,3.5,11:30,-2456.0,50,30.0,-49.12
±2,3.25,2.25,11:30,-2456.0,50,30.0,-49.12
±2,4.5,2.5,11:30,-2456.0,50,30.0,-49.12
±2,4.75,4.5,11:30,-2456.0,50,30.0,-49.12
±2,3.75,5.0,11:30,-2456.0,50,30.0,-49.12
±2,3.25,4.5,11:30,-2456.0,50,30.0,-49.12
±2,3.0,2.25,11:30,-2456.0,50,30.0,-49.12
±2,4.0,2.5,11:30,-2456.0,50,30.0,-49.12
±2,3.25,3.75,11:30,-2456.0,50,30.0,-49.12
±2,3.0,2.75,11:30,-2456.0,50,30.0,-49.12
±2,2.5,2.25,11:30,-2456.0,50,30.0,-49.12
±2,4.0,2.0,11:30,-2456.0,50,30.0,-49.12
±2,5.0,4.5,11:30,-2456.0,50,30.0,-49.12
±2,4.25,3.25,11:30,-2456.0,50,30.0,-49.12
±2,5.0,4.75,11:30,-2456.0,50,30.0,-49.12
±2,5.0,2.0,11:30,-2456.0,50,30.0,-49.12
±2,4.5,4.0,11:30,-2456.0,50,30.0,-49.12
±2,3.5,1.75,11:30,-2456.0,50,30.0,-49.12
±2,3.5,2.25,11:30,-2456.0,50,30.0,-49.12
±2,3.75,2.0,11:30,-2456.0,50,30.0,-49.12
±2,3.75,1.75,11:30,-2456.0,50,30.0,-49.12
±2,4.75,3.25,11:30,-2456.0,50,30.0,-49.12
±2,4.5,3.0,11:30,-2456.0,50,30.0,-49.12
±2,3.25,4.0,11:30,-2456.0,50,30.0,-49.12
±2,2.5,2.0,11:30,-2456.0,50,30.0,-49.12
±2,4.0,3.0,11:30,-2456.0,50,30.0,-49.12
±2,3.25,4.25,11:30,-2456.0,50,30.0,-49.12
±2,4.5,1.75,11:30,-2456.0,50,30.0,-49.12
±2,3.75,4.75,11:30,-2456.0,50,30.0,-49.12
±2,3.25,1.75,11:30,-2456.0,50,30.0,-49.12
±2,4.75,5.0,11:30,-2456.0,50,30.0,-49.12
±2,2.5,4.0,11:30,-2456.0,50,30.0,-49.12
±2,4.25,1.75,11:30,-2456.0,50,30.0,-49.12
±2,3.0,1.75,11:30,-2456.0,50,30.0,-49.12
±2,3.0,3.5,11:30,-2456.0,50,30.0,-49.12
±2,4.5,2.75,11:30,-2456.0,50,30.0,-49.12
±2,4.75,3.0,11:30,-2456.0,50,30.0,-49.12
±2,4.75,2.75,11:30,-2456.0,50,30.0,-49.12
±2,3.25,4.75,11:30,-2456.0,50,30.0,-49.12
±2,3.0,3.25,11:30,-2456.0,50,30.0,-49.12
±2,4.25,3.0,11:30,-2456.0,50,30.0,-49.12
±2,4.25,2.75,11:30,-2456.0,50,30.0,-49.12
±2,3.75,4.25,11:30,-2456.0,50,30.0,-49.12
±2,5.0,5.0,11:30,-2456.0,50,30.0,-49.12
±2,2.25,4.0,11:30,-2456.0,50,30.0,-49.12
±2,2.0,4.25,11:30,-2456.0,50,30.0,-49.12
±2,3.75,2.25,11:30,-2456.0,50,30.0,-49.12
±2,2.0,3.75,11:30,-2456.0,50,30.0,-49.12
±2,3.0,3.0,11:30,-2456.0,50,30.0,-49.12
±2,4.25,5.0,11:30,-2456.0,50,30.0,-49.12
±2,3.0,5.0,11:30,-2456.0,50,30.0,-49.12
±2,2.5,4.75,11:30,-2456.0,50,30.0,-49.12
±2,2.25,4.25,11:30,-2456.0,50,30.0,-49.12
±2,2.0,4.0,11:30,-2456.0,50,30.0,-49.12
±2,3.5,2.0,11:30,-2456.0,50,30.0,-49.12
±2,4.25,2.5,11:30,-2456.0,50,30.0,-49.12
±2,2.5,1.75,11:30,-2456.0,50,30.0,-49.12
±2,4.0,1.75,11:30,-2456.0,50,30.0,-49.12
±2,4.0,2.25,11:30,-2456.0,50,30.0,-49.12
±2,3.25,2.0,11:30,-2456.0,50,30.0,-49.12
±2,2.75,3.0,11:30,-2456.0,50,30.0,-49.12
±2,2.75,2.5,11:30,-2456.0,50,30.0,-49.12
±2,3.75,4.5,11:30,-2456.0,50,30.0,-49.12
±2,4.75,1.75,11:30,-2456.0,50,30.0,-49.12
±2,4.5,3.5,11:30,-2456.0,50,30.0,-49.12
±2,3.25,5.0,11:30,-2456.0,50,30.0,-49.12
±2,3.75,2.5,11:30,-2456.0,50,30.0,-49.12
±2,2.75,4.5,11:30,-2456.0,50,30.0,-49.12
±2,2.75,4.25,11:30,-2456.0,50,30.0,-49.12
±2,3.75,4.0,11:30,-2456.0,50,30.0,-49.12
±2,2.0,2.0,11:30,-2456.0,50,30.0,-49.12
±2,3.75,3.0,11:30,-2456.0,50,30.0,-49.12
±2,2.0,3.5,11:30,-2456.0,50,30.0,-49.12
±2,2.25,4.5,11:30,-2456.0,50,30.0,-49.12
±2,3.0,2.0,11:30,-2456.0,50,30.0,-49.12
±2,4.75,2.5,11:30,-2456.0,50,30.0,-49.12
±2,4.5,3.25,11:30,-2456.0,50,30.0,-49.12
±2,2.75,4.0,11:30,-2456.0,50,30.0,-49.12
±2,2.25,5.0,11:30,-2456.0,50,30.0,-49.12
±2,3.75,2.75,11:30,-2456.0,50,30.0,-49.12
±2,2.0,1.75,11:30,-2456.0,50,30.0,-49.12
±2,2.0,3.0,11:30,-2456.0,50,30.0,-49.12
±2,2.0,3.25,11:30,-2456.0,50,30.0,-49.12
±2,2.5,5.0,11:30,-2456.0,50,30.0,-49.12
±2,2.75,2.75,11:30,-2456.0,50,30.0,-49.12
±2,2.75,2.25,11:30,-2456.0,50,30.0,-49.12
±2,3.75,3.25,11:30,-2456.0,50,30.0,-49.12
±2,2.0,2.5,11:30,-2456.0,50,30.0,-49.12
±2,2.25,4.75,11:30,-2456.0,50,30.0,-49.12
±2,4.25,2.25,11:30,-2456.0,50,30.0,-49.12
±2,2.5,4.5,11:30,-2456.0,50,30.0,-49.12
±2,4.25,2.0,11:30,-2456.0,50,30.0,-49.12
±2,2.0,2.25,11:30,-2456.0,50,30.0,-49.12
±2,4.75,2.25,11:30,-2456.0,50,30.0,-49.12
±2,4.75,2.0,11:30,-2456.0,50,30.0,-49.12
±2,4.5,3.75,11:30,-2456.0,50,30.0,-49.12
±2,2.0,2.75,11:30,-2456.0,50,30.0,-49.12
±2,3.75,3.75,11:30,-2456.0,50,30.0,-49.12
±2,3.75,3.5,11:30,-2456.0,50,30.0,-49.12
±2,5.0,3.25,11:30,-2456.0,50,30.0,-49.12
±2,4.5,5.0,11:30,-2456.0,50,30.0,-49.12
±2,4.5,4.75,11:30,-2456.0,50,30.0,-49.12
±2,4.5,4.5,11:30,-2456.0,50,30.0,-49.12
±2,3.5,4.0,11:30,-2456.0,50,30.0,-49.12
±2,2.25,2.5,11:30,-2456.0,50,30.0,-49.12
±2,2.25,3.25,11:30,-2456.0,50,30.0,-49.12
±2,3.5,4.5,11:30,-2456.0,50,30.0,-49.12
±2,2.25,2.0,11:30,-2456.0,50,30.0,-49.12
±2,3.0,3.75,11:30,-2456.0,50,30.0,-49.12
±2,4.75,4.0,11:30,-2456.0,50,30.0,-49.12
±2,2.75,3.25,11:30,-2456.0,50,30.0,-49.12
±2,3.25,3.0,11:30,-2456.0,50,30.0,-49.12
±2,3.25,2.5,11:30,-2456.0,50,30.0,-49.12
±2,4.0,4.5,11:30,-2456.0,50,30.0,-49.12
±2,5.0,3.0,11:30,-2456.0,50,30.0,-49.12
±2,3.5,3.25,11:30,-2456.0,50,30.0,-49.12
±2,3.5,3.0,11:30,-2456.0,50,30.0,-49.12
±2,2.25,2.75,11:30,-2456.0,50,30.0,-49.12
±2,3.5,3.75,11:30,-2456.0,50,30.0,-49.12
±2,3.5,3.5,11:30,-2456.0,50,30.0,-49.12
±2,2.25,2.25,11:30,-2456.0,50,30.0,-49.12
±2,3.5,2.5,11:30,-2456.0,50,30.0,-49.12
±2,2.75,4.75,11:30,-2456.0,50,30.0,-49.12
±2,0.5,1.75,13:30,-2468.0,50,34.0,-49.36
±2,0.5,3.5,13:30,-2468.0,50,34.0,-49.36
±2,0.5,3.25,13:30,-2468.0,50,34.0,-49.36
±2,0.5,3.0,13:30,-2468.0,50,34.0,-49.36
±2,0.5,4.75,13:30,-2468.0,50,34.0,-49.36
±2,0.5,4.25,13:30,-2468.0,50,34.0,-49.36
±2,0.5,5.0,13:30,-2468.0,50,34.0,-49.36
±2,0.5,2.5,13:30,-2468.0,50,34.0,-49.36
±2,0.5,4.0,13:30,-2468.0,50,34.0,-49.36
±2,0.5,2.25,13:30,-2468.0,50,34.0,-49.36
±2,0.5,2.75,13:30,-2468.0,50,34.0,-49.36
±2,0.5,2.0,13:30,-2468.0,50,34.0,-49.36
±2,0.5,3.75,13:30,-2468.0,50,34.0,-49.36
±2,0.5,4.5,13:30,-2468.0,50,34.0,-49.36
±2,0.5,4.25,12:00,-2478.0,50,28.0,-49.56
±2,0.5,2.0,12:00,-2478.0,50,28.0,-49.56
±2,0.5,3.75,12:00,-2478.0,50,28.0,-49.56
±2,0.5,3.0,12:00,-2478.0,50,28.0,-49.56
±2,0.5,3.5,12:00,-2478.0,50,28.0,-49.56
±2,0.5,2.75,12:00,-2478.0,50,28.0,-49.56
±2,0.5,2.5,12:00,-2478.0,50,28.0,-49.56
±2,0.5,4.0,12:00,-2478.0,50,28.0,-49.56
±2,0.5,3.25,12:00,-2478.0,50,28.0,-49.56
±2,0.5,4.5,12:00,-2478.0,50,28.0,-49.56
±2,0.5,5.0,12:00,-2478.0,50,28.0,-49.56
±2,0.5,1.75,12:00,-2478.0,50,28.0,-49.56
±2,0.5,2.25,12:00,-2478.0,50,28.0,-49.56
±2,0.5,4.75,12:00,-2478.0,50,28.0,-49.56
±3,0.5,1.25,13:00,-2489.0,50,28.0,-49.78
±2,0.5,1.5,12:30,-2497.0,50,32.0,-49.94
±2,0.5,1.5,14:00,-2499.0,50,36.0,-49.98
±3,1.0,4.0,11:30,-2521.0,50,24.0,-50.42
±3,1.0,3.75,11:30,-2521.0,50,24.0,-50.42
±3,1.0,5.0,11:30,-2521.0,50,24.0,-50.42
±3,1.0,4.25,11:30,-2521.0,50,24.0,-50.42
±3,1.0,4.5,11:30,-2521.0,50,24.0,-50.42
±3,1.0,3.0,11:30,-2521.0,50,24.0,-50.42
±3,1.0,2.0,11:30,-2521.0,50,24.0,-50.42
±3,1.0,1.75,11:30,-2521.0,50,24.0,-50.42
±3,1.0,4.75,11:30,-2521.0,50,24.0,-50.42
±3,1.0,2.5,11:30,-2521.0,50,24.0,-50.42
±3,1.0,3.25,11:30,-2521.0,50,24.0,-50.42
±3,1.0,2.75,11:30,-2521.0,50,24.0,-50.42
±3,1.0,2.25,11:30,-2521.0,50,24.0,-50.42
±3,1.0,3.5,11:30,-2521.0,50,24.0,-50.42
±3,0.5,1.5,13:00,-2568.0,50,28.0,-51.36
±2,0.5,4.75,14:30,-2604.0,50,36.0,-52.08
±2,0.5,4.25,14:30,-2604.0,50,36.0,-52.08
±2,0.5,3.0,14:30,-2604.0,50,36.0,-52.08
±2,0.5,4.0,14:30,-2604.0,50,36.0,-52.08
±2,0.5,3.75,14:30,-2604.0,50,36.0,-52.08
±2,0.5,2.0,14:30,-2604.0,50,36.0,-52.08
±2,0.5,1.75,14:30,-2604.0,50,36.0,-52.08
±2,0.5,3.25,14:30,-2604.0,50,36.0,-52.08
±2,0.5,2.5,14:30,-2604.0,50,36.0,-52.08
±2,0.5,4.5,14:30,-2604.0,50,36.0,-52.08
±2,0.5,5.0,14:30,-2604.0,50,36.0,-52.08
±2,0.5,3.5,14:30,-2604.0,50,36.0,-52.08
±2,0.5,2.75,14:30,-2604.0,50,36.0,-52.08
±2,0.5,2.25,14:30,-2604.0,50,36.0,-52.08
±2,1.0,2.0,11:30,-2658.0,50,30.0,-53.16
±2,1.0,2.5,11:30,-2658.0,50,30.0,-53.16
±2,1.0,3.5,11:30,-2658.0,50,30.0,-53.16
±2,1.0,4.0,11:30,-2658.0,50,30.0,-53.16
±2,1.0,4.5,11:30,-2658.0,50,30.0,-53.16
±2,1.0,4.25,11:30,-2658.0,50,30.0,-53.16
±2,1.0,4.75,11:30,-2658.0,50,30.0,-53.16
±2,1.0,3.75,11:30,-2658.0,50,30.0,-53.16
±2,1.0,1.75,11:30,-2658.0,50,30.0,-53.16
±2,1.0,3.0,11:30,-2658.0,50,30.0,-53.16
±2,1.0,3.25,11:30,-2658.0,50,30.0,-53.16
±2,1.0,2.75,11:30,-2658.0,50,30.0,-53.16
±2,1.0,5.0,11:30,-2658.0,50,30.0,-53.16
±2,1.0,2.25,11:30,-2658.0,50,30.0,-53.16
±2,0.5,3.5,12:30,-2672.0,50,32.0,-53.44
±2,0.5,3.0,12:30,-2672.0,50,32.0,-53.44
±2,0.5,3.75,12:30,-2672.0,50,32.0,-53.44
±2,0.5,5.0,12:30,-2672.0,50,32.0,-53.44
±2,0.5,4.5,12:30,-2672.0,50,32.0,-53.44
±2,0.5,4.75,12:30,-2672.0,50,32.0,-53.44
±2,0.5,2.25,12:30,-2672.0,50,32.0,-53.44
±2,0.5,1.75,12:30,-2672.0,50,32.0,-53.44
±2,0.5,4.25,12:30,-2672.0,50,32.0,-53.44
±2,0.5,2.0,12:30,-2672.0,50,32.0,-53.44
±2,0.5,2.5,12:30,-2672.0,50,32.0,-53.44
±2,0.5,2.75,12:30,-2672.0,50,32.0,-53.44
±2,0.5,3.25,12:30,-2672.0,50,32.0,-53.44
±2,0.5,4.0,12:30,-2672.0,50,32.0,-53.44
±3,0.5,4.5,13:00,-2682.0,50,28.0,-53.64
±3,0.5,3.75,13:00,-2682.0,50,28.0,-53.64
±3,0.5,2.75,13:00,-2682.0,50,28.0,-53.64
±3,0.5,2.25,13:00,-2682.0,50,28.0,-53.64
±3,0.5,3.0,13:00,-2682.0,50,28.0,-53.64
±3,0.5,3.25,13:00,-2682.0,50,28.0,-53.64
±3,0.5,1.75,13:00,-2682.0,50,28.0,-53.64
±3,0.5,2.5,13:00,-2682.0,50,28.0,-53.64
±3,0.5,2.0,13:00,-2682.0,50,28.0,-53.64
±3,0.5,3.5,13:00,-2682.0,50,28.0,-53.64
±3,0.5,4.0,13:00,-2682.0,50,28.0,-53.64
±3,0.5,5.0,13:00,-2682.0,50,28.0,-53.64
±3,0.5,4.25,13:00,-2682.0,50,28.0,-53.64
±3,0.5,4.75,13:00,-2682.0,50,28.0,-53.64
±2,0.5,1.75,14:00,-2735.0,50,36.0,-54.7
±2,0.5,4.75,14:00,-2735.0,50,36.0,-54.7
±2,0.5,3.75,14:00,-2735.0,50,36.0,-54.7
±2,0.5,4.5,14:00,-2735.0,50,36.0,-54.7
±2,0.5,2.0,14:00,-2735.0,50,36.0,-54.7
±2,0.5,4.25,14:00,-2735.0,50,36.0,-54.7
±2,0.5,5.0,14:00,-2735.0,50,36.0,-54.7
±2,0.5,3.25,14:00,-2735.0,50,36.0,-54.7
±2,0.5,3.5,14:00,-2735.0,50,36.0,-54.7
±2,0.5,3.0,14:00,-2735.0,50,36.0,-54.7
±2,0.5,2.25,14:00,-2735.0,50,36.0,-54.7
±2,0.5,2.75,14:00,-2735.0,50,36.0,-54.7
±2,0.5,4.0,14:00,-2735.0,50,36.0,-54.7
±2,0.5,2.5,14:00,-2735.0,50,36.0,-54.7
±2,0.5,1.25,13:00,-2750.0,50,36.0,-55.0
±2,0.5,1.5,13:00,-2818.0,50,36.0,-56.36
±2,0.5,3.5,13:00,-2902.0,50,36.0,-58.04
±2,0.5,4.0,13:00,-2902.0,50,36.0,-58.04
±2,0.5,2.75,13:00,-2902.0,50,36.0,-58.04
±2,0.5,3.25,13:00,-2902.0,50,36.0,-58.04
±2,0.5,3.0,13:00,-2902.0,50,36.0,-58.04
±2,0.5,2.25,13:00,-2902.0,50,36.0,-58.04
±2,0.5,2.5,13:00,-2902.0,50,36.0,-58.04
±2,0.5,3.75,13:00,-2902.0,50,36.0,-58.04
±2,0.5,2.0,13:00,-2902.0,50,36.0,-58.04
±2,0.5,4.75,13:00,-2902.0,50,36.0,-58.04
±2,0.5,4.25,13:00,-2902.0,50,36.0,-58.04
±2,0.5,4.5,13:00,-2902.0,50,36.0,-58.04
±2,0.5,5.0,13:00,-2902.0,50,36.0,-58.04
±2,0.5,1.75,13:00,-2902.0,50,36.0,-58.04
